items	AAI_min	AAI_max	AAI_avg
GC_00000001	0.262476894639556	1.0	0.75191327297454
GC_00000002	0.112925170068027	1.0	0.765591015684312
GC_00000003	0.654867256637168	1.0	0.996010026088291
GC_00000004	0.0457142857142857	1.0	0.500846098346098
GC_00000005	0.0245398773006135	1.0	0.654870364382767
GC_00000006	0.0510948905109489	1.0	0.654564413688501
GC_00000007	0.0641711229946524	1.0	0.510976291342983
GC_00000008	0.44	1.0	0.67922514619883
GC_00000009	0.00675675675675676	1.0	0.665395605002347
GC_00000010	0.4874715261959	1.0	0.675522415481653
GC_00000011	0.0525114155251142	1.0	0.65717284182287
GC_00000012	0.173669467787115	1.0	0.651487535653531
GC_00000013	0.454183266932271	1.0	0.68718553017975
GC_00000014	0.0846774193548387	1.0	0.691109831029186
GC_00000015	0.116262482168331	1.0	0.758219289700623
GC_00000016	1.0	1.0	1.0
GC_00000017	0.0714285714285714	1.0	0.746706957769887
GC_00000018	0.147308781869688	1.0	0.704504563887686
GC_00000019	0.551724137931034	1.0	0.780920615086963
GC_00000020	0.138820638820639	1.0	0.643481907070452
GC_00000021	0.294545454545455	1.0	0.686245572609209
GC_00000022	0.0152284263959391	1.0	0.733553973473521
GC_00000023	0.0341614906832298	1.0	0.510854373651749
GC_00000024	0.558823529411765	1.0	0.782816101767267
GC_00000025	0.029045643153527	1.0	0.607299274641232
GC_00000026	0.461165048543689	1.0	0.723156291642871
GC_00000027	0.641025641025641	1.0	0.8074568288854
GC_00000028	0.114678899082569	1.0	0.701718779254821
GC_00000029	0.00919540229885057	1.0	0.817462819610603
GC_00000030	0.0	1.0	0.72148923263573
GC_00000031	0.0420650095602294	1.0	0.770409789154668
GC_00000032	0.022271714922049	1.0	0.800156811054043
GC_00000033	0.134110787172012	1.0	0.692645425517146
GC_00000034	0.0783289817232376	1.0	0.732029626471999
GC_00000035	0.669642857142857	1.0	0.831306990881459
GC_00000036	0.633333333333333	1.0	0.812765957446808
GC_00000037	0.488888888888889	1.0	0.742054110848437
GC_00000038	0.282352941176471	1.0	0.637901543596162
GC_00000039	0.561290322580645	1.0	0.777783497292763
GC_00000040	0.486301369863014	1.0	0.743897551734188
GC_00000041	0.701298701298701	1.0	0.848185502440822
GC_00000042	0.7225	1.0	0.860964095744681
GC_00000043	0.565573770491803	1.0	0.779596849203581
GC_00000044	0.511976047904192	1.0	0.749766424597613
GC_00000045	0.634615384615385	1.0	0.814852700490998
GC_00000046	0.625	1.0	0.810935544430538
GC_00000047	0.503846153846154	1.0	0.731659165302782
GC_00000048	0.725	1.0	0.859542230818827
GC_00000049	0.497916666666667	1.0	0.741544769503546
GC_00000050	0.402777777777778	1.0	0.775342912726556
GC_00000051	0.597058823529412	1.0	0.791431998331247
GC_00000052	0.567774936061381	1.0	0.784955379006367
GC_00000053	0.084349593495935	1.0	0.63472204203425
GC_00000054	0.733475479744137	1.0	0.862462006079027
GC_00000055	0.339285714285714	1.0	0.76545613812901
GC_00000056	0.695652173913043	1.0	0.843014103250726
GC_00000057	0.514285714285714	1.0	0.782423590003377
GC_00000058	0.64527027027027	1.0	0.830470097757332
GC_00000059	0.484520123839009	1.0	0.747704092835342
GC_00000060	0.475669099756691	1.0	0.730163198219185
GC_00000061	0.573333333333333	1.0	0.779329618372172
GC_00000062	0.0410557184750733	1.0	0.708562113932738
GC_00000063	0.550935550935551	1.0	0.76870733253712
GC_00000064	0.0509259259259259	1.0	0.694757083633124
GC_00000065	0.831408775981524	1.0	0.914207826556969
GC_00000066	0.30510752688172	1.0	0.664708354470671
GC_00000067	0.302904564315353	1.0	0.649273954882716
GC_00000068	0.168852459016393	1.0	0.726264387861877
GC_00000069	0.0848484848484849	1.0	0.765719171362095
GC_00000070	0.100225225225225	1.0	0.754053429007175
GC_00000071	0.276190476190476	1.0	0.614133738601824
GC_00000072	0.00326797385620915	1.0	0.519822550598339
GC_00000073	0.0752688172043011	1.0	0.633648122175471
GC_00000074	0.31937682570594	1.0	0.666497325825889
GC_00000075	0.103703703703704	1.0	0.73406659184437
GC_00000076	0.519230769230769	1.0	0.816491841491842
GC_00000077	0.0934393638170974	1.0	0.695373215253931
GC_00000078	0.383838383838384	1.0	0.671845302923527
GC_00000079	0.739528795811518	1.0	0.867431621708378
GC_00000080	0.0157303370786517	1.0	0.709579802655319
GC_00000081	0.584249084249084	1.0	0.76005094941972
GC_00000082	0.149888143176734	1.0	0.579452122421512
GC_00000083	0.502702702702703	1.0	0.753342122610415
GC_00000084	0.51937984496124	1.0	0.760914161467196
GC_00000085	0.275229357798165	1.0	0.725468039084061
GC_00000086	0.0202372644801117	1.0	0.644369649209402
GC_00000087	0.0560975609756098	1.0	0.830306441525954
GC_00000088	0.142857142857143	1.0	0.633988233988234
GC_00000089	0.0349070482813963	0.999331282599973	0.880889942833236
GC_00000090	0.529585798816568	1.0	0.782340032340032
GC_00000091	0.231292517006803	1.0	0.735173949459664
GC_00000092	0.0348837209302326	1.0	0.901587301587302
GC_00000093	0.107784431137725	1.0	0.759633114722935
GC_00000094	0.613636363636364	1.0	0.835187165775401
GC_00000095	0.0398009950248756	1.0	0.696371085747732
GC_00000096	0.0674157303370786	1.0	0.596920961098093
GC_00000097	0.203821656050955	1.0	0.655937418395268
GC_00000098	0.0730897009966777	1.0	0.691710933844997
GC_00000099	0.0203389830508475	1.0	0.510951992507327
GC_00000100	0.114155251141553	1.0	0.711022900235229
GC_00000101	0.0310077519379845	1.0	0.654278981677237
GC_00000102	0.1	1.0	0.662886424731183
GC_00000103	0.013986013986014	1.0	0.564377490788781
GC_00000104	0.524163568773234	1.0	0.916600711516169
GC_00000105	0.0253671562082777	1.0	0.638376616851142
GC_00000106	0.741784037558685	1.0	0.894920490686052
GC_00000107	0.0550918196994992	1.0	0.722627317931319
GC_00000108	0.0767045454545455	1.0	0.581659335288367
GC_00000109	0.0687203791469194	1.0	0.527381134383122
GC_00000110	0.0614035087719298	1.0	0.690374403441554
GC_00000111	0.222222222222222	1.0	0.740531754324858
GC_00000112	0.214285714285714	1.0	0.732738095238095
GC_00000113	0.306620209059233	1.0	0.851399735672233
GC_00000114	0.0539772727272727	1.0	0.478970741901776
GC_00000115	0.0570264765784114	1.0	0.673876910831753
GC_00000116	0.962025316455696	1.0	0.99502192845711
GC_00000117	0.585313174946004	1.0	0.804689910521444
GC_00000118	0.152317880794702	1.0	0.871170847877859
GC_00000119	0.493472584856397	1.0	0.876326383619082
GC_00000120	0.0989583333333333	1.0	0.791628181444992
GC_00000121	0.0742115027829314	1.0	0.451090781140042
GC_00000122	0.439252336448598	1.0	0.754477234013167
GC_00000123	0.0489913544668588	1.0	0.699727431467469
GC_00000124	0.493530499075786	1.0	0.851547490052175
GC_00000125	0.625974025974026	1.0	0.892745185848634
GC_00000126	0.198237885462555	1.0	0.645548056682798
GC_00000127	0.65564738292011	1.0	0.901355697593942
GC_00000128	0.0604651162790698	1.0	0.650005728032994
GC_00000129	0.98974358974359	1.0	0.99698141364808
GC_00000130	0.110429447852761	1.0	0.854903106436849
GC_00000131	0.925507900677201	1.0	0.979946731639734
GC_00000132	0.0755395683453237	1.0	0.821105020745308
GC_00000133	0.340782122905028	1.0	0.787073985398008
GC_00000134	0.0359612724757953	1.0	0.752347289000124
GC_00000135	0.501538461538461	1.0	0.885681725681726
GC_00000136	0.0588235294117647	1.0	0.754293636646578
GC_00000137	0.031021897810219	1.0	0.815109295948712
GC_00000138	0.01364522417154	1.0	0.71372360943511
GC_00000139	0.146699266503667	1.0	0.681313954541338
GC_00000140	0.0155378486055777	1.0	0.682856405067561
GC_00000141	0.712538226299694	1.0	0.940284203281145
GC_00000142	0.817460317460317	1.0	0.963483019038575
GC_00000143	0.858085808580858	1.0	0.970447472097637
GC_00000144	0.928	1.0	0.979528205128205
GC_00000145	0.678678678678679	1.0	0.931795042906154
GC_00000146	0.526530612244898	1.0	0.900180243037386
GC_00000147	0.386046511627907	1.0	0.906247929503743
GC_00000148	0.645476772616137	1.0	0.923850124339122
GC_00000149	0.533333333333333	1.0	0.89954415954416
GC_00000150	0.583941605839416	1.0	0.900222513361199
GC_00000151	0.890295358649789	1.0	0.949042518662772
GC_00000152	0.25	1.0	0.809713319088319
GC_00000153	0.298245614035088	1.0	0.795271654920778
GC_00000154	0.0554744525547445	1.0	0.715582173976335
GC_00000155	0.477739726027397	1.0	0.895684541232486
GC_00000156	0.00392156862745098	1.0	0.782369700016759
GC_00000157	0.977358490566038	1.0	0.990718342919601
GC_00000158	0.0247568523430592	1.0	0.785161002667634
GC_00000159	0.476284584980237	1.0	0.876867898607029
GC_00000160	0.0357698289269051	1.0	0.729202943821917
GC_00000161	0.0878859857482185	1.0	0.772262487226858
GC_00000162	0.04	1.0	0.753583168967784
GC_00000163	0.0860215053763441	1.0	0.766394020157461
GC_00000164	0.0376068376068376	1.0	0.773652811259649
GC_00000165	0.595842956120092	1.0	0.910615002993756
GC_00000166	0.0215439856373429	1.0	0.748924590935363
GC_00000167	0.0342717258261934	1.0	0.766676430691118
GC_00000168	0.0290076335877863	1.0	0.764015571649159
GC_00000169	0.93485342019544	1.0	0.989496366825357
GC_00000170	0.554455445544555	1.0	0.92976389946687
GC_00000171	0.379464285714286	1.0	0.90331043956044
GC_00000172	0.653846153846154	1.0	0.944940828402367
GC_00000173	0.025974025974026	1.0	0.882957042957043
GC_00000174	0.0902654867256637	1.0	0.842417971409122
GC_00000175	0.578947368421053	1.0	0.930410641989589
GC_00000176	0.0153508771929825	1.0	0.84693657219973
GC_00000177	0.0318302387267905	1.0	0.786059987757601
GC_00000178	0.894039735099338	1.0	0.975792154865002
GC_00000179	0.15807560137457	1.0	0.841226539783241
GC_00000180	0.0111856823266219	1.0	0.839290999827913
GC_00000181	0.0654627539503386	1.0	0.84366035770099
GC_00000182	0.287292817679558	1.0	0.896234594135147
GC_00000183	0.952542372881356	1.0	0.971650586701434
GC_00000184	0.029673590504451	1.0	0.83946131020315
GC_00000185	0.813880126182965	1.0	0.926668284396991
GC_00000186	0.123287671232877	1.0	0.853740779768177
GC_00000187	0.0146699266503667	1.0	0.842264434831672
GC_00000188	0.0104633781763827	1.0	0.844553294239393
GC_00000189	0.0701754385964912	1.0	0.863085919928025
GC_00000190	0.0	1.0	0.840321399031077
GC_00000191	0.117416829745597	1.0	0.792720156555773
GC_00000192	0.174603174603175	1.0	0.81936507936508
GC_00000193	0.616191904047976	1.0	0.928829431438127
GC_00000194	0.48394495412844	1.0	0.779223712067749
GC_00000195	0.183023872679045	1.0	0.810136706794532
GC_00000196	0.512820512820513	1.0	0.914990138067061
GC_00000197	0.110991379310345	1.0	0.912907824933687
GC_00000198	0.145833333333333	1.0	0.866559829059829
GC_00000199	0.0133333333333333	1.0	0.809846153846154
GC_00000200	0.681034482758621	1.0	0.933244916003537
GC_00000201	0.152346130408288	1.0	0.548026062907233
GC_00000202	0.0839416058394161	1.0	0.864559236384054
GC_00000203	0.0098159509202454	1.0	0.827922605002359
GC_00000204	0.1	1.0	0.781967266775778
GC_00000205	0.00641025641025641	1.0	0.831972386587771
GC_00000206	0.00749063670411985	1.0	0.791091904350331
GC_00000207	0.0512295081967213	1.0	0.82860025220681
GC_00000208	0.0721311475409836	1.0	0.806189155107188
GC_00000209	0.452702702702703	1.0	0.894178794178794
GC_00000210	0.0384615384615385	1.0	0.830863905325444
GC_00000211	0.549060542797495	1.0	0.921657298859804
GC_00000212	0.0350877192982456	1.0	0.823250433776749
GC_00000213	0.516746411483254	1.0	0.884357747515642
GC_00000214	0.128691983122363	1.0	0.776209023044466
GC_00000215	0.0182232346241458	1.0	0.844226388645523
GC_00000216	0.0123816460305899	1.0	0.758727099557398
GC_00000217	0.0265151515151515	1.0	0.783566433566434
GC_00000218	0.00956022944550669	1.0	0.837467274599206
GC_00000219	0.00991080277502478	1.0	0.834623770679271
GC_00000220	0.0868306801736614	1.0	0.823519982188579
GC_00000221	0.149732620320856	1.0	0.790176881941588
GC_00000222	0.0445544554455446	1.0	0.748073115003808
GC_00000223	0.0365448504983389	1.0	0.83915154612829
GC_00000224	0.0813492063492064	1.0	0.834065934065934
GC_00000225	0.267485822306238	1.0	0.831217100479861
GC_00000226	0.0429530201342282	1.0	0.764163138874548
GC_00000227	0.132075471698113	1.0	0.758033381712627
GC_00000228	0.060546875	1.0	0.879498197115385
GC_00000229	0.0262529832935561	1.0	0.689583256838627
GC_00000230	0.0333951762523191	1.0	0.805560154131583
GC_00000231	0.665689149560117	1.0	0.908937514098804
GC_00000232	0.0493150684931507	1.0	0.89245521601686
GC_00000233	0.0955882352941176	1.0	0.819490950226244
GC_00000234	0.0284745762711864	1.0	0.815411734028683
GC_00000235	0.0214285714285714	1.0	0.825010989010989
GC_00000236	0.169300225733634	1.0	0.724361868379927
GC_00000237	0.00742115027829314	1.0	0.823159697445412
GC_00000238	0.00602409638554217	1.0	0.816088971269694
GC_00000239	0.0622710622710623	1.0	0.804846435615666
GC_00000240	0.00943396226415094	1.0	0.828609579100145
GC_00000241	0.0425925925925926	1.0	0.82037037037037
GC_00000242	0.0506134969325153	1.0	0.83782916470033
GC_00000243	1.0	1.0	1.0
GC_00000244	0.0491400491400491	1.0	0.917526617526617
GC_00000245	0.00309597523219814	1.0	0.919298245614035
GC_00000246	0.75609756097561	1.0	0.978048780487805
GC_00000247	0.0102040816326531	1.0	0.91953514739229
GC_00000248	0.0469255663430421	1.0	0.91769687162891
GC_00000249	0.0982905982905983	1.0	0.888404558404558
GC_00000250	0.0108991825613079	1.0	0.918683015440509
GC_00000251	0.0546558704453441	1.0	0.915107962213226
GC_00000252	0.0524017467248908	1.0	0.91292576419214
GC_00000253	0.0260416666666667	1.0	0.9184375
GC_00000254	0.941747572815534	1.0	0.978511326860842
GC_00000255	0.0725075528700906	1.0	0.923363544813696
GC_00000256	0.0494186046511628	1.0	0.915397286821705
GC_00000257	0.0	1.0	0.917203994293866
GC_00000258	0.965765765765766	1.0	0.98633033033033
GC_00000259	0.068452380952381	1.0	0.912073412698413
GC_00000260	0.165876777251185	1.0	0.906208530805687
GC_00000261	0.951807228915663	1.0	0.988353413654618
GC_00000262	0.274590163934426	1.0	0.890478142076503
GC_00000263	0.10062893081761	1.0	0.910377358490566
GC_00000264	0.03	1.0	0.911677777777778
GC_00000265	0.693548387096774	1.0	0.961989247311828
GC_00000266	0.0378947368421053	1.0	0.915705263157895
GC_00000267	0.0739856801909308	1.0	0.913396976929197
GC_00000268	0.781553398058252	1.0	0.978139158576052
GC_00000269	0.00641025641025641	1.0	0.91664886039886
GC_00000270	0.0116959064327485	1.0	0.916744639376218
GC_00000271	0.0521472392638037	1.0	0.916155419222904
GC_00000272	0.0418410041841004	1.0	0.909790794979079
GC_00000273	0.884057971014493	1.0	0.983301127214171
GC_00000274	0.00602409638554217	1.0	0.90929718875502
GC_00000275	0.0785597381342062	1.0	0.922935079105292
GC_00000276	0.0228310502283105	1.0	0.913267376966007
GC_00000277	0.104761904761905	1.0	0.924095238095238
GC_00000278	0.0134529147982063	1.0	0.915904334828102
GC_00000279	0.03690036900369	1.0	0.910036900369004
GC_00000280	0.796610169491525	1.0	0.970677966101695
GC_00000281	0.98997995991984	1.0	0.996780227120909
GC_00000282	0.0481400437636762	1.0	0.849110138584974
GC_00000283	0.111570247933884	1.0	0.905082644628099
GC_00000284	0.0295275590551181	1.0	0.914363517060367
GC_00000285	0.974193548387097	1.0	0.98941935483871
GC_00000286	0.0641025641025641	1.0	0.895544871794872
GC_00000287	0.164179104477612	1.0	0.90849087893864
GC_00000288	0.0440528634361234	1.0	0.909823788546256
GC_00000289	0.0	1.0	0.916100942872989
GC_00000290	0.0289855072463768	1.0	0.901159420289855
GC_00000291	0.0248138957816377	1.0	0.913407775020678
GC_00000292	0.0105017502917153	1.0	0.913722287047841
GC_00000293	0.182857142857143	1.0	0.902028571428571
GC_00000294	0.0607734806629834	1.0	0.914005524861878
GC_00000295	0.0773638968481375	1.0	0.911327602674308
GC_00000296	0.0898058252427184	1.0	0.90368932038835
GC_00000297	0.0736040609137056	1.0	0.904433164128596
GC_00000298	0.00909090909090909	1.0	0.909287878787879
GC_00000299	0.141361256544503	1.0	0.90500872600349
GC_00000300	0.0393013100436681	1.0	0.911703056768559
GC_00000301	0.0490196078431373	1.0	0.896416122004357
GC_00000302	0.0162412993039443	1.0	0.913928847641145
GC_00000303	0.162162162162162	1.0	0.900731981981982
GC_00000304	0.13265306122449	1.0	0.886445578231293
GC_00000305	0.171929824561404	1.0	0.902760233918129
GC_00000306	0.0195195195195195	1.0	0.758278278278278
GC_00000307	0.202205882352941	1.0	0.899656862745098
GC_00000308	0.0496083550913838	1.0	0.88668407310705
GC_00000309	0.0145228215767635	1.0	0.913852005532503
GC_00000310	0.0844155844155844	1.0	0.897305194805195
GC_00000311	0.0189228529839884	1.0	0.916943231441048
GC_00000312	0.0309278350515464	1.0	0.875444280805106
GC_00000313	0.160664819944598	1.0	0.913213296398892
GC_00000314	0.463022508038585	1.0	0.949206859592712
GC_00000315	0.00727272727272727	1.0	0.907793939393939
GC_00000316	0.00785340314136126	1.0	0.914249563699825
GC_00000317	0.0483870967741935	1.0	0.904075268817204
GC_00000318	0.0246305418719212	1.0	0.893464696223317
GC_00000319	0.0783410138248848	1.0	0.884224270353303
GC_00000320	0.57843137254902	1.0	0.922875816993464
GC_00000321	0.168224299065421	1.0	0.774735202492212
GC_00000322	0.0425531914893617	1.0	0.908465506125081
GC_00000323	0.051975051975052	1.0	0.848371448371448
GC_00000324	0.00700934579439252	1.0	0.912982866043614
GC_00000325	0.152	1.0	0.887786666666667
GC_00000326	0.012987012987013	1.0	0.891082251082251
GC_00000327	0.0442176870748299	1.0	0.912860922146636
GC_00000328	0.0220588235294118	1.0	0.840955882352941
GC_00000329	0.616915422885572	1.0	0.918781094527363
GC_00000330	0.0519930675909879	1.0	0.90261120739457
GC_00000331	0.119521912350598	1.0	0.89398406374502
GC_00000332	0.038961038961039	1.0	0.901551226551227
GC_00000333	0.0445205479452055	1.0	0.898276255707763
GC_00000334	0.288607594936709	1.0	0.889831223628692
GC_00000335	0.028673835125448	1.0	0.8994743130227
GC_00000336	0.162068965517241	1.0	0.885632183908046
GC_00000337	0.261538461538462	1.0	0.876666666666667
GC_00000338	0.0994623655913978	1.0	0.911182795698925
GC_00000339	0.0467091295116773	1.0	0.911220806794055
GC_00000340	0.003584229390681	1.0	0.915675029868578
GC_00000341	0.00719424460431655	1.0	0.916278976818545
GC_00000342	0.00503355704697987	1.0	0.910357941834452
GC_00000343	0.0634146341463415	1.0	0.859089430894309
GC_00000344	0.138321995464853	1.0	0.889599395313681
GC_00000345	0.0202247191011236	1.0	0.908307116104869
GC_00000346	0.0526315789473684	1.0	0.906233918128655
GC_00000347	0.101694915254237	1.0	0.865966101694915
GC_00000348	0.0629251700680272	1.0	0.894399092970522
GC_00000349	0.00332225913621262	1.0	0.908671096345515
GC_00000350	0.0692488262910798	1.0	0.891752738654147
GC_00000351	0.224576271186441	1.0	0.871935028248588
GC_00000352	0.358333333333333	1.0	0.736583333333333
GC_00000353	0.0606060606060606	1.0	0.90879797979798
GC_00000354	0.0564373897707231	1.0	0.853245149911817
GC_00000355	0.125	1.0	0.916527777777778
GC_00000356	0.0574324324324324	1.0	0.901599099099099
GC_00000357	0.012216404886562	1.0	0.903443862710878
GC_00000358	0.0401737242128122	1.0	0.903829171190735
GC_00000359	0.0147368421052632	1.0	0.713971929824561
GC_00000360	0.0606060606060606	1.0	0.855151515151515
GC_00000361	0.142118863049096	1.0	0.896063738156762
GC_00000362	0.0229508196721311	1.0	0.907672131147541
GC_00000363	0.0197368421052632	1.0	0.909665570175439
GC_00000364	0.092948717948718	1.0	0.902596153846154
GC_00000365	0.076271186440678	1.0	0.915720338983051
GC_00000366	0.0752032520325203	1.0	0.882466124661247
GC_00000367	0.0251572327044025	1.0	0.913411949685535
GC_00000368	0.180758017492711	1.0	0.890408163265306
GC_00000369	0.0727272727272727	1.0	0.871995959595959
GC_00000370	0.0638297872340425	1.0	0.907191489361702
GC_00000371	0.0316455696202532	1.0	0.909700421940928
GC_00000372	0.0213675213675214	1.0	0.866339031339031
GC_00000373	0.0281124497991968	1.0	0.911787148594378
GC_00000374	0.0122850122850123	1.0	0.856912366912367
GC_00000375	0.135897435897436	1.0	0.878871794871795
GC_00000376	0.130769230769231	1.0	0.888358974358974
GC_00000377	0.0294117647058824	1.0	0.888977591036415
GC_00000378	0.026458208057727	1.0	0.558117859290439
GC_00000379	0.854037267080745	1.0	0.972443064182195
GC_00000380	0.155470249520154	1.0	0.887498400511836
GC_00000381	0.081039755351682	1.0	0.892145769622834
GC_00000382	0.050561797752809	1.0	0.873670411985019
GC_00000383	0.955223880597015	1.0	0.982412935323383
GC_00000384	0.0621468926553672	1.0	0.8969868173258
GC_00000385	0.444234404536862	1.0	0.879130434782609
GC_00000386	0.0263565891472868	1.0	0.897550387596899
GC_00000387	0.00251889168765743	1.0	0.911251049538203
GC_00000388	0.347457627118644	1.0	0.920040355125101
GC_00000389	0.0719844357976654	1.0	0.861913099870298
GC_00000390	0.0144230769230769	1.0	0.898496794871795
GC_00000391	0.0293453724604966	1.0	0.876528718334588
GC_00000392	0.0620525059665871	1.0	0.875417661097852
GC_00000393	0.170678336980306	1.0	0.835718453683443
GC_00000394	0.167155425219941	1.0	0.829227761485826
GC_00000395	0.0485232067510548	1.0	0.90853023909986
GC_00000396	0.0883977900552486	1.0	0.900837937384899
GC_00000397	0.2839248434238	1.0	0.8626791927627
GC_00000398	0.12664907651715	1.0	0.858909410729991
GC_00000399	0.0915371329879102	1.0	0.79321819228555
GC_00000400	0.165413533834586	1.0	0.892481203007519
GC_00000401	0.119496855345912	1.0	0.896174004192872
GC_00000402	0.0251046025104603	1.0	0.907280334728034
GC_00000403	0.0494972931167827	1.0	0.902387213199278
GC_00000404	0.140243902439024	1.0	0.888628048780488
GC_00000405	0.00197628458498024	1.0	0.910619235836627
GC_00000406	0.0379550735863672	1.0	0.909697908597986
GC_00000407	0.0072463768115942	1.0	0.895289855072464
GC_00000408	0.0297619047619048	1.0	0.896577380952381
GC_00000409	0.0406091370558376	1.0	0.902289904117315
GC_00000410	0.0157068062827225	1.0	0.890741710296684
GC_00000411	0.114942528735632	1.0	0.893394636015326
GC_00000412	0.188356164383562	1.0	0.876404109589041
GC_00000413	0.0103359173126615	1.0	0.90306632213609
GC_00000414	0.0674846625766871	1.0	0.898788343558282
GC_00000415	0.0298507462686567	1.0	0.797661691542288
GC_00000416	0.084	1.0	0.891193333333333
GC_00000417	0.036036036036036	1.0	0.887987987987988
GC_00000418	0.0672782874617737	1.0	0.892013251783894
GC_00000419	0.927884615384615	1.0	0.963028846153846
GC_00000420	0.089311859443631	1.0	0.840649097120547
GC_00000421	0.0	1.0	0.885054200542005
GC_00000422	0.0606860158311346	1.0	0.901609498680739
GC_00000423	0.156351791530945	1.0	0.866112920738328
GC_00000424	0.105431309904153	1.0	0.903439829605964
GC_00000425	0.12430426716141	1.0	0.881774891774892
GC_00000426	0.239373601789709	1.0	0.872244593586875
GC_00000427	0.0	1.0	0.914480037140204
GC_00000428	0.0492424242424242	1.0	0.89145202020202
GC_00000429	0.127423822714681	1.0	0.892502308402585
GC_00000430	0.0734597156398104	1.0	0.91567140600316
GC_00000431	0.0103626943005181	1.0	0.903570811744387
GC_00000432	0.010443864229765	1.0	0.835143603133159
GC_00000433	0.179775280898876	1.0	0.911470037453184
GC_00000434	0.099236641221374	1.0	0.862226463104326
GC_00000435	0.164473684210526	1.0	0.839166666666667
GC_00000436	0.0294906166219839	1.0	0.904575513851653
GC_00000437	0.112771739130435	1.0	0.904003623188406
GC_00000438	0.155844155844156	1.0	0.91262987012987
GC_00000439	0.0295566502463054	1.0	0.89167816091954
GC_00000440	0.201219512195122	1.0	0.883262195121951
GC_00000441	0.265765765765766	1.0	0.870975975975976
GC_00000442	0.0515222482435597	1.0	0.891092896174863
GC_00000443	0.0831918505942275	1.0	0.877362761743067
GC_00000444	0.0341614906832298	1.0	0.907805383022774
GC_00000445	0.0199240986717268	1.0	0.911334598355471
GC_00000446	0.0576171875	1.0	0.897815755208333
GC_00000447	0.0253378378378378	1.0	0.888203828828829
GC_00000448	0.0725388601036269	1.0	0.909395509499137
GC_00000449	0.173501577287066	1.0	0.915983175604627
GC_00000450	0.222811671087533	1.0	0.839009725906278
GC_00000451	0.973109243697479	1.0	0.983422969187675
GC_00000452	0.0127551020408163	1.0	0.903758503401361
GC_00000453	0.00458015267175573	1.0	0.867094147582697
GC_00000454	0.0853242320819113	1.0	0.877155858930603
GC_00000455	0.0403422982885086	1.0	0.888716381418093
GC_00000456	0.0337620578778135	1.0	0.882309753483387
GC_00000457	0.0140350877192982	1.0	0.90172514619883
GC_00000458	0.0984936268829664	1.0	0.911722672846659
GC_00000459	0.0196428571428571	1.0	0.85277380952381
GC_00000460	0.101694915254237	1.0	0.874639830508475
GC_00000461	0.091358024691358	1.0	0.845633744855967
GC_00000462	0.239782016348774	1.0	0.8847229791099
GC_00000463	0.0230769230769231	1.0	0.904529914529915
GC_00000464	0.171428571428571	1.0	0.879557823129252
GC_00000465	0.115760111576011	1.0	0.876931659693166
GC_00000466	0.0133779264214047	1.0	0.865161649944259
GC_00000467	0.0364500792393027	1.0	0.894226096143687
GC_00000468	0.117647058823529	1.0	0.887039215686275
GC_00000469	0.00293255131964809	1.0	0.882629521016618
GC_00000470	0.00266666666666667	1.0	0.904968888888889
GC_00000471	0.0104166666666667	1.0	0.898240740740741
GC_00000472	0.0168776371308017	1.0	0.904423347398031
GC_00000473	0.00748129675810474	1.0	0.897187586589083
GC_00000474	1.0	1.0	1.0
GC_00000475	1.0	1.0	1.0
GC_00000476	1.0	1.0	1.0
GC_00000477	1.0	1.0	1.0
GC_00000478	1.0	1.0	1.0
GC_00000479	1.0	1.0	1.0
GC_00000480	1.0	1.0	1.0
GC_00000481	1.0	1.0	1.0
GC_00000482	1.0	1.0	1.0
GC_00000483	1.0	1.0	1.0
GC_00000484	1.0	1.0	1.0
GC_00000485	1.0	1.0	1.0
GC_00000486	1.0	1.0	1.0
GC_00000487	1.0	1.0	1.0
GC_00000488	1.0	1.0	1.0
GC_00000489	1.0	1.0	1.0
GC_00000490	1.0	1.0	1.0
GC_00000491	1.0	1.0	1.0
GC_00000492	1.0	1.0	1.0
GC_00000493	1.0	1.0	1.0
GC_00000494	1.0	1.0	1.0
GC_00000495	1.0	1.0	1.0
GC_00000496	1.0	1.0	1.0
GC_00000497	1.0	1.0	1.0
GC_00000498	1.0	1.0	1.0
GC_00000499	1.0	1.0	1.0
GC_00000500	1.0	1.0	1.0
GC_00000501	1.0	1.0	1.0
GC_00000502	1.0	1.0	1.0
GC_00000503	1.0	1.0	1.0
GC_00000504	1.0	1.0	1.0
GC_00000505	1.0	1.0	1.0
GC_00000506	1.0	1.0	1.0
GC_00000507	1.0	1.0	1.0
GC_00000508	1.0	1.0	1.0
GC_00000509	1.0	1.0	1.0
GC_00000510	1.0	1.0	1.0
GC_00000511	1.0	1.0	1.0
GC_00000512	1.0	1.0	1.0
GC_00000513	1.0	1.0	1.0
GC_00000514	1.0	1.0	1.0
GC_00000515	1.0	1.0	1.0
GC_00000516	1.0	1.0	1.0
GC_00000517	1.0	1.0	1.0
GC_00000518	1.0	1.0	1.0
GC_00000519	1.0	1.0	1.0
GC_00000520	1.0	1.0	1.0
GC_00000521	1.0	1.0	1.0
GC_00000522	1.0	1.0	1.0
GC_00000523	1.0	1.0	1.0
GC_00000524	1.0	1.0	1.0
GC_00000525	1.0	1.0	1.0
GC_00000526	1.0	1.0	1.0
GC_00000527	1.0	1.0	1.0
GC_00000528	1.0	1.0	1.0
GC_00000529	1.0	1.0	1.0
GC_00000530	1.0	1.0	1.0
GC_00000531	1.0	1.0	1.0
GC_00000532	1.0	1.0	1.0
GC_00000533	1.0	1.0	1.0
GC_00000534	1.0	1.0	1.0
GC_00000535	1.0	1.0	1.0
GC_00000536	1.0	1.0	1.0
GC_00000537	1.0	1.0	1.0
GC_00000538	1.0	1.0	1.0
GC_00000539	1.0	1.0	1.0
GC_00000540	1.0	1.0	1.0
GC_00000541	1.0	1.0	1.0
GC_00000542	1.0	1.0	1.0
GC_00000543	1.0	1.0	1.0
GC_00000544	1.0	1.0	1.0
GC_00000545	1.0	1.0	1.0
GC_00000546	1.0	1.0	1.0
GC_00000547	1.0	1.0	1.0
GC_00000548	1.0	1.0	1.0
GC_00000549	1.0	1.0	1.0
GC_00000550	1.0	1.0	1.0
GC_00000551	1.0	1.0	1.0
GC_00000552	1.0	1.0	1.0
GC_00000553	1.0	1.0	1.0
GC_00000554	1.0	1.0	1.0
GC_00000555	1.0	1.0	1.0
GC_00000556	1.0	1.0	1.0
GC_00000557	1.0	1.0	1.0
GC_00000558	1.0	1.0	1.0
GC_00000559	1.0	1.0	1.0
GC_00000560	1.0	1.0	1.0
GC_00000561	1.0	1.0	1.0
GC_00000562	1.0	1.0	1.0
GC_00000563	1.0	1.0	1.0
GC_00000564	1.0	1.0	1.0
GC_00000565	1.0	1.0	1.0
GC_00000566	1.0	1.0	1.0
GC_00000567	1.0	1.0	1.0
GC_00000568	1.0	1.0	1.0
GC_00000569	1.0	1.0	1.0
GC_00000570	1.0	1.0	1.0
GC_00000571	1.0	1.0	1.0
GC_00000572	1.0	1.0	1.0
GC_00000573	1.0	1.0	1.0
GC_00000574	1.0	1.0	1.0
GC_00000575	1.0	1.0	1.0
GC_00000576	1.0	1.0	1.0
GC_00000577	1.0	1.0	1.0
GC_00000578	1.0	1.0	1.0
GC_00000579	1.0	1.0	1.0
GC_00000580	1.0	1.0	1.0
GC_00000581	1.0	1.0	1.0
GC_00000582	1.0	1.0	1.0
GC_00000583	1.0	1.0	1.0
GC_00000584	1.0	1.0	1.0
GC_00000585	1.0	1.0	1.0
GC_00000586	1.0	1.0	1.0
GC_00000587	0.975609756097561	1.0	0.997967479674797
GC_00000588	0.990990990990991	1.0	0.999249249249249
GC_00000589	0.995073891625616	1.0	0.999589490968801
GC_00000590	0.972677595628415	1.0	0.997723132969035
GC_00000591	0.991596638655462	1.0	0.999299719887955
GC_00000592	0.997737556561086	1.0	0.999811463046757
GC_00000593	0.997757847533632	1.0	0.999813153961136
GC_00000594	0.996598639455782	1.0	0.999716553287982
GC_00000595	0.993506493506494	1.0	0.999458874458875
GC_00000596	0.990384615384615	1.0	0.999198717948718
GC_00000597	0.984126984126984	1.0	0.998677248677249
GC_00000598	0.995348837209302	1.0	0.999612403100775
GC_00000599	0.986666666666667	1.0	0.998888888888889
GC_00000600	0.991379310344828	1.0	0.999281609195402
GC_00000601	0.954838709677419	1.0	0.996236559139785
GC_00000602	0.988888888888889	1.0	0.999074074074074
GC_00000603	0.915492957746479	1.0	0.992957746478873
GC_00000604	0.994818652849741	1.0	0.999568221070812
GC_00000605	0.993670886075949	1.0	0.999472573839663
GC_00000606	0.996742671009772	1.0	0.999728555917481
GC_00000607	0.982142857142857	1.0	0.998511904761905
GC_00000608	0.994140625	1.0	0.99951171875
GC_00000609	0.99789029535865	1.0	0.999824191279888
GC_00000610	0.99290780141844	1.0	0.999408983451537
GC_00000611	0.9875	1.0	0.998958333333334
GC_00000612	0.995283018867924	1.0	0.999606918238994
GC_00000613	0.995901639344262	1.0	0.999658469945355
GC_00000614	0.981481481481482	1.0	0.998456790123457
GC_00000615	0.995412844036697	1.0	0.999617737003058
GC_00000616	0.997816593886463	1.0	0.999818049490539
GC_00000617	0.990825688073395	1.0	0.999235474006116
GC_00000618	0.99	1.0	0.999166666666667
GC_00000619	0.993333333333333	1.0	0.999444444444445
GC_00000620	0.985915492957746	1.0	0.998826291079812
GC_00000621	0.979166666666667	1.0	0.998263888888889
GC_00000622	0.997167138810198	1.0	0.999763928234183
GC_00000623	0.990740740740741	1.0	0.999228395061728
GC_00000624	0.997722095671982	1.0	0.999810174639332
GC_00000625	0.99375	1.0	0.999479166666667
GC_00000626	0.945945945945946	1.0	0.995495495495496
GC_00000627	0.995145631067961	1.0	0.999595469255663
GC_00000628	0.991071428571429	1.0	0.999255952380953
GC_00000629	0.971830985915493	1.0	0.997652582159624
GC_00000630	0.988888888888889	1.0	0.999074074074074
GC_00000631	0.995798319327731	1.0	0.999649859943978
GC_00000632	0.996062992125984	1.0	0.999671916010499
GC_00000633	0.997109826589595	1.0	0.9997591522158
GC_00000634	0.996644295302013	1.0	0.999720357941834
GC_00000635	0.995238095238095	1.0	0.999603174603175
GC_00000636	0.992125984251969	1.0	0.999343832020998
GC_00000637	0.989690721649485	1.0	0.99914089347079
GC_00000638	0.955165692007797	1.0	0.996263807667316
GC_00000639	0.994082840236686	1.0	0.999506903353057
GC_00000640	0.682926829268293	1.0	0.973577235772358
GC_00000641	0.996598639455782	1.0	0.999716553287982
GC_00000642	0.994444444444444	1.0	0.999537037037037
GC_00000643	0.983333333333333	1.0	0.998611111111111
GC_00000644	0.994219653179191	1.0	0.999518304431599
GC_00000645	0.988505747126437	1.0	0.99904214559387
GC_00000646	0.986666666666667	1.0	0.998888888888889
GC_00000647	0.975609756097561	1.0	0.997967479674797
GC_00000648	0.959731543624161	1.0	0.996644295302013
GC_00000649	0.966292134831461	1.0	0.997191011235955
GC_00000650	0.99203187250996	1.0	0.99933598937583
GC_00000651	0.996951219512195	1.0	0.99974593495935
GC_00000652	0.987951807228916	1.0	0.998995983935743
GC_00000653	0.996	1.0	0.999666666666667
GC_00000654	0.585714285714286	1.0	0.96547619047619
GC_00000655	0.989583333333333	1.0	0.999131944444444
GC_00000656	0.99702380952381	1.0	0.999751984126984
GC_00000657	0.993288590604027	1.0	0.999440715883669
GC_00000658	0.993788819875776	1.0	0.999482401656315
GC_00000659	0.990654205607477	1.0	0.999221183800623
GC_00000660	0.992063492063492	1.0	0.999338624338625
GC_00000661	0.962457337883959	1.0	0.996871444823663
GC_00000662	0.995901639344262	1.0	0.999658469945355
GC_00000663	0.994897959183674	1.0	0.999574829931973
GC_00000664	0.995327102803738	1.0	0.999610591900312
GC_00000665	0.978260869565217	1.0	0.998188405797101
GC_00000666	0.98936170212766	1.0	0.999113475177305
GC_00000667	0.993865030674847	1.0	0.999488752556237
GC_00000668	0.961352657004831	1.0	0.996779388083736
GC_00000669	0.994818652849741	1.0	0.999568221070812
GC_00000670	0.989795918367347	1.0	0.999149659863946
GC_00000671	0.994764397905759	1.0	0.99956369982548
GC_00000672	0.996296296296296	1.0	0.999691358024691
GC_00000673	0.996794871794872	1.0	0.999732905982906
GC_00000674	0.993103448275862	1.0	0.999425287356322
GC_00000675	0.996491228070175	1.0	0.999707602339181
GC_00000676	0.993589743589744	1.0	0.999465811965812
GC_00000677	0.997663551401869	1.0	0.999805295950156
GC_00000678	0.992957746478873	1.0	0.999413145539906
GC_00000679	0.998509687034277	1.0	0.999875807252857
GC_00000680	0.98943661971831	1.0	0.999119718309859
GC_00000681	0.99546485260771	1.0	0.999622071050643
GC_00000682	0.943396226415094	1.0	0.995283018867925
GC_00000683	0.975609756097561	1.0	0.997967479674797
GC_00000684	0.951923076923077	1.0	0.992335562987737
GC_00000685	0.953846153846154	1.0	0.99556856187291
GC_00000686	0.994910941475827	1.0	0.999575911789652
GC_00000687	0.986754966887417	1.0	0.998896247240618
GC_00000688	0.974545454545454	1.0	0.997878787878788
GC_00000689	0.990521327014218	1.0	0.998849508894842
GC_00000690	0.990430622009569	1.0	0.999202551834131
GC_00000691	0.988636363636364	1.0	0.99905303030303
GC_00000692	0.988888888888889	1.0	0.998228663446055
GC_00000693	0.991596638655462	1.0	0.999299719887955
GC_00000694	0.946666666666667	1.0	0.991497584541063
GC_00000695	0.989130434782609	1.0	0.998267170762445
GC_00000696	0.993243243243243	1.0	0.999436936936937
GC_00000697	0.995910020449898	1.0	0.999659168370825
GC_00000698	0.990291262135922	1.0	0.999190938511327
GC_00000699	0.97887323943662	1.0	0.997167789344764
GC_00000700	0.991266375545852	1.0	0.999272197962154
GC_00000701	0.995584988962472	1.0	0.999632082413539
GC_00000702	0.996551724137931	1.0	0.999437781109445
GC_00000703	0.982758620689655	1.0	0.998563218390805
GC_00000704	0.988165680473373	1.0	0.999013806706115
GC_00000705	0.990654205607477	1.0	0.998510090749018
GC_00000706	0.943181818181818	1.0	0.991806653491436
GC_00000707	0.983333333333333	1.0	0.998611111111111
GC_00000708	0.985815602836879	1.0	0.998817966903073
GC_00000709	0.885593220338983	1.0	0.990466101694915
GC_00000710	0.992307692307692	1.0	0.999358974358974
GC_00000711	0.990384615384615	1.0	0.999198717948718
GC_00000712	0.988505747126437	1.0	0.99904214559387
GC_00000713	0.992337164750958	1.0	0.999361430395913
GC_00000714	0.988571428571429	1.0	0.999047619047619
GC_00000715	0.991967871485944	1.0	0.999330655957162
GC_00000716	0.991071428571429	1.0	0.999255952380953
GC_00000717	0.993975903614458	1.0	0.999497991967871
GC_00000718	0.994186046511628	1.0	0.999515503875969
GC_00000719	0.993650793650794	1.0	0.999470899470899
GC_00000720	0.994236311239193	1.0	0.999519692603266
GC_00000721	0.989010989010989	1.0	0.998248128682911
GC_00000722	0.993485342019544	1.0	0.999457111834962
GC_00000723	0.961832061068702	1.0	0.996819338422392
GC_00000724	0.991967871485944	1.0	0.999330655957162
GC_00000725	0.991869918699187	1.0	0.998703900082479
GC_00000726	0.986486486486487	1.0	0.998873873873874
GC_00000727	0.991596638655462	1.0	0.999299719887955
GC_00000728	0.982456140350877	1.0	0.998538011695907
GC_00000729	0.993548387096774	1.0	0.999462365591398
GC_00000730	0.980769230769231	1.0	0.998397435897436
GC_00000731	0.988636363636364	1.0	0.99905303030303
GC_00000732	0.987654320987654	1.0	0.998971193415638
GC_00000733	0.986013986013986	1.0	0.998834498834499
GC_00000734	0.991525423728814	1.0	0.999293785310734
GC_00000735	0.987654320987654	1.0	0.998971193415638
GC_00000736	0.99112426035503	1.0	0.998810136351942
GC_00000737	0.9921875	1.0	0.999348958333333
GC_00000738	0.99581589958159	1.0	0.999332969498514
GC_00000739	0.981651376146789	1.0	0.998121925275894
GC_00000740	0.997389033942559	1.0	0.999583759034321
GC_00000741	0.991614255765199	1.0	0.999301187980433
GC_00000742	0.995798319327731	1.0	0.999649859943978
GC_00000743	0.99618320610687	1.0	0.99939152561124
GC_00000744	0.981818181818182	1.0	0.997101449275362
GC_00000745	0.977777777777778	1.0	0.998148148148148
GC_00000746	0.986842105263158	1.0	0.99890350877193
GC_00000747	0.984615384615385	1.0	0.998717948717949
GC_00000748	0.99601593625498	1.0	0.999667994687915
GC_00000749	0.988700564971751	1.0	0.999058380414313
GC_00000750	0.980769230769231	1.0	0.998397435897436
GC_00000751	0.987261146496815	1.0	0.998938428874734
GC_00000752	0.867924528301887	1.0	0.988993710691824
GC_00000753	0.990196078431373	1.0	0.99881003125888
GC_00000754	0.990430622009569	1.0	0.999202551834131
GC_00000755	0.972972972972973	1.0	0.997747747747748
GC_00000756	0.992125984251969	1.0	0.999343832020998
GC_00000757	0.989795918367347	1.0	0.998373262348418
GC_00000758	0.990338164251208	1.0	0.999194847020934
GC_00000759	0.987951807228916	1.0	0.998079273616204
GC_00000760	0.903225806451613	1.0	0.991935483870968
GC_00000761	0.991438356164384	1.0	0.999143835616438
GC_00000762	0.990825688073395	1.0	0.998886451269778
GC_00000763	0.987179487179487	1.0	0.998397435897436
GC_00000764	0.987012987012987	1.0	0.998737373737374
GC_00000765	0.997624703087886	1.0	0.999457812661365
GC_00000766	0.981481481481482	1.0	0.997942386831276
GC_00000767	0.986842105263158	1.0	0.99840293668955
GC_00000768	0.969230769230769	1.0	0.997143255295429
GC_00000769	0.976470588235294	1.0	0.997144075021313
GC_00000770	0.980582524271845	1.0	0.997607992120445
GC_00000771	0.987096774193548	1.0	0.998387096774194
GC_00000772	0.960526315789474	1.0	0.995614035087719
GC_00000773	0.9875	1.0	0.998482789855073
GC_00000774	0.805147058823529	1.0	0.98348252344416
GC_00000775	0.972727272727273	1.0	0.996969696969697
GC_00000776	0.964125560538117	1.0	0.996636771300448
GC_00000777	0.939024390243902	1.0	0.993062919759632
GC_00000778	0.990066225165563	1.0	0.998896247240618
GC_00000779	0.968085106382979	1.0	0.99645390070922
GC_00000780	0.96551724137931	1.0	0.995689655172414
GC_00000781	0.994550408719346	1.0	0.999338545985862
GC_00000782	0.97244094488189	1.0	0.997132831222184
GC_00000783	0.990566037735849	1.0	0.999034386108832
GC_00000784	0.973529411764706	1.0	0.997549019607843
GC_00000785	0.990049751243781	1.0	0.998792270531401
GC_00000786	0.97979797979798	1.0	0.997474747474748
GC_00000787	0.980926430517711	1.0	0.998183469573116
GC_00000788	0.96078431372549	1.0	0.996459694989107
GC_00000789	0.990506329113924	1.0	0.998945147679325
GC_00000790	0.983870967741935	1.0	0.997837774661056
GC_00000791	0.97196261682243	1.0	0.996918596776378
GC_00000792	0.983739837398374	1.0	0.997967479674797
GC_00000793	0.969230769230769	1.0	0.996265328874025
GC_00000794	0.984848484848485	1.0	0.998160957400088
GC_00000795	0.983333333333333	1.0	0.998278985507246
GC_00000796	0.992957746478873	1.0	0.999119718309859
GC_00000797	0.841463414634146	1.0	0.985816542948038
GC_00000798	0.933333333333333	1.0	0.994106280193237
GC_00000799	0.971014492753623	1.0	0.996376811594203
GC_00000800	0.95049504950495	1.0	0.995121251255561
GC_00000801	0.988023952095808	1.0	0.998502994011976
GC_00000802	0.976470588235294	1.0	0.997058823529412
GC_00000803	0.962025316455696	1.0	0.996571729957806
GC_00000804	0.978947368421053	1.0	0.99744469870328
GC_00000805	0.967741935483871	1.0	0.996084618980832
GC_00000806	0.993464052287582	1.0	0.999194847020934
GC_00000807	0.977011494252874	1.0	0.997126436781609
GC_00000808	0.974193548387097	1.0	0.997358578775128
GC_00000809	0.9875	1.0	0.998482789855073
GC_00000810	0.996825396825397	1.0	0.999275362318841
GC_00000811	0.927710843373494	1.0	0.99301554042256
GC_00000812	0.988439306358382	1.0	0.998554913294798
GC_00000813	0.954773869346734	1.0	0.996021775544389
GC_00000814	0.997770345596433	1.0	0.999729371657538
GC_00000815	0.982300884955752	1.0	0.997787610619469
GC_00000816	0.994791666666667	1.0	0.999348958333333
GC_00000817	0.977707006369427	1.0	0.997876857749469
GC_00000818	0.962962962962963	1.0	0.995884773662551
GC_00000819	0.98989898989899	1.0	0.998755672668716
GC_00000820	0.985981308411215	1.0	0.998476229175132
GC_00000821	0.993464052287582	1.0	0.998508098891731
GC_00000822	0.993377483443709	1.0	0.999172185430464
GC_00000823	0.988721804511278	1.0	0.998488067996077
GC_00000824	0.992277992277992	1.0	0.999034749034749
GC_00000825	0.988505747126437	1.0	0.998563218390805
GC_00000826	0.964959568733154	1.0	0.996650259775773
GC_00000827	0.496932515337423	1.0	0.956588423579621
GC_00000828	0.846153846153846	1.0	0.98598104793757
GC_00000829	0.982248520710059	1.0	0.997577394734585
GC_00000830	0.957055214723926	1.0	0.995487685605051
GC_00000831	0.978494623655914	1.0	0.996649524700016
GC_00000832	0.981524249422633	1.0	0.997037855206346
GC_00000833	0.996649916247906	1.0	0.999453790692593
GC_00000834	0.979452054794521	1.0	0.997195751439349
GC_00000835	0.993366500829187	1.0	0.998954502848078
GC_00000836	0.98780487804878	1.0	0.998085306940026
GC_00000837	0.992	1.0	0.998753623188406
GC_00000838	0.995475113122172	1.0	0.999295035740048
GC_00000839	0.997245179063361	1.0	0.999550844412505
GC_00000840	0.939873417721519	1.0	0.990391671252981
GC_00000841	0.986111111111111	1.0	0.998171631776704
GC_00000842	0.987155963302752	1.0	0.997965696051057
GC_00000843	0.991228070175439	1.0	0.998569794050344
GC_00000844	0.971428571428571	1.0	0.995376121463078
GC_00000845	0.98501872659176	1.0	0.997869510937415
GC_00000846	0.983050847457627	1.0	0.997236551215917
GC_00000847	0.971014492753623	1.0	0.996980676328503
GC_00000848	0.978102189781022	1.0	0.996059452025812
GC_00000849	0.993243243243243	1.0	0.998739228358794
GC_00000850	0.943262411347518	1.0	0.994089834515366
GC_00000851	0.989655172413793	1.0	0.998563218390805
GC_00000852	0.953488372093023	1.0	0.993343444556791
GC_00000853	0.993243243243243	1.0	0.998873873873874
GC_00000854	0.977011494252874	1.0	0.996335165750458
GC_00000855	0.99438202247191	1.0	0.999084025403029
GC_00000856	0.980916030534351	1.0	0.997773536895674
GC_00000857	0.979381443298969	1.0	0.996787688629912
GC_00000858	0.993736951983299	1.0	0.999001543069801
GC_00000859	0.980952380952381	1.0	0.996894409937888
GC_00000860	0.992518703241895	1.0	0.998979001770935
GC_00000861	0.995495495495496	1.0	0.999347173260217
GC_00000862	0.981308411214953	1.0	0.997341866449953
GC_00000863	0.987903225806452	1.0	0.998042309490416
GC_00000864	0.981395348837209	1.0	0.997674418604651
GC_00000865	0.99079754601227	1.0	0.998721881390593
GC_00000866	0.985119047619048	1.0	0.998274672187716
GC_00000867	0.991525423728814	1.0	0.997543601080816
GC_00000868	0.877729257641921	1.0	0.988782355547117
GC_00000869	0.993957703927492	1.0	0.998992950654582
GC_00000870	0.625	1.0	0.966032608695652
GC_00000871	0.981981981981982	1.0	0.996996996996997
GC_00000872	0.993975903614458	1.0	0.999061463244281
GC_00000873	0.940298507462687	1.0	0.992591390871728
GC_00000874	0.994100294985251	1.0	0.999038091573682
GC_00000875	0.989821882951654	1.0	0.998736954677877
GC_00000876	0.979865771812081	1.0	0.997349479622605
GC_00000877	0.994897959183674	1.0	0.999362244897959
GC_00000878	0.782608695652174	1.0	0.977000630119723
GC_00000879	0.987179487179487	1.0	0.997863247863248
GC_00000880	0.993031358885017	1.0	0.998699691965864
GC_00000881	0.983277591973244	1.0	0.99807328777083
GC_00000882	0.990291262135922	1.0	0.998381877022654
GC_00000883	0.9375	1.0	0.99122509057971
GC_00000884	0.997601918465228	1.0	0.999304903902964
GC_00000885	0.994285714285714	1.0	0.998343685300207
GC_00000886	0.442105263157895	1.0	0.951754385964912
GC_00000887	0.98961937716263	1.0	0.998583320796349
GC_00000888	0.858490566037736	1.0	0.976927809680066
GC_00000889	0.952941176470588	1.0	0.986359761295823
GC_00000890	0.96551724137931	1.0	0.991504247876062
GC_00000891	0.984496124031008	1.0	0.99747219413549
GC_00000892	0.984126984126984	1.0	0.997527030135726
GC_00000893	0.991291727140784	1.0	0.998943017605856
GC_00000894	0.976	1.0	0.996724637681159
GC_00000895	0.99581589958159	1.0	0.999302649930265
GC_00000896	0.944444444444444	1.0	0.993860708534621
GC_00000897	0.948453608247423	1.0	0.994060959211116
GC_00000898	0.984251968503937	1.0	0.997546502339382
GC_00000899	0.994987468671679	1.0	0.998992045330718
GC_00000900	0.971608832807571	1.0	0.996868285100352
GC_00000901	0.367647058823529	1.0	0.946877664109122
GC_00000902	0.971223021582734	1.0	0.994760713168595
GC_00000903	0.975609756097561	1.0	0.995007069635914
GC_00000904	0.993355481727575	1.0	0.998663874043045
GC_00000905	0.99390243902439	1.0	0.998751767408979
GC_00000906	0.971238938053097	1.0	0.996897845325125
GC_00000907	0.467136150234742	1.0	0.955033340137443
GC_00000908	0.968253968253968	1.0	0.995427881297447
GC_00000909	0.985074626865672	1.0	0.994862643305213
GC_00000910	0.996086105675147	1.0	0.999198786125528
GC_00000911	0.989637305699482	1.0	0.997784786363295
GC_00000912	0.963855421686747	1.0	0.994499738082766
GC_00000913	0.995121951219512	1.0	0.998983739837399
GC_00000914	0.986111111111111	1.0	0.997257447665056
GC_00000915	0.985	1.0	0.99713768115942
GC_00000916	0.989189189189189	1.0	0.997826086956522
GC_00000917	0.938888888888889	1.0	0.986352657004831
GC_00000918	0.857142857142857	1.0	0.986818495514148
GC_00000919	0.990783410138249	1.0	0.998113270553663
GC_00000920	0.99009900990099	1.0	0.998445496723585
GC_00000921	0.97583081570997	1.0	0.997361968562546
GC_00000922	0.987179487179487	1.0	0.998130341880342
GC_00000923	0.986486486486487	1.0	0.997478456717587
GC_00000924	0.975609756097561	1.0	0.996700836573583
GC_00000925	0.885714285714286	1.0	0.981677018633541
GC_00000926	0.948717948717949	1.0	0.990059457450762
GC_00000927	0.968354430379747	1.0	0.994611080535681
GC_00000928	0.987179487179487	1.0	0.997607766629506
GC_00000929	0.968253968253968	1.0	0.996750632620198
GC_00000930	0.991769547325103	1.0	0.998285322359396
GC_00000931	0.983870967741935	1.0	0.996639784946237
GC_00000932	0.962962962962963	1.0	0.993916621935946
GC_00000933	0.967391304347826	1.0	0.994565217391304
GC_00000934	0.957860615883306	1.0	0.995983369741385
GC_00000935	0.986013986013986	1.0	0.997111584068106
GC_00000936	0.970149253731343	1.0	0.995808998485831
GC_00000937	0.980392156862745	1.0	0.99635313062423
GC_00000938	0.978260869565217	1.0	0.996435885318211
GC_00000939	0.956521739130435	1.0	0.991099558916194
GC_00000940	0.865168539325843	1.0	0.984570916788797
GC_00000941	0.992718446601942	1.0	0.998821584353454
GC_00000942	0.971830985915493	1.0	0.995892018779343
GC_00000943	0.987878787878788	1.0	0.996947738252086
GC_00000944	0.984790874524715	1.0	0.997809555298396
GC_00000945	0.995327102803738	1.0	0.999043410537722
GC_00000946	0.987577639751553	1.0	0.998188405797101
GC_00000947	0.990243902439024	1.0	0.997967479674797
GC_00000948	0.952879581151832	1.0	0.992051748994613
GC_00000949	0.920634920634921	1.0	0.986024844720497
GC_00000950	0.982558139534884	1.0	0.997114088304685
GC_00000951	0.973913043478261	1.0	0.995683679899181
GC_00000952	0.98159509202454	1.0	0.996976971636881
GC_00000953	0.988636363636364	1.0	0.997879611330698
GC_00000954	0.988372093023256	1.0	0.99807605886979
GC_00000955	0.994071146245059	1.0	0.999033339061694
GC_00000956	0.982800982800983	1.0	0.997783356479009
GC_00000957	0.986842105263158	1.0	0.997354118993135
GC_00000958	0.974025974025974	1.0	0.994918125352908
GC_00000959	0.934426229508197	1.0	0.989546210501307
GC_00000960	0.984126984126984	1.0	0.99672187715666
GC_00000961	0.986577181208054	1.0	0.997203579418344
GC_00000962	0.991869918699187	1.0	0.998335689878638
GC_00000963	0.986301369863014	1.0	0.997195751439349
GC_00000964	0.993975903614458	1.0	0.998821372446307
GC_00000965	0.993342210386152	1.0	0.999015805013605
GC_00000966	0.978181818181818	1.0	0.996086956521739
GC_00000967	0.948051948051948	1.0	0.993718238283456
GC_00000968	0.985714285714286	1.0	0.99648033126294
GC_00000969	0.978540772532189	1.0	0.993570006842073
GC_00000970	0.884816753926702	1.0	0.988257834433568
GC_00000971	0.89375	1.0	0.989198369565217
GC_00000972	0.939759036144578	1.0	0.990090797974506
GC_00000973	0.969230769230769	1.0	0.995763656633222
GC_00000974	0.962421711899791	1.0	0.995348098393392
GC_00000975	0.992700729927007	1.0	0.99859832857294
GC_00000976	0.980392156862745	1.0	0.995524296675192
GC_00000977	0.994708994708995	1.0	0.998734759604325
GC_00000978	0.967741935483871	1.0	0.994156147732585
GC_00000979	0.982905982905983	1.0	0.997460671373715
GC_00000980	0.986394557823129	1.0	0.996647934536133
GC_00000981	0.981927710843373	1.0	0.996202200104767
GC_00000982	0.410358565737052	1.0	0.949708412725908
GC_00000983	0.98876404494382	1.0	0.998086630841883
GC_00000984	0.974358974358974	1.0	0.995076179858788
GC_00000985	0.980645161290323	1.0	0.99588592800374
GC_00000986	0.98	1.0	0.995217391304348
GC_00000987	0.981481481481482	1.0	0.995605206655931
GC_00000988	0.9921875	1.0	0.99832050120773
GC_00000989	0.980434782608696	1.0	0.99731411468179
GC_00000990	0.985714285714286	1.0	0.997360248447205
GC_00000991	0.987179487179487	1.0	0.997909698996655
GC_00000992	0.986013986013986	1.0	0.996579507449073
GC_00000993	0.975265017667845	1.0	0.996223178163569
GC_00000994	0.993288590604027	1.0	0.998792270531401
GC_00000995	0.987113402061856	1.0	0.997375989840132
GC_00000996	0.990867579908676	1.0	0.998047779763086
GC_00000997	0.990675990675991	1.0	0.998547346373433
GC_00000998	0.988970588235294	1.0	0.997735507246377
GC_00000999	0.9453125	1.0	0.990517436594203
GC_00001000	0.980952380952381	1.0	0.995376121463078
GC_00001001	0.991803278688525	1.0	0.996792587312901
GC_00001002	0.991304347826087	1.0	0.997889098928797
GC_00001003	0.980952380952381	1.0	0.996428571428572
GC_00001004	0.978835978835979	1.0	0.996511003757381
GC_00001005	0.993827160493827	1.0	0.998546251565575
GC_00001006	0.987012987012987	1.0	0.996894409937888
GC_00001007	0.884057971014493	1.0	0.988237765175383
GC_00001008	0.99468085106383	1.0	0.998689485044712
GC_00001009	0.977611940298508	1.0	0.995754921046939
GC_00001010	0.885906040268456	1.0	0.988255033557047
GC_00001011	0.968085106382979	1.0	0.993293246993525
GC_00001012	0.958333333333333	1.0	0.99350845410628
GC_00001013	0.98936170212766	1.0	0.995837187789084
GC_00001014	0.930635838150289	1.0	0.988020440646729
GC_00001015	0.988416988416988	1.0	0.997943595769683
GC_00001016	0.973684210526316	1.0	0.994183829138062
GC_00001017	0.973958333333333	1.0	0.996320199275362
GC_00001018	0.973076923076923	1.0	0.996502229654403
GC_00001019	0.993311036789298	1.0	0.998521642188939
GC_00001020	0.955882352941177	1.0	0.991794543904518
GC_00001021	0.98989898989899	1.0	0.998060313277704
GC_00001022	0.973684210526316	1.0	0.997146922490172
GC_00001023	0.971014492753623	1.0	0.992858643142197
GC_00001024	0.987755102040816	1.0	0.997707778763679
GC_00001025	0.972972972972973	1.0	0.993634939287113
GC_00001026	0.989690721649485	1.0	0.997460032870163
GC_00001027	0.98	1.0	0.996256038647343
GC_00001028	0.977011494252874	1.0	0.994419456938198
GC_00001029	0.98780487804878	1.0	0.99765818310357
GC_00001030	0.984962406015038	1.0	0.997207693145908
GC_00001031	0.953947368421053	1.0	0.994112318840579
GC_00001032	0.993670886075949	1.0	0.997523390203632
GC_00001033	0.863636363636364	1.0	0.987080954472259
GC_00001034	0.716417910447761	1.0	0.966174561972745
GC_00001035	0.99025974025974	1.0	0.997906079427819
GC_00001036	0.657142857142857	1.0	0.965044858523119
GC_00001037	0.986394557823129	1.0	0.996795819777186
GC_00001038	0.981818181818182	1.0	0.996618357487923
GC_00001039	0.985365853658537	1.0	0.997278190173206
GC_00001040	0.945652173913043	1.0	0.990351291745432
GC_00001041	0.96583850931677	1.0	0.994835268701053
GC_00001042	0.993215739484396	1.0	0.998126954161996
GC_00001043	0.458333333333333	1.0	0.95282306763285
GC_00001044	0.991957104557641	1.0	0.998212689901698
GC_00001045	0.990291262135922	1.0	0.998232376530182
GC_00001046	0.985714285714286	1.0	0.996609730848861
GC_00001047	0.870967741935484	1.0	0.982819074333801
GC_00001048	0.977272727272727	1.0	0.995923913043478
GC_00001049	0.949308755760369	1.0	0.994005877245709
GC_00001050	0.974358974358974	1.0	0.995889074693423
GC_00001051	0.953846153846154	1.0	0.994128576737273
GC_00001052	0.988950276243094	1.0	0.996977340059252
GC_00001053	0.910714285714286	1.0	0.984536749482402
GC_00001054	0.968181818181818	1.0	0.99514163372859
GC_00001055	0.992857142857143	1.0	0.998504140786749
GC_00001056	0.97	1.0	0.992391304347826
GC_00001057	0.985875706214689	1.0	0.997953000900679
GC_00001058	0.907766990291262	1.0	0.98974602504573
GC_00001059	0.965753424657534	1.0	0.993026603136788
GC_00001060	0.922222222222222	1.0	0.986835748792271
GC_00001061	0.986984815618221	1.0	0.996950548586878
GC_00001062	0.961290322580645	1.0	0.993875642823749
GC_00001063	0.980392156862745	1.0	0.995737425404945
GC_00001064	0.970149253731343	1.0	0.992915855505083
GC_00001065	0.993087557603687	1.0	0.998564082014292
GC_00001066	0.983193277310924	1.0	0.993088539763732
GC_00001067	0.992167101827676	1.0	0.998126915654444
GC_00001068	0.995049504950495	1.0	0.99860991533936
GC_00001069	0.987951807228916	1.0	0.99692247249869
GC_00001070	0.99468085106383	1.0	0.997706598828246
GC_00001071	0.951612903225806	1.0	0.989948574100047
GC_00001072	0.979462875197472	1.0	0.994985919362594
GC_00001073	0.939890710382514	1.0	0.994245136084053
GC_00001074	0.995824634655532	1.0	0.9988729539197
GC_00001075	0.982698961937716	1.0	0.997129030640389
GC_00001076	0.926470588235294	1.0	0.98790494458653
GC_00001077	0.990757855822551	1.0	0.99833909293043
GC_00001078	0.997019374068554	1.0	0.999152249508629
GC_00001079	0.848214285714286	1.0	0.959886128364389
GC_00001080	0.989189189189189	1.0	0.996513905209557
GC_00001081	0.991150442477876	1.0	0.997830362105083
GC_00001082	0.757575757575758	1.0	0.977978543195934
GC_00001083	0.983922829581994	1.0	0.996633114311012
GC_00001084	0.972602739726027	1.0	0.992356561445305
GC_00001085	0.995110024449878	1.0	0.998423160058113
GC_00001086	0.712962962962963	1.0	0.968699677938808
GC_00001087	0.989189189189189	1.0	0.997767332549941
GC_00001088	0.988700564971751	1.0	0.996663391468108
GC_00001089	0.98828125	1.0	0.996801403985507
GC_00001090	0.989389920424403	1.0	0.99766462922385
GC_00001091	0.987012987012987	1.0	0.995765104460757
GC_00001092	0.98406374501992	1.0	0.995900456146429
GC_00001093	0.969512195121951	1.0	0.995934959349594
GC_00001094	0.991561181434599	1.0	0.997248211337369
GC_00001095	0.993801652892562	1.0	0.99849532878189
GC_00001096	0.987767584097859	1.0	0.995911447945752
GC_00001097	0.988304093567251	1.0	0.997097211628104
GC_00001098	0.992700729927007	1.0	0.997831376282662
GC_00001099	0.98	1.0	0.993405797101449
GC_00001100	0.934306569343066	1.0	0.979239394901089
GC_00001101	0.988	1.0	0.997644927536232
GC_00001102	0.992481203007519	1.0	0.997575460390106
GC_00001103	0.972515856236786	1.0	0.995595489781536
GC_00001104	0.963414634146341	1.0	0.993924531636621
GC_00001105	0.994186046511628	1.0	0.99814627569936
GC_00001106	0.985	1.0	0.996947463768116
GC_00001107	0.977777777777778	1.0	0.996376811594203
GC_00001108	0.979865771812081	1.0	0.994650325843789
GC_00001109	0.802083333333333	1.0	0.969391606280193
GC_00001110	0.987654320987654	1.0	0.99827786723922
GC_00001111	0.976303317535545	1.0	0.99464248918195
GC_00001112	0.990476190476191	1.0	0.995583160800552
GC_00001113	0.943661971830986	1.0	0.992294345784854
GC_00001114	0.978723404255319	1.0	0.994989207523898
GC_00001115	0.995565410199557	1.0	0.998762813715094
GC_00001116	0.981707317073171	1.0	0.994719865676918
GC_00001117	0.983772819472617	1.0	0.99765558397272
GC_00001118	0.977443609022556	1.0	0.995750245178163
GC_00001119	0.989247311827957	1.0	0.996571606669783
GC_00001120	0.967105263157895	1.0	0.994279176201373
GC_00001121	0.97196261682243	1.0	0.993701747257213
GC_00001122	0.990228013029316	1.0	0.997580607090591
GC_00001123	0.958333333333333	1.0	0.988073671497585
GC_00001124	0.986206896551724	1.0	0.996939030484758
GC_00001125	0.992982456140351	1.0	0.997711670480549
GC_00001126	0.981132075471698	1.0	0.996650259775773
GC_00001127	0.992233009708738	1.0	0.998234135359505
GC_00001128	0.934545454545455	1.0	0.991969696969697
GC_00001129	0.975609756097561	1.0	0.996487274655355
GC_00001130	0.988095238095238	1.0	0.997282608695652
GC_00001131	0.990243902439024	1.0	0.996818663838812
GC_00001132	0.993464052287582	1.0	0.996803069053708
GC_00001133	0.986559139784946	1.0	0.997662459093034
GC_00001134	0.981981981981982	1.0	0.9933738085912
GC_00001135	0.970443349753695	1.0	0.996010923109873
GC_00001136	0.945945945945946	1.0	0.987433085259172
GC_00001137	0.963157894736842	1.0	0.995989066870074
GC_00001138	0.930769230769231	1.0	0.987207357859532
GC_00001139	0.987012987012987	1.0	0.995412196499153
GC_00001140	0.987261146496815	1.0	0.994807532539463
GC_00001141	0.962025316455696	1.0	0.991125481563016
GC_00001142	0.994594594594595	1.0	0.997356051703878
GC_00001143	0.993135011441648	1.0	0.998101349782774
GC_00001144	0.978260869565217	1.0	0.99377756773787
GC_00001145	0.938888888888889	1.0	0.988425925925926
GC_00001146	0.931506849315068	1.0	0.990669049037125
GC_00001147	0.948275862068966	1.0	0.990723388305847
GC_00001148	0.984334203655353	1.0	0.9962159912211
GC_00001149	0.977099236641221	1.0	0.992698307334882
GC_00001150	0.978571428571429	1.0	0.99435817805383
GC_00001151	0.987341772151899	1.0	0.995344890845716
GC_00001152	0.988165680473373	1.0	0.997148615041591
GC_00001153	0.982248520710059	1.0	0.996183860732356
GC_00001154	0.948051948051948	1.0	0.987624694146433
GC_00001155	0.993039443155452	1.0	0.997982447291435
GC_00001156	0.72972972972973	1.0	0.942518605562084
GC_00001157	0.970899470899471	1.0	0.996079671804309
GC_00001158	0.980952380952381	1.0	0.995738440303658
GC_00001159	0.977272727272727	1.0	0.99385155906895
GC_00001160	0.9859375	1.0	0.998148777173913
GC_00001161	0.966386554621849	1.0	0.992266471806114
GC_00001162	0.974358974358974	1.0	0.992800074321814
GC_00001163	0.956422018348624	1.0	0.995080441430661
GC_00001164	0.947761194029851	1.0	0.991672074410556
GC_00001165	0.975	1.0	0.991032608695652
GC_00001166	0.982758620689655	1.0	0.995283608195902
GC_00001167	0.987577639751553	1.0	0.996061751732829
GC_00001168	0.983425414364641	1.0	0.99561614220514
GC_00001169	0.993197278911565	1.0	0.997695454993592
GC_00001170	0.44954128440367	1.0	0.948976199973408
GC_00001171	0.974747474747475	1.0	0.995022690674864
GC_00001172	0.986666666666667	1.0	0.996441223832528
GC_00001173	0.995604395604396	1.0	0.998383500557414
GC_00001174	0.985074626865672	1.0	0.995268224096907
GC_00001175	0.975609756097561	1.0	0.993151290208554
GC_00001176	0.766233766233766	1.0	0.946028609072087
GC_00001177	0.946428571428571	1.0	0.992608048654244
GC_00001178	0.982857142857143	1.0	0.996097308488613
GC_00001179	0.96	1.0	0.991014492753623
GC_00001180	0.989847715736041	1.0	0.997691826675495
GC_00001181	0.98695652173913	1.0	0.996613106490233
GC_00001182	0.991304347826087	1.0	0.997700063011972
GC_00001183	0.981707317073171	1.0	0.995073347472605
GC_00001184	0.976377952755906	1.0	0.993666552550496
GC_00001185	0.990033222591362	1.0	0.997026818816505
GC_00001186	0.977777777777778	1.0	0.994363929146538
GC_00001187	0.992982456140351	1.0	0.998201118738876
GC_00001188	0.989795918367347	1.0	0.997855664004732
GC_00001189	0.967213114754098	1.0	0.99168448562604
GC_00001190	0.978520286396181	1.0	0.996774584068348
GC_00001191	0.741176470588235	1.0	0.972549019607843
GC_00001192	0.983293556085919	1.0	0.99726747604718
GC_00001193	0.997198879551821	1.0	0.999010473754719
GC_00001194	0.997907949790795	1.0	0.999396135265701
GC_00001195	0.991044776119403	1.0	0.997588146225395
GC_00001196	0.976190476190476	1.0	0.995648339851238
GC_00001197	0.979899497487437	1.0	0.994665355764329
GC_00001198	0.99163179916318	1.0	0.99698320295919
GC_00001199	0.984802431610942	1.0	0.997004537245055
GC_00001200	0.990990990990991	1.0	0.997806502154328
GC_00001201	0.984251968503937	1.0	0.994322720529499
GC_00001202	0.953488372093023	1.0	0.987360970677452
GC_00001203	0.971698113207547	1.0	0.992992890347279
GC_00001204	0.977477477477477	1.0	0.996540018279149
GC_00001205	0.980842911877395	1.0	0.995960353156755
GC_00001206	0.980295566502463	1.0	0.994609837938174
GC_00001207	0.948148148148148	1.0	0.989479334406871
GC_00001208	0.981220657276995	1.0	0.996019595835885
GC_00001209	0.970588235294118	1.0	0.990835464620631
GC_00001210	0.987460815047022	1.0	0.996978783335605
GC_00001211	0.972222222222222	1.0	0.992703301127214
GC_00001212	0.987577639751553	1.0	0.996950670627419
GC_00001213	0.805288461538462	1.0	0.980621167781494
GC_00001214	0.985074626865672	1.0	0.995430456413584
GC_00001215	0.987767584097859	1.0	0.996498692549749
GC_00001216	0.925925925925926	1.0	0.990874932903919
GC_00001217	0.98744769874477	1.0	0.9964980898672
GC_00001218	0.973214285714286	1.0	0.989874482401656
GC_00001219	0.981060606060606	1.0	0.996061155028546
GC_00001220	0.994011976047904	1.0	0.997982296277011
GC_00001221	0.973404255319149	1.0	0.994025593586186
GC_00001222	0.869565217391304	1.0	0.955917874396135
GC_00001223	0.981012658227848	1.0	0.996124564300128
GC_00001224	0.984375	1.0	0.995754076086957
GC_00001225	0.950354609929078	1.0	0.9919698838524
GC_00001226	0.982456140350877	1.0	0.996040826704442
GC_00001227	0.991847826086957	1.0	0.997430293005671
GC_00001228	0.979591836734694	1.0	0.995027358769595
GC_00001229	0.985436893203884	1.0	0.996614253552835
GC_00001230	0.98780487804878	1.0	0.996479910451278
GC_00001231	0.93491124260355	1.0	0.985893148100506
GC_00001232	0.975476839237057	1.0	0.996278087114481
GC_00001233	0.904761904761905	1.0	0.965037464261067
GC_00001234	0.962365591397849	1.0	0.99031868474365
GC_00001235	0.991087344028521	1.0	0.997823503577979
GC_00001236	0.949275362318841	1.0	0.987607645452636
GC_00001237	0.98469387755102	1.0	0.995822241940254
GC_00001238	0.991735537190083	1.0	0.997794147003633
GC_00001239	0.978354978354978	1.0	0.994526005395571
GC_00001240	0.925233644859813	1.0	0.988080725992144
GC_00001241	0.991111111111111	1.0	0.99743961352657
GC_00001242	0.991683991683992	1.0	0.997461508331074
GC_00001243	0.989473684210526	1.0	0.995766590389016
GC_00001244	0.988290398126464	1.0	0.997471404812816
GC_00001245	0.876666666666667	1.0	0.986135265700483
GC_00001246	0.987654320987654	1.0	0.994945428520308
GC_00001247	0.982658959537572	1.0	0.994240596464773
GC_00001248	0.98	1.0	0.994728260869565
GC_00001249	0.993243243243243	1.0	0.997984397440919
GC_00001250	0.959459459459459	1.0	0.991137877007442
GC_00001251	0.973333333333333	1.0	0.995104669887279
GC_00001252	0.972495088408644	1.0	0.994383702058597
GC_00001253	0.988095238095238	1.0	0.996534966643662
GC_00001254	0.734848484848485	1.0	0.972908432147563
GC_00001255	0.397260273972603	1.0	0.940589636688505
GC_00001256	0.988038277511962	1.0	0.997581651757853
GC_00001257	0.994252873563218	1.0	0.997084790937864
GC_00001258	0.989445910290237	1.0	0.997447516347367
GC_00001259	0.992592592592593	1.0	0.997843979244945
GC_00001260	0.992248062015504	1.0	0.997884132868966
GC_00001261	0.629032258064516	1.0	0.957690509583918
GC_00001262	0.991666666666667	1.0	0.997403381642512
GC_00001263	0.990407673860911	1.0	0.997523720154311
GC_00001264	0.962199312714777	1.0	0.9945838936202
GC_00001265	0.981981981981982	1.0	0.995707664185925
GC_00001266	0.980645161290323	1.0	0.994904160822814
GC_00001267	0.987551867219917	1.0	0.996000962174514
GC_00001268	0.969298245614035	1.0	0.99391367912535
GC_00001269	0.991397849462366	1.0	0.997358578775129
GC_00001270	0.866359447004608	1.0	0.976190476190476
GC_00001271	0.690140845070423	1.0	0.966574811185956
GC_00001272	0.875389408099688	1.0	0.979118696103661
GC_00001273	0.928571428571429	1.0	0.964717046238786
GC_00001274	0.992211838006231	1.0	0.997770779719175
GC_00001275	0.973684210526316	1.0	0.991196287821002
GC_00001276	0.992405063291139	1.0	0.998128783709411
GC_00001277	0.723880597014925	1.0	0.952114427860696
GC_00001278	0.853932584269663	1.0	0.984435216848505
GC_00001279	0.972789115646258	1.0	0.990716093200565
GC_00001280	0.987012987012987	1.0	0.994894598155468
GC_00001281	0.960264900662252	1.0	0.99460120932911
GC_00001282	0.983695652173913	1.0	0.994663673597983
GC_00001283	0.966666666666667	1.0	0.994532279314888
GC_00001284	0.992217898832685	1.0	0.996715163818869
GC_00001285	0.990196078431373	1.0	0.99705171923842
GC_00001286	0.97979797979798	1.0	0.996175523349436
GC_00001287	0.987704918032787	1.0	0.99723806129722
GC_00001288	0.968680089485459	1.0	0.994407158836689
GC_00001289	0.991786447638604	1.0	0.997998690593102
GC_00001290	0.979310344827586	1.0	0.996326836581709
GC_00001291	0.988857938718663	1.0	0.996982358402971
GC_00001292	0.982658959537572	1.0	0.994387199463852
GC_00001293	0.977064220183486	1.0	0.993950272570137
GC_00001294	0.990825688073395	1.0	0.997390639542614
GC_00001295	0.993399339933993	1.0	0.998015018893194
GC_00001296	0.985576923076923	1.0	0.995471014492754
GC_00001297	0.980916030534351	1.0	0.995685363425158
GC_00001298	0.981884057971015	1.0	0.995917349296366
GC_00001299	0.963302752293578	1.0	0.988665071134158
GC_00001300	0.969849246231156	1.0	0.992152792950258
GC_00001301	0.981132075471698	1.0	0.994508249020144
GC_00001302	0.881118881118881	1.0	0.987065470761123
GC_00001303	0.981481481481482	1.0	0.993944578636608
GC_00001304	0.988789237668161	1.0	0.996742379931111
GC_00001305	0.988962472406181	1.0	0.997852481044246
GC_00001306	0.896551724137931	1.0	0.976824087956022
GC_00001307	0.984520123839009	1.0	0.996511419212994
GC_00001308	0.995260663507109	1.0	0.998488907205165
GC_00001309	0.978978978978979	1.0	0.99583278931105
GC_00001310	0.982352941176471	1.0	0.99535379369139
GC_00001311	0.984939759036145	1.0	0.995034485769164
GC_00001312	0.993801652892562	1.0	0.997986285782729
GC_00001313	0.979166666666667	1.0	0.994957729468599
GC_00001314	0.746031746031746	1.0	0.948585231193927
GC_00001315	0.970238095238095	1.0	0.992257591442374
GC_00001316	0.988372093023256	1.0	0.994881193124368
GC_00001317	0.983471074380165	1.0	0.99574799377171
GC_00001318	0.927007299270073	1.0	0.988151909446736
GC_00001319	0.990654205607477	1.0	0.997719987358346
GC_00001320	0.980952380952381	1.0	0.995307108350587
GC_00001321	0.956521739130435	1.0	0.990390674228103
GC_00001322	0.985185185185185	1.0	0.994578636607622
GC_00001323	0.989637305699482	1.0	0.996132762634227
GC_00001324	0.985185185185185	1.0	0.996068169618894
GC_00001325	0.947019867549669	1.0	0.989826278913523
GC_00001326	0.993377483443709	1.0	0.998257990210193
GC_00001327	0.959697732997481	1.0	0.993209944146315
GC_00001328	0.989082969432314	1.0	0.998022277071071
GC_00001329	0.981818181818182	1.0	0.99310496267018
GC_00001330	0.974820143884892	1.0	0.993965697007611
GC_00001331	0.666666666666667	1.0	0.953253765274226
GC_00001332	0.980769230769231	1.0	0.994495540691193
GC_00001333	0.986425339366516	1.0	0.995032461144993
GC_00001334	0.982532751091703	1.0	0.99479463325106
GC_00001335	0.760479041916168	1.0	0.9739434175128
GC_00001336	0.885844748858447	1.0	0.942426047250347
GC_00001337	0.488888888888889	1.0	0.934339774557166
GC_00001338	0.97027027027027	1.0	0.994310614962789
GC_00001339	0.983425414364641	1.0	0.994094803427016
GC_00001340	0.981412639405205	1.0	0.994693173859167
GC_00001341	0.985981308411215	1.0	0.994616009752133
GC_00001342	0.978021978021978	1.0	0.995149174497001
GC_00001343	0.983651226158038	1.0	0.996771709513091
GC_00001344	0.321100917431193	1.0	0.941816247839383
GC_00001345	0.980519480519481	1.0	0.994024091850179
GC_00001346	0.984962406015038	1.0	0.995868293923214
GC_00001347	0.95852534562212	1.0	0.994206237894877
GC_00001348	0.989775051124744	1.0	0.996821374588779
GC_00001349	0.977272727272727	1.0	0.993371212121212
GC_00001350	0.761904761904762	1.0	0.975919353248546
GC_00001351	0.989795918367347	1.0	0.996931381248152
GC_00001352	0.826530612244898	1.0	0.966171251109139
GC_00001353	0.969387755102041	1.0	0.991422656018929
GC_00001354	0.898989898989899	1.0	0.954838237446933
GC_00001355	0.984848484848485	1.0	0.996815985946421
GC_00001356	0.786516853932584	1.0	0.977568799869728
GC_00001357	0.956175298804781	1.0	0.989693400311796
GC_00001358	0.974358974358974	1.0	0.994240059457451
GC_00001359	0.979591836734694	1.0	0.994213989943804
GC_00001360	0.968421052631579	1.0	0.989893211289092
GC_00001361	0.737226277372263	1.0	0.973341796255157
GC_00001362	0.974842767295597	1.0	0.992844772582262
GC_00001363	0.978723404255319	1.0	0.995717271387947
GC_00001364	0.972602739726027	1.0	0.99225729600953
GC_00001365	0.966019417475728	1.0	0.992296327564373
GC_00001366	0.991212653778559	1.0	0.997389266702325
GC_00001367	0.459016393442623	1.0	0.941553813257306
GC_00001368	0.979452054794521	1.0	0.994130931109788
GC_00001369	0.992063492063492	1.0	0.99761329652634
GC_00001370	0.957627118644068	1.0	0.988270695160894
GC_00001371	0.976798143851508	1.0	0.995552977571539
GC_00001372	0.910112359550562	1.0	0.981843347988927
GC_00001373	0.755208333333333	1.0	0.972939311594203
GC_00001374	0.987704918032787	1.0	0.995827393680209
GC_00001375	0.994318181818182	1.0	0.998703063241107
GC_00001376	0.986607142857143	1.0	0.995891563146998
GC_00001377	0.99113475177305	1.0	0.997366121903587
GC_00001378	0.989010989010989	1.0	0.99617773530817
GC_00001379	0.967948717948718	1.0	0.99077945001858
GC_00001380	0.98689138576779	1.0	0.996967106334473
GC_00001381	0.859154929577465	1.0	0.977852622984282
GC_00001382	0.974093264248705	1.0	0.991120372456259
GC_00001383	0.966386554621849	1.0	0.993027645840945
GC_00001384	0.982832618025751	1.0	0.995708154506438
GC_00001385	0.663461538461538	1.0	0.936385172798216
GC_00001386	0.97979797979798	1.0	0.993613672961499
GC_00001387	0.976744186046512	1.0	0.993617290192113
GC_00001388	0.815286624203822	1.0	0.982795624480753
GC_00001389	0.551020408163265	1.0	0.955560485063591
GC_00001390	0.981981981981982	1.0	0.993047395221308
GC_00001391	0.99109131403118	1.0	0.996594687066267
GC_00001392	0.982658959537572	1.0	0.994177766608025
GC_00001393	0.985347985347985	1.0	0.99544778892605
GC_00001394	0.984	1.0	0.995188405797102
GC_00001395	0.970666666666667	1.0	0.993555555555555
GC_00001396	0.948598130841122	1.0	0.993481647026954
GC_00001397	0.994326241134752	1.0	0.998910473841094
GC_00001398	0.941747572815534	1.0	0.98462783171521
GC_00001399	0.798850574712644	1.0	0.978739796768283
GC_00001400	0.982394366197183	1.0	0.995419983670137
GC_00001401	0.989690721649485	1.0	0.995990836197022
GC_00001402	0.973597359735974	1.0	0.990075094465968
GC_00001403	0.962616822429907	1.0	0.989096573208723
GC_00001404	0.94949494949495	1.0	0.987300541648368
GC_00001405	0.948275862068966	1.0	0.985694652673663
GC_00001406	0.968503937007874	1.0	0.988588382973868
GC_00001407	0.986440677966102	1.0	0.99614345369688
GC_00001408	0.974489795918367	1.0	0.993419106773144
GC_00001409	0.983606557377049	1.0	0.995545260156807
GC_00001410	0.979591836734694	1.0	0.993400621118013
GC_00001411	0.992481203007519	1.0	0.997466492317751
GC_00001412	0.990588235294118	1.0	0.997195225916454
GC_00001413	0.956521739130435	1.0	0.98708254568368
GC_00001414	0.983870967741935	1.0	0.994467819853514
GC_00001415	0.96551724137931	1.0	0.992472513743128
GC_00001416	0.862559241706161	1.0	0.981042654028436
GC_00001417	0.966911764705882	1.0	0.991328324808184
GC_00001418	0.990123456790123	1.0	0.997056718554303
GC_00001419	0.950819672131147	1.0	0.986596182782925
GC_00001420	0.746293245469522	1.0	0.976607454098322
GC_00001421	0.985915492957746	1.0	0.995795060216371
GC_00001422	0.98220640569395	1.0	0.995886843055341
GC_00001423	0.871428571428571	1.0	0.967805383022774
GC_00001424	0.938461538461538	1.0	0.989311594202898
GC_00001425	0.905817174515235	1.0	0.988237183347385
GC_00001426	0.984771573604061	1.0	0.995475612447583
GC_00001427	0.980263157894737	1.0	0.995359776252225
GC_00001428	0.972222222222222	1.0	0.991864600107354
GC_00001429	0.956896551724138	1.0	0.99244127936032
GC_00001430	0.98728813559322	1.0	0.995394252026529
GC_00001431	0.804761904761905	1.0	0.967149758454106
GC_00001432	0.902985074626866	1.0	0.979017953709712
GC_00001433	0.988888888888889	1.0	0.996537842190016
GC_00001434	0.987138263665595	1.0	0.99572440467869
GC_00001435	0.994949494949495	1.0	0.998426291904553
GC_00001436	0.996	1.0	0.99863768115942
GC_00001437	0.984555984555985	1.0	0.99458620110794
GC_00001438	0.987755102040816	1.0	0.995740905057675
GC_00001439	0.985074626865672	1.0	0.996114149748153
GC_00001440	0.923913043478261	1.0	0.97069943289225
GC_00001441	0.987341772151899	1.0	0.995929645936525
GC_00001442	0.972972972972973	1.0	0.993700221961091
GC_00001443	0.587412587412587	1.0	0.958903415425154
GC_00001444	0.984575835475578	1.0	0.994774784844082
GC_00001445	0.948979591836735	1.0	0.984730848861284
GC_00001446	0.993769470404984	1.0	0.99787800803648
GC_00001447	0.976744186046512	1.0	0.994761824514099
GC_00001448	0.978378378378378	1.0	0.993380336858598
GC_00001449	0.962121212121212	1.0	0.987456082564778
GC_00001450	0.987755102040816	1.0	0.995385980479148
GC_00001451	0.974683544303797	1.0	0.99214211459671
GC_00001452	0.956521739130435	1.0	0.987660155429531
GC_00001453	0.978723404255319	1.0	0.993100524205982
GC_00001454	0.953488372093023	1.0	0.985237613751264
GC_00001455	0.97787610619469	1.0	0.991952032833141
GC_00001456	0.875675675675676	1.0	0.98409714061888
GC_00001457	0.974025974025974	1.0	0.991789008093356
GC_00001458	0.977635782747604	1.0	0.995300273186091
GC_00001459	0.711340206185567	1.0	0.9723815927088
GC_00001460	0.970588235294118	1.0	0.993243819266837
GC_00001461	0.976744186046512	1.0	0.992985338725986
GC_00001462	0.923943661971831	1.0	0.991334966319657
GC_00001463	0.991150442477876	1.0	0.997499038091574
GC_00001464	0.98443579766537	1.0	0.994995206676817
GC_00001465	0.934959349593496	1.0	0.975639212913868
GC_00001466	0.944444444444444	1.0	0.986424226158526
GC_00001467	0.989304812834225	1.0	0.995059288537549
GC_00001468	0.940357852882704	1.0	0.985175901115049
GC_00001469	0.971428571428571	1.0	0.992795031055901
GC_00001470	0.992211838006231	1.0	0.998318208496998
GC_00001471	0.983193277310924	1.0	0.9950371452929
GC_00001472	0.980349344978166	1.0	0.995245554078856
GC_00001473	0.992822966507177	1.0	0.996966229803758
GC_00001474	0.945736434108527	1.0	0.984833164812942
GC_00001475	0.980891719745223	1.0	0.993030554786301
GC_00001476	0.96	1.0	0.98786231884058
GC_00001477	0.605263157894737	1.0	0.964762449602267
GC_00001478	0.958041958041958	1.0	0.993146346407216
GC_00001479	0.947368421052632	1.0	0.986047546402237
GC_00001480	0.970394736842105	1.0	0.994743993135011
GC_00001481	0.980812641083521	1.0	0.996155985212811
GC_00001482	0.966981132075472	1.0	0.992257998359311
GC_00001483	0.952029520295203	1.0	0.99288732017755
GC_00001484	0.916666666666667	1.0	0.979602791196994
GC_00001485	0.990595611285266	1.0	0.996865203761755
GC_00001486	0.982300884955752	1.0	0.995030139797358
GC_00001487	0.957364341085271	1.0	0.99116672284013
GC_00001488	0.976666666666667	1.0	0.993429951690821
GC_00001489	0.985074626865672	1.0	0.995362859614969
GC_00001490	0.966101694915254	1.0	0.99213952345861
GC_00001491	0.920673076923077	1.0	0.990001393534002
GC_00001492	0.928571428571429	1.0	0.976224982746722
GC_00001493	0.333333333333333	1.0	0.939021739130435
GC_00001494	0.91	1.0	0.977222222222222
GC_00001495	0.983050847457627	1.0	0.992917383116352
GC_00001496	0.98876404494382	1.0	0.994680562340552
GC_00001497	0.830508474576271	1.0	0.940289036272824
GC_00001498	0.304347826086957	1.0	0.933780145500372
GC_00001499	0.972927241962775	1.0	0.995457220628264
GC_00001500	0.95906432748538	1.0	0.991757776082719
GC_00001501	0.978208232445521	1.0	0.994376601045724
GC_00001502	0.818897637795276	1.0	0.956778500513523
GC_00001503	0.984265734265734	1.0	0.996560504712679
GC_00001504	0.477987421383648	1.0	0.934600309907939
GC_00001505	0.940711462450593	1.0	0.99205189895171
GC_00001506	0.990157480314961	1.0	0.996726292365628
GC_00001507	0.979041916167665	1.0	0.993719083571987
GC_00001508	0.403292181069959	1.0	0.920409136995288
GC_00001509	0.98443579766537	1.0	0.994600462414707
GC_00001510	0.988888888888889	1.0	0.995665593129361
GC_00001511	0.991416309012876	1.0	0.99719319524787
GC_00001512	0.980392156862745	1.0	0.995863723911465
GC_00001513	0.972826086956522	1.0	0.991276780088217
GC_00001514	0.983796296296296	1.0	0.995991009125067
GC_00001515	0.825136612021858	1.0	0.983111586283361
GC_00001516	0.986301369863014	1.0	0.995260075441731
GC_00001517	0.934579439252336	1.0	0.9898753894081
GC_00001518	0.94	1.0	0.979202898550725
GC_00001519	0.975903614457831	1.0	0.99386677143356
GC_00001520	0.965217391304348	1.0	0.986074354127284
GC_00001521	0.970149253731343	1.0	0.990969067704954
GC_00001522	0.844036697247706	1.0	0.949131321189558
GC_00001523	0.970740103270224	1.0	0.993389707899923
GC_00001524	0.99304347826087	1.0	0.997378701953371
GC_00001525	0.982857142857143	1.0	0.993975155279503
GC_00001526	0.980662983425414	1.0	0.995165745856354
GC_00001527	0.955882352941177	1.0	0.986919224211424
GC_00001528	0.976430976430976	1.0	0.994571317035085
GC_00001529	0.983050847457627	1.0	0.993756652747073
GC_00001530	0.985245901639344	1.0	0.996364932287954
GC_00001531	0.985102420856611	1.0	0.996997544058511
GC_00001532	0.980891719745223	1.0	0.992915166620511
GC_00001533	0.935897435897436	1.0	0.984926607209216
GC_00001534	0.433734939759036	1.0	0.93617950061114
GC_00001535	0.963768115942029	1.0	0.98899915984037
GC_00001536	0.982532751091703	1.0	0.996495474969939
GC_00001537	0.948275862068966	1.0	0.979385307346327
GC_00001538	0.955357142857143	1.0	0.990133281573499
GC_00001539	0.951923076923077	1.0	0.984531772575251
GC_00001540	0.984177215189873	1.0	0.994645477893965
GC_00001541	0.991379310344828	1.0	0.995752123938031
GC_00001542	0.968553459119497	1.0	0.991773767204448
GC_00001543	0.923076923076923	1.0	0.977345118649467
GC_00001544	0.976653696498054	1.0	0.992697231150962
GC_00001545	0.95475113122172	1.0	0.991146960456423
GC_00001546	0.972850678733032	1.0	0.994860318709423
GC_00001547	0.918367346938776	1.0	0.980503795721187
GC_00001548	0.979757085020243	1.0	0.993413718242094
GC_00001549	0.985422740524781	1.0	0.994728947479613
GC_00001550	0.978851963746224	1.0	0.99534786987171
GC_00001551	0.935483870967742	1.0	0.978027115474521
GC_00001552	0.898666666666667	1.0	0.988057971014493
GC_00001553	0.96797153024911	1.0	0.993888287173139
GC_00001554	0.918918918918919	1.0	0.984944183313748
GC_00001555	0.988610478359909	1.0	0.997292925291341
GC_00001556	0.985655737704918	1.0	0.996384236160608
GC_00001557	0.964028776978417	1.0	0.987931394015223
GC_00001558	0.978165938864629	1.0	0.99191506866654
GC_00001559	0.974576271186441	1.0	0.99210881847212
GC_00001560	0.99400299850075	1.0	0.997973839167373
GC_00001561	0.962025316455696	1.0	0.983947899467987
GC_00001562	0.97911227154047	1.0	0.995307829114164
GC_00001563	0.967032967032967	1.0	0.988811912724956
GC_00001564	0.977124183006536	1.0	0.994659941271195
GC_00001565	0.967661691542289	1.0	0.990969067704953
GC_00001566	0.991452991452991	1.0	0.996941967050663
GC_00001567	0.905882352941176	1.0	0.972080136402387
GC_00001568	0.921348314606742	1.0	0.967798404168702
GC_00001569	0.687323943661972	1.0	0.968054705041845
GC_00001570	0.954022988505747	1.0	0.986006996501749
GC_00001571	0.956386292834891	1.0	0.990812226285611
GC_00001572	0.869565217391304	1.0	0.944106411468179
GC_00001573	0.974169741697417	1.0	0.993475586929782
GC_00001574	0.979933110367893	1.0	0.992826329310261
GC_00001575	0.956521739130435	1.0	0.984044468449005
GC_00001576	0.967336683417085	1.0	0.993836938314762
GC_00001577	0.981818181818182	1.0	0.993511198945982
GC_00001578	0.908496732026144	1.0	0.985554608316756
GC_00001579	0.971830985915493	1.0	0.991120636864666
GC_00001580	0.977578475336323	1.0	0.991161369987652
GC_00001581	0.989130434782609	1.0	0.996164146187776
GC_00001582	0.97244094488189	1.0	0.990285861006505
GC_00001583	0.837037037037037	1.0	0.971363392377885
GC_00001584	0.982565379825654	1.0	0.993728229285108
GC_00001585	0.984251968503937	1.0	0.995577998402374
GC_00001586	0.948616600790514	1.0	0.990920547631323
GC_00001587	0.976495726495726	1.0	0.995261984392419
GC_00001588	0.989459815546772	1.0	0.996500926085047
GC_00001589	0.838709677419355	1.0	0.97863098020882
GC_00001590	0.953488372093023	1.0	0.9824738793394
GC_00001591	0.986111111111111	1.0	0.994867149758454
GC_00001592	0.912408759124088	1.0	0.978340209457315
GC_00001593	0.966292134831461	1.0	0.988702979970689
GC_00001594	0.966666666666667	1.0	0.990318035426731
GC_00001595	0.958333333333333	1.0	0.984790157004831
GC_00001596	0.979310344827586	1.0	0.992341329335332
GC_00001597	0.965116279069767	1.0	0.98931299853949
GC_00001598	0.956521739130435	1.0	0.980151228733459
GC_00001599	0.966942148760331	1.0	0.989369984429273
GC_00001600	0.983606557377049	1.0	0.994802803516275
GC_00001601	0.95959595959596	1.0	0.992277850973503
GC_00001602	0.987437185929648	1.0	0.995466462748525
GC_00001603	0.73134328358209	1.0	0.947707116590958
GC_00001604	0.996101364522417	1.0	0.998809927394977
GC_00001605	0.978947368421053	1.0	0.995072463768116
GC_00001606	0.958847736625514	1.0	0.989309357666846
GC_00001607	0.964673913043478	1.0	0.992054584120983
GC_00001608	0.982708933717579	1.0	0.994706177170781
GC_00001609	0.989150090415913	1.0	0.997169588804151
GC_00001610	0.984886649874055	1.0	0.994797941079838
GC_00001611	0.97887323943662	1.0	0.993391508471117
GC_00001612	0.944723618090452	1.0	0.987418978952735
GC_00001613	0.928125	1.0	0.969955842391305
GC_00001614	0.987012987012987	1.0	0.995247506117071
GC_00001615	0.987714987714988	1.0	0.996759605455258
GC_00001616	0.953125	1.0	0.982704936594203
GC_00001617	0.994301994301994	1.0	0.996593583550105
GC_00001618	0.955	1.0	0.985
GC_00001619	0.494318181818182	1.0	0.915534420289855
GC_00001620	0.992050874403816	1.0	0.996814589525587
GC_00001621	0.991578947368421	1.0	0.996773455377574
GC_00001622	0.966942148760331	1.0	0.987812911725955
GC_00001623	0.98443579766537	1.0	0.995629617098066
GC_00001624	0.980113636363636	1.0	0.994040266798419
GC_00001625	0.991981672394044	1.0	0.997675847070737
GC_00001626	0.976470588235294	1.0	0.991581415174766
GC_00001627	0.959183673469388	1.0	0.981921029281278
GC_00001628	0.991011235955056	1.0	0.996564077511806
GC_00001629	0.908309455587393	1.0	0.988351812632366
GC_00001630	0.984555984555985	1.0	0.996831458787981
GC_00001631	0.981762917933131	1.0	0.994020087220827
GC_00001632	0.939597315436242	1.0	0.981665207664624
GC_00001633	0.984313725490196	1.0	0.994714407502131
GC_00001634	0.96	1.0	0.985159420289855
GC_00001635	0.966386554621849	1.0	0.988551942516137
GC_00001636	0.921875	1.0	0.983337107487923
GC_00001637	0.980263157894737	1.0	0.992419908466819
GC_00001638	0.962633451957295	1.0	0.990645469080406
GC_00001639	0.989795918367347	1.0	0.996657793552203
GC_00001640	0.97841726618705	1.0	0.992636325722031
GC_00001641	0.977722772277228	1.0	0.994125771272779
GC_00001642	0.988913525498891	1.0	0.996915067964909
GC_00001643	0.98469387755102	1.0	0.995649709159026
GC_00001644	0.972222222222222	1.0	0.990458937198068
GC_00001645	0.987113402061856	1.0	0.995919243986254
GC_00001646	0.977491961414791	1.0	0.993161377510602
GC_00001647	0.978593272171254	1.0	0.995490404644773
GC_00001648	0.96078431372549	1.0	0.981599886331344
GC_00001649	0.953125	1.0	0.978713768115942
GC_00001650	0.979094076655052	1.0	0.992513760541332
GC_00001651	0.974522292993631	1.0	0.991992061294194
GC_00001652	0.975510204081633	1.0	0.9927388346643
GC_00001653	0.798342541436464	1.0	0.921110577308031
GC_00001654	0.981220657276995	1.0	0.993638157447098
GC_00001655	0.939024390243902	1.0	0.981265464828561
GC_00001656	0.990909090909091	1.0	0.996796772068511
GC_00001657	0.98804780876494	1.0	0.995019920318725
GC_00001658	0.819905213270142	1.0	0.974723538704581
GC_00001659	0.984790874524715	1.0	0.994489447291563
GC_00001660	0.755905511811024	1.0	0.974666210201986
GC_00001661	0.9688995215311	1.0	0.994885930240621
GC_00001662	0.979508196721312	1.0	0.992679377524353
GC_00001663	0.96551724137931	1.0	0.991129435282359
GC_00001664	0.968652037617555	1.0	0.991049929580664
GC_00001665	0.951219512195122	1.0	0.981265464828561
GC_00001666	0.989517819706499	1.0	0.996452769422417
GC_00001667	0.885416666666667	1.0	0.964032306763285
GC_00001668	0.969072164948454	1.0	0.990736590467653
GC_00001669	0.828193832599119	1.0	0.949259401136436
GC_00001670	0.987138263665595	1.0	0.995037047392702
GC_00001671	0.968641114982578	1.0	0.992147654395799
GC_00001672	0.614583333333333	1.0	0.808310688405797
GC_00001673	0.980237154150198	1.0	0.993741765480896
GC_00001674	0.956743002544529	1.0	0.979597669358705
GC_00001675	0.983098591549296	1.0	0.99473361910594
GC_00001676	0.852941176470588	1.0	0.945812020460358
GC_00001677	0.982832618025751	1.0	0.994759594451701
GC_00001678	0.964071856287425	1.0	0.993122450750672
GC_00001679	0.974603174603175	1.0	0.992132505175983
GC_00001680	0.877300613496933	1.0	0.97294834178003
GC_00001681	0.982142857142857	1.0	0.991783126293996
GC_00001682	0.899497487437186	1.0	0.970031316000291
GC_00001683	0.943037974683544	1.0	0.980095395340305
GC_00001684	0.590697674418605	1.0	0.957162116616111
GC_00001685	0.988721804511278	1.0	0.99702380952381
GC_00001686	0.947513812154696	1.0	0.991792777644327
GC_00001687	0.85	1.0	0.977626811594203
GC_00001688	0.923664122137405	1.0	0.980777740900542
GC_00001689	0.975384615384615	1.0	0.992608695652174
GC_00001690	0.962809917355372	1.0	0.989923942987184
GC_00001691	0.967213114754098	1.0	0.988061297220242
GC_00001692	0.848404255319149	1.0	0.982076780758557
GC_00001693	0.968253968253968	1.0	0.987433862433862
GC_00001694	0.980349344978166	1.0	0.994762989684197
GC_00001695	0.989270386266094	1.0	0.996804441127076
GC_00001696	0.853195164075993	1.0	0.953912292558384
GC_00001697	0.980916030534351	1.0	0.994662020134971
GC_00001698	0.994392523364486	1.0	0.997697412975755
GC_00001699	0.820987654320988	1.0	0.979770531400966
GC_00001700	0.977477477477477	1.0	0.989701658179919
GC_00001701	0.624	1.0	0.93331884057971
GC_00001702	0.932835820895522	1.0	0.983208955223881
GC_00001703	0.652173913043478	1.0	0.937602394454946
GC_00001704	0.905311778290993	1.0	0.989122067141949
GC_00001705	0.990314769975787	1.0	0.996613678632838
GC_00001706	0.85	1.0	0.970380434782609
GC_00001707	0.978319783197832	1.0	0.993185656494246
GC_00001708	0.986577181208054	1.0	0.995728366241935
GC_00001709	0.942528735632184	1.0	0.986895441168305
GC_00001710	0.993235625704622	1.0	0.997410257667108
GC_00001711	0.951807228915663	1.0	0.987427972760608
GC_00001712	0.97787610619469	1.0	0.99246505066051
GC_00001713	0.952702702702703	1.0	0.978799451625539
GC_00001714	0.98547215496368	1.0	0.994894199389409
GC_00001715	0.946666666666667	1.0	0.984444444444444
GC_00001716	0.980263157894737	1.0	0.993262140859395
GC_00001717	0.973262032085562	1.0	0.989227311477951
GC_00001718	0.981366459627329	1.0	0.99345125573859
GC_00001719	0.959276018099548	1.0	0.988474654075677
GC_00001720	0.981751824817518	1.0	0.995404897916005
GC_00001721	0.983870967741935	1.0	0.99390778401122
GC_00001722	0.949640287769784	1.0	0.986784485455114
GC_00001723	0.972222222222222	1.0	0.985540794417606
GC_00001724	0.980314960629921	1.0	0.993038913614059
GC_00001725	0.731563421828909	1.0	0.973494078919242
GC_00001726	0.993506493506494	1.0	0.99707674571805
GC_00001727	0.792134831460674	1.0	0.97864761439505
GC_00001728	0.907268170426065	1.0	0.980431150339617
GC_00001729	0.988888888888889	1.0	0.995201288244767
GC_00001730	0.977064220183486	1.0	0.991955856933918
GC_00001731	0.986486486486487	1.0	0.993667580624102
GC_00001732	0.967261904761905	1.0	0.989324534161491
GC_00001733	0.8	1.0	0.970971867007673
GC_00001734	0.984547461368653	1.0	0.995385033752439
GC_00001735	0.967948717948718	1.0	0.987133036046079
GC_00001736	0.932291666666667	1.0	0.985148701690821
GC_00001737	0.961661341853035	1.0	0.993627587164884
GC_00001738	0.974729241877256	1.0	0.990556165960341
GC_00001739	0.983193277310924	1.0	0.994785957861405
GC_00001740	0.982608695652174	1.0	0.994202898550725
GC_00001741	0.956834532374101	1.0	0.986810551558753
GC_00001742	0.985959438377535	1.0	0.995121978792195
GC_00001743	0.993031358885017	1.0	0.997184769984346
GC_00001744	0.950354609929078	1.0	0.986252441155309
GC_00001745	0.971929824561404	1.0	0.991762013729977
GC_00001746	0.961538461538462	1.0	0.986789297658863
GC_00001747	0.976253298153034	1.0	0.994101563993729
GC_00001748	0.960526315789474	1.0	0.978928299008391
GC_00001749	0.987124463519313	1.0	0.996128008956895
GC_00001750	0.986013986013986	1.0	0.996924090402352
GC_00001751	0.946969696969697	1.0	0.983009442248573
GC_00001752	0.937823834196891	1.0	0.986314485244424
GC_00001753	0.935064935064935	1.0	0.977413890457369
GC_00001754	0.984709480122324	1.0	0.995933608119488
GC_00001755	0.983333333333333	1.0	0.994384057971014
GC_00001756	0.854545454545454	1.0	0.969318181818182
GC_00001757	0.986486486486487	1.0	0.995985115550333
GC_00001758	0.975510204081633	1.0	0.992635314995564
GC_00001759	0.827868852459016	1.0	0.976211689237348
GC_00001760	0.962466487935657	1.0	0.993190737071143
GC_00001761	0.98655462184874	1.0	0.995646084520765
GC_00001762	0.973333333333333	1.0	0.993611111111111
GC_00001763	0.990610328638498	1.0	0.996870109546166
GC_00001764	0.975501113585746	1.0	0.993988250863432
GC_00001765	0.955431754874652	1.0	0.989705704250939
GC_00001766	0.940425531914894	1.0	0.985491828553808
GC_00001767	0.98974358974359	1.0	0.99568933481977
GC_00001768	0.958188153310105	1.0	0.990594859364743
GC_00001769	0.962655601659751	1.0	0.987010644055566
GC_00001770	0.632850241545894	1.0	0.962490373170902
GC_00001771	0.91304347826087	1.0	0.980466288594833
GC_00001772	0.966442953020134	1.0	0.987865966345686
GC_00001773	0.977777777777778	1.0	0.991988727858293
GC_00001774	0.977401129943503	1.0	0.992702448210923
GC_00001775	0.909952606635071	1.0	0.985198159214232
GC_00001776	0.981873111782477	1.0	0.994001488681641
GC_00001777	0.975	1.0	0.988647342995169
GC_00001778	0.967171717171717	1.0	0.993458132045089
GC_00001779	0.802030456852792	1.0	0.975336570293533
GC_00001780	0.977272727272727	1.0	0.991469038208169
GC_00001781	0.960714285714286	1.0	0.988910455486542
GC_00001782	0.621359223300971	1.0	0.950154776980442
GC_00001783	0.977777777777778	1.0	0.994133885438233
GC_00001784	0.644444444444444	1.0	0.95450885668277
GC_00001785	0.962264150943396	1.0	0.990885060614347
GC_00001786	0.388392857142857	1.0	0.94037914078675
GC_00001787	0.932515337423313	1.0	0.979772383746777
GC_00001788	0.957055214723926	1.0	0.984751489286032
GC_00001789	0.974910394265233	1.0	0.991610825411667
GC_00001790	0.991780821917808	1.0	0.996634901727219
GC_00001791	0.975961538461538	1.0	0.993154264214047
GC_00001792	0.983720930232558	1.0	0.995390967307044
GC_00001793	0.970986460348162	1.0	0.994127211055981
GC_00001794	0.925233644859813	1.0	0.981951781118786
GC_00001795	0.978835978835979	1.0	0.992427727934974
GC_00001796	0.763888888888889	1.0	0.878790928609769
GC_00001797	0.946078431372549	1.0	0.989236999147485
GC_00001798	0.968253968253968	1.0	0.985411394831685
GC_00001799	0.971910112359551	1.0	0.989985344406448
GC_00001800	0.919463087248322	1.0	0.976728917420484
GC_00001801	0.970930232558139	1.0	0.988645938658578
GC_00001802	0.990509059534081	1.0	0.996939515574396
GC_00001803	0.983293556085919	1.0	0.99394694061084
GC_00001804	0.939890710382514	1.0	0.985289459095589
GC_00001805	0.974409448818898	1.0	0.994686465822207
GC_00001806	0.977591036414566	1.0	0.992997198879552
GC_00001807	0.975862068965517	1.0	0.993090954522739
GC_00001808	0.944933920704846	1.0	0.989122454191406
GC_00001809	0.48936170212766	1.0	0.73283482372289
GC_00001810	0.976190476190476	1.0	0.991743074041211
GC_00001811	0.91358024691358	1.0	0.968777956700662
GC_00001812	0.983754512635379	1.0	0.994898760006278
GC_00001813	0.147196261682243	1.0	0.923591358526344
GC_00001814	0.976190476190476	1.0	0.987908327582241
GC_00001815	0.904761904761905	1.0	0.973809523809524
GC_00001816	0.850220264317181	1.0	0.980032560812105
GC_00001817	0.984158415841584	1.0	0.995372363323289
GC_00001818	0.951923076923077	1.0	0.986064659977703
GC_00001819	0.925233644859813	1.0	0.982832182039821
GC_00001820	0.975903614457831	1.0	0.991203946219661
GC_00001821	0.949640287769784	1.0	0.978104472943385
GC_00001822	0.976303317535545	1.0	0.990306683151315
GC_00001823	0.933333333333333	1.0	0.989402173913043
GC_00001824	0.983957219251337	1.0	0.99616368286445
GC_00001825	0.947019867549669	1.0	0.985003359247528
GC_00001826	0.986798679867987	1.0	0.994057014397092
GC_00001827	0.895306859205776	1.0	0.948202793909904
GC_00001828	0.983193277310924	1.0	0.994022246579791
GC_00001829	0.926470588235294	1.0	0.972826086956522
GC_00001830	0.97752808988764	1.0	0.994392199967432
GC_00001831	0.95046439628483	1.0	0.979416251626509
GC_00001832	0.914285714285714	1.0	0.966356107660456
GC_00001833	0.981132075471698	1.0	0.994433376303762
GC_00001834	0.971014492753623	1.0	0.991313349536412
GC_00001835	0.701492537313433	1.0	0.961632057105776
GC_00001836	0.973584905660377	1.0	0.991126606508067
GC_00001837	0.945544554455445	1.0	0.988915195867413
GC_00001838	0.954545454545455	1.0	0.988405797101449
GC_00001839	0.973856209150327	1.0	0.9938508414638
GC_00001840	0.94478527607362	1.0	0.983262203254201
GC_00001841	0.964912280701754	1.0	0.992181540808543
GC_00001842	0.967105263157895	1.0	0.989928966437834
GC_00001843	0.931297709923664	1.0	0.970779400376148
GC_00001844	0.988399071925754	1.0	0.994703924140018
GC_00001845	0.976851851851852	1.0	0.991914922168545
GC_00001846	0.958490566037736	1.0	0.981084222039923
GC_00001847	0.788667687595712	1.0	0.978299709257163
GC_00001848	0.983606557377049	1.0	0.994571157044429
GC_00001849	0.204868154158215	1.0	0.659376194255813
GC_00001850	0.976351351351351	1.0	0.991909028593811
GC_00001851	0.927140255009107	1.0	0.967292310129088
GC_00001852	0.978260869565217	1.0	0.993462507876497
GC_00001853	0.988483685220729	1.0	0.996154274110546
GC_00001854	0.977591036414566	1.0	0.993585840133155
GC_00001855	0.955357142857143	1.0	0.986218944099379
GC_00001856	0.961038961038961	1.0	0.987883493318276
GC_00001857	0.975138121546961	1.0	0.991282328449035
GC_00001858	0.973118279569892	1.0	0.99220819697678
GC_00001859	0.965957446808511	1.0	0.986524822695035
GC_00001860	0.8023598820059	1.0	0.978720448035569
GC_00001861	0.985347985347985	1.0	0.993576471837341
GC_00001862	0.721518987341772	1.0	0.95367822417905
GC_00001863	0.991397849462366	1.0	0.996454729624435
GC_00001864	0.963636363636364	1.0	0.989218269653052
GC_00001865	0.92	1.0	0.971014492753623
GC_00001866	0.990583804143126	1.0	0.995946941783346
GC_00001867	0.969594594594595	1.0	0.992349686643165
GC_00001868	0.96969696969697	1.0	0.986885765871273
GC_00001869	0.697674418604651	1.0	0.895433097404786
GC_00001870	0.986577181208054	1.0	0.99501507635444
GC_00001871	0.989189189189189	1.0	0.996559603081342
GC_00001872	0.984547461368653	1.0	0.993945356240202
GC_00001873	0.878378378378378	1.0	0.980978260869565
GC_00001874	0.754716981132076	1.0	0.941345365053322
GC_00001875	0.262626262626263	1.0	0.931671790367443
GC_00001876	0.9625	1.0	0.987454710144928
GC_00001877	0.9375	1.0	0.982019927536232
GC_00001878	0.97680412371134	1.0	0.993575377259824
GC_00001879	0.953416149068323	1.0	0.989074174093078
GC_00001880	0.978260869565217	1.0	0.990272526780088
GC_00001881	0.683168316831683	1.0	0.944898837709858
GC_00001882	0.927835051546392	1.0	0.970118033766622
GC_00001883	0.746898263027295	1.0	0.96918042219585
GC_00001884	0.981549815498155	1.0	0.993341889940639
GC_00001885	0.984496124031008	1.0	0.994541811781448
GC_00001886	0.924564796905222	1.0	0.988030162868276
GC_00001887	0.990825688073395	1.0	0.996061029118468
GC_00001888	0.898263027295285	1.0	0.986595101952746
GC_00001889	0.938311688311688	1.0	0.981789949181253
GC_00001890	0.953020134228188	1.0	0.985239762669001
GC_00001891	0.94954128440367	1.0	0.984310596995081
GC_00001892	0.988399071925754	1.0	0.994863647062779
GC_00001893	0.967871485943775	1.0	0.988053663931087
GC_00001894	0.978723404255319	1.0	0.9928403484428
GC_00001895	0.936170212765957	1.0	0.978353376503238
GC_00001896	0.971291866028708	1.0	0.988818389848138
GC_00001897	0.95447409733124	1.0	0.990188383045526
GC_00001898	0.767094017094017	1.0	0.852169267930137
GC_00001899	0.985948477751756	1.0	0.992863931032142
GC_00001900	0.991869918699187	1.0	0.996929126899965
GC_00001901	0.983720930232558	1.0	0.994362992922144
GC_00001902	0.986381322957198	1.0	0.994995206676817
GC_00001903	0.981308411214953	1.0	0.99158539888934
GC_00001904	0.977477477477477	1.0	0.996464943204074
GC_00001905	0.983739837398374	1.0	0.993622599269471
GC_00001906	0.988962472406181	1.0	0.995944908340532
GC_00001907	0.952569169960474	1.0	0.991715357736152
GC_00001908	0.962406015037594	1.0	0.987754712869129
GC_00001909	0.911931818181818	1.0	0.983592720685112
GC_00001910	0.934782608695652	1.0	0.972156584751103
GC_00001911	0.968	1.0	0.986579710144928
GC_00001912	0.956521739130435	1.0	0.985552254928437
GC_00001913	0.892018779342723	1.0	0.982649520310267
GC_00001914	0.802752293577982	1.0	0.957103443690999
GC_00001915	0.968602825745683	1.0	0.990808363479171
GC_00001916	0.954545454545455	1.0	0.980023056653491
GC_00001917	0.870722433460076	1.0	0.972750316856781
GC_00001918	0.951456310679612	1.0	0.981708175038694
GC_00001919	0.994575045207957	1.0	0.997058206882093
GC_00001920	0.962962962962963	1.0	0.990190552871712
GC_00001921	0.966555183946488	1.0	0.987664194658523
GC_00001922	0.865951742627346	1.0	0.978348292341765
GC_00001923	0.966942148760331	1.0	0.989200303429552
GC_00001924	0.986650485436893	1.0	0.996724180385535
GC_00001925	0.983772819472617	1.0	0.992907957785813
GC_00001926	0.977777777777778	1.0	0.989908749329039
GC_00001927	0.967307692307692	1.0	0.99289994425864
GC_00001928	0.947867298578199	1.0	0.983292121711656
GC_00001929	0.966216216216216	1.0	0.984454563258911
GC_00001930	0.987373737373737	1.0	0.995086736934563
GC_00001931	0.984848484848485	1.0	0.994171790367443
GC_00001932	0.988290398126464	1.0	0.994976750500628
GC_00001933	0.760655737704918	1.0	0.890187693038727
GC_00001934	0.972144846796657	1.0	0.990987444996165
GC_00001935	0.621761658031088	1.0	0.89701133889014
GC_00001936	0.96734693877551	1.0	0.988982549541556
GC_00001937	0.987854251012146	1.0	0.994352520096227
GC_00001938	0.666666666666667	1.0	0.938948400196037
GC_00001939	0.498293515358362	1.0	0.946653806202701
GC_00001940	0.914473684210526	1.0	0.969417429443173
GC_00001941	0.973493975903614	1.0	0.993827483848437
GC_00001942	0.953020134228188	1.0	0.985969263690303
GC_00001943	0.978927203065134	1.0	0.99391970681326
GC_00001944	0.917355371900826	1.0	0.968631829303766
GC_00001945	0.934725848563969	1.0	0.988354712982934
GC_00001946	0.954154727793696	1.0	0.988196088202317
GC_00001947	0.987593052109181	1.0	0.99448879778473
GC_00001948	0.975728155339806	1.0	0.991522442662164
GC_00001949	0.978328173374613	1.0	0.991104679858213
GC_00001950	0.942558746736292	1.0	0.989915616604231
GC_00001951	0.991666666666667	1.0	0.996867451690822
GC_00001952	0.976351351351351	1.0	0.991823345084215
GC_00001953	0.951310861423221	1.0	0.98774629539163
GC_00001954	0.951530612244898	1.0	0.990313516711032
GC_00001955	0.944915254237288	1.0	0.982820560058953
GC_00001956	0.989406779661017	1.0	0.995401928273151
GC_00001957	0.974683544303797	1.0	0.990368739680792
GC_00001958	0.972222222222222	1.0	0.991508152173913
GC_00001959	0.987654320987654	1.0	0.995444921572135
GC_00001960	0.89344262295082	1.0	0.986328898392334
GC_00001961	0.966850828729282	1.0	0.988840179357835
GC_00001962	0.98005698005698	1.0	0.99301168504067
GC_00001963	0.951219512195122	1.0	0.992006491211157
GC_00001964	0.796208530805687	1.0	0.974912425303936
GC_00001965	0.950704225352113	1.0	0.981526842212697
GC_00001966	0.962962962962963	1.0	0.987328425734223
GC_00001967	0.973880597014925	1.0	0.987602747133896
GC_00001968	0.982456140350877	1.0	0.99440630561912
GC_00001969	0.789915966386555	1.0	0.974713798562903
GC_00001970	0.977653631284916	1.0	0.989515019026799
GC_00001971	0.986842105263158	1.0	0.994867149758454
GC_00001972	0.960869565217391	1.0	0.989429741650914
GC_00001973	0.985428051001822	1.0	0.99460811488609
GC_00001974	0.966101694915254	1.0	0.988618685007778
GC_00001975	0.967479674796748	1.0	0.987451396253093
GC_00001976	0.939759036144578	1.0	0.969879518072289
GC_00001977	0.889830508474576	1.0	0.963215426185212
GC_00001978	0.981958762886598	1.0	0.994779994023607
GC_00001979	0.969162995594714	1.0	0.986018004213752
GC_00001980	0.983333333333333	1.0	0.991666666666667
GC_00001981	0.98870765370138	1.0	0.995376684305275
GC_00001982	0.91254752851711	1.0	0.979583402215242
GC_00001983	0.737991266375546	1.0	0.964859818998798
GC_00001984	0.974025974025974	1.0	0.989789196310935
GC_00001985	0.0111856823266219	1.0	0.719701390915281
GC_00001986	0.988118811881188	1.0	0.995236045343665
GC_00001987	0.943396226415094	1.0	0.972108285479901
GC_00001988	0.972972972972973	1.0	0.991970231100666
GC_00001989	0.944954128440367	1.0	0.985075122988964
GC_00001990	0.975675675675676	1.0	0.991950646298472
GC_00001991	0.985365853658537	1.0	0.993784611759161
GC_00001992	0.906832298136646	1.0	0.98287424610676
GC_00001993	0.87012987012987	1.0	0.98523164206394
GC_00001994	0.974842767295597	1.0	0.987854343268617
GC_00001995	0.944444444444444	1.0	0.981307641633729
GC_00001996	0.970198675496689	1.0	0.988434590651694
GC_00001997	0.9609375	1.0	0.984997735507246
GC_00001998	0.977272727272727	1.0	0.992278554778555
GC_00001999	0.9875	1.0	0.993734903381643
GC_00002000	0.981012658227848	1.0	0.992788020546689
GC_00002001	0.746913580246914	1.0	0.917427088924674
GC_00002002	0.588628762541806	1.0	0.791975667684552
GC_00002003	0.969613259668508	1.0	0.990031227480183
GC_00002004	0.934615384615385	1.0	0.979515050167224
GC_00002005	0.964285714285714	1.0	0.984324164448388
GC_00002006	0.980645161290323	1.0	0.993727598566308
GC_00002007	0.971428571428571	1.0	0.987991718426501
GC_00002008	0.974916387959866	1.0	0.993704861616015
GC_00002009	0.987080103359173	1.0	0.994738418904243
GC_00002010	0.918987341772152	1.0	0.971308016877637
GC_00002011	0.725085910652921	1.0	0.949760944270133
GC_00002012	0.779904306220096	1.0	0.956903127383677
GC_00002013	0.611570247933884	1.0	0.916771469637082
GC_00002014	0.970501474926254	1.0	0.992261981103843
GC_00002015	0.989384288747346	1.0	0.995761408043324
GC_00002016	0.928571428571429	1.0	0.986736542443064
GC_00002017	0.769047619047619	1.0	0.975586611456177
GC_00002018	0.458333333333333	1.0	0.816425120772947
GC_00002019	0.957831325301205	1.0	0.981534834992142
GC_00002020	0.775757575757576	1.0	0.954128238910848
GC_00002021	0.973244147157191	1.0	0.990136202801609
GC_00002022	0.963730569948187	1.0	0.984343320567695
GC_00002023	0.949612403100775	1.0	0.986406021795304
GC_00002024	0.975285171102662	1.0	0.991327767675098
GC_00002025	0.960264900662252	1.0	0.987402821767924
GC_00002026	0.759219088937093	1.0	0.895909962589204
GC_00002027	0.927272727272727	1.0	0.980204216073781
GC_00002028	0.988847583643123	1.0	0.996390280696083
GC_00002029	0.681818181818182	1.0	0.880187747035573
GC_00002030	0.979651162790698	1.0	0.989172564880351
GC_00002031	0.984756097560976	1.0	0.992587928596677
GC_00002032	0.956834532374101	1.0	0.982718173287457
GC_00002033	0.983333333333333	1.0	0.992723429951691
GC_00002034	0.946996466431095	1.0	0.98676191939366
GC_00002035	0.963680387409201	1.0	0.989305891848265
GC_00002036	0.955223880597015	1.0	0.982127406446031
GC_00002037	0.972222222222222	1.0	0.987139917695473
GC_00002038	0.960591133004926	1.0	0.98904119368887
GC_00002039	0.691119691119691	1.0	0.871327849588719
GC_00002040	0.186666666666667	1.0	0.888574879227053
GC_00002041	0.938461538461538	1.0	0.971962095875139
GC_00002042	0.915129151291513	1.0	0.976415851115033
GC_00002043	0.986692015209126	1.0	0.994455006337136
GC_00002044	0.933333333333333	1.0	0.980659075224293
GC_00002045	0.966666666666667	1.0	0.986443236714976
GC_00002046	0.969314079422383	1.0	0.993231046931408
GC_00002047	0.985989492119089	1.0	0.995133125206223
GC_00002048	0.951923076923077	1.0	0.977703455964325
GC_00002049	0.923076923076923	1.0	0.979758918617614
GC_00002050	0.978102189781022	1.0	0.992797700906238
GC_00002051	0.982014388489209	1.0	0.993496507142113
GC_00002052	0.897058823529412	1.0	0.960464620630861
GC_00002053	0.925133689839572	1.0	0.965395644423778
GC_00002054	0.911764705882353	1.0	0.976049658994032
GC_00002055	0.956873315363881	1.0	0.977811633266924
GC_00002056	0.98300283286119	1.0	0.993359198587675
GC_00002057	0.949061662198391	1.0	0.985686948750826
GC_00002058	0.97869101978691	1.0	0.99118743520173
GC_00002059	0.946236559139785	1.0	0.989636901979118
GC_00002060	0.969325153374233	1.0	0.987930114697253
GC_00002061	0.937888198757764	1.0	0.981118912593393
GC_00002062	0.960750853242321	1.0	0.990249542464263
GC_00002063	0.955445544554455	1.0	0.97897833261587
GC_00002064	0.61038961038961	1.0	0.9550395256917
GC_00002065	0.976415094339623	1.0	0.990292589554279
GC_00002066	0.492537313432836	1.0	0.938784339173697
GC_00002067	0.805194805194805	1.0	0.941276115189159
GC_00002068	0.981412639405205	1.0	0.99108345455525
GC_00002069	0.935897435897436	1.0	0.982650501672241
GC_00002070	0.928104575163399	1.0	0.977360992706261
GC_00002071	0.875	1.0	0.98325436640654
GC_00002072	0.9875	1.0	0.996185200668896
GC_00002073	0.958333333333333	1.0	0.98149585921325
GC_00002074	0.987893462469734	1.0	0.995060883601783
GC_00002075	0.984018264840183	1.0	0.993101052213619
GC_00002076	0.988814317673378	1.0	0.994496320072626
GC_00002077	0.966480446927374	1.0	0.987855234393976
GC_00002078	0.984649122807018	1.0	0.99475988431223
GC_00002079	0.977578475336323	1.0	0.98591343341782
GC_00002080	0.968	1.0	0.988502415458937
GC_00002081	0.956521739130435	1.0	0.991113879818984
GC_00002082	0.985887096774194	1.0	0.994148842917251
GC_00002083	0.961661341853035	1.0	0.977589480020373
GC_00002084	0.966850828729282	1.0	0.986227880534871
GC_00002085	0.927007299270073	1.0	0.981143552311436
GC_00002086	0.971698113207547	1.0	0.99082239540607
GC_00002087	0.896551724137931	1.0	0.957071464267866
GC_00002088	0.958605664488017	1.0	0.986517634428973
GC_00002089	0.98991935483871	1.0	0.996143057503507
GC_00002090	0.97	1.0	0.989547101449275
GC_00002091	0.924657534246575	1.0	0.986028389914632
GC_00002092	0.945378151260504	1.0	0.985050541955913
GC_00002093	0.922374429223744	1.0	0.969608232413473
GC_00002094	0.948818897637795	1.0	0.973196964509871
GC_00002095	0.966666666666667	1.0	0.984742351046699
GC_00002096	0.97212543554007	1.0	0.988840074736151
GC_00002097	0.77859778597786	1.0	0.963674528049628
GC_00002098	0.985163204747775	1.0	0.993033157011998
GC_00002099	0.908602150537634	1.0	0.97594280816581
GC_00002100	0.940397350993378	1.0	0.968111143103945
GC_00002101	0.888748419721871	1.0	0.985543890507338
GC_00002102	0.987826086956522	1.0	0.9940138626339
GC_00002103	0.914027149321267	1.0	0.981506984064529
GC_00002104	0.5	1.0	0.948140828575611
GC_00002105	0.985815602836879	1.0	0.995559666975023
GC_00002106	0.956730769230769	1.0	0.98813754180602
GC_00002107	0.714285714285714	1.0	0.890901771336554
GC_00002108	0.933774834437086	1.0	0.981644111718975
GC_00002109	0.972762645914397	1.0	0.989623865110246
GC_00002110	0.967032967032967	1.0	0.988732282210543
GC_00002111	0.982089552238806	1.0	0.993434998918451
GC_00002112	0.926267281105991	1.0	0.974420623789488
GC_00002113	0.859649122807018	1.0	0.963895245359776
GC_00002114	0.955555555555556	1.0	0.984601449275362
GC_00002115	0.773722627737226	1.0	0.971596318629007
GC_00002116	0.656765676567657	1.0	0.934902185870761
GC_00002117	0.871681415929204	1.0	0.97975182762601
GC_00002118	0.936363636363636	1.0	0.977667984189723
GC_00002119	0.962809917355372	1.0	0.984593963348904
GC_00002120	0.989702517162471	1.0	0.996546778098365
GC_00002121	0.975961538461538	1.0	0.993363294314381
GC_00002122	0.907120743034056	1.0	0.984284560506125
GC_00002123	0.93859649122807	1.0	0.970823798627002
GC_00002124	0.925925925925926	1.0	0.971103954195742
GC_00002125	0.946153846153846	1.0	0.977759197324415
GC_00002126	0.932203389830508	1.0	0.981484893146647
GC_00002127	0.9825	1.0	0.989728260869565
GC_00002128	0.971119133574007	1.0	0.98695913775964
GC_00002129	0.985074626865672	1.0	0.994083928185161
GC_00002130	0.833333333333333	1.0	0.976672442764125
GC_00002131	0.768421052631579	1.0	0.914619883040936
GC_00002132	0.892063492063492	1.0	0.947803082585691
GC_00002133	0.98343685300207	1.0	0.99157589942089
GC_00002134	0.978991596638655	1.0	0.991505297771282
GC_00002135	0.650485436893204	1.0	0.924299985929365
GC_00002136	0.976897689768977	1.0	0.990529487731382
GC_00002137	0.978494623655914	1.0	0.985838398005298
GC_00002138	0.287037037037037	1.0	0.917491948470209
GC_00002139	0.983086680761099	1.0	0.994408187026994
GC_00002140	0.972361809045226	1.0	0.988265603379215
GC_00002141	0.963855421686747	1.0	0.986511262441069
GC_00002142	0.819444444444444	1.0	0.96256038647343
GC_00002143	0.975975975975976	1.0	0.990903947425687
GC_00002144	0.96551724137931	1.0	0.989092953523238
GC_00002145	0.971553610503282	1.0	0.987172168838994
GC_00002146	0.966292134831461	1.0	0.988458720078163
GC_00002147	0.973741794310722	1.0	0.987830209621666
GC_00002148	0.97	1.0	0.988623188405797
GC_00002149	0.969798657718121	1.0	0.989799144052135
GC_00002150	0.120098039215686	1.0	0.548873081841432
GC_00002151	0.985221674876847	1.0	0.994288570000714
GC_00002152	0.950757575757576	1.0	0.980017566974089
GC_00002153	0.975438596491228	1.0	0.990732265446224
GC_00002154	0.981260647359455	1.0	0.993167172802015
GC_00002155	0.832618025751073	1.0	0.938017042980656
GC_00002156	0.95398773006135	1.0	0.982117453543167
GC_00002157	0.873517786561265	1.0	0.938477401615398
GC_00002158	0.934533551554828	1.0	0.973095898859081
GC_00002159	0.862068965517241	1.0	0.977939601627758
GC_00002160	0.881481481481482	1.0	0.967498658078368
GC_00002161	0.737704918032787	1.0	0.929229033024471
GC_00002162	0.983582089552239	1.0	0.99358641574735
GC_00002163	0.986376021798365	1.0	0.994086403664653
GC_00002164	0.941441441441441	1.0	0.985474605039823
GC_00002165	0.924210526315789	1.0	0.987559115179252
GC_00002166	0.890282131661442	1.0	0.965426377720231
GC_00002167	0.984168865435356	1.0	0.9952439677259
GC_00002168	0.951310861423221	1.0	0.984611626770884
GC_00002169	0.406741573033708	1.0	0.944878684253379
GC_00002170	0.950704225352113	1.0	0.975096958562972
GC_00002171	0.972696245733788	1.0	0.989501409704704
GC_00002172	0.976424361493124	1.0	0.993287491814014
GC_00002173	0.878688524590164	1.0	0.977619387027798
GC_00002174	0.970149253731343	1.0	0.987832576249189
GC_00002175	0.973799126637555	1.0	0.989462692234669
GC_00002176	0.904761904761905	1.0	0.963854382332643
GC_00002177	0.962264150943396	1.0	0.982727189864187
GC_00002178	0.979466119096509	1.0	0.992939618486445
GC_00002179	0.964071856287425	1.0	0.982296277011195
GC_00002180	0.758974358974359	1.0	0.935841694537347
GC_00002181	0.920731707317073	1.0	0.97178773418169
GC_00002182	0.974789915966387	1.0	0.986786018755328
GC_00002183	0.931034482758621	1.0	0.97107696151924
GC_00002184	0.963265306122449	1.0	0.983629103815439
GC_00002185	0.936936936936937	1.0	0.980251991121556
GC_00002186	0.947470817120623	1.0	0.983596966108386
GC_00002187	0.941644562334218	1.0	0.989966555183946
GC_00002188	0.902777777777778	1.0	0.974537037037037
GC_00002189	0.918181818181818	1.0	0.962450592885375
GC_00002190	0.910299003322259	1.0	0.9780562376619
GC_00002191	0.9812734082397	1.0	0.991912283558595
GC_00002192	0.903333333333333	1.0	0.96304347826087
GC_00002193	0.760617760617761	1.0	0.943791617704661
GC_00002194	0.944223107569721	1.0	0.963479415670651
GC_00002195	0.990403071017274	1.0	0.99551447884503
GC_00002196	0.98961038961039	1.0	0.996654432523998
GC_00002197	0.328358208955224	1.0	0.679050400173048
GC_00002198	0.857142857142857	1.0	0.950581121776774
GC_00002199	0.943609022556391	1.0	0.981924920998147
GC_00002200	0.927152317880795	1.0	0.975189557539111
GC_00002201	0.882352941176471	1.0	0.960869565217391
GC_00002202	0.936802973977695	1.0	0.988005764775605
GC_00002203	0.975308641975309	1.0	0.990141349078547
GC_00002204	0.956345177664975	1.0	0.989873464283087
GC_00002205	0.657142857142857	1.0	0.956728778467909
GC_00002206	0.96045197740113	1.0	0.984995496601981
GC_00002207	0.922885572139303	1.0	0.959045352945418
GC_00002208	0.965957446808511	1.0	0.987927844588344
GC_00002209	0.942028985507246	1.0	0.985782923755514
GC_00002210	0.642611683848797	1.0	0.960219632451815
GC_00002211	0.940803382663848	1.0	0.989957716701903
GC_00002212	0.814102564102564	1.0	0.934294871794872
GC_00002213	0.964601769911504	1.0	0.989600701124364
GC_00002214	0.974358974358974	1.0	0.988356249225815
GC_00002215	0.851985559566787	1.0	0.969117877884162
GC_00002216	0.916666666666667	1.0	0.987949346405229
GC_00002217	0.928716904276986	1.0	0.974379409073467
GC_00002218	0.52436974789916	1.0	0.803282182438193
GC_00002219	0.907473309608541	1.0	0.964696477384084
GC_00002220	0.967930029154519	1.0	0.983489669159589
GC_00002221	0.969957081545064	1.0	0.985896000497605
GC_00002222	0.955375253549696	1.0	0.979767469206573
GC_00002223	0.961937716262976	1.0	0.980680507497116
GC_00002224	0.452961672473868	1.0	0.944490733727213
GC_00002225	0.970394736842105	1.0	0.990870518688024
GC_00002226	0.905555555555556	1.0	0.97554347826087
GC_00002227	0.946859903381642	1.0	0.976125463838129
GC_00002228	0.960629921259842	1.0	0.978802921373959
GC_00002229	0.963210702341137	1.0	0.978345693374049
GC_00002230	0.98	1.0	0.990840579710145
GC_00002231	0.976939203354298	1.0	0.990079907635281
GC_00002232	0.919678714859438	1.0	0.976020022117455
GC_00002233	0.983282674772036	1.0	0.995314083080041
GC_00002234	0.988636363636364	1.0	0.994716183574879
GC_00002235	0.932330827067669	1.0	0.972621771820857
GC_00002236	0.830769230769231	1.0	0.981622073578595
GC_00002237	0.87248322147651	1.0	0.969348798754985
GC_00002238	0.972677595628415	1.0	0.990595549219926
GC_00002239	0.667953667953668	1.0	0.949387275474232
GC_00002240	0.818181818181818	1.0	0.978000109793588
GC_00002241	0.974719101123595	1.0	0.988835287412474
GC_00002242	0.733333333333333	1.0	0.907216183574879
GC_00002243	0.9906191369606	1.0	0.995860184354352
GC_00002244	0.857142857142857	1.0	0.957667849748595
GC_00002245	0.909871244635193	1.0	0.980966598245941
GC_00002246	0.949308755760369	1.0	0.978093902357577
GC_00002247	0.942857142857143	1.0	0.976666666666667
GC_00002248	0.971751412429379	1.0	0.988188815196921
GC_00002249	0.832402234636871	1.0	0.963504979353898
GC_00002250	0.506410256410256	1.0	0.945528304223956
GC_00002251	0.986754966887417	1.0	0.993497456569728
GC_00002252	0.952941176470588	1.0	0.984036658141518
GC_00002253	0.984877126654064	1.0	0.995753540998877
GC_00002254	0.956834532374101	1.0	0.980580752789073
GC_00002255	0.982905982905983	1.0	0.991401379082538
GC_00002256	0.976744186046512	1.0	0.99127305118205
GC_00002257	0.953033268101761	1.0	0.987662724410789
GC_00002258	0.930434782608696	1.0	0.973913043478261
GC_00002259	0.765432098765432	1.0	0.945920558239399
GC_00002260	0.948717948717949	1.0	0.969713861018209
GC_00002261	0.980314960629921	1.0	0.989815131804177
GC_00002262	0.892682926829268	1.0	0.96272534464475
GC_00002263	0.559027777777778	1.0	0.84561191626409
GC_00002264	0.981707317073171	1.0	0.991969335454224
GC_00002265	0.96976241900648	1.0	0.98776880458259
GC_00002266	0.975524475524476	1.0	0.990257930475322
GC_00002267	0.97037037037037	1.0	0.987063875469673
GC_00002268	0.987654320987654	1.0	0.994682635534085
GC_00002269	0.954716981132075	1.0	0.982212195788898
GC_00002270	0.973365617433414	1.0	0.991779836474015
GC_00002271	0.986062717770035	1.0	0.995278493157602
GC_00002272	0.973451327433628	1.0	0.989472446667522
GC_00002273	0.938053097345133	1.0	0.973771963575734
GC_00002274	0.971781305114638	1.0	0.993942182347979
GC_00002275	0.936507936507937	1.0	0.970276435856146
GC_00002276	0.951890034364261	1.0	0.986876836495842
GC_00002277	0.957219251336898	1.0	0.982775323568162
GC_00002278	0.94980694980695	1.0	0.970091209221644
GC_00002279	0.976230899830221	1.0	0.990126965379789
GC_00002280	0.901785714285714	1.0	0.949340062111801
GC_00002281	0.955089820359281	1.0	0.985680812288467
GC_00002282	0.949019607843137	1.0	0.981187837453822
GC_00002283	0.519337016574586	1.0	0.946653054688126
GC_00002284	0.923611111111111	1.0	0.966787439613527
GC_00002285	0.914285714285714	1.0	0.961594202898551
GC_00002286	0.942307692307692	1.0	0.975299609810479
GC_00002287	0.957364341085271	1.0	0.977137400292102
GC_00002288	0.973765432098765	1.0	0.992859858650921
GC_00002289	0.945544554455445	1.0	0.977920074616157
GC_00002290	0.912408759124088	1.0	0.974002962022638
GC_00002291	0.964824120603015	1.0	0.984323792877431
GC_00002292	0.94811320754717	1.0	0.98111498496035
GC_00002293	0.980184940554822	1.0	0.992787126912105
GC_00002294	0.675	1.0	0.939855072463768
GC_00002295	0.972049689440994	1.0	0.990041857953011
GC_00002296	0.592814371257485	1.0	0.951488327692441
GC_00002297	0.947368421052632	1.0	0.974392502996622
GC_00002298	0.95	1.0	0.99150641025641
GC_00002299	0.946808510638298	1.0	0.974020968239285
GC_00002300	0.906976744186046	1.0	0.965832490731378
GC_00002301	0.975308641975309	1.0	0.985339506172839
GC_00002302	0.971337579617834	1.0	0.988322717622081
GC_00002303	0.976498237367803	1.0	0.994865375772748
GC_00002304	0.976442873969376	1.0	0.988904252231952
GC_00002305	0.75	1.0	0.947161835748792
GC_00002306	0.945205479452055	1.0	0.972908808153001
GC_00002307	0.98159509202454	1.0	0.991508846803592
GC_00002308	0.8	1.0	0.967133655394525
GC_00002309	0.926108374384236	1.0	0.951354679802956
GC_00002310	0.919642857142857	1.0	0.981220885093168
GC_00002311	0.917073170731707	1.0	0.97988688582538
GC_00002312	0.93956043956044	1.0	0.968227424749164
GC_00002313	0.933054393305439	1.0	0.982050815596386
GC_00002314	0.957894736842105	1.0	0.98211289092296
GC_00002315	0.970464135021097	1.0	0.986714975845411
GC_00002316	0.966804979253112	1.0	0.98961152203981
GC_00002317	0.870445344129555	1.0	0.939241917502787
GC_00002318	0.98331346841478	1.0	0.994748751964899
GC_00002319	0.97910447761194	1.0	0.994630110317975
GC_00002320	0.975975975975976	1.0	0.988488488488489
GC_00002321	0.811827956989247	1.0	0.962034439769363
GC_00002322	0.924944812362031	1.0	0.959521067280929
GC_00002323	0.88034188034188	1.0	0.965626161278335
GC_00002324	0.509803921568627	1.0	0.927873685706167
GC_00002325	0.856060606060606	1.0	0.964509222661397
GC_00002326	0.952879581151832	1.0	0.982794597465665
GC_00002327	0.95970695970696	1.0	0.987524552741944
GC_00002328	0.883647798742138	1.0	0.948648710236077
GC_00002329	0.983974358974359	1.0	0.994298123374211
GC_00002330	0.966777408637874	1.0	0.987661899947036
GC_00002331	0.963133640552995	1.0	0.985523943097576
GC_00002332	0.677536231884058	1.0	0.877546733879437
GC_00002333	0.967261904761905	1.0	0.987976621808143
GC_00002334	0.925311203319502	1.0	0.962024174634674
GC_00002335	0.951923076923077	1.0	0.983231140839836
GC_00002336	0.939393939393939	1.0	0.971197482067047
GC_00002337	0.843373493975904	1.0	0.923214597520517
GC_00002338	0.981438515081206	1.0	0.992165170315075
GC_00002339	0.916058394160584	1.0	0.976607955146515
GC_00002340	0.978571428571429	1.0	0.989712732919255
GC_00002341	0.930232558139535	1.0	0.977980002246938
GC_00002342	0.983695652173913	1.0	0.99533711405167
GC_00002343	0.971631205673759	1.0	0.987057594134375
GC_00002344	0.967136150234742	1.0	0.988552085459617
GC_00002345	0.97910447761194	1.0	0.991866753190569
GC_00002346	0.912681912681913	1.0	0.987096628400976
GC_00002347	0.759433962264151	1.0	0.917247744052502
GC_00002348	0.813852813852814	1.0	0.969085262563523
GC_00002349	0.977748691099476	1.0	0.991416268305638
GC_00002350	0.929166666666667	1.0	0.978411835748792
GC_00002351	0.969767441860465	1.0	0.989619143916414
GC_00002352	0.933110367892977	1.0	0.984137947748534
GC_00002353	0.95	1.0	0.987261198945982
GC_00002354	0.812903225806452	1.0	0.931323048153343
GC_00002355	0.96969696969697	1.0	0.987310998180563
GC_00002356	0.985436893203884	1.0	0.994084470709629
GC_00002357	0.774924471299094	1.0	0.928171110819213
GC_00002358	0.970858895705521	1.0	0.992725838001245
GC_00002359	0.975609756097561	1.0	0.986754251600487
GC_00002360	0.88953488372093	1.0	0.977902763734412
GC_00002361	0.901449275362319	1.0	0.985559756353707
GC_00002362	0.837723919915701	1.0	0.983155419129213
GC_00002363	0.991765782250686	1.0	0.995929299760001
GC_00002364	0.911854103343465	1.0	0.950519800889829
GC_00002365	0.609302325581395	1.0	0.732457027300303
GC_00002366	0.943627450980392	1.0	0.972044614947428
GC_00002367	0.989260143198091	1.0	0.995001902390094
GC_00002368	0.941422594142259	1.0	0.987164716107776
GC_00002369	0.329059829059829	1.0	0.93019943019943
GC_00002370	0.90625	1.0	0.979302536231884
GC_00002371	0.947852760736196	1.0	0.979705699297591
GC_00002372	0.992210321324245	1.0	0.996158079674866
GC_00002373	0.971139971139971	1.0	0.988733086559174
GC_00002374	0.962068965517241	1.0	0.984107946026986
GC_00002375	0.97071129707113	1.0	0.989130434782609
GC_00002376	0.972136222910217	1.0	0.987010364786647
GC_00002377	0.927586206896552	1.0	0.970627186406796
GC_00002378	0.955357142857143	1.0	0.975058229813665
GC_00002379	0.921052631578947	1.0	0.972273073989321
GC_00002380	0.978070175438597	1.0	0.990385837782863
GC_00002381	0.989501312335958	1.0	0.993790178401613
GC_00002382	0.625827814569536	1.0	0.960936750167962
GC_00002383	0.972307692307692	1.0	0.988639910813824
GC_00002384	0.749216300940439	1.0	0.962354050247603
GC_00002385	0.982843137254902	1.0	0.994387610116511
GC_00002386	0.909774436090226	1.0	0.977797755257709
GC_00002387	0.610966057441253	1.0	0.93097021985091
GC_00002388	0.913875598086124	1.0	0.97562582345191
GC_00002389	0.909774436090226	1.0	0.968653517852602
GC_00002390	0.894736842105263	1.0	0.98093058733791
GC_00002391	0.957575757575758	1.0	0.984277558190602
GC_00002392	0.895061728395062	1.0	0.964058865628914
GC_00002393	0.974025974025974	1.0	0.988565782044043
GC_00002394	0.951690821256039	1.0	0.97894349926486
GC_00002395	0.950310559006211	1.0	0.981490233144297
GC_00002396	0.942652329749104	1.0	0.973014388862916
GC_00002397	0.96078431372549	1.0	0.9880174291939
GC_00002398	0.917525773195876	1.0	0.965872304397629
GC_00002399	0.954022988505747	1.0	0.98074573824199
GC_00002400	0.959183673469388	1.0	0.979980035492458
GC_00002401	0.906024096385542	1.0	0.962877597345905
GC_00002402	0.355008787346221	1.0	0.937145003947938
GC_00002403	0.979002624671916	1.0	0.988769066910115
GC_00002404	0.884848484848485	1.0	0.968313570487484
GC_00002405	0.910216718266254	1.0	0.977127922107058
GC_00002406	0.968085106382979	1.0	0.984659266111625
GC_00002407	0.87962962962963	1.0	0.932232957595276
GC_00002408	0.864661654135338	1.0	0.937207148305546
GC_00002409	0.938888888888889	1.0	0.96719001610306
GC_00002410	0.801369863013699	1.0	0.966150486400635
GC_00002411	0.865168539325843	1.0	0.959473212831786
GC_00002412	0.37027027027027	1.0	0.935556208382295
GC_00002413	0.794871794871795	1.0	0.971964160369957
GC_00002414	0.92600422832981	1.0	0.980306094310139
GC_00002415	0.924324324324324	1.0	0.973913043478261
GC_00002416	0.962235649546828	1.0	0.981758176802837
GC_00002417	0.902040816326531	1.0	0.957601301390121
GC_00002418	0.983516483516483	1.0	0.991890959282264
GC_00002419	0.941176470588235	1.0	0.979235172329802
GC_00002420	0.970037453183521	1.0	0.990324594257178
GC_00002421	0.876595744680851	1.0	0.956059204440333
GC_00002422	0.96078431372549	1.0	0.984626314293833
GC_00002423	0.956521739130435	1.0	0.975858538122243
GC_00002424	0.951298701298701	1.0	0.973508375682289
GC_00002425	0.940789473684211	1.0	0.975948703279939
GC_00002426	0.815217391304348	1.0	0.943525519848771
GC_00002427	0.926666666666667	1.0	0.98512077294686
GC_00002428	0.909433962264151	1.0	0.962072737216297
GC_00002429	0.989010989010989	1.0	0.994966213910313
GC_00002430	0.925531914893617	1.0	0.977335800185014
GC_00002431	0.950892857142857	1.0	0.972373188405797
GC_00002432	0.522556390977444	1.0	0.941702081290182
GC_00002433	0.957547169811321	1.0	0.985139800382828
GC_00002434	0.941320293398533	1.0	0.974017575564296
GC_00002435	0.967078189300412	1.0	0.987266654738474
GC_00002436	0.906103286384977	1.0	0.97490984554671
GC_00002437	0.957605985037406	1.0	0.984910911127977
GC_00002438	0.976303317535545	1.0	0.991500103029054
GC_00002439	0.944099378881988	1.0	0.973332433162301
GC_00002440	0.987261146496815	1.0	0.994038278100865
GC_00002441	0.680722891566265	1.0	0.961258075781387
GC_00002442	0.941558441558442	1.0	0.975390551477508
GC_00002443	0.941176470588235	1.0	0.968258027848821
GC_00002444	0.976666666666667	1.0	0.987584541062802
GC_00002445	0.968379446640316	1.0	0.985765022627026
GC_00002446	0.932885906040268	1.0	0.972035794183445
GC_00002447	0.971223021582734	1.0	0.984395092621555
GC_00002448	0.941358024691358	1.0	0.984511987833244
GC_00002449	0.925170068027211	1.0	0.972715173025732
GC_00002450	0.897435897435897	1.0	0.967855815681903
GC_00002451	0.984536082474227	1.0	0.992305393694905
GC_00002452	0.920765027322404	1.0	0.959234180723846
GC_00002453	0.939252336448598	1.0	0.978243938778274
GC_00002454	0.507430997876858	1.0	0.937374996153728
GC_00002455	0.938297872340425	1.0	0.978654024051804
GC_00002456	0.706611570247934	1.0	0.959051982273326
GC_00002457	0.914691943127962	1.0	0.9488804176111
GC_00002458	0.985232067510548	1.0	0.993663242218553
GC_00002459	0.54353562005277	1.0	0.823620511643914
GC_00002460	0.923611111111111	1.0	0.966418411164788
GC_00002461	0.238993710691824	1.0	0.695036915504512
GC_00002462	0.972972972972973	1.0	0.988584858150076
GC_00002463	0.932692307692308	1.0	0.964238433667782
GC_00002464	0.866242038216561	1.0	0.958391027416228
GC_00002465	0.949720670391061	1.0	0.977167840660675
GC_00002466	0.960526315789474	1.0	0.984045258072718
GC_00002467	0.813559322033898	1.0	0.961787644313436
GC_00002468	0.906832298136646	1.0	0.940779998199658
GC_00002469	0.857707509881423	1.0	0.925488342785129
GC_00002470	0.971774193548387	1.0	0.986072152095995
GC_00002471	0.984615384615385	1.0	0.992744332961724
GC_00002472	0.968468468468468	1.0	0.988118553335945
GC_00002473	0.985342019543974	1.0	0.99349124297786
GC_00002474	0.965217391304348	1.0	0.983994959042218
GC_00002475	0.954866008462623	1.0	0.973779154146481
GC_00002476	0.955056179775281	1.0	0.981049503338218
GC_00002477	0.964980544747082	1.0	0.987621947780973
GC_00002478	0.881081081081081	1.0	0.965667841754798
GC_00002479	0.83955223880597	1.0	0.943637789314298
GC_00002480	0.94949494949495	1.0	0.989884350753916
GC_00002481	0.9296875	1.0	0.975373641304348
GC_00002482	0.91699604743083	1.0	0.955218536976571
GC_00002483	0.875399361022364	1.0	0.974741862295689
GC_00002484	0.754985754985755	1.0	0.922994343284198
GC_00002485	0.902040816326531	1.0	0.96282165039929
GC_00002486	0.932367149758454	1.0	0.970174333123293
GC_00002487	0.947546531302876	1.0	0.99089604943721
GC_00002488	0.964125560538117	1.0	0.984987326964321
GC_00002489	0.945945945945946	1.0	0.974197023110067
GC_00002490	0.93491124260355	1.0	0.971721979247063
GC_00002491	0.970501474926254	1.0	0.987527254072079
GC_00002492	0.952380952380952	1.0	0.975829725829726
GC_00002493	0.967509025270758	1.0	0.987076858682572
GC_00002494	0.741007194244604	1.0	0.950318006464394
GC_00002495	0.982352941176471	1.0	0.992082267689685
GC_00002496	0.934065934065934	1.0	0.976416095981313
GC_00002497	0.96319018404908	1.0	0.980539254912421
GC_00002498	0.579646017699115	1.0	0.939463896370399
GC_00002499	0.875305623471883	1.0	0.973308883455583
GC_00002500	0.977961432506887	1.0	0.989889008663712
GC_00002501	0.963068181818182	1.0	0.984313241106719
GC_00002502	0.916512059369202	1.0	0.965025140490979
GC_00002503	0.896678966789668	1.0	0.97497192363228
GC_00002504	0.96551724137931	1.0	0.978649564106835
GC_00002505	0.971119133574007	1.0	0.985062522890179
GC_00002506	0.990668740279938	1.0	0.995210404129195
GC_00002507	0.967592592592593	1.0	0.987285292538916
GC_00002508	0.905660377358491	1.0	0.97976483456385
GC_00002509	0.957264957264957	1.0	0.98337049424006
GC_00002510	0.886792452830189	1.0	0.964098532494759
GC_00002511	0.959568733153639	1.0	0.987899917965546
GC_00002512	0.973421926910299	1.0	0.987469305214502
GC_00002513	0.892177589852008	1.0	0.966196341575512
GC_00002514	0.958795562599049	1.0	0.990353476193757
GC_00002515	0.956284153005464	1.0	0.977607507721549
GC_00002516	0.975975975975976	1.0	0.988009748879314
GC_00002517	0.979035639412998	1.0	0.989624160665998
GC_00002518	0.0467032967032967	1.0	0.885391782130913
GC_00002519	0.889855072463768	1.0	0.966330602814535
GC_00002520	0.969283276450512	1.0	0.991244991838552
GC_00002521	0.977459016393443	1.0	0.990236695177002
GC_00002522	0.877551020408163	1.0	0.972641230405206
GC_00002523	0.948630136986301	1.0	0.97092763549732
GC_00002524	0.767441860465116	1.0	0.958810807774407
GC_00002525	0.948275862068966	1.0	0.97502290521406
GC_00002526	0.969957081545064	1.0	0.983641226597002
GC_00002527	0.866197183098592	1.0	0.934961216574811
GC_00002528	0.885906040268456	1.0	0.963549265635638
GC_00002529	0.903448275862069	1.0	0.964155422288856
GC_00002530	0.106976744186047	1.0	0.890529154027637
GC_00002531	0.822916666666667	1.0	0.973253824476651
GC_00002532	0.933333333333333	1.0	0.962819185645273
GC_00002533	0.90282131661442	1.0	0.960712825405479
GC_00002534	0.865497076023392	1.0	0.974319857615052
GC_00002535	0.954430379746835	1.0	0.9905155017428
GC_00002536	0.912162162162162	1.0	0.951772424598511
GC_00002537	0.98116169544741	1.0	0.992947011580552
GC_00002538	0.460227272727273	1.0	0.876893939393939
GC_00002539	0.983333333333333	1.0	0.99207729468599
GC_00002540	0.889570552147239	1.0	0.964590557481995
GC_00002541	0.593582887700535	1.0	0.953741377974115
GC_00002542	0.964391691394659	1.0	0.986249086139423
GC_00002543	0.969040247678019	1.0	0.984363081617086
GC_00002544	0.937869822485207	1.0	0.973672926850184
GC_00002545	0.852090032154341	1.0	0.972866862388741
GC_00002546	0.956395348837209	1.0	0.982084175935288
GC_00002547	0.839506172839506	1.0	0.945965288960458
GC_00002548	0.94375	1.0	0.967693236714976
GC_00002549	0.966911764705882	1.0	0.984734654731458
GC_00002550	0.825910931174089	1.0	0.95766590389016
GC_00002551	0.858638743455497	1.0	0.933853099628196
GC_00002552	0.58843537414966	1.0	0.937925170068027
GC_00002553	0.956521739130435	1.0	0.982393000824003
GC_00002554	0.957345971563981	1.0	0.98092245346521
GC_00002555	0.980852378011118	1.0	0.991484723975257
GC_00002556	0.97112462006079	1.0	0.983690145808555
GC_00002557	0.931818181818182	1.0	0.970314558629776
GC_00002558	0.945945945945946	1.0	0.985262436349393
GC_00002559	0.935185185185185	1.0	0.968481615673645
GC_00002560	0.946784922394678	1.0	0.976565763681352
GC_00002561	0.984581497797357	1.0	0.993735235906276
GC_00002562	0.911458333333333	1.0	0.963051026570048
GC_00002563	0.986086956521739	1.0	0.994196597353497
GC_00002564	0.977886977886978	1.0	0.990697218958089
GC_00002565	0.981840193704601	1.0	0.989862968031722
GC_00002566	0.896929824561403	1.0	0.982360793287567
GC_00002567	0.951977401129944	1.0	0.978035699664292
GC_00002568	0.965442764578834	1.0	0.984701223902088
GC_00002569	0.970749542961609	1.0	0.981453514558991
GC_00002570	0.977309562398703	1.0	0.990897986987057
GC_00002571	0.964041095890411	1.0	0.986257941234862
GC_00002572	0.566037735849057	1.0	0.937756357670221
GC_00002573	0.958762886597938	1.0	0.978783803974302
GC_00002574	0.96045197740113	1.0	0.985507246376812
GC_00002575	0.967871485943775	1.0	0.986220243292009
GC_00002576	0.87292817679558	1.0	0.951917687565057
GC_00002577	0.956521739130435	1.0	0.987670657424911
GC_00002578	0.973890339425587	1.0	0.989139894804556
GC_00002579	0.699421965317919	1.0	0.938615229957276
GC_00002580	0.944723618090452	1.0	0.962593765931105
GC_00002581	0.965665236051502	1.0	0.982226161597313
GC_00002582	0.972536348949919	1.0	0.986320854112524
GC_00002583	0.979661016949153	1.0	0.989449766642103
GC_00002584	0.954285714285714	1.0	0.976666666666667
GC_00002585	0.881057268722467	1.0	0.955292728085297
GC_00002586	0.980902777777778	1.0	0.990621225845411
GC_00002587	0.985882352941176	1.0	0.993367433930094
GC_00002588	0.968224299065421	1.0	0.983685493701747
GC_00002589	0.973929236499069	1.0	0.986735217121421
GC_00002590	0.927015250544662	1.0	0.969822550598339
GC_00002591	0.951785714285714	1.0	0.986070134575569
GC_00002592	0.77257525083612	1.0	0.961768697591004
GC_00002593	0.975700934579439	1.0	0.991182446160098
GC_00002594	0.97	1.0	0.985193236714976
GC_00002595	0.875935828877005	1.0	0.962830349531117
GC_00002596	0.976027397260274	1.0	0.988658923962676
GC_00002597	0.963815789473684	1.0	0.985864797864226
GC_00002598	0.788793103448276	1.0	0.918806221889055
GC_00002599	0.86140350877193	1.0	0.982843885075006
GC_00002600	0.854014598540146	1.0	0.966359885750556
GC_00002601	0.960573476702509	1.0	0.981780167264038
GC_00002602	0.900584795321637	1.0	0.959106703957963
GC_00002603	0.96652719665272	1.0	0.984749257170578
GC_00002604	0.82843137254902	1.0	0.949346405228758
GC_00002605	0.963144963144963	1.0	0.985649681301855
GC_00002606	0.892018779342723	1.0	0.946876913655848
GC_00002607	0.757097791798107	1.0	0.925696063640104
GC_00002608	0.651270207852194	1.0	0.931594537604177
GC_00002609	0.947368421052632	1.0	0.980753514220333
GC_00002610	0.982222222222222	1.0	0.99243156199678
GC_00002611	0.960199004975124	1.0	0.989013266998342
GC_00002612	0.943396226415094	1.0	0.972254775577171
GC_00002613	0.84	1.0	0.96862977602108
GC_00002614	0.978666666666667	1.0	0.989014492753623
GC_00002615	0.76530612244898	1.0	0.892043774031352
GC_00002616	0.627777777777778	1.0	0.830756843800322
GC_00002617	0.953051643192488	1.0	0.978022725726339
GC_00002618	0.562231759656652	1.0	0.937052932761087
GC_00002619	0.698961937716263	1.0	0.956835163733012
GC_00002620	0.953551912568306	1.0	0.969489981785064
GC_00002621	0.810958904109589	1.0	0.970061544570181
GC_00002622	0.960674157303371	1.0	0.983899202084351
GC_00002623	0.863354037267081	1.0	0.968629039517508
GC_00002624	0.377049180327869	1.0	0.942132929436921
GC_00002625	0.963068181818182	1.0	0.987473237812912
GC_00002626	0.796296296296296	1.0	0.947105922347468
GC_00002627	0.660614525139665	1.0	0.964446198688365
GC_00002628	0.972717733473242	1.0	0.991069391851818
GC_00002629	0.888888888888889	1.0	0.970813204508857
GC_00002630	0.524305555555556	1.0	0.852480877616747
GC_00002631	0.897435897435897	1.0	0.978415706676576
GC_00002632	0.867313915857605	1.0	0.953133061301065
GC_00002633	0.346504559270517	1.0	0.888903572529845
GC_00002634	0.952830188679245	1.0	0.980875717801477
GC_00002635	0.89119170984456	1.0	0.972835473454982
GC_00002636	0.919354838709677	1.0	0.956424341592645
GC_00002637	0.977893368010403	1.0	0.989172838808164
GC_00002638	0.504854368932039	1.0	0.948102809436706
GC_00002639	0.954198473282443	1.0	0.984138179002102
GC_00002640	0.96505376344086	1.0	0.98412420134019
GC_00002641	0.945121951219512	1.0	0.975963237893249
GC_00002642	0.47887323943662	1.0	0.836037966932027
GC_00002643	0.970786516853933	1.0	0.985792216251425
GC_00002644	0.909090909090909	1.0	0.974381977671451
GC_00002645	0.694736842105263	1.0	0.934172387490465
GC_00002646	0.77027027027027	1.0	0.948320603211907
GC_00002647	0.888888888888889	1.0	0.953043065361906
GC_00002648	0.846808510638298	1.0	0.970937403638606
GC_00002649	0.777777777777778	1.0	0.966024984140926
GC_00002650	0.923694779116466	1.0	0.968409871369536
GC_00002651	0.88785046728972	1.0	0.960585127996749
GC_00002652	0.979351032448378	1.0	0.988307468684537
GC_00002653	0.602649006622517	1.0	0.934338708129379
GC_00002654	0.944933920704846	1.0	0.973121368831003
GC_00002655	0.940029985007496	1.0	0.977348282380549
GC_00002656	0.988941548183254	1.0	0.995541131487969
GC_00002657	0.706451612903226	1.0	0.966269284712482
GC_00002658	0.610993657505285	1.0	0.880473082697552
GC_00002659	0.916083916083916	1.0	0.974012702273572
GC_00002660	0.972	1.0	0.985739130434783
GC_00002661	0.944578313253012	1.0	0.983019032652349
GC_00002662	0.9775	1.0	0.990742753623188
GC_00002663	0.930851063829787	1.0	0.969896700585877
GC_00002664	0.913875598086124	1.0	0.974152277928022
GC_00002665	0.96579476861167	1.0	0.988714898084157
GC_00002666	0.96514745308311	1.0	0.982408594630299
GC_00002667	0.727891156462585	1.0	0.966178645371192
GC_00002668	0.955665024630542	1.0	0.974726922253159
GC_00002669	0.920529801324503	1.0	0.970558594874748
GC_00002670	0.988059701492537	1.0	0.994473285745187
GC_00002671	0.945812807881773	1.0	0.972977796815878
GC_00002672	0.761627906976744	1.0	0.963578530502191
GC_00002673	0.919191919191919	1.0	0.959888742497438
GC_00002674	0.875	1.0	0.935960144927536
GC_00002675	0.983112183353438	1.0	0.994663554832958
GC_00002676	0.875202593192869	1.0	0.980327907359124
GC_00002677	0.974874371859296	1.0	0.988019809190882
GC_00002678	0.973451327433628	1.0	0.986918045402078
GC_00002679	0.931888544891641	1.0	0.957071386907166
GC_00002680	0.97411003236246	1.0	0.987735096852868
GC_00002681	0.387959866220736	1.0	0.925912461829286
GC_00002682	0.958620689655172	1.0	0.976261869065467
GC_00002683	0.981651376146789	1.0	0.990759207552187
GC_00002684	0.913857677902622	1.0	0.978437279487597
GC_00002685	0.973684210526316	1.0	0.989882617170946
GC_00002686	0.943089430894309	1.0	0.97681748556616
GC_00002687	0.950757575757576	1.0	0.988101119894598
GC_00002688	0.89010989010989	1.0	0.955990869034347
GC_00002689	0.961988304093567	1.0	0.978769387236206
GC_00002690	0.986259541984733	1.0	0.994053545746211
GC_00002691	0.970802919708029	1.0	0.99156881413308
GC_00002692	0.971119133574007	1.0	0.987783184220164
GC_00002693	0.958333333333333	1.0	0.97710346215781
GC_00002694	0.790598290598291	1.0	0.954586275238449
GC_00002695	0.922279792746114	1.0	0.980232034241946
GC_00002696	0.959247648902821	1.0	0.976085820726001
GC_00002697	0.980306345733042	1.0	0.992650556559795
GC_00002698	0.939461883408072	1.0	0.974913888347306
GC_00002699	0.962406015037594	1.0	0.984326758926301
GC_00002700	0.906976744186046	1.0	0.957596056622851
GC_00002701	0.938356164383562	1.0	0.96878102044868
GC_00002702	0.857668711656442	1.0	0.977296167866987
GC_00002703	0.96	1.0	0.982210144927536
GC_00002704	0.944206008583691	1.0	0.973020464016919
GC_00002705	0.966745843230404	1.0	0.981780784192227
GC_00002706	0.879807692307692	1.0	0.95263726309922
GC_00002707	0.98018648018648	1.0	0.991816154859633
GC_00002708	0.967811158798283	1.0	0.985841574920694
GC_00002709	0.901098901098901	1.0	0.974458512501991
GC_00002710	0.938223938223938	1.0	0.970944547031504
GC_00002711	0.909407665505226	1.0	0.971405847598849
GC_00002712	0.334293948126801	1.0	0.923839953222236
GC_00002713	0.987711213517665	1.0	0.993883434626773
GC_00002714	0.930769230769231	1.0	0.96711259754738
GC_00002715	0.948170731707317	1.0	0.968683722163309
GC_00002716	0.789029535864979	1.0	0.971304959334679
GC_00002717	0.967741935483871	1.0	0.985402057035998
GC_00002718	0.972665148063781	1.0	0.99081410319897
GC_00002719	0.900355871886121	1.0	0.949765330857703
GC_00002720	0.964630225080386	1.0	0.984068456125635
GC_00002721	0.981072555205047	1.0	0.990936314177296
GC_00002722	0.974489795918367	1.0	0.987097012718131
GC_00002723	0.373493975903614	1.0	0.824231709446482
GC_00002724	0.976344086021505	1.0	0.988849929873773
GC_00002725	0.968211920529801	1.0	0.987844322871677
GC_00002726	0.955263157894737	1.0	0.982584858886346
GC_00002727	0.805882352941176	1.0	0.957736572890026
GC_00002728	0.871508379888268	1.0	0.932090518986317
GC_00002729	0.763157894736842	1.0	0.955780150860242
GC_00002730	0.972222222222222	1.0	0.986835748792271
GC_00002731	0.845454545454545	1.0	0.922002635046113
GC_00002732	0.97191887675507	1.0	0.989090867982545
GC_00002733	0.985486211901306	1.0	0.992380261248186
GC_00002734	0.775257731958763	1.0	0.878365456447034
GC_00002735	0.981927710843373	1.0	0.993242535358826
GC_00002736	0.974522292993631	1.0	0.988761192652082
GC_00002737	0.737100737100737	1.0	0.957269522486914
GC_00002738	0.976689976689977	1.0	0.989400695922435
GC_00002739	0.961805555555556	1.0	0.97866344605475
GC_00002740	0.960573476702509	1.0	0.978572541686146
GC_00002741	0.951327433628319	1.0	0.976657688854688
GC_00002742	0.975	1.0	0.988208168642951
GC_00002743	0.83710407239819	1.0	0.970375106564365
GC_00002744	0.563636363636364	1.0	0.935981554677207
GC_00002745	0.942184154175589	1.0	0.98643049995345
GC_00002746	0.984910836762689	1.0	0.993205900479116
GC_00002747	0.97153024911032	1.0	0.982193511785033
GC_00002748	0.971910112359551	1.0	0.982508277696358
GC_00002749	0.919540229885057	1.0	0.965204897551224
GC_00002750	0.941935483870968	1.0	0.971961196820944
GC_00002751	0.95703125	1.0	0.975345335144927
GC_00002752	0.948356807511737	1.0	0.975488194869701
GC_00002753	0.96031746031746	1.0	0.982986350739974
GC_00002754	0.897935779816514	1.0	0.937649581172716
GC_00002755	0.952	1.0	0.980666666666667
GC_00002756	0.955128205128205	1.0	0.978245385854081
GC_00002757	0.971061093247588	1.0	0.985681998229181
GC_00002758	0.625	1.0	0.910151895206243
GC_00002759	0.935724962630792	1.0	0.978044236476679
GC_00002760	0.941860465116279	1.0	0.970129760701045
GC_00002761	0.666666666666667	1.0	0.817175871523698
GC_00002762	0.972	1.0	0.988811594202899
GC_00002763	0.934889434889435	1.0	0.967324537976712
GC_00002764	0.973140495867769	1.0	0.988509102886573
GC_00002765	0.893111638954869	1.0	0.984801542221763
GC_00002766	0.939393939393939	1.0	0.974527887571366
GC_00002767	0.928888888888889	1.0	0.98121578099839
GC_00002768	0.96875	1.0	0.984997735507246
GC_00002769	0.940740740740741	1.0	0.971960547504026
GC_00002770	0.960264900662252	1.0	0.978188885689605
GC_00002771	0.911671924290221	1.0	0.953652905408495
GC_00002772	0.968858131487889	1.0	0.983375959079284
GC_00002773	0.926174496644295	1.0	0.96168903803132
GC_00002774	0.960862619808307	1.0	0.97620907996481
GC_00002775	0.902816901408451	1.0	0.985634823433354
GC_00002776	0.931481481481481	1.0	0.983950617283951
GC_00002777	0.441108545034642	1.0	0.871732436322255
GC_00002778	0.913907284768212	1.0	0.957529513389001
GC_00002779	0.948356807511737	1.0	0.974875824998299
GC_00002780	0.954022988505747	1.0	0.977303015159087
GC_00002781	0.942857142857143	1.0	0.9778697952611
GC_00002782	0.936	1.0	0.972652173913043
GC_00002783	0.794805194805195	1.0	0.961067193675889
GC_00002784	0.822761194029851	1.0	0.960165206575816
GC_00002785	0.960187353629977	1.0	0.985074500220616
GC_00002786	0.794117647058823	1.0	0.958212560386474
GC_00002787	0.959409594095941	1.0	0.978434675651104
GC_00002788	0.973333333333333	1.0	0.985772946859903
GC_00002789	0.848484848484849	1.0	0.932498902064119
GC_00002790	0.598684210526316	1.0	0.922745041952708
GC_00002791	0.757062146892655	1.0	0.945406534021125
GC_00002792	0.961267605633803	1.0	0.983325678709941
GC_00002793	0.952191235059761	1.0	0.973988105548819
GC_00002794	0.922619047619048	1.0	0.976826690821256
GC_00002795	0.912820512820513	1.0	0.961185432924563
GC_00002796	0.527156549520767	1.0	0.90429226281428
GC_00002797	0.940721649484536	1.0	0.964141640519946
GC_00002798	0.928471248246844	1.0	0.988352948350509
GC_00002799	0.956834532374101	1.0	0.979051541375595
GC_00002800	0.973070017953321	1.0	0.992714594228918
GC_00002801	0.977722772277228	1.0	0.987883842732099
GC_00002802	0.817241379310345	1.0	0.947513743128436
GC_00002803	0.873188405797101	1.0	0.956377336693972
GC_00002804	0.952293577981651	1.0	0.976738465629571
GC_00002805	0.958904109589041	1.0	0.976672622592813
GC_00002806	0.966836734693878	1.0	0.982836069210293
GC_00002807	0.752508361204013	1.0	0.942707575977897
GC_00002808	0.97051597051597	1.0	0.981296513905209
GC_00002809	0.934306569343066	1.0	0.965764836559822
GC_00002810	0.952380952380952	1.0	0.97938687297955
GC_00002811	0.703571428571429	1.0	0.928286749482402
GC_00002812	0.952662721893491	1.0	0.974873509990567
GC_00002813	0.907114624505929	1.0	0.969274503064673
GC_00002814	0.991329479768786	1.0	0.995210968696769
GC_00002815	0.951713395638629	1.0	0.986049031558987
GC_00002816	0.940828402366864	1.0	0.972043564016808
GC_00002817	0.825136612021858	1.0	0.90144135582482
GC_00002818	0.851851851851852	1.0	0.952466153754399
GC_00002819	0.974409448818898	1.0	0.985885256190802
GC_00002820	0.934065934065934	1.0	0.966097308488613
GC_00002821	0.831168831168831	1.0	0.938405797101449
GC_00002822	0.940860215053763	1.0	0.970761259155369
GC_00002823	0.920529801324503	1.0	0.95892120165083
GC_00002824	0.957547169811321	1.0	0.986583948591742
GC_00002825	0.946308724832215	1.0	0.973616379729598
GC_00002826	0.946153846153846	1.0	0.976460423634337
GC_00002827	0.905608755129959	1.0	0.967247566367295
GC_00002828	0.979955456570156	1.0	0.991196217036248
GC_00002829	0.945086705202312	1.0	0.973087878026305
GC_00002830	0.706730769230769	1.0	0.939694816053512
GC_00002831	0.979816513761468	1.0	0.98932322829411
GC_00002832	0.940594059405941	1.0	0.967409240924092
GC_00002833	0.921008403361344	1.0	0.974875167458288
GC_00002834	0.906779661016949	1.0	0.984641365757799
GC_00002835	0.907692307692308	1.0	0.961854329245633
GC_00002836	0.811258278145695	1.0	0.959880986658988
GC_00002837	0.960076045627376	1.0	0.979335427343363
GC_00002838	0.715617715617716	1.0	0.969207121381034
GC_00002839	0.755474452554745	1.0	0.949632391833281
GC_00002840	0.903092783505155	1.0	0.942910503511131
GC_00002841	0.894736842105263	1.0	0.964101830663616
GC_00002842	0.954545454545455	1.0	0.985309617918314
GC_00002843	0.587628865979381	1.0	0.952388067134817
GC_00002844	0.872017353579176	1.0	0.976288157439719
GC_00002845	0.914285714285714	1.0	0.964734299516908
GC_00002846	0.964341085271318	1.0	0.978946185821818
GC_00002847	0.429400386847195	1.0	0.935777759089508
GC_00002848	0.951456310679612	1.0	0.986122836639932
GC_00002849	0.959459459459459	1.0	0.98412651782217
GC_00002850	0.844748858447489	1.0	0.951790086691814
GC_00002851	0.980916030534351	1.0	0.992560017701073
GC_00002852	0.979020979020979	1.0	0.98986013986014
GC_00002853	0.808219178082192	1.0	0.901677585864602
GC_00002854	0.975103734439834	1.0	0.989694208912141
GC_00002855	0.930735930735931	1.0	0.97041847041847
GC_00002856	0.92226148409894	1.0	0.972243560198699
GC_00002857	0.953058321479374	1.0	0.969700249448533
GC_00002858	0.933760683760684	1.0	0.957156571287006
GC_00002859	0.947019867549669	1.0	0.981908052596218
GC_00002860	0.97196261682243	1.0	0.989426723554111
GC_00002861	0.902097902097902	1.0	0.93878585182933
GC_00002862	0.688311688311688	1.0	0.928030303030303
GC_00002863	0.974045801526718	1.0	0.988096028321717
GC_00002864	0.912	1.0	0.950115942028985
GC_00002865	0.946078431372549	1.0	0.973794046604149
GC_00002866	0.577844311377245	1.0	0.899103965981081
GC_00002867	0.924302788844621	1.0	0.969585426410301
GC_00002868	0.985714285714286	1.0	0.993607660455486
GC_00002869	0.34504132231405	1.0	0.829829919750868
GC_00002870	0.716494845360825	1.0	0.943821903481249
GC_00002871	0.975409836065574	1.0	0.987467331907816
GC_00002872	0.984825493171472	1.0	0.993391392315981
GC_00002873	0.975935828877005	1.0	0.986824769433465
GC_00002874	0.911433172302738	1.0	0.952991901794674
GC_00002875	0.940983606557377	1.0	0.980375386077453
GC_00002876	0.966942148760331	1.0	0.982812312851839
GC_00002877	0.956692913385827	1.0	0.980671573661988
GC_00002878	0.866242038216561	1.0	0.955171697590695
GC_00002879	0.938618925831202	1.0	0.967900960005931
GC_00002880	0.888888888888889	1.0	0.954186795491143
GC_00002881	0.840361445783133	1.0	0.935491967871486
GC_00002882	0.963525835866261	1.0	0.983249636579887
GC_00002883	0.881578947368421	1.0	0.940932494279176
GC_00002884	0.879350348027842	1.0	0.978025488415885
GC_00002885	0.978779840848806	1.0	0.990682543343713
GC_00002886	0.953964194373402	1.0	0.974776678157085
GC_00002887	0.784037558685446	1.0	0.864683268694291
GC_00002888	0.954166666666667	1.0	0.977649456521739
GC_00002889	0.109677419354839	1.0	0.90411407199626
GC_00002890	0.976223776223776	1.0	0.988567953785345
GC_00002891	0.633204633204633	1.0	0.944491074925857
GC_00002892	0.963265306122449	1.0	0.98343685300207
GC_00002893	0.726851851851852	1.0	0.963441022544283
GC_00002894	0.952182952182952	1.0	0.975790171442345
GC_00002895	0.942675159235669	1.0	0.983787962706545
GC_00002896	0.938983050847458	1.0	0.965229673298944
GC_00002897	0.971496437054632	1.0	0.986600227202313
GC_00002898	0.609375	1.0	0.928866621376812
GC_00002899	0.971875	1.0	0.990290987318841
GC_00002900	0.980825958702065	1.0	0.989354880082083
GC_00002901	0.936	1.0	0.96207729468599
GC_00002902	0.96551724137931	1.0	0.982700957213701
GC_00002903	0.930555555555556	1.0	0.969102254428341
GC_00002904	0.652631578947368	1.0	0.918866005593694
GC_00002905	0.573033707865168	1.0	0.828778904087282
GC_00002906	0.831460674157303	1.0	0.944410519459371
GC_00002907	0.943661971830986	1.0	0.969143362591005
GC_00002908	0.958823529411765	1.0	0.98000852514919
GC_00002909	0.932330827067669	1.0	0.96740492535687
GC_00002910	0.964912280701754	1.0	0.981407322654462
GC_00002911	0.912133891213389	1.0	0.956567218482809
GC_00002912	0.976666666666667	1.0	0.986920289855072
GC_00002913	0.461538461538462	1.0	0.93691389599318
GC_00002914	0.882032667876588	1.0	0.982258870564718
GC_00002915	0.974160206718346	1.0	0.986153241208853
GC_00002916	0.881632653061225	1.0	0.954761904761905
GC_00002917	0.860576923076923	1.0	0.939607720178372
GC_00002918	0.828025477707006	1.0	0.957837164220437
GC_00002919	0.913752913752914	1.0	0.970820242559373
GC_00002920	0.877300613496933	1.0	0.929625677958567
GC_00002921	0.974358974358974	1.0	0.989889136628267
GC_00002922	0.839416058394161	1.0	0.958994499100815
GC_00002923	0.766599597585513	1.0	0.926748899192255
GC_00002924	0.028735632183908	1.0	0.895069826198012
GC_00002925	0.97812879708384	1.0	0.99239262507264
GC_00002926	0.956600361663653	1.0	0.980357470451031
GC_00002927	0.976377952755906	1.0	0.988246034463083
GC_00002928	0.942424242424242	1.0	0.977426438296003
GC_00002929	0.952861952861953	1.0	0.979163616844776
GC_00002930	0.912698412698413	1.0	0.965455103136262
GC_00002931	0.958904109589041	1.0	0.978939183376348
GC_00002932	0.632911392405063	1.0	0.955041014754829
GC_00002933	0.862980769230769	1.0	0.962008779264214
GC_00002934	0.970588235294118	1.0	0.984392419175028
GC_00002935	0.872549019607843	1.0	0.960251491901108
GC_00002936	0.936348408710218	1.0	0.962730318257957
GC_00002937	0.937062937062937	1.0	0.971812607682173
GC_00002938	0.971698113207547	1.0	0.986817518913499
GC_00002939	0.0264900662251656	1.0	0.836188693732604
GC_00002940	0.911032028469751	1.0	0.95519366651194
GC_00002941	0.898461538461538	1.0	0.964871794871795
GC_00002942	0.953771289537713	1.0	0.970097676222716
GC_00002943	0.809701492537313	1.0	0.926076141033961
GC_00002944	0.966346153846154	1.0	0.982104700854701
GC_00002945	0.947418738049713	1.0	0.969486934353091
GC_00002946	0.89922480620155	1.0	0.958515897090215
GC_00002947	0.979768786127168	1.0	0.989800619921253
GC_00002948	0.927835051546392	1.0	0.969756960007969
GC_00002949	0.974285714285714	1.0	0.98955486542443
GC_00002950	0.956962025316456	1.0	0.973867180333884
GC_00002951	0.567970204841713	1.0	0.848696461824953
GC_00002952	0.951530612244898	1.0	0.979175909494232
GC_00002953	0.968085106382979	1.0	0.985571487305992
GC_00002954	0.891129032258065	1.0	0.975587307152875
GC_00002955	0.838196286472148	1.0	0.969851612655211
GC_00002956	0.957943925233645	1.0	0.98037721793309
GC_00002957	0.965217391304348	1.0	0.983039277462718
GC_00002958	0.293436293436293	1.0	0.901586368977673
GC_00002959	0.863354037267081	1.0	0.951548294175893
GC_00002960	0.941558441558442	1.0	0.971579145492189
GC_00002961	0.848557692307692	1.0	0.955554974916388
GC_00002962	0.96095717884131	1.0	0.976878217062753
GC_00002963	0.950886766712142	1.0	0.974054412084544
GC_00002964	0.926530612244898	1.0	0.957054125998225
GC_00002965	0.974271012006861	1.0	0.988714047778855
GC_00002966	0.910746812386157	1.0	0.969377788337161
GC_00002967	0.411140583554377	1.0	0.929458347749202
GC_00002968	0.0696969696969697	1.0	0.859057971014493
GC_00002969	0.965800273597811	1.0	0.984451515692222
GC_00002970	0.837962962962963	1.0	0.946759259259259
GC_00002971	0.888888888888889	1.0	0.969074806031328
GC_00002972	0.880733944954128	1.0	0.934666267783539
GC_00002973	0.955377574370709	1.0	0.985349716446125
GC_00002974	0.971332209106239	1.0	0.982959405626023
GC_00002975	0.917682926829268	1.0	0.964464033227289
GC_00002976	0.829710144927536	1.0	0.955392774627179
GC_00002977	0.953961456102784	1.0	0.986162834000559
GC_00002978	0.340782122905028	1.0	0.857744312201441
GC_00002979	0.595505617977528	1.0	0.922271074200727
GC_00002980	0.968390804597701	1.0	0.982404631017824
GC_00002981	0.909774436090226	1.0	0.955513784461153
GC_00002982	0.959798994974874	1.0	0.975329546282135
GC_00002983	0.634615384615385	1.0	0.918501486436269
GC_00002984	0.929545454545455	1.0	0.984864953886693
GC_00002985	0.879877582249426	1.0	0.98159021101538
GC_00002986	0.54071661237785	1.0	0.912831043761507
GC_00002987	0.956873315363881	1.0	0.980673073166921
GC_00002988	0.812834224598931	1.0	0.905273967294428
GC_00002989	0.93491124260355	1.0	0.975173655775662
GC_00002990	0.949748743718593	1.0	0.978005971888428
GC_00002991	0.76023976023976	1.0	0.944323792149879
GC_00002992	0.951612903225806	1.0	0.980617889979741
GC_00002993	0.978021978021978	1.0	0.988891543239369
GC_00002994	0.853846153846154	1.0	0.938782051282051
GC_00002995	0.968085106382979	1.0	0.989130434782609
GC_00002996	0.952702702702703	1.0	0.98334475780128
GC_00002997	0.575609756097561	1.0	0.932143277954519
GC_00002998	0.965630114566285	1.0	0.988187575606632
GC_00002999	0.977443609022556	1.0	0.986880244088482
GC_00003000	0.978494623655914	1.0	0.988253856942496
GC_00003001	0.928104575163399	1.0	0.967880711060591
GC_00003002	0.968454258675079	1.0	0.985815846020208
GC_00003003	0.964285714285714	1.0	0.989084764340519
GC_00003004	0.896935933147632	1.0	0.961941383068911
GC_00003005	0.876712328767123	1.0	0.975531070081398
GC_00003006	0.976190476190476	1.0	0.989022601794341
GC_00003007	0.88	1.0	0.93231884057971
GC_00003008	0.952602952602953	1.0	0.974029593594811
GC_00003009	0.777777777777778	1.0	0.942012553813796
GC_00003010	0.509225092250922	1.0	0.937162415102412
GC_00003011	0.956204379562044	1.0	0.976991431291653
GC_00003012	0.346153846153846	1.0	0.921203394029481
GC_00003013	0.951578947368421	1.0	0.975232646834477
GC_00003014	0.943820224719101	1.0	0.968816153720892
GC_00003015	0.833333333333333	1.0	0.95012077294686
GC_00003016	0.53010752688172	1.0	0.952029764687549
GC_00003017	0.913357400722022	1.0	0.965507769580913
GC_00003018	0.856459330143541	1.0	0.976379932043548
GC_00003019	0.946708463949843	1.0	0.964381445640816
GC_00003020	0.96551724137931	1.0	0.987141845743795
GC_00003021	0.95059880239521	1.0	0.981580317625618
GC_00003022	0.864705882352941	1.0	0.956329923273657
GC_00003023	0.958656330749354	1.0	0.978420027712242
GC_00003024	0.963746223564955	1.0	0.980581461535094
GC_00003025	0.873111782477341	1.0	0.943408205262927
GC_00003026	0.918083462132921	1.0	0.950249759200771
GC_00003027	0.841346153846154	1.0	0.951478887959866
GC_00003028	0.823770491803279	1.0	0.90937574245664
GC_00003029	0.832460732984293	1.0	0.936660596403369
GC_00003030	0.83419689119171	1.0	0.919407524217166
GC_00003031	0.938524590163934	1.0	0.966663696840104
GC_00003032	0.790554414784394	1.0	0.942936642561676
GC_00003033	0.817102137767221	1.0	0.975334779166236
GC_00003034	0.971311475409836	1.0	0.98476478973628
GC_00003035	0.974550898203593	1.0	0.987069339581706
GC_00003036	0.965968586387435	1.0	0.987930609302679
GC_00003037	0.152917505030181	1.0	0.837189805499665
GC_00003038	0.969827586206897	1.0	0.983375499750125
GC_00003039	0.788732394366197	1.0	0.901221337687963
GC_00003040	0.948875255623722	1.0	0.981817373521828
GC_00003041	0.952141057934509	1.0	0.971114883364363
GC_00003042	0.91897233201581	1.0	0.950850661625709
GC_00003043	0.918118466898955	1.0	0.964336211685098
GC_00003044	0.890862944162436	1.0	0.952779003899066
GC_00003045	0.941580756013746	1.0	0.983807709547288
GC_00003046	0.931989924433249	1.0	0.976636366955062
GC_00003047	0.730612244897959	1.0	0.861194912747708
GC_00003048	0.98047138047138	1.0	0.993290391841116
GC_00003049	0.567765567765568	1.0	0.921285236502628
GC_00003050	0.95114006514658	1.0	0.982190907803427
GC_00003051	0.950080515297907	1.0	0.98680249247357
GC_00003052	0.839243498817967	1.0	0.961875149895501
GC_00003053	0.65625	1.0	0.961022418478261
GC_00003054	0.912350597609562	1.0	0.961270858594607
GC_00003055	0.964539007092199	1.0	0.985699969164354
GC_00003056	0.96969696969697	1.0	0.981632595237083
GC_00003057	0.952755905511811	1.0	0.975950017117426
GC_00003058	0.918250950570342	1.0	0.983688763983028
GC_00003059	0.963060686015831	1.0	0.979943405605904
GC_00003060	0.982808022922636	1.0	0.992919729247124
GC_00003061	0.970554926387316	1.0	0.994115909202816
GC_00003062	0.941422594142259	1.0	0.960228306348918
GC_00003063	0.356390977443609	1.0	0.914203988231448
GC_00003064	0.975	1.0	0.990187198067633
GC_00003065	0.698461538461538	1.0	0.90835005574136
GC_00003066	0.841584158415842	1.0	0.940247285598125
GC_00003067	0.471604938271605	1.0	0.926663982823403
GC_00003068	0.965732087227414	1.0	0.979468599033816
GC_00003069	0.879345603271984	1.0	0.940421149343528
GC_00003070	0.965879265091864	1.0	0.985259994674579
GC_00003071	0.973544973544973	1.0	0.983954451345756
GC_00003072	0.923841059602649	1.0	0.966275554275842
GC_00003073	0.956862745098039	1.0	0.985287013356067
GC_00003074	0.947761194029851	1.0	0.980288773523686
GC_00003075	0.979695431472081	1.0	0.99193518722872
GC_00003076	0.916230366492147	1.0	0.97198194096669
GC_00003077	0.944444444444444	1.0	0.976274825550188
GC_00003078	0.821596244131455	1.0	0.90578009117507
GC_00003079	0.972796517954298	1.0	0.983878979987699
GC_00003080	0.600240096038415	1.0	0.880352140856343
GC_00003081	0.946043165467626	1.0	0.980502554478157
GC_00003082	0.950980392156863	1.0	0.972097897129866
GC_00003083	0.964566929133858	1.0	0.983980942599566
GC_00003084	0.956896551724138	1.0	0.978885557221389
GC_00003085	0.98489010989011	1.0	0.993047260710304
GC_00003086	0.831877729257642	1.0	0.975492057464718
GC_00003087	0.93010752688172	1.0	0.965099215625162
GC_00003088	0.950354609929078	1.0	0.974187994655155
GC_00003089	0.957013574660634	1.0	0.977637877893632
GC_00003090	0.943055555555556	1.0	0.963828502415459
GC_00003091	0.933070866141732	1.0	0.9629693027502
GC_00003092	0.94672131147541	1.0	0.972425160370635
GC_00003093	0.454756380510441	1.0	0.741450620397458
GC_00003094	0.955882352941177	1.0	0.981224690963342
GC_00003095	0.109929078014184	1.0	0.804013773255216
GC_00003096	0.889502762430939	1.0	0.942389302586276
GC_00003097	0.65625	1.0	0.889900362318841
GC_00003098	0.887096774193548	1.0	0.955031556802244
GC_00003099	0.599508599508599	1.0	0.947383648470605
GC_00003100	0.971184631803629	1.0	0.991554916245186
GC_00003101	0.875838926174497	1.0	0.940740200369614
GC_00003102	0.965732087227414	1.0	0.983656147004379
GC_00003103	0.958408679927667	1.0	0.982945462169458
GC_00003104	0.98169014084507	1.0	0.992054500918555
GC_00003105	0.947927736450584	1.0	0.969951793497513
GC_00003106	0.885593220338983	1.0	0.974791206091869
GC_00003107	0.944444444444444	1.0	0.968156199677939
GC_00003108	0.967741935483871	1.0	0.988996861016496
GC_00003109	0.948717948717949	1.0	0.975531865477517
GC_00003110	0.954659949622166	1.0	0.98155550688132
GC_00003111	0.964547677261614	1.0	0.987460579001453
GC_00003112	0.90625	1.0	0.955751811594203
GC_00003113	0.877862595419847	1.0	0.941973669653723
GC_00003114	0.859281437125748	1.0	0.968248286036622
GC_00003115	0.965909090909091	1.0	0.986083662714097
GC_00003116	0.707174231332357	1.0	0.882599146985804
GC_00003117	0.990605427974948	1.0	0.995083356025536
GC_00003118	0.834285714285714	1.0	0.941920289855073
GC_00003119	0.934182590233546	1.0	0.964414289670451
GC_00003120	0.831683168316832	1.0	0.939392308796097
GC_00003121	0.960526315789474	1.0	0.977950991609458
GC_00003122	0.934891485809683	1.0	0.960175171179018
GC_00003123	0.924137931034483	1.0	0.967241379310345
GC_00003124	0.971880492091388	1.0	0.986277731081735
GC_00003125	0.96039603960396	1.0	0.98385708136031
GC_00003126	0.974117647058824	1.0	0.984104859335038
GC_00003127	0.947692307692308	1.0	0.981984392419175
GC_00003128	0.950080515297907	1.0	0.975588695185419
GC_00003129	0.901325478645066	1.0	0.97901859085185
GC_00003130	0.937956204379562	1.0	0.964720194647202
GC_00003131	0.983805668016194	1.0	0.990471161180543
GC_00003132	0.949019607843137	1.0	0.977777777777778
GC_00003133	0.956953642384106	1.0	0.979244649198579
GC_00003134	0.932692307692308	1.0	0.960510730211817
GC_00003135	0.9185667752443	1.0	0.966801208516263
GC_00003136	0.898039215686275	1.0	0.962787723785166
GC_00003137	0.943566591422122	1.0	0.970000327150195
GC_00003138	0.500904159132007	1.0	0.932292895143748
GC_00003139	0.908675799086758	1.0	0.963139434848786
GC_00003140	0.881856540084388	1.0	0.98153244053079
GC_00003141	0.906040268456376	1.0	0.956876762960802
GC_00003142	0.958730158730159	1.0	0.981469979296066
GC_00003143	0.954423592493298	1.0	0.980718420950383
GC_00003144	0.937282229965157	1.0	0.985141140231278
GC_00003145	0.673828125	1.0	0.935320425724638
GC_00003146	0.959493670886076	1.0	0.979590900752156
GC_00003147	0.877593360995851	1.0	0.975502134824704
GC_00003148	0.593516209476309	1.0	0.944992590986302
GC_00003149	0.964769647696477	1.0	0.98291504654177
GC_00003150	0.954545454545455	1.0	0.971367400715227
GC_00003151	0.961538461538462	1.0	0.983684932681589
GC_00003152	0.945868945868946	1.0	0.973130599942194
GC_00003153	0.93	1.0	0.956086956521739
GC_00003154	0.528888888888889	1.0	0.873107890499195
GC_00003155	0.380392156862745	1.0	0.914137539073601
GC_00003156	0.879360465116279	1.0	0.935293436130772
GC_00003157	0.947761194029851	1.0	0.974570084360805
GC_00003158	0.572881355932203	1.0	0.946376811594203
GC_00003159	0.815555555555556	1.0	0.899935587761675
GC_00003160	0.816091954022989	1.0	0.952412682547615
GC_00003161	0.916666666666667	1.0	0.967693236714976
GC_00003162	0.956666666666667	1.0	0.976340579710145
GC_00003163	0.915929203539823	1.0	0.963503591124792
GC_00003164	0.938069216757741	1.0	0.964071698212824
GC_00003165	0.976660682226212	1.0	0.991699841282231
GC_00003166	0.947643979057592	1.0	0.981232769304702
GC_00003167	0.958536585365854	1.0	0.97661717921527
GC_00003168	0.962121212121212	1.0	0.980465890791978
GC_00003169	0.95118549511855	1.0	0.970590018798132
GC_00003170	0.481081081081081	1.0	0.916882099490795
GC_00003171	0.878787878787879	1.0	0.93913317962231
GC_00003172	0.562992125984252	1.0	0.937749629122447
GC_00003173	0.962290502793296	1.0	0.976388551534289
GC_00003174	0.906108597285068	1.0	0.97109646534199
GC_00003175	0.722222222222222	1.0	0.947428246660983
GC_00003176	0.957928802588997	1.0	0.97810843769054
GC_00003177	0.895	1.0	0.947463768115942
GC_00003178	0.96984126984127	1.0	0.984995399125834
GC_00003179	0.954385964912281	1.0	0.97630307653191
GC_00003180	0.512437810945274	1.0	0.88045280842166
GC_00003181	0.955026455026455	1.0	0.97752281266774
GC_00003182	0.923076923076923	1.0	0.963955940090156
GC_00003183	0.916666666666667	1.0	0.979323671497584
GC_00003184	0.926380368098159	1.0	0.963412465546368
GC_00003185	0.950581395348837	1.0	0.975954246713852
GC_00003186	0.98745724059293	1.0	0.995744716011436
GC_00003187	0.838174273858921	1.0	0.922860665103133
GC_00003188	0.975103734439834	1.0	0.984815683444585
GC_00003189	0.908474576271186	1.0	0.95132645541636
GC_00003190	0.963436928702011	1.0	0.988772752563389
GC_00003191	0.912280701754386	1.0	0.951849733028223
GC_00003192	0.92772667542707	1.0	0.989711287588794
GC_00003193	0.957236842105263	1.0	0.982611079328757
GC_00003194	0.933098591549296	1.0	0.977048887528067
GC_00003195	0.956692913385827	1.0	0.97763323062878
GC_00003196	0.733532934131736	1.0	0.955610518094246
GC_00003197	0.930875576036866	1.0	0.969728845254792
GC_00003198	0.904347826086957	1.0	0.959231253938248
GC_00003199	0.959420289855072	1.0	0.976927116152069
GC_00003200	0.948024948024948	1.0	0.980008436530176
GC_00003201	0.942122186495177	1.0	0.97383382263852
GC_00003202	0.939068100358423	1.0	0.964183678769934
GC_00003203	0.956020942408377	1.0	0.986247059716215
GC_00003204	0.279411764705882	1.0	0.811558681443592
GC_00003205	0.884160756501182	1.0	0.939630657484496
GC_00003206	0.938566552901024	1.0	0.978050650442697
GC_00003207	0.646276595744681	1.0	0.955452127659575
GC_00003208	0.264598540145985	1.0	0.679797418808844
GC_00003209	0.927672955974843	1.0	0.960315832649713
GC_00003210	0.473076923076923	1.0	0.93598104793757
GC_00003211	0.95	1.0	0.970690312738368
GC_00003212	0.891566265060241	1.0	0.948184040509865
GC_00003213	0.703703703703704	1.0	0.953032742887815
GC_00003214	0.779710144927536	1.0	0.945830707834489
GC_00003215	0.123853211009174	1.0	0.863340978593272
GC_00003216	0.962441314553991	1.0	0.984376063142138
GC_00003217	0.946629213483146	1.0	0.972103484774467
GC_00003218	0.90547263681592	1.0	0.939225971591319
GC_00003219	0.836601307189543	1.0	0.93298285497774
GC_00003220	0.956043956043956	1.0	0.978937728937729
GC_00003221	0.973025048169557	1.0	0.98560498170953
GC_00003222	0.429602888086643	1.0	0.836184795688798
GC_00003223	0.918429003021148	1.0	0.966778317789746
GC_00003224	0.9	1.0	0.945156369183829
GC_00003225	0.972602739726027	1.0	0.987244391502879
GC_00003226	0.935534591194969	1.0	0.973936970194148
GC_00003227	0.902777777777778	1.0	0.969932568438003
GC_00003228	0.971246006389776	1.0	0.986248090012502
GC_00003229	0.774647887323944	1.0	0.96147172892427
GC_00003230	0.919093851132686	1.0	0.965655926082266
GC_00003231	0.966839378238342	1.0	0.980708868363746
GC_00003232	0.968541468064824	1.0	0.993268261007723
GC_00003233	0.978365384615385	1.0	0.9879372212932
GC_00003234	0.876923076923077	1.0	0.97287253808993
GC_00003235	0.753026634382567	1.0	0.851844053760045
GC_00003236	0.980676328502415	1.0	0.991187075544353
GC_00003237	0.866525423728814	1.0	0.927014247113731
GC_00003238	0.968085106382979	1.0	0.979780167540343
GC_00003239	0.926984126984127	1.0	0.955498044628479
GC_00003240	0.875816993464052	1.0	0.976303242714155
GC_00003241	0.960292580982236	1.0	0.978340375266912
GC_00003242	0.969631236442516	1.0	0.987024112672514
GC_00003243	0.902684563758389	1.0	0.946405991635055
GC_00003244	0.902033271719039	1.0	0.976573173671944
GC_00003245	0.986099044309296	1.0	0.992722144574976
GC_00003246	0.796610169491525	1.0	0.952419552935397
GC_00003247	0.833802816901408	1.0	0.979898958971219
GC_00003248	0.97427652733119	1.0	0.986835360454821
GC_00003249	0.92280701754386	1.0	0.958810068649886
GC_00003250	0.803370786516854	1.0	0.968882307441785
GC_00003251	0.82995951417004	1.0	0.937687026931878
GC_00003252	0.916955017301038	1.0	0.965448071811845
GC_00003253	0.907035175879397	1.0	0.937677518024907
GC_00003254	0.0586206896551724	1.0	0.758033483258371
GC_00003255	0.975748930099857	1.0	0.989492236763216
GC_00003256	0.940711462450593	1.0	0.965457982471215
GC_00003257	0.812260536398467	1.0	0.92514853684269
GC_00003258	0.975991649269311	1.0	0.986796919911652
GC_00003259	0.942857142857143	1.0	0.970155279503106
GC_00003260	0.943283582089552	1.0	0.975308241401687
GC_00003261	0.97275204359673	1.0	0.986514236069976
GC_00003262	0.0466666666666667	1.0	0.871086956521739
GC_00003263	0.789189189189189	1.0	0.940853897375636
GC_00003264	0.908713692946058	1.0	0.961062000120272
GC_00003265	0.95859872611465	1.0	0.979853226253115
GC_00003266	0.965879265091864	1.0	0.984337555631633
GC_00003267	0.88622754491018	1.0	0.966566866267465
GC_00003268	0.861904761904762	1.0	0.958298826777088
GC_00003269	0.944444444444444	1.0	0.970846752549651
GC_00003270	0.926582278481013	1.0	0.961511649238672
GC_00003271	0.919642857142857	1.0	0.968329451345756
GC_00003272	0.916267942583732	1.0	0.983418278898828
GC_00003273	0.913865546218487	1.0	0.974082024113993
GC_00003274	0.830188679245283	1.0	0.936382280557834
GC_00003275	0.952127659574468	1.0	0.972180465618255
GC_00003276	0.969631236442516	1.0	0.983911785972524
GC_00003277	0.91875	1.0	0.979378019323671
GC_00003278	0.833333333333333	1.0	0.954177925161713
GC_00003279	0.977351916376307	1.0	0.990367621067515
GC_00003280	0.979831932773109	1.0	0.990007307270734
GC_00003281	1.0	1.0	1.0
GC_00003282	1.0	1.0	1.0
GC_00003283	0.985074626865672	1.0	0.99870214146658
GC_00003284	0.982142857142857	1.0	0.998447204968944
GC_00003285	0.96969696969697	1.0	0.996047430830039
GC_00003286	0.958041958041958	1.0	0.993587440227756
GC_00003287	0.967213114754098	1.0	0.990507354370505
GC_00003288	0.982062780269058	1.0	0.995444796965561
GC_00003289	0.98326359832636	1.0	0.994476325929846
GC_00003290	0.986885245901639	1.0	0.994712628782479
GC_00003291	0.985994397759104	1.0	0.995637780804021
GC_00003292	0.986622073578595	1.0	0.996073869419805
GC_00003293	0.985221674876847	1.0	0.99540489495512
GC_00003294	0.972477064220184	1.0	0.988251078797549
GC_00003295	0.972093023255814	1.0	0.989410791433036
GC_00003296	0.85	1.0	0.94802371541502
GC_00003297	0.907563025210084	1.0	0.986664230909755
GC_00003298	0.991031390134529	1.0	0.996632340169092
GC_00003299	0.975206611570248	1.0	0.990886224806455
GC_00003300	0.975757575757576	1.0	0.990705473709426
GC_00003301	0.92156862745098	1.0	0.963961869332713
GC_00003302	0.969543147208122	1.0	0.988222547701691
GC_00003303	0.683229813664596	1.0	0.958338447941472
GC_00003304	0.981087470449173	1.0	0.992281744363151
GC_00003305	0.872340425531915	1.0	0.973018809744064
GC_00003306	0.948275862068966	1.0	0.973047567125528
GC_00003307	0.992079207920792	1.0	0.996290063788988
GC_00003308	0.730769230769231	1.0	0.937252964426877
GC_00003309	0.929203539823009	1.0	0.9678897478051
GC_00003310	0.664323374340949	1.0	0.966747014733566
GC_00003311	0.835294117647059	1.0	0.968859955049213
GC_00003312	0.989985693848355	1.0	0.995074838702381
GC_00003313	0.406976744186047	1.0	0.572525048258112
GC_00003314	0.784615384615385	1.0	0.955288190070799
GC_00003315	0.96969696969697	1.0	0.988741166606779
GC_00003316	0.926829268292683	1.0	0.958449821652367
GC_00003317	0.717703349282297	1.0	0.956975622671483
GC_00003318	0.976127320954907	1.0	0.99148677409547
GC_00003319	0.78125	1.0	0.91991930171278
GC_00003320	0.956164383561644	1.0	0.977242947641995
GC_00003321	0.0727272727272727	1.0	0.8799856270212
GC_00003322	0.931914893617021	1.0	0.975712723908839
GC_00003323	0.923766816143498	1.0	0.977737996065155
GC_00003324	0.733840304182509	1.0	0.948646658350742
GC_00003325	0.0106951871657754	1.0	0.728604341485067
GC_00003326	0.154522613065327	1.0	0.595561801100363
GC_00003327	0.660714285714286	1.0	0.913325804630152
GC_00003328	0.377049180327869	1.0	0.749195446985896
GC_00003329	0.958620689655172	1.0	0.980986779337604
GC_00003330	0.0177935943060498	1.0	0.8898344422095
GC_00003331	0.978915662650602	1.0	0.989797133196819
GC_00003332	0.952554744525547	1.0	0.982292778627275
GC_00003333	0.969135802469136	1.0	0.979974869467623
GC_00003334	0.417177914110429	1.0	0.869783457406824
GC_00003335	0.848184818481848	1.0	0.925057723163621
GC_00003336	0.893129770992366	1.0	0.962744772651842
GC_00003337	0.0966887417218543	1.0	0.53739758657697
GC_00003338	0.927461139896373	1.0	0.959347928485121
GC_00003339	0.834752981260647	1.0	0.931708762313903
GC_00003340	0.970666666666667	1.0	0.984263504611331
GC_00003341	0.895480225988701	1.0	0.974464616690114
GC_00003342	0.789855072463768	1.0	0.921378243684482
GC_00003343	0.936821322803554	1.0	0.964602460503572
GC_00003344	0.970464135021097	1.0	0.986666333116526
GC_00003345	0.903571428571429	1.0	0.970031055900621
GC_00003346	0.947189097103918	1.0	0.968756523085832
GC_00003347	0.854037267080745	1.0	0.941165639653352
GC_00003348	0.0499643112062812	1.0	0.741644167209757
GC_00003349	0.964125560538117	1.0	0.980449848455308
GC_00003350	0.0183574879227053	1.0	0.90372534417903
GC_00003351	0.941747572815534	1.0	0.973358532560727
GC_00003352	0.945652173913043	1.0	0.978293091596494
GC_00003353	0.936633663366337	1.0	0.978178687433961
GC_00003354	0.0298507462686567	1.0	0.87016498534993
GC_00003355	0.950904392764858	1.0	0.972924390517919
GC_00003356	0.872448979591837	1.0	0.932907154956844
GC_00003357	0.964143426294821	1.0	0.985496748185125
GC_00003358	1.0	1.0	1.0
GC_00003359	0.967741935483871	1.0	0.997067448680352
GC_00003360	0.875776397515528	1.0	0.988169180715765
GC_00003361	0.959183673469388	1.0	0.99443413729128
GC_00003362	0.948275862068966	1.0	0.993730407523511
GC_00003363	0.542372881355932	1.0	0.955462616479566
GC_00003364	0.921052631578947	1.0	0.971291866028708
GC_00003365	0.895833333333333	1.0	0.976641414141414
GC_00003366	0.865384615384615	1.0	0.956293706293706
GC_00003367	0.777777777777778	1.0	0.953944203944204
GC_00003368	0.99009900990099	1.0	0.995735287814496
GC_00003369	0.698818897637795	1.0	0.894169478815148
GC_00003370	0.7875	1.0	0.931168831168831
GC_00003371	0.777777777777778	1.0	0.958874458874459
GC_00003372	0.0138248847926267	1.0	0.745207173778602
GC_00003373	0.937007874015748	1.0	0.985035961413914
GC_00003374	0.791666666666667	1.0	0.94498556998557
GC_00003375	0.97212543554007	1.0	0.990037256587779
GC_00003376	0.461538461538462	1.0	0.94473581973582
GC_00003377	0.00277008310249307	1.0	0.808756340612296
GC_00003378	0.363636363636364	1.0	0.872792092043429
GC_00003379	0.142857142857143	1.0	0.669282106782107
GC_00003380	0.895522388059702	1.0	0.957291464754151
GC_00003381	0.941176470588235	1.0	0.974853577794754
GC_00003382	0.443786982248521	1.0	0.804477573708343
GC_00003383	0.51150895140665	1.0	0.710676365407823
GC_00003384	0.285714285714286	1.0	0.924092234296316
GC_00003385	0.893258426966292	1.0	0.943066296998881
GC_00003386	0.128888888888889	1.0	0.867340067340067
GC_00003387	0.946428571428571	1.0	0.976113172541744
GC_00003388	0.86046511627907	1.0	0.961475217289171
GC_00003389	0.749174917491749	1.0	0.964224993927964
GC_00003390	0.971252566735113	1.0	0.983981795070091
GC_00003391	0.934010152284264	1.0	0.983804689388445
GC_00003392	0.958199356913183	1.0	0.981542573182444
GC_00003393	0.863468634686347	1.0	0.949034360473475
GC_00003394	0.968627450980392	1.0	0.986656480774128
GC_00003395	0.95114006514658	1.0	0.980568833989029
GC_00003396	0.965217391304348	1.0	0.988079553296945
GC_00003397	0.0823341326938449	1.0	0.695343292465595
GC_00003398	0.967164179104478	1.0	0.984040834787103
GC_00003399	0.5662100456621	1.0	0.868054320109115
GC_00003400	0.933333333333333	1.0	0.966233766233766
GC_00003401	0.964102564102564	1.0	0.983986383986384
GC_00003402	0.686147186147186	1.0	0.951265905811361
GC_00003403	0.0165094339622642	1.0	0.900024503798089
GC_00003404	0.919463087248322	1.0	0.956419419506668
GC_00003405	0.964980544747082	1.0	0.981959674566678
GC_00003406	0.932584269662921	1.0	0.973539569045187
GC_00003407	0.0782865583456425	1.0	0.587823796095583
GC_00003408	0.881104033970276	1.0	0.981654580380695
GC_00003409	0.959016393442623	1.0	0.98152485037731
GC_00003410	0.911392405063291	1.0	0.951011014302154
GC_00003411	0.746192893401015	1.0	0.953303887314039
GC_00003412	0.953964194373402	1.0	0.974657056498489
GC_00003413	0.973947895791583	1.0	0.986726700153554
GC_00003414	0.899470899470899	1.0	0.97070478022859
GC_00003415	0.873831775700935	1.0	0.935732491807258
GC_00003416	0.65	1.0	0.91995670995671
GC_00003417	0.729508196721312	1.0	0.928766588602654
GC_00003418	0.78594249201278	1.0	0.950237196243586
GC_00003419	0.114355231143552	1.0	0.830315669731728
GC_00003420	0.772277227722772	1.0	0.926278342119927
GC_00003421	0.272727272727273	1.0	0.858508692733292
GC_00003422	1.0	1.0	1.0
GC_00003423	0.991379310344828	1.0	0.998440065681445
GC_00003424	0.963963963963964	1.0	0.994851994851995
GC_00003425	0.973684210526316	1.0	0.988721804511278
GC_00003426	0.936170212765957	1.0	0.984802431610942
GC_00003427	0.990521327014218	1.0	0.996434213495825
GC_00003428	0.0149700598802395	1.0	0.900627316794981
GC_00003429	0.767123287671233	1.0	0.943444227005871
GC_00003430	0.934782608695652	1.0	0.983781918564527
GC_00003431	0.0	1.0	0.890034689372438
GC_00003432	0.98019801980198	1.0	0.993965110796794
GC_00003433	0.957317073170732	1.0	0.99208768873403
GC_00003434	0.972972972972973	1.0	0.992192192192192
GC_00003435	0.74251497005988	1.0	0.887082976903336
GC_00003436	0.888888888888889	1.0	0.98079561042524
GC_00003437	0.47972972972973	1.0	0.721557271557272
GC_00003438	0.978723404255319	1.0	0.992806484295846
GC_00003439	0.982352941176471	1.0	0.995126050420168
GC_00003440	0.985734664764622	1.0	0.995638883228042
GC_00003441	0.965346534653465	1.0	0.988354549740688
GC_00003442	0.515789473684211	1.0	0.751203007518797
GC_00003443	0.928057553956835	1.0	0.965022267899966
GC_00003444	0.923076923076923	1.0	0.979020979020979
GC_00003445	0.135313531353135	1.0	0.836837969511237
GC_00003446	0.618055555555556	1.0	0.951289682539682
GC_00003447	0.977477477477477	1.0	0.98996138996139
GC_00003448	0.282442748091603	1.0	0.795456197746274
GC_00003449	0.854166666666667	1.0	0.919345238095238
GC_00003450	0.824911868390129	1.0	0.928090202003245
GC_00003451	0.745762711864407	1.0	0.933279526499865
GC_00003452	0.957178841309824	1.0	0.985702290991964
GC_00003453	0.517241379310345	1.0	0.827148330596606
GC_00003454	0.427631578947368	1.0	0.799310776942356
GC_00003455	0.801801801801802	1.0	0.94041184041184
GC_00003456	0.912144702842377	1.0	0.947729789590255
GC_00003457	0.943859649122807	1.0	0.970426065162907
GC_00003458	0.0544554455445545	1.0	0.451329561527581
GC_00003459	0.169934640522876	1.0	0.562340491752256
GC_00003460	0.963963963963964	1.0	0.981066781066781
GC_00003461	0.888475836431227	1.0	0.961143565232785
GC_00003462	0.975806451612903	1.0	0.985829493087558
GC_00003463	0.959259259259259	1.0	0.978677248677249
GC_00003464	0.817047817047817	1.0	0.944460944460944
GC_00003465	0.900900900900901	1.0	0.956456456456456
GC_00003466	0.671875	1.0	0.944097222222222
GC_00003467	0.448979591836735	1.0	0.824619371558147
GC_00003468	0.696750902527076	1.0	0.921643458827574
GC_00003469	0.867424242424242	1.0	0.926118326118326
GC_00003470	0.484162895927602	1.0	0.930898513251454
GC_00003471	0.924764890282132	1.0	0.985759068517689
GC_00003472	0.0610932475884244	1.0	0.629166879327651
GC_00003473	0.160883280757098	0.990536277602524	0.786630614390867
GC_00003474	0.992831541218638	1.0	0.998924731182796
GC_00003475	0.975609756097561	1.0	0.996469833119384
GC_00003476	0.981395348837209	1.0	0.99640146878825
GC_00003477	0.918918918918919	1.0	0.985490753911807
GC_00003478	0.655963302752294	1.0	0.962602607436021
GC_00003479	0.977443609022556	1.0	0.994143252869015
GC_00003480	0.988372093023256	1.0	0.996980824153407
GC_00003481	0.00234741784037559	1.0	0.890486780331109
GC_00003482	0.958677685950413	1.0	0.984688995215311
GC_00003483	0.58128078817734	1.0	0.799118485869847
GC_00003484	0.858333333333333	1.0	0.962456140350877
GC_00003485	0.549763033175355	1.0	0.789972561736094
GC_00003486	0.134357005758157	1.0	0.764370138397818
GC_00003487	0.84375	1.0	0.936513157894737
GC_00003488	0.928571428571429	1.0	0.971193609022556
GC_00003489	0.987933634992459	1.0	0.995236961181234
GC_00003490	0.281767955801105	1.0	0.919860424542018
GC_00003491	0.0109717868338558	1.0	0.77318099323544
GC_00003492	0.948275862068966	1.0	0.971052631578947
GC_00003493	0.918367346938776	1.0	0.971643394199785
GC_00003494	0.952380952380952	1.0	0.979018976011457
GC_00003495	0.954853273137698	1.0	0.991956754187953
GC_00003496	0.50997150997151	1.0	0.788813915129705
GC_00003497	0.82089552238806	1.0	0.938256087981147
GC_00003498	0.978201634877384	1.0	0.991653520722788
GC_00003499	0.915254237288136	1.0	0.954415700267618
GC_00003500	0.963302752293578	1.0	0.978223080637373
GC_00003501	0.0285714285714286	1.0	0.546432748538012
GC_00003502	0.474358974358974	1.0	0.719959514170041
GC_00003503	0.263392857142857	1.0	0.898927005012531
GC_00003504	0.825221238938053	1.0	0.914834653004192
GC_00003505	0.223880597014925	1.0	0.638864886095837
GC_00003506	0.979695431472081	1.0	0.989780924392199
GC_00003507	0.978208232445521	1.0	0.988823754301007
GC_00003508	0.464788732394366	1.0	0.912713120830245
GC_00003509	0.881578947368421	1.0	0.941343490304709
GC_00003510	0.420289855072464	1.0	0.75812356979405
GC_00003511	0.546099290780142	1.0	0.84789100410601
GC_00003512	0.896174863387978	1.0	0.970348001150417
GC_00003513	0.0098159509202454	1.0	0.883810138844042
GC_00003514	0.907348242811502	1.0	0.962401210694468
GC_00003515	0.933333333333333	1.0	0.992982456140351
GC_00003516	0.952380952380952	1.0	0.990392648287385
GC_00003517	0.903225806451613	1.0	0.977551405395209
GC_00003518	0.0276243093922652	1.0	0.662821879745404
GC_00003519	0.968253968253968	1.0	0.987994678053157
GC_00003520	0.461538461538462	1.0	0.776980329611909
GC_00003521	0.225409836065574	1.0	0.789545585274662
GC_00003522	0.956873315363881	1.0	0.973471414385019
GC_00003523	0.949868073878628	1.0	0.968414880649292
GC_00003524	0.838842975206612	1.0	0.966386351553816
GC_00003525	0.0507246376811594	1.0	0.830176286125943
GC_00003526	0.980337078651685	1.0	0.991523753203233
GC_00003527	0.899053627760252	1.0	0.96619440293689
GC_00003528	0.939024390243902	1.0	0.969452764703086
GC_00003529	0.895652173913044	1.0	0.956013221459446
GC_00003530	0.79222972972973	1.0	0.944098703967125
GC_00003531	0.959580838323353	1.0	0.972747487481178
GC_00003532	0.855191256830601	1.0	0.966158565813441
GC_00003533	0.960334029227557	1.0	0.973385098096668
GC_00003534	0.933774834437086	1.0	0.965570659540684
GC_00003535	0.767195767195767	1.0	0.949627154305517
GC_00003536	0.428571428571429	1.0	0.72010153589101
GC_00003537	0.1625	1.0	0.739912280701754
GC_00003538	1.0	1.0	1.0
GC_00003539	0.9	1.0	0.98562091503268
GC_00003540	0.514705882352941	1.0	0.89677047289504
GC_00003541	0.137980085348506	1.0	0.634898055950688
GC_00003542	0.807692307692308	1.0	0.939039718451483
GC_00003543	0.170149253731343	1.0	0.723246512535362
GC_00003544	0.189542483660131	1.0	0.76160878294673
GC_00003545	0.74375	1.0	0.922753267973856
GC_00003546	0.003690036900369	1.0	0.77334008634204
GC_00003547	0.145945945945946	1.0	0.621780604133545
GC_00003548	0.22508038585209	1.0	0.868944791206944
GC_00003549	0.16356720202874	1.0	0.787606561362217
GC_00003550	0.364864864864865	1.0	0.539304009892245
GC_00003551	0.146666666666667	1.0	0.558736383442266
GC_00003552	0.978365384615385	1.0	0.988954876822524
GC_00003553	0.903846153846154	1.0	0.961287078934138
GC_00003554	0.969325153374233	1.0	0.982747904887927
GC_00003555	0.595463137996219	1.0	0.808628933615034
GC_00003556	0.0760233918128655	1.0	0.855215380499178
GC_00003557	0.0642201834862385	1.0	0.707336451400132
GC_00003558	0.2171581769437	1.0	0.654418335698891
GC_00003559	0.0253456221198157	1.0	0.768395530255113
GC_00003560	0.886168910648715	1.0	0.953336373309013
GC_00003561	0.92625	1.0	0.969052287581699
GC_00003562	0.888888888888889	1.0	0.967205595688568
GC_00003563	0.950787401574803	1.0	0.986580721527456
GC_00003564	0.0613496932515337	1.0	0.859577368779823
GC_00003565	0.910714285714286	1.0	0.948762838468721
GC_00003566	0.945205479452055	1.0	0.97730325006715
GC_00003567	0.0638297872340425	1.0	0.819357530246141
GC_00003568	1.0	1.0	1.0
GC_00003569	0.98989898989899	1.0	0.998811645870469
GC_00003570	0.968	1.0	0.992941176470588
GC_00003571	0.985815602836879	1.0	0.997549019607843
GC_00003572	0.98	1.0	0.995294117647059
GC_00003573	0.981481481481482	1.0	0.99605119825708
GC_00003574	0.988472622478386	1.0	0.997711476521444
GC_00003575	0.989473684210526	1.0	0.997626418988648
GC_00003576	0.988461538461539	1.0	0.997341628959276
GC_00003577	0.986842105263158	1.0	0.996323529411765
GC_00003578	0.976744186046512	1.0	0.993958048335613
GC_00003579	0.985380116959064	1.0	0.997162022703818
GC_00003580	0.977272727272727	1.0	0.993426916221034
GC_00003581	0.826229508196721	1.0	0.910559305689489
GC_00003582	0.984674329501916	1.0	0.995717827360829
GC_00003583	0.0099290780141844	1.0	0.881080517313308
GC_00003584	0.987394957983193	1.0	0.995983687592684
GC_00003585	0.10655737704918	1.0	0.843016714882674
GC_00003586	0.977777777777778	1.0	0.99069884364002
GC_00003587	0.900216919739696	1.0	0.950555059333929
GC_00003588	0.884615384615385	1.0	0.943891402714932
GC_00003589	0.978260869565217	1.0	0.991432225063939
GC_00003590	0.875776397515528	1.0	0.958234380708805
GC_00003591	0.951612903225806	1.0	0.98155834914611
GC_00003592	0.0942028985507246	1.0	0.855818414322251
GC_00003593	0.69375	1.0	0.955376838235294
GC_00003594	0.945054945054945	1.0	0.981577246283129
GC_00003595	0.982062780269058	1.0	0.991558955420733
GC_00003596	0.992764109985528	1.0	0.996977951817485
GC_00003597	0.970802919708029	1.0	0.985079433233147
GC_00003598	0.989417989417989	1.0	0.995292561469032
GC_00003599	0.838297872340426	1.0	0.911983729662078
GC_00003600	0.945578231292517	1.0	0.981292517006803
GC_00003601	0.956666666666667	1.0	0.981691176470588
GC_00003602	0.351906158357771	1.0	0.866935483870968
GC_00003603	0.968253968253968	1.0	0.985585901027078
GC_00003604	0.980952380952381	1.0	0.992647058823529
GC_00003605	0.805755395683453	1.0	0.887977853011708
GC_00003606	0.0	1.0	0.859834558823529
GC_00003607	0.89622641509434	1.0	0.951165371809101
GC_00003608	0.954248366013072	1.0	0.979430988081507
GC_00003609	0.841059602649007	1.0	0.914004674717569
GC_00003610	0.20125786163522	1.0	0.829541250462449
GC_00003611	0.523297491039427	1.0	0.778014969428632
GC_00003612	0.779411764705882	1.0	0.934553416955017
GC_00003613	0.55868544600939	1.0	0.806545153272577
GC_00003614	0.593023255813954	1.0	0.84749772001824
GC_00003615	0.921832884097035	1.0	0.950174409386396
GC_00003616	0.958549222797927	1.0	0.971172406786549
GC_00003617	0.963302752293578	1.0	0.979155423637345
GC_00003618	0.902255639097744	1.0	0.963097080937638
GC_00003619	0.9	1.0	0.952365728900256
GC_00003620	0.140115163147793	1.0	0.686420345489443
GC_00003621	0.977116704805492	1.0	0.987851662404092
GC_00003622	0.54375	1.0	0.920726102941177
GC_00003623	0.277871621621622	1.0	0.770624254769475
GC_00003624	0.5	1.0	0.817946623093682
GC_00003625	0.0159817351598174	1.0	0.514571582057481
GC_00003626	0.958620689655172	1.0	0.982378296146045
GC_00003627	0.0623306233062331	1.0	0.867886178861789
GC_00003628	0.948275862068966	1.0	0.978321501014199
GC_00003629	0.580357142857143	1.0	0.82750131302521
GC_00003630	0.463878326996198	1.0	0.81396779244017
GC_00003631	1.0	1.0	1.0
GC_00003632	0.988636363636364	1.0	0.998579545454545
GC_00003633	0.978723404255319	1.0	0.996187943262411
GC_00003634	0.847058823529412	1.0	0.941960784313726
GC_00003635	0.959183673469388	1.0	0.986451247165533
GC_00003636	0.554054054054054	1.0	0.762162162162162
GC_00003637	0.942857142857143	1.0	0.984166666666667
GC_00003638	0.452196382428941	1.0	0.924763135228252
GC_00003639	0.979452054794521	1.0	0.991780821917808
GC_00003640	0.950413223140496	1.0	0.980509641873278
GC_00003641	0.0714285714285714	1.0	0.844717261904762
GC_00003642	0.768261964735516	1.0	0.920591939546599
GC_00003643	0.0648379052369077	1.0	0.822984206151288
GC_00003644	0.970059880239521	1.0	0.986077844311377
GC_00003645	0.971098265895954	1.0	0.985308285163777
GC_00003646	0.795302013422819	1.0	0.936297539149888
GC_00003647	0.81021897810219	1.0	0.952311435523115
GC_00003648	0.951219512195122	1.0	0.978252032520325
GC_00003649	0.924731182795699	1.0	0.97410394265233
GC_00003650	0.922077922077922	1.0	0.969372294372294
GC_00003651	0.912280701754386	1.0	0.970394736842105
GC_00003652	0.970786516853933	1.0	0.989007490636704
GC_00003653	0.931818181818182	1.0	0.958658008658009
GC_00003654	0.445402298850575	1.0	0.740110153256705
GC_00003655	0.533527696793003	1.0	0.929956268221574
GC_00003656	0.512820512820513	1.0	0.915527065527066
GC_00003657	0.96078431372549	1.0	0.982734204793028
GC_00003658	0.0740740740740741	1.0	0.532644824311491
GC_00003659	0.979094076655052	1.0	0.988646922183507
GC_00003660	0.299363057324841	1.0	0.765392781316348
GC_00003661	0.831521739130435	1.0	0.936730072463768
GC_00003662	0.918181818181818	1.0	0.959015151515151
GC_00003663	0.215384615384615	1.0	0.636794871794872
GC_00003664	0.975862068965517	1.0	0.988764367816092
GC_00003665	0.953051643192488	1.0	0.974843505477308
GC_00003666	0.522012578616352	1.0	0.880974842767296
GC_00003667	0.0245398773006135	1.0	0.810659509202454
GC_00003668	0.867961165048544	1.0	0.946909385113269
GC_00003669	0.956521739130435	1.0	0.972800207039338
GC_00003670	0.920529801324503	1.0	0.950883002207506
GC_00003671	0.945833333333333	1.0	0.977326388888889
GC_00003672	0.0681038706516413	0.931651151396374	0.497836028090805
GC_00003673	0.0281124497991968	1.0	0.793880283036909
GC_00003674	0.688311688311688	1.0	0.883982683982684
GC_00003675	0.910958904109589	1.0	0.979843444227006
GC_00003676	0.535603715170279	1.0	0.741530296329058
GC_00003677	0.923076923076923	1.0	0.971184371184371
GC_00003678	0.982954545454545	1.0	0.994264069264069
GC_00003679	0.510280373831776	1.0	0.752398753894081
GC_00003680	0.369230769230769	1.0	0.745494505494505
GC_00003681	0.973282442748092	1.0	0.989821882951654
GC_00003682	0.584686774941995	1.0	0.871483813943211
GC_00003683	0.986149584487535	1.0	0.992824165677351
GC_00003684	0.790849673202614	1.0	0.941176470588235
GC_00003685	0.834928229665072	1.0	0.915971747550695
GC_00003686	0.0144927536231884	1.0	0.855703440796608
GC_00003687	0.917748917748918	1.0	0.950525664811379
GC_00003688	0.461538461538462	1.0	0.903800366300366
GC_00003689	0.971518987341772	1.0	0.988336347197107
GC_00003690	0.494791666666667	1.0	0.849751984126984
GC_00003691	0.155015197568389	1.0	0.835026776668114
GC_00003692	0.853741496598639	1.0	0.925170068027211
GC_00003693	0.825	1.0	0.906428571428572
GC_00003694	0.92022792022792	1.0	0.964672364672365
GC_00003695	0.602564102564103	1.0	0.863980463980464
GC_00003696	0.143459915611814	1.0	0.592123769338959
GC_00003697	0.861189801699717	1.0	0.918089842169162
GC_00003698	0.00826446280991736	1.0	0.525226288862652
GC_00003699	0.405405405405405	1.0	0.700772200772201
GC_00003700	0.0701754385964912	1.0	0.720857699805068
GC_00003701	0.0228245363766049	1.0	0.843651925820257
GC_00003702	0.950354609929078	1.0	0.972441742654509
GC_00003703	0.14792899408284	1.0	0.781515919977458
GC_00003704	0.417808219178082	1.0	0.789432485322896
GC_00003705	0.558441558441558	1.0	0.936920222634508
GC_00003706	0.981515711645102	1.0	0.995185960065812
GC_00003707	0.635294117647059	1.0	0.854298642533937
GC_00003708	0.0308641975308642	1.0	0.806267806267806
GC_00003709	0.0113314447592068	1.0	0.599041185443452
GC_00003710	0.513157894736842	1.0	0.797643146327357
GC_00003711	0.920152091254753	1.0	0.961057953453391
GC_00003712	0.863013698630137	1.0	0.966151265564181
GC_00003713	0.375394321766562	1.0	0.714840364682636
GC_00003714	0.948717948717949	1.0	0.970695970695971
GC_00003715	0.567796610169492	1.0	0.833116036505867
GC_00003716	0.0213675213675214	1.0	0.746172630788015
GC_00003717	0.112810707456979	1.0	0.595654823188284
GC_00003718	0.688888888888889	1.0	0.861172161172161
GC_00003719	0.947236180904523	1.0	0.980147992710807
GC_00003720	0.281553398058252	1.0	0.61421103168676
GC_00003721	0.554022988505747	1.0	0.884754326133637
GC_00003722	0.195448460508701	1.0	0.767016785089074
GC_00003723	0.771428571428571	1.0	0.900470957613815
GC_00003724	0.884210526315789	1.0	0.935415461731251
GC_00003725	0.933150183150183	1.0	0.969035543211367
GC_00003726	0.928753180661578	1.0	0.977322931521405
GC_00003727	0.871794871794872	1.0	0.936836667605898
GC_00003728	0.85519801980198	1.0	0.901792514416277
GC_00003729	0.955555555555556	1.0	0.978184778184778
GC_00003730	0.993865030674847	1.0	0.999056158565361
GC_00003731	0.955752212389381	1.0	0.982981620149762
GC_00003732	0.976	1.0	0.990358974358974
GC_00003733	0.291139240506329	1.0	0.755274261603375
GC_00003734	0.630952380952381	1.0	0.867673992673993
GC_00003735	0.477477477477477	1.0	0.782282282282282
GC_00003736	0.527027027027027	1.0	0.908004158004158
GC_00003737	0.470588235294118	1.0	0.832579185520362
GC_00003738	0.0845070422535211	1.0	0.647165041531239
GC_00003739	0.346153846153846	1.0	0.758276979430826
GC_00003740	0.670588235294118	1.0	0.869532428355958
GC_00003741	0.666666666666667	1.0	0.838578088578089
GC_00003742	0.514563106796116	1.0	0.751680358476475
GC_00003743	0.365413533834586	1.0	0.703103913630229
GC_00003744	0.0026246719160105	1.0	0.840534356282388
GC_00003745	0.962406015037594	1.0	0.981492192018508
GC_00003746	0.601307189542484	1.0	0.904642198759846
GC_00003747	0.453703703703704	1.0	0.890432098765432
GC_00003748	0.445544554455446	1.0	0.764661081492765
GC_00003749	0.476190476190476	1.0	0.645706145706146
GC_00003750	0.489263803680982	1.0	0.84106103507944
GC_00003751	0.0437017994858612	1.0	0.668050886559884
GC_00003752	0.665271966527197	1.0	0.899367020705933
GC_00003753	0.0616438356164384	1.0	0.746224095539164
GC_00003754	0.681388012618297	1.0	0.852624767451266
GC_00003755	0.122905027932961	1.0	0.774172754619682
GC_00003756	0.819188191881919	1.0	0.96234270035008
GC_00003757	0.813432835820896	1.0	0.917814772292384
GC_00003758	0.0315789473684211	1.0	0.827665317139001
GC_00003759	0.966463414634146	1.0	0.981746404002501
GC_00003760	0.966101694915254	1.0	0.980551933941764
GC_00003761	0.758620689655172	1.0	0.901414677276746
GC_00003762	0.886363636363636	1.0	0.955346736596737
GC_00003763	0.957403651115619	1.0	0.99290060851927
GC_00003764	0.151943462897526	1.0	0.812613770210943
GC_00003765	0.992277992277992	1.0	0.998712998712999
GC_00003766	0.993243243243243	1.0	0.998566748566748
GC_00003767	0.923076923076923	1.0	0.985166348802712
GC_00003768	0.953488372093023	1.0	0.98661028893587
GC_00003769	0.982456140350877	1.0	0.995303916356548
GC_00003770	0.993975903614458	1.0	0.997581234027017
GC_00003771	0.968421052631579	1.0	0.987240829346093
GC_00003772	0.970059880239521	1.0	0.989838504808565
GC_00003773	0.990228013029316	1.0	0.996249136314283
GC_00003774	0.731578947368421	1.0	0.850079744816587
GC_00003775	0.977011494252874	1.0	0.990160222918843
GC_00003776	0.376923076923077	1.0	0.656468531468532
GC_00003777	0.69281045751634	1.0	0.880768469003763
GC_00003778	0.972789115646258	1.0	0.990105132962276
GC_00003779	0.0053475935828877	1.0	0.808499432830984
GC_00003780	0.816753926701571	1.0	0.94597810566397
GC_00003781	0.987679671457906	1.0	0.99446207454421
GC_00003782	0.939068100358423	1.0	0.975344846312588
GC_00003783	0.965357967667437	1.0	0.985198404366995
GC_00003784	0.9921875	1.0	0.996863162878788
GC_00003785	0.597402597402597	1.0	0.789452971271153
GC_00003786	0.854838709677419	1.0	0.951857282502444
GC_00003787	0.533333333333333	1.0	0.865782828282828
GC_00003788	0.971428571428571	1.0	0.985822510822511
GC_00003789	0.960199004975124	1.0	0.980325644504749
GC_00003790	0.334710743801653	1.0	0.566178312046081
GC_00003791	0.140350877192982	1.0	0.777711323763955
GC_00003792	0.675324675324675	1.0	0.875836284927194
GC_00003793	0.139442231075697	1.0	0.635578896535072
GC_00003794	0.117647058823529	1.0	0.541146761734997
GC_00003795	0.771428571428571	1.0	0.949393939393939
GC_00003796	0.973140495867769	1.0	0.985912847483095
GC_00003797	0.978181818181818	1.0	0.990798898071626
GC_00003798	0.0275862068965517	1.0	0.776436781609195
GC_00003799	0.238181818181818	1.0	0.50801652892562
GC_00003800	0.942567567567568	1.0	0.975737100737101
GC_00003801	0.970326409495549	1.0	0.98444384497797
GC_00003802	0.9931330472103	1.0	0.996033294316556
GC_00003803	0.192488262910798	1.0	0.430857874519846
GC_00003804	0.856459330143541	1.0	0.954617949833261
GC_00003805	0.900804289544236	1.0	0.976602485985864
GC_00003806	0.121621621621622	1.0	0.706490581490582
GC_00003807	0.4775	1.0	0.834242424242424
GC_00003808	0.96421052631579	1.0	0.981722488038278
GC_00003809	0.982968369829684	1.0	0.989014229890142
GC_00003810	0.990909090909091	1.0	0.993991046831956
GC_00003811	0.817460317460317	1.0	0.914141414141414
GC_00003812	0.832402234636871	1.0	0.913153885220924
GC_00003813	0.987577639751553	1.0	0.993647656691135
GC_00003814	0.113636363636364	1.0	0.628591105863833
GC_00003815	0.991496598639456	1.0	0.996366728509586
GC_00003816	0.56	1.0	0.723787878787879
GC_00003817	0.966966966966967	1.0	0.981572481572482
GC_00003818	0.852348993288591	1.0	0.923530608094366
GC_00003819	0.979411764705882	1.0	0.988814616755793
GC_00003820	0.123412569195702	1.0	0.589833535616668
GC_00003821	0.491935483870968	1.0	0.891739980449658
GC_00003822	0.96	1.0	0.975454545454545
GC_00003823	0.922077922077922	1.0	0.957300275482094
GC_00003824	0.0348383500557414	1.0	0.613408330799635
GC_00003825	0.561797752808989	1.0	0.889070480081716
GC_00003826	0.660714285714286	1.0	0.926136363636363
GC_00003827	0.561643835616438	1.0	0.732503113325031
GC_00003828	0.727891156462585	1.0	0.831663574520717
GC_00003829	0.986577181208054	1.0	0.993410616229408
GC_00003830	0.721153846153846	1.0	0.85472027972028
GC_00003831	0.952054794520548	1.0	0.976338729763387
GC_00003832	0.903225806451613	1.0	0.960410557184751
GC_00003833	0.960548885077187	1.0	0.988741618587245
GC_00003834	0.962616822429907	1.0	0.979864061172472
GC_00003835	0.935483870967742	1.0	0.971652003910069
GC_00003836	0.884758364312268	1.0	0.943562014193985
GC_00003837	0.96875	1.0	0.983522727272727
GC_00003838	0.774744027303754	1.0	0.8798014272417
GC_00003839	0.881720430107527	1.0	0.952492668621701
GC_00003840	0.955696202531646	1.0	0.980437284234753
GC_00003841	0.522522522522523	1.0	0.774774774774775
GC_00003842	0.925925925925926	1.0	0.967869167869168
GC_00003843	0.9	1.0	0.943636363636364
GC_00003844	0.574561403508772	1.0	0.811244019138756
GC_00003845	0.900662251655629	1.0	0.97049969897652
GC_00003846	0.98705035971223	1.0	0.99141922825376
GC_00003847	0.0472222222222222	1.0	0.529191919191919
GC_00003848	0.152542372881356	1.0	0.459441876391029
GC_00003849	0.0272952853598015	1.0	0.442454319873675
GC_00003850	0.401891252955083	1.0	0.636148721255104
GC_00003851	0.874558303886926	1.0	0.927658207516865
GC_00003852	0.755868544600939	1.0	0.838241570635937
GC_00003853	0.627329192546584	1.0	0.80240918501788
GC_00003854	0.616822429906542	1.0	0.8053525913339
GC_00003855	0.593023255813954	1.0	0.757505285412262
GC_00003856	0.728682170542636	1.0	0.842424242424243
GC_00003857	0.482704402515723	1.0	0.832904516866781
GC_00003858	0.738738738738739	1.0	0.86961506961507
GC_00003859	0.83879781420765	1.0	0.939244908097367
GC_00003860	0.684713375796178	1.0	0.806485234510712
GC_00003861	0.866666666666667	1.0	0.916094276094276
GC_00003862	0.858227848101266	1.0	0.943245109321059
GC_00003863	0.927392739273927	1.0	0.968466846684669
GC_00003864	0.591304347826087	1.0	0.896442687747036
GC_00003865	0.973509933774834	1.0	0.980192655027092
GC_00003866	0.75	1.0	0.85633608815427
GC_00003867	0.974285714285714	1.0	0.988467532467532
GC_00003868	0.727891156462585	1.0	0.829313543599258
GC_00003869	0.925837320574163	1.0	0.955589386689865
GC_00003870	0.968468468468468	1.0	0.983783783783784
GC_00003871	0.0482866043613707	1.0	0.721212121212121
GC_00003872	0.825396825396825	1.0	0.89004329004329
GC_00003873	0.48	1.0	0.893090909090909
GC_00003874	0.134920634920635	1.0	0.782828282828283
GC_00003875	0.74954954954955	1.0	0.823652743652743
GC_00003876	0.385964912280702	1.0	0.610845295055821
GC_00003877	0.0287206266318538	1.0	0.400047472110135
GC_00003878	0.877245508982036	1.0	0.96984213391399
GC_00003879	0.533254156769596	1.0	0.886136903476571
GC_00003880	0.0334224598930481	1.0	0.734880894506563
GC_00003881	0.395577395577396	1.0	0.875809693991512
GC_00003882	0.0212389380530973	1.0	0.608270313757039
GC_00003883	0.94921875	1.0	0.966903409090909
GC_00003884	0.858757062146893	1.0	0.907960965588084
GC_00003885	0.746192893401015	1.0	0.851315182279649
GC_00003886	0.943699731903485	1.0	0.978064830611747
GC_00003887	0.0626631853785901	0.997389033942559	0.803465464039877
GC_00003888	0.972010178117048	0.994910941475827	0.984501503585473
GC_00003889	0.645833333333333	0.996794871794872	0.909294871794872
GC_00003890	1.0	1.0	1.0
GC_00003891	0.989795918367347	1.0	0.997959183673469
GC_00003892	0.944444444444444	1.0	0.980246913580247
GC_00003893	0.98125	1.0	0.995277777777778
GC_00003894	0.991549295774648	1.0	0.997871674491393
GC_00003895	0.605839416058394	1.0	0.855961070559611
GC_00003896	0.972776769509982	1.0	0.989231699939504
GC_00003897	0.926640926640927	1.0	0.96010296010296
GC_00003898	0.0525	1.0	0.797277777777778
GC_00003899	0.403755868544601	1.0	0.849191444966093
GC_00003900	0.00857142857142857	1.0	0.64615873015873
GC_00003901	0.615384615384615	1.0	0.787627187627188
GC_00003902	0.923076923076923	1.0	0.963797313797314
GC_00003903	0.956043956043956	1.0	0.976068376068376
GC_00003904	0.944591029023747	1.0	0.973145705071827
GC_00003905	0.84	1.0	0.928444444444445
GC_00003906	0.977941176470588	1.0	0.991830065359477
GC_00003907	0.789473684210526	1.0	0.932163742690059
GC_00003908	0.553846153846154	1.0	0.731623931623932
GC_00003909	0.96969696969697	1.0	0.983299663299663
GC_00003910	0.544117647058823	1.0	0.713725490196078
GC_00003911	0.54228855721393	1.0	0.834162520729685
GC_00003912	0.961722488038278	1.0	0.980435938330675
GC_00003913	0.967418546365915	1.0	0.986577554998608
GC_00003914	0.982046678635548	1.0	0.988629563135847
GC_00003915	0.551532033426184	1.0	0.836397400185701
GC_00003916	0.943775100401606	1.0	0.972155287817938
GC_00003917	0.9453125	1.0	0.982465277777778
GC_00003918	0.843333333333333	1.0	0.946518518518519
GC_00003919	0.0765864332603939	1.0	0.614053002674447
GC_00003920	0.0459363957597173	1.0	0.51747153513938
GC_00003921	0.888888888888889	1.0	0.946090534979424
GC_00003922	0.964247020585049	1.0	0.979944625015048
GC_00003923	0.893103448275862	1.0	0.958697318007663
GC_00003924	0.543307086614173	1.0	0.82992125984252
GC_00003925	0.62015503875969	1.0	0.767097329888027
GC_00003926	0.976109215017065	1.0	0.987561623056504
GC_00003927	0.0443037974683544	1.0	0.734739803094233
GC_00003928	0.0708041958041958	1.0	0.783216783216783
GC_00003929	0.552941176470588	1.0	0.803660130718954
GC_00003930	0.456521739130435	1.0	0.68652428171879
GC_00003931	0.901960784313726	1.0	0.941830065359477
GC_00003932	0.975609756097561	1.0	0.986901535682023
GC_00003933	0.867424242424242	1.0	0.908333333333333
GC_00003934	0.5	1.0	0.659173126614987
GC_00003935	0.898936170212766	1.0	0.958668242710796
GC_00003936	0.960474308300395	1.0	0.969301712779973
GC_00003937	0.957692307692308	1.0	0.977435897435898
GC_00003938	0.118858954041204	0.996830427892235	0.505699360216001
GC_00003939	0.141955835962145	0.990536277602524	0.671363477041711
GC_00003940	0.0356234096692112	0.969465648854962	0.410517387616624
GC_00003941	0.0337552742616034	0.989451476793249	0.475410220346929
GC_00003942	0.960975609756098	1.0	0.991327913279133
GC_00003943	0.492424242424242	1.0	0.887205387205387
GC_00003944	0.997402597402597	1.0	0.9994227994228
GC_00003945	0.908496732026144	1.0	0.979665940450254
GC_00003946	0.987341772151899	1.0	0.99507735583685
GC_00003947	0.972527472527473	1.0	0.988400488400489
GC_00003948	0.945652173913043	1.0	0.979468599033817
GC_00003949	0.977011494252874	1.0	0.988026819923372
GC_00003950	0.938775510204082	1.0	0.980725623582766
GC_00003951	0.984962406015038	1.0	0.992898913951545
GC_00003952	0.652173913043478	1.0	0.851851851851852
GC_00003953	0.949771689497717	1.0	0.97716894977169
GC_00003954	0.979716024340771	1.0	0.990984899707009
GC_00003955	0.516034985422741	1.0	0.809847748623259
GC_00003956	0.966101694915254	1.0	0.983804143126177
GC_00003957	0.0221518987341772	1.0	0.66587552742616
GC_00003958	0.988888888888889	1.0	0.993055555555556
GC_00003959	0.162037037037037	1.0	0.798868312757202
GC_00003960	0.989290495314592	1.0	0.993604045812881
GC_00003961	0.929359823399558	1.0	0.977557027225901
GC_00003962	0.575609756097561	1.0	0.779132791327913
GC_00003963	0.899328859060403	1.0	0.949291573452647
GC_00003964	0.661971830985915	1.0	0.809859154929577
GC_00003965	0.359375	1.0	0.646267361111111
GC_00003966	0.617073170731707	1.0	0.897764227642277
GC_00003967	0.973429951690821	1.0	0.983762748255502
GC_00003968	0.972809667673716	1.0	0.987076200067137
GC_00003969	0.970391595033429	1.0	0.978005942905657
GC_00003970	0.948051948051948	1.0	0.976551226551227
GC_00003971	0.82122905027933	1.0	0.924968963376785
GC_00003972	0.975757575757576	1.0	0.987542087542087
GC_00003973	0.870622568093385	1.0	0.949092088197146
GC_00003974	0.873913043478261	1.0	0.96304347826087
GC_00003975	0.0485651214128035	1.0	0.582781456953642
GC_00003976	0.0412371134020619	1.0	0.741480526918671
GC_00003977	0.151079136690647	1.0	0.485211830535571
GC_00003978	0.695906432748538	1.0	0.835282651072125
GC_00003979	0.276923076923077	1.0	0.624529914529915
GC_00003980	0.182089552238806	1.0	0.670729684908789
GC_00003981	0.842105263157895	1.0	0.922027290448343
GC_00003982	0.902912621359223	1.0	0.934196332254585
GC_00003983	0.115789473684211	0.984210526315789	0.579970760233918
GC_00003984	0.928205128205128	1.0	0.95014245014245
GC_00003985	0.533333333333333	1.0	0.714351851851852
GC_00003986	0.280887011615628	0.998944033790919	0.681244866830928
GC_00003987	0.0199556541019956	0.968957871396896	0.484294161123429
GC_00003988	0.167664670658683	0.997005988023952	0.477212242182302
GC_00003989	1.0	1.0	1.0
GC_00003990	1.0	1.0	1.0
GC_00003991	1.0	1.0	1.0
GC_00003992	1.0	1.0	1.0
GC_00003993	0.997524752475248	1.0	0.998939179632249
GC_00003994	0.993311036789298	1.0	0.997133301481128
GC_00003995	0.991869918699187	1.0	0.997967479674797
GC_00003996	0.991228070175439	1.0	0.996240601503759
GC_00003997	0.998171846435101	1.0	0.999216505615043
GC_00003998	0.993589743589744	1.0	0.996565934065934
GC_00003999	0.976588628762542	1.0	0.987458193979933
GC_00004000	0.983050847457627	1.0	0.9909200968523
GC_00004001	0.995744680851064	1.0	0.997720364741641
GC_00004002	0.99079754601227	1.0	0.995070113935145
GC_00004003	0.974358974358974	1.0	0.987125619478561
GC_00004004	0.95959595959596	1.0	0.98538961038961
GC_00004005	0.697916666666667	1.0	0.922991071428572
GC_00004006	0.960526315789474	1.0	0.979793233082707
GC_00004007	0.9625	1.0	0.981696428571429
GC_00004008	0.990384615384615	1.0	0.994619963369964
GC_00004009	0.997828447339848	1.0	0.999146890026369
GC_00004010	0.981707317073171	1.0	0.99324912891986
GC_00004011	0.96709323583181	1.0	0.983611909114652
GC_00004012	0.56441717791411	1.0	0.749196611159801
GC_00004013	0.996190476190476	1.0	0.998503401360544
GC_00004014	0.96969696969697	1.0	0.989538239538239
GC_00004015	0.535714285714286	1.0	0.818877551020408
GC_00004016	0.736434108527132	1.0	0.929678848283499
GC_00004017	0.0557491289198606	1.0	0.580637132901941
GC_00004018	0.807432432432432	1.0	0.941964285714286
GC_00004019	0.95	1.0	0.97775974025974
GC_00004020	0.944444444444444	1.0	0.966269841269841
GC_00004021	0.489795918367347	1.0	0.730685131195335
GC_00004022	0.982758620689655	1.0	0.991133004926108
GC_00004023	0.326139088729017	1.0	0.808581706063721
GC_00004024	0.567961165048544	1.0	0.888869625520111
GC_00004025	0.994708994708995	1.0	0.997448979591837
GC_00004026	0.17	1.0	0.510803571428571
GC_00004027	0.967164179104478	1.0	0.982409381663113
GC_00004028	0.415441176470588	1.0	0.639968487394958
GC_00004029	0.938848920863309	1.0	0.978802672147996
GC_00004030	0.00520833333333333	1.0	0.571800595238095
GC_00004031	0.721590909090909	1.0	0.83786525974026
GC_00004032	0.75	1.0	0.861607142857143
GC_00004033	0.947368421052632	1.0	0.977913533834586
GC_00004034	0.147859922178988	1.0	0.512506948304614
GC_00004035	0.96042216358839	1.0	0.974934036939314
GC_00004036	0.933143669985775	1.0	0.969619995935785
GC_00004037	0.784615384615385	1.0	0.879120879120879
GC_00004038	0.770212765957447	1.0	0.870592705167173
GC_00004039	0.0486725663716814	1.0	0.544405815423515
GC_00004040	0.946808510638298	1.0	0.97403748733536
GC_00004041	0.545454545454545	1.0	0.731240981240981
GC_00004042	0.727598566308244	1.0	0.833845366103431
GC_00004043	0.010989010989011	1.0	0.548011512297227
GC_00004044	0.97737556561086	1.0	0.987394957983193
GC_00004045	0.5	1.0	0.75187969924812
GC_00004046	0.13109756097561	1.0	0.420078397212544
GC_00004047	0.556213017751479	1.0	0.865278951817413
GC_00004048	0.964788732394366	1.0	0.980382293762575
GC_00004049	0.835051546391753	1.0	0.902430044182622
GC_00004050	0.933734939759036	1.0	0.971923407917384
GC_00004051	0.964285714285714	1.0	0.977891156462585
GC_00004052	0.373831775700935	1.0	0.733756119270138
GC_00004053	0.682926829268293	1.0	0.815331010452962
GC_00004054	0.848167539267016	1.0	0.931563201196709
GC_00004055	0.653846153846154	1.0	0.831730769230769
GC_00004056	0.774774774774775	1.0	0.897683397683397
GC_00004057	0.768292682926829	1.0	0.867378048780488
GC_00004058	0.972665148063781	1.0	0.979742922225838
GC_00004059	0.613861386138614	1.0	0.886669024045262
GC_00004060	0.613138686131387	1.0	0.822992700729927
GC_00004061	0.0360453141091658	1.0	0.560320729733706
GC_00004062	0.11954217888936	0.975413310724883	0.669184884636347
GC_00004063	0.0628796585125595	0.997701526842883	0.747091727842015
GC_00004064	0.792982456140351	1.0	0.868170426065163
GC_00004065	0.842424242424242	1.0	0.932034632034632
GC_00004066	0.957482993197279	1.0	0.973639455782313
GC_00004067	0.973782771535581	1.0	0.988362760834671
GC_00004068	0.304347826086957	1.0	0.725155279503106
GC_00004069	0.0150115473441109	1.0	0.732369679973606
GC_00004070	0.904347826086957	0.982608695652174	0.943788819875776
GC_00004071	0.656294200848656	0.997171145685997	0.810769852495454
GC_00004072	0.0331858407079646	0.997787610619469	0.686235777496839
GC_00004073	0.0441988950276243	0.988950276243094	0.687647987371744
GC_00004074	0.0386533665835411	0.993765586034913	0.456581759885999
GC_00004075	0.0767441860465116	0.998449612403101	0.509108527131783
GC_00004076	1.0	1.0	1.0
GC_00004077	1.0	1.0	1.0
GC_00004078	1.0	1.0	1.0
GC_00004079	0.988950276243094	1.0	0.996842936069456
GC_00004080	0.97489539748954	1.0	0.988045427375971
GC_00004081	0.983286908077994	1.0	0.992041384799045
GC_00004082	0.984567901234568	1.0	0.99265138154027
GC_00004083	0.986301369863014	1.0	0.993476842791911
GC_00004084	0.976253298153034	1.0	0.98869204673954
GC_00004085	0.986149584487535	1.0	0.993404564041683
GC_00004086	0.227188081936685	1.0	0.655493482309125
GC_00004087	0.846827133479212	1.0	0.946337397103261
GC_00004088	0.997058823529412	1.0	0.99859943977591
GC_00004089	0.942307692307692	1.0	0.974358974358975
GC_00004090	0.566137566137566	1.0	0.861552028218695
GC_00004091	0.995454545454545	1.0	0.997835497835498
GC_00004092	0.339160839160839	1.0	0.697302697302697
GC_00004093	0.27710843373494	1.0	0.729202524383247
GC_00004094	0.985915492957746	1.0	0.99195171026157
GC_00004095	0.944444444444444	1.0	0.973544973544973
GC_00004096	0.781021897810219	1.0	0.887382690302398
GC_00004097	0.94478527607362	1.0	0.975460122699386
GC_00004098	0.387096774193548	1.0	0.718125960061444
GC_00004099	0.634408602150538	1.0	0.848438300051203
GC_00004100	0.283582089552239	1.0	0.666666666666667
GC_00004101	0.891752577319588	1.0	0.941089837997054
GC_00004102	0.992138364779874	1.0	0.996855345911949
GC_00004103	0.493975903614458	1.0	0.709982788296041
GC_00004104	0.97887323943662	1.0	0.987089201877934
GC_00004105	0.869109947643979	1.0	0.956868611318873
GC_00004106	0.487179487179487	1.0	0.689051689051689
GC_00004107	0.902777777777778	1.0	0.936507936507937
GC_00004108	0.0964912280701754	1.0	0.563770537454748
GC_00004109	0.655913978494624	1.0	0.857654889912954
GC_00004110	0.793103448275862	1.0	0.894909688013136
GC_00004111	0.539906103286385	1.0	0.670020120724346
GC_00004112	0.832167832167832	1.0	0.8996003996004
GC_00004113	0.889724310776942	1.0	0.928273063611409
GC_00004114	0.91304347826087	1.0	0.948785005993244
GC_00004115	0.948979591836735	1.0	0.979591836734694
GC_00004116	0.856041131105398	1.0	0.914677439099033
GC_00004117	0.954098360655738	1.0	0.974395003903201
GC_00004118	0.952076677316294	1.0	0.968051118210863
GC_00004119	0.903846153846154	1.0	0.963369963369963
GC_00004120	0.978448275862069	1.0	0.991379310344828
GC_00004121	0.980582524271845	1.0	0.990445369086146
GC_00004122	0.976635514018692	1.0	0.985313751668892
GC_00004123	0.981395348837209	1.0	0.989479512735327
GC_00004124	0.871621621621622	1.0	0.928249678249678
GC_00004125	0.311111111111111	1.0	0.639153439153439
GC_00004126	0.817073170731707	1.0	0.905923344947735
GC_00004127	0.920086393088553	1.0	0.947752751208475
GC_00004128	0.0334821428571429	1.0	0.511267006802721
GC_00004129	0.665943600867679	1.0	0.775952897427952
GC_00004130	0.85981308411215	1.0	0.939919893190922
GC_00004131	0.868686868686869	1.0	0.948532948532949
GC_00004132	0.0606060606060606	1.0	0.385281385281385
GC_00004133	0.0945945945945946	1.0	0.527027027027027
GC_00004134	0.838028169014085	1.0	0.912810194500335
GC_00004135	0.0637254901960784	1.0	0.673202614379085
GC_00004136	0.906666666666667	1.0	0.952380952380952
GC_00004137	0.95	1.0	0.972222222222222
GC_00004138	0.595890410958904	1.0	0.84849967384214
GC_00004139	0.295238095238095	1.0	0.624489795918367
GC_00004140	0.523255813953488	1.0	0.745293466223699
GC_00004141	0.893805309734513	1.0	0.947745469869364
GC_00004142	0.441422594142259	1.0	0.835823869296673
GC_00004143	0.561475409836066	1.0	0.83216237314598
GC_00004144	0.422641509433962	1.0	0.79874213836478
GC_00004145	0.913461538461538	1.0	0.940247252747253
GC_00004146	0.817073170731707	1.0	0.8931475029036
GC_00004147	0.908045977011494	1.0	0.934592227695676
GC_00004148	0.0246085011185682	1.0	0.620592308511772
GC_00004149	0.817142857142857	1.0	0.929251700680272
GC_00004150	0.482954545454545	1.0	0.696969696969697
GC_00004151	0.935574229691877	1.0	0.968920901694011
GC_00004152	0.918918918918919	1.0	0.974688974688975
GC_00004153	0.520547945205479	1.0	0.836268754076973
GC_00004154	0.94488188976378	1.0	0.967754030746157
GC_00004155	0.8	1.0	0.895238095238095
GC_00004156	0.827272727272727	1.0	0.913852813852814
GC_00004157	0.95067264573991	1.0	0.966260943839419
GC_00004158	0.644067796610169	1.0	0.790153349475383
GC_00004159	0.858585858585859	1.0	0.906685906685907
GC_00004160	0.609375	1.0	0.857886904761905
GC_00004161	0.833333333333333	1.0	0.948015873015873
GC_00004162	0.670588235294118	1.0	0.814005602240896
GC_00004163	0.552	1.0	0.773714285714286
GC_00004164	0.812121212121212	1.0	0.87994227994228
GC_00004165	0.685915492957746	1.0	0.881958417169685
GC_00004166	0.912408759124088	1.0	0.951685783802572
GC_00004167	0.946666666666667	1.0	0.961904761904762
GC_00004168	0.633858267716535	1.0	0.862954630671166
GC_00004169	0.62962962962963	1.0	0.775426219870664
GC_00004170	0.936170212765957	1.0	0.969604863221885
GC_00004171	0.0478654592496766	1.0	0.480625885541798
GC_00004172	0.279761904761905	0.994047619047619	0.702097505668934
GC_00004173	0.967871485943775	0.991967871485944	0.978580990629183
GC_00004174	0.817567567567568	0.993243243243243	0.923101673101673
GC_00004175	0.256521739130435	0.947826086956522	0.586335403726708
GC_00004176	0.729064039408867	0.970443349753695	0.809758386113066
GC_00004177	0.0360824742268041	0.987113402061856	0.608983799705449
GC_00004178	0.0117780294450736	0.995016987542469	0.545434935015909
GC_00004179	0.747572815533981	0.990291262135922	0.891123439667129
GC_00004180	0.937086092715232	0.993377483443709	0.960580258593504
GC_00004181	0.697542533081285	0.992438563327032	0.866864704293816
GC_00004182	0.876923076923077	0.984615384615385	0.928937728937729
GC_00004183	0.871165644171779	0.987730061349693	0.914694712240724
GC_00004184	0.461693548387097	0.993951612903226	0.77044930875576
GC_00004185	0.207017543859649	0.989473684210526	0.598830409356725
GC_00004186	0.665841584158416	0.861386138613861	0.730551626591231
GC_00004187	0.847090663058187	0.994587280108254	0.905470713319157
GC_00004188	0.978915662650602	0.995481927710843	0.986087205966724
GC_00004189	0.67382328654005	0.985136251032205	0.807400416814124
GC_00004190	0.8	0.972413793103448	0.875533661740558
GC_00004191	0.467368421052632	0.997894736842105	0.657443609022556
GC_00004192	0.0342741935483871	0.967741935483871	0.624039938556068
GC_00004193	0.234042553191489	0.978723404255319	0.716312056737589
GC_00004194	0.942408376963351	0.984293193717278	0.969832959361755
GC_00004195	0.418269230769231	0.985576923076923	0.652014652014652
GC_00004196	0.896174863387978	0.989071038251366	0.943013270882123
GC_00004197	0.371621621621622	0.972972972972973	0.765122265122265
GC_00004198	1.0	1.0	1.0
GC_00004199	0.669811320754717	1.0	0.889937106918239
GC_00004200	0.967032967032967	1.0	0.986080586080586
GC_00004201	0.996108949416342	1.0	0.997924773022049
GC_00004202	0.983471074380165	1.0	0.992837465564738
GC_00004203	0.998054474708171	1.0	0.998962386511025
GC_00004204	0.227621483375959	1.0	0.62080136402387
GC_00004205	0.982142857142857	1.0	0.990476190476191
GC_00004206	0.980769230769231	1.0	0.98974358974359
GC_00004207	0.948717948717949	1.0	0.982905982905983
GC_00004208	0.504065040650406	1.0	0.702439024390244
GC_00004209	0.974137931034483	1.0	0.989655172413793
GC_00004210	0.601503759398496	1.0	0.780701754385965
GC_00004211	0.898876404494382	1.0	0.959550561797753
GC_00004212	0.925925925925926	1.0	0.955700798838054
GC_00004213	0.989690721649485	1.0	0.993814432989691
GC_00004214	0.770883054892601	1.0	0.866666666666667
GC_00004215	0.768292682926829	1.0	0.86260162601626
GC_00004216	0.174825174825175	1.0	0.63030303030303
GC_00004217	0.978102189781022	1.0	0.991240875912409
GC_00004218	0.961904761904762	1.0	0.985396825396825
GC_00004219	0.675675675675676	1.0	0.803603603603604
GC_00004220	0.549295774647887	1.0	0.843505477308294
GC_00004221	0.812121212121212	1.0	0.915555555555556
GC_00004222	0.861111111111111	1.0	0.922222222222222
GC_00004223	0.179245283018868	1.0	0.577987421383648
GC_00004224	0.78	1.0	0.864666666666667
GC_00004225	0.671428571428571	1.0	0.886666666666667
GC_00004226	0.937984496124031	1.0	0.965891472868217
GC_00004227	0.877934272300469	1.0	0.916118935837246
GC_00004228	0.373493975903614	1.0	0.649799196787148
GC_00004229	0.0795180722891566	0.686746987951807	0.362971887550201
GC_00004230	0.940928270042194	1.0	0.962869198312236
GC_00004231	0.988505747126437	1.0	0.992337164750958
GC_00004232	0.450704225352113	1.0	0.707042253521127
GC_00004233	0.945454545454545	1.0	0.968484848484849
GC_00004234	0.981366459627329	1.0	0.988405797101449
GC_00004235	0.566265060240964	1.0	0.765461847389558
GC_00004236	0.869565217391304	1.0	0.92463768115942
GC_00004237	0.617021276595745	1.0	0.836170212765957
GC_00004238	0.896551724137931	1.0	0.942528735632184
GC_00004239	0.665966386554622	1.0	0.802240896358543
GC_00004240	0.373333333333333	1.0	0.648888888888889
GC_00004241	0.495575221238938	1.0	0.694395280235988
GC_00004242	0.841269841269841	1.0	0.895238095238095
GC_00004243	0.978479196556671	1.0	0.991104734576758
GC_00004244	0.922053231939164	1.0	0.946514575411914
GC_00004245	0.850467289719626	1.0	0.942056074766355
GC_00004246	0.785575048732943	1.0	0.922417153996101
GC_00004247	0.01171875	1.0	0.665364583333333
GC_00004248	0.535014005602241	1.0	0.841269841269841
GC_00004249	0.964102564102564	1.0	0.978803418803419
GC_00004250	0.864516129032258	1.0	0.903655913978495
GC_00004251	0.228155339805825	1.0	0.532686084142395
GC_00004252	0.103857566765579	1.0	0.525024727992087
GC_00004253	0.676136363636364	1.0	0.774621212121212
GC_00004254	0.776119402985075	1.0	0.867661691542289
GC_00004255	0.978991596638655	1.0	0.98655462184874
GC_00004256	0.981412639405205	1.0	0.987732342007435
GC_00004257	0.278884462151394	1.0	0.612217795484728
GC_00004258	0.0161290322580645	1.0	0.449865591397849
GC_00004259	0.595744680851064	1.0	0.81290780141844
GC_00004260	0.975	1.0	0.983333333333333
GC_00004261	0.915708812260536	1.0	0.948659003831418
GC_00004262	0.704980842911877	0.977011494252874	0.783908045977011
GC_00004263	0.35377358490566	0.985849056603774	0.693081761006289
GC_00004264	0.0778894472361809	0.871859296482412	0.418090452261307
GC_00004265	0.855263157894737	0.986842105263158	0.912280701754386
GC_00004266	0.51063829787234	0.957446808510638	0.709219858156029
GC_00004267	0.033033033033033	0.960960960960961	0.41041041041041
GC_00004268	0.575949367088608	0.987341772151899	0.739662447257384
GC_00004269	0.436746987951807	0.996987951807229	0.712248995983936
GC_00004270	0.966216216216216	0.993243243243243	0.983783783783784
GC_00004271	0.0387096774193548	0.997849462365591	0.653476702508961
GC_00004272	0.124168514412417	0.993348115299335	0.600443458980044
GC_00004273	0.931937172774869	0.994764397905759	0.968237347294939
GC_00004274	0.633380884450785	0.995720399429387	0.818354731336186
GC_00004275	0.928571428571429	0.978571428571429	0.951904761904762
GC_00004276	0.0349301397205589	0.973053892215569	0.610445775116434
GC_00004277	0.14004914004914	0.987714987714988	0.493529893529893
GC_00004278	0.0870588235294118	0.992941176470588	0.637019607843137
GC_00004279	0.700564971751412	0.985875706214689	0.81713747645951
GC_00004280	0.294117647058824	0.985294117647059	0.548039215686275
GC_00004281	0.0670498084291188	0.994252873563218	0.639208173690932
GC_00004282	0.765704584040747	0.99320882852292	0.851386530843237
GC_00004283	0.846774193548387	0.967741935483871	0.912903225806451
GC_00004284	0.649746192893401	0.979695431472081	0.781895093062606
GC_00004285	1.0	1.0	1.0
GC_00004286	1.0	1.0	1.0
GC_00004287	1.0	1.0	1.0
GC_00004288	1.0	1.0	1.0
GC_00004289	1.0	1.0	1.0
GC_00004290	1.0	1.0	1.0
GC_00004291	1.0	1.0	1.0
GC_00004292	1.0	1.0	1.0
GC_00004293	1.0	1.0	1.0
GC_00004294	1.0	1.0	1.0
GC_00004295	1.0	1.0	1.0
GC_00004296	1.0	1.0	1.0
GC_00004297	1.0	1.0	1.0
GC_00004298	1.0	1.0	1.0
GC_00004299	1.0	1.0	1.0
GC_00004300	1.0	1.0	1.0
GC_00004301	1.0	1.0	1.0
GC_00004302	1.0	1.0	1.0
GC_00004303	1.0	1.0	1.0
GC_00004304	1.0	1.0	1.0
GC_00004305	1.0	1.0	1.0
GC_00004306	1.0	1.0	1.0
GC_00004307	1.0	1.0	1.0
GC_00004308	1.0	1.0	1.0
GC_00004309	1.0	1.0	1.0
GC_00004310	1.0	1.0	1.0
GC_00004311	1.0	1.0	1.0
GC_00004312	1.0	1.0	1.0
GC_00004313	1.0	1.0	1.0
GC_00004314	1.0	1.0	1.0
GC_00004315	1.0	1.0	1.0
GC_00004316	1.0	1.0	1.0
GC_00004317	1.0	1.0	1.0
GC_00004318	1.0	1.0	1.0
GC_00004319	1.0	1.0	1.0
GC_00004320	1.0	1.0	1.0
GC_00004321	1.0	1.0	1.0
GC_00004322	1.0	1.0	1.0
GC_00004323	1.0	1.0	1.0
GC_00004324	0.995454545454545	1.0	0.998181818181818
GC_00004325	0.681318681318681	1.0	0.872527472527473
GC_00004326	0.985074626865672	1.0	0.994029850746269
GC_00004327	0.993506493506494	1.0	0.997402597402597
GC_00004328	0.98876404494382	1.0	0.995505617977528
GC_00004329	0.997826086956522	1.0	0.999130434782609
GC_00004330	0.502450980392157	1.0	0.800980392156863
GC_00004331	0.898989898989899	1.0	0.952525252525253
GC_00004332	0.665441176470588	1.0	0.812132352941176
GC_00004333	0.972222222222222	1.0	0.983333333333333
GC_00004334	0.986301369863014	1.0	0.991780821917808
GC_00004335	0.988095238095238	1.0	0.992857142857143
GC_00004336	0.997716894977169	1.0	0.998630136986301
GC_00004337	0.754189944134078	1.0	0.898324022346369
GC_00004338	0.949720670391061	1.0	0.969832402234637
GC_00004339	0.813387423935091	1.0	0.888032454361055
GC_00004340	0.875	1.0	0.925
GC_00004341	0.788679245283019	1.0	0.873207547169811
GC_00004342	0.313432835820896	1.0	0.561194029850746
GC_00004343	0.0253317249698432	1.0	0.592279855247286
GC_00004344	0.99702380952381	1.0	0.998214285714286
GC_00004345	0.665467625899281	1.0	0.798561151079137
GC_00004346	0.714673913043478	1.0	0.81195652173913
GC_00004347	0.262222222222222	1.0	0.622222222222222
GC_00004348	0.7	1.0	0.82
GC_00004349	0.993548387096774	1.0	0.996129032258065
GC_00004350	0.991452991452991	1.0	0.994871794871795
GC_00004351	0.891891891891892	1.0	0.932432432432432
GC_00004352	0.997076023391813	1.0	0.998245614035088
GC_00004353	0.98019801980198	1.0	0.992079207920792
GC_00004354	0.994219653179191	1.0	0.996531791907514
GC_00004355	0.993548387096774	1.0	0.996129032258065
GC_00004356	0.18018018018018	1.0	0.646846846846847
GC_00004357	0.918367346938776	1.0	0.955102040816327
GC_00004358	0.887573964497041	1.0	0.932544378698225
GC_00004359	0.976635514018692	1.0	0.990654205607477
GC_00004360	0.996815286624204	1.0	0.998089171974522
GC_00004361	0.993055555555556	1.0	0.997222222222222
GC_00004362	0.994219653179191	1.0	0.996531791907514
GC_00004363	0.322324966974901	1.0	0.478731836195509
GC_00004364	0.837662337662338	1.0	0.896103896103896
GC_00004365	0.509090909090909	1.0	0.767272727272727
GC_00004366	0.78125	1.0	0.8975
GC_00004367	0.732919254658385	1.0	0.886956521739131
GC_00004368	0.95364238410596	1.0	0.968874172185431
GC_00004369	0.869158878504673	1.0	0.91588785046729
GC_00004370	0.919191919191919	1.0	0.937373737373737
GC_00004371	0.608695652173913	1.0	0.834368530020704
GC_00004372	0.951690821256039	1.0	0.966183574879227
GC_00004373	0.329842931937173	1.0	0.686910994764398
GC_00004374	0.914798206278027	1.0	0.945291479820628
GC_00004375	0.968609865470852	1.0	0.984155455904335
GC_00004376	0.887755102040816	1.0	0.924489795918367
GC_00004377	0.919444444444444	1.0	0.967222222222222
GC_00004378	0.997782705099778	1.0	0.998891352549889
GC_00004379	0.683333333333333	1.0	0.871666666666667
GC_00004380	0.978991596638655	1.0	0.985714285714286
GC_00004381	0.675531914893617	1.0	0.84468085106383
GC_00004382	0.542857142857143	1.0	0.777460317460317
GC_00004383	0.977815699658703	1.0	0.987372013651877
GC_00004384	0.315126050420168	1.0	0.659663865546219
GC_00004385	0.203187250996016	1.0	0.571713147410359
GC_00004386	0.676	1.0	0.8508
GC_00004387	0.547872340425532	1.0	0.679255319148936
GC_00004388	0.590163934426229	1.0	0.722404371584699
GC_00004389	0.696969696969697	0.96969696969697	0.839393939393939
GC_00004390	0.909090909090909	1.0	0.957575757575757
GC_00004391	0.627450980392157	1.0	0.827450980392157
GC_00004392	0.987975951903808	1.0	0.991182364729459
GC_00004393	0.481741573033708	1.0	0.599719101123595
GC_00004394	0.146840148698885	1.0	0.421561338289963
GC_00004395	0.988610478359909	1.0	0.993621867881549
GC_00004396	0.0708154506437768	1.0	0.547854077253219
GC_00004397	0.223744292237443	1.0	0.529223744292237
GC_00004398	0.875	1.0	0.916666666666667
GC_00004399	0.591304347826087	1.0	0.749565217391304
GC_00004400	0.956043956043956	1.0	0.969230769230769
GC_00004401	0.859459459459459	1.0	0.904324324324324
GC_00004402	0.72	1.0	0.852
GC_00004403	0.977011494252874	1.0	0.988505747126437
GC_00004404	0.486146095717884	1.0	0.780856423173803
GC_00004405	0.544600938967136	1.0	0.693661971830986
GC_00004406	0.973684210526316	1.0	0.986466165413534
GC_00004407	0.829439252336449	1.0	0.92803738317757
GC_00004408	0.9618138424821	1.0	0.972792362768496
GC_00004409	0.952191235059761	1.0	0.976892430278885
GC_00004410	0.551020408163265	1.0	0.805442176870748
GC_00004411	0.993846153846154	1.0	0.996307692307692
GC_00004412	0.286624203821656	1.0	0.559554140127389
GC_00004413	0.728842832469775	1.0	0.832815198618307
GC_00004414	0.858895705521472	1.0	0.896625766871166
GC_00004415	0.782608695652174	1.0	0.882274247491639
GC_00004416	0.937888198757764	0.993788819875776	0.953416149068323
GC_00004417	0.950920245398773	0.98159509202454	0.965644171779141
GC_00004418	0.916167664670659	0.982035928143713	0.94251497005988
GC_00004419	0.798507462686567	0.995024875621891	0.905223880597015
GC_00004420	0.857808857808858	0.997668997668998	0.914685314685315
GC_00004421	0.508130081300813	0.991869918699187	0.786178861788618
GC_00004422	0.366995073891626	0.692118226600985	0.498768472906404
GC_00004423	0.390804597701149	0.971264367816092	0.725862068965517
GC_00004424	0.114624505928854	0.99604743083004	0.596442687747036
GC_00004425	0.708133971291866	0.990430622009569	0.873205741626794
GC_00004426	0.965333333333333	0.981333333333333	0.9736
GC_00004427	0.978779840848806	0.989389920424403	0.984615384615385
GC_00004428	0.934306569343066	0.992700729927007	0.962043795620438
GC_00004429	0.955555555555556	0.992592592592593	0.973333333333333
GC_00004430	0.974522292993631	0.993630573248408	0.984713375796178
GC_00004431	0.971830985915493	0.985915492957746	0.980985915492958
GC_00004432	0.145833333333333	0.977777777777778	0.547083333333333
GC_00004433	0.982993197278912	0.996598639455782	0.990476190476191
GC_00004434	0.973045822102426	0.997304582210243	0.987061994609164
GC_00004435	0.364583333333333	0.947916666666667	0.704166666666667
GC_00004436	0.115079365079365	0.944444444444444	0.556349206349206
GC_00004437	0.97029702970297	0.992574257425743	0.97970297029703
GC_00004438	0.963597430406852	0.989293361884368	0.977301927194861
GC_00004439	0.983240223463687	0.994413407821229	0.988826815642458
GC_00004440	0.920353982300885	0.975663716814159	0.943141592920354
GC_00004441	0.982646420824295	0.993492407809111	0.988720173535792
GC_00004442	0.740585774058577	0.98326359832636	0.864016736401674
GC_00004443	0.883408071748879	0.991031390134529	0.933183856502242
GC_00004444	0.972972972972973	0.996621621621622	0.983108108108108
GC_00004445	0.974193548387097	0.982795698924731	0.977634408602151
GC_00004446	0.847908745247148	0.996197718631179	0.919011406844106
GC_00004447	0.973865199449794	0.995873452544704	0.985969738651994
GC_00004448	0.823529411764706	0.952941176470588	0.889411764705882
GC_00004449	0.293515358361775	0.945392491467577	0.600341296928328
GC_00004450	0.720930232558139	0.994186046511628	0.800581395348837
GC_00004451	0.520833333333333	0.96875	0.657291666666667
GC_00004452	0.967261904761905	0.988095238095238	0.974404761904762
GC_00004453	0.155216284987277	0.977099236641221	0.516030534351145
GC_00004454	0.982993197278912	0.996598639455782	0.990476190476191
GC_00004455	0.959326788218794	0.990182328190743	0.974474053295933
GC_00004456	0.967741935483871	0.987903225806452	0.975806451612903
GC_00004457	0.545454545454545	0.987012987012987	0.811688311688312
GC_00004458	0.575418994413408	0.972067039106145	0.693854748603352
GC_00004459	0.0421455938697318	0.990421455938697	0.57183908045977
GC_00004460	0.694267515923567	0.955414012738854	0.801910828025478
GC_00004461	0.00380710659898477	0.781725888324873	0.393401015228426
GC_00004462	0.967901234567901	0.990123456790123	0.978024691358025
GC_00004463	0.351724137931034	0.855172413793103	0.640689655172414
GC_00004464	0.973856209150327	0.989106753812636	0.979956427015251
GC_00004465	0.863247863247863	0.948717948717949	0.904273504273504
GC_00004466	0.98576512455516	0.99644128113879	0.992170818505338
GC_00004467	0.222222222222222	0.993197278911565	0.542403628117914
GC_00004468	0.163461538461538	0.961538461538462	0.543269230769231
GC_00004469	1.0	1.0	1.0
GC_00004470	1.0	1.0	1.0
GC_00004471	1.0	1.0	1.0
GC_00004472	1.0	1.0	1.0
GC_00004473	1.0	1.0	1.0
GC_00004474	1.0	1.0	1.0
GC_00004475	1.0	1.0	1.0
GC_00004476	1.0	1.0	1.0
GC_00004477	1.0	1.0	1.0
GC_00004478	1.0	1.0	1.0
GC_00004479	1.0	1.0	1.0
GC_00004480	1.0	1.0	1.0
GC_00004481	1.0	1.0	1.0
GC_00004482	1.0	1.0	1.0
GC_00004483	1.0	1.0	1.0
GC_00004484	1.0	1.0	1.0
GC_00004485	1.0	1.0	1.0
GC_00004486	1.0	1.0	1.0
GC_00004487	1.0	1.0	1.0
GC_00004488	0.973799126637555	1.0	0.986899563318777
GC_00004489	0.99672131147541	1.0	0.998360655737705
GC_00004490	0.984886649874055	1.0	0.992443324937028
GC_00004491	0.996655518394649	1.0	0.998327759197324
GC_00004492	0.985714285714286	1.0	0.992857142857143
GC_00004493	0.987654320987654	1.0	0.993827160493827
GC_00004494	0.990719257540603	1.0	0.995359628770302
GC_00004495	0.992805755395683	1.0	0.996402877697842
GC_00004496	0.996383363471971	1.0	0.998191681735986
GC_00004497	0.807017543859649	1.0	0.903508771929824
GC_00004498	0.989169675090253	1.0	0.994584837545126
GC_00004499	0.979661016949153	1.0	0.989830508474576
GC_00004500	0.969230769230769	1.0	0.984615384615385
GC_00004501	0.997093023255814	1.0	0.998546511627907
GC_00004502	0.956268221574344	1.0	0.978134110787172
GC_00004503	0.988888888888889	1.0	0.994444444444444
GC_00004504	0.950413223140496	1.0	0.975206611570248
GC_00004505	0.989583333333333	1.0	0.994791666666667
GC_00004506	0.984732824427481	1.0	0.992366412213741
GC_00004507	0.509009009009009	1.0	0.754504504504505
GC_00004508	0.988372093023256	1.0	0.994186046511628
GC_00004509	0.993865030674847	1.0	0.996932515337423
GC_00004510	0.753246753246753	1.0	0.818181818181818
GC_00004511	0.869281045751634	1.0	0.920479302832244
GC_00004512	0.977272727272727	1.0	0.984217171717172
GC_00004513	0.356948228882834	1.0	0.670299727520436
GC_00004514	0.00878293601003764	1.0	0.500209117524049
GC_00004515	0.951086956521739	1.0	0.966485507246377
GC_00004516	0.931034482758621	1.0	0.962962962962963
GC_00004517	0.534072900158479	1.0	0.660327522451136
GC_00004518	0.96969696969697	1.0	0.983726150392817
GC_00004519	0.947368421052632	1.0	0.969298245614035
GC_00004520	0.915816326530612	1.0	0.957908163265306
GC_00004521	0.772277227722772	1.0	0.872937293729373
GC_00004522	0.862068965517241	1.0	0.931034482758621
GC_00004523	0.364864864864865	1.0	0.588963963963964
GC_00004524	0.966037735849057	1.0	0.975471698113208
GC_00004525	0.868421052631579	1.0	0.912280701754386
GC_00004526	0.94949494949495	1.0	0.972222222222222
GC_00004527	0.953867028493894	1.0	0.971506105834464
GC_00004528	0.975124378109453	1.0	0.98424543946932
GC_00004529	0.350299401197605	1.0	0.56686626746507
GC_00004530	0.986666666666667	1.0	0.991851851851852
GC_00004531	0.526717557251908	1.0	0.678117048346056
GC_00004532	0.660377358490566	1.0	0.770440251572327
GC_00004533	0.992217898832685	1.0	0.994811932555123
GC_00004534	0.964601769911504	1.0	0.976401179941003
GC_00004535	0.63963963963964	1.0	0.81981981981982
GC_00004536	0.980683506686478	1.0	0.990094105993066
GC_00004537	0.968944099378882	1.0	0.978260869565217
GC_00004538	0.0794701986754967	1.0	0.493377483443709
GC_00004539	0.958333333333333	1.0	0.969444444444444
GC_00004540	0.147260273972603	0.996575342465753	0.57134703196347
GC_00004541	0.650073206442167	1.0	0.823572474377745
GC_00004542	0.997336884154461	1.0	0.998224589436307
GC_00004543	0.955882352941177	1.0	0.967647058823529
GC_00004544	0.830882352941177	1.0	0.905637254901961
GC_00004545	0.945652173913043	1.0	0.963768115942029
GC_00004546	0.902777777777778	1.0	0.935185185185185
GC_00004547	0.409836065573771	1.0	0.688524590163934
GC_00004548	0.6125	1.0	0.720833333333333
GC_00004549	0.771084337349398	1.0	0.865461847389558
GC_00004550	0.800498753117207	1.0	0.866791354945968
GC_00004551	0.285714285714286	1.0	0.540100250626566
GC_00004552	0.979865771812081	1.0	0.987695749440716
GC_00004553	0.954545454545455	1.0	0.966253443526171
GC_00004554	0.965753424657534	1.0	0.980593607305936
GC_00004555	0.286343612334802	0.876651982378855	0.574155653450808
GC_00004556	0.639751552795031	1.0	0.759834368530021
GC_00004557	0.846689895470383	1.0	0.897793263646922
GC_00004558	0.431034482758621	1.0	0.620689655172414
GC_00004559	0.831775700934579	1.0	0.903426791277258
GC_00004560	0.935897435897436	1.0	0.957264957264957
GC_00004561	0.702453987730061	1.0	0.817484662576687
GC_00004562	0.956228956228956	1.0	0.973063973063973
GC_00004563	0.984313725490196	1.0	0.992156862745098
GC_00004564	0.12280701754386	1.0	0.455165692007797
GC_00004565	0.521951219512195	1.0	0.703252032520325
GC_00004566	0.908424908424908	1.0	0.948107448107448
GC_00004567	0.986577181208054	1.0	0.993288590604027
GC_00004568	0.970873786407767	1.0	0.982200647249191
GC_00004569	0.833333333333333	1.0	0.888888888888889
GC_00004570	0.976470588235294	1.0	0.984313725490196
GC_00004571	0.966494845360825	1.0	0.980670103092784
GC_00004572	0.984496124031008	1.0	0.990956072351421
GC_00004573	0.814404432132964	1.0	0.876269621421976
GC_00004574	0.9625	1.0	0.975
GC_00004575	0.973913043478261	1.0	0.98695652173913
GC_00004576	0.829015544041451	1.0	0.89119170984456
GC_00004577	0.0465346534653465	1.0	0.518646864686469
GC_00004578	0.891891891891892	1.0	0.918918918918919
GC_00004579	0.557522123893805	1.0	0.710914454277286
GC_00004580	0.528301886792453	1.0	0.764150943396226
GC_00004581	0.993150684931507	1.0	0.995433789954338
GC_00004582	0.502923976608187	1.0	0.67738791423002
GC_00004583	0.983402489626556	1.0	0.991009681881051
GC_00004584	0.617801047120419	1.0	0.805410122164049
GC_00004585	0.75593220338983	1.0	0.848587570621469
GC_00004586	0.993839835728953	1.0	0.995893223819302
GC_00004587	0.936363636363636	1.0	0.951515151515152
GC_00004588	0.909952606635071	1.0	0.94391785150079
GC_00004589	0.909375	1.0	0.9546875
GC_00004590	0.731428571428571	1.0	0.816190476190476
GC_00004591	0.992063492063492	1.0	0.994708994708995
GC_00004592	0.654605263157895	1.0	0.768640350877193
GC_00004593	0.965235173824131	1.0	0.976823449216087
GC_00004594	0.371287128712871	1.0	0.576732673267327
GC_00004595	0.752808988764045	1.0	0.874531835205992
GC_00004596	0.753086419753086	1.0	0.876543209876543
GC_00004597	0.545454545454545	1.0	0.761707988980716
GC_00004598	0.299435028248588	1.0	0.550847457627119
GC_00004599	0.971671388101983	1.0	0.982058545797923
GC_00004600	0.869209809264305	1.0	0.90644868301544
GC_00004601	0.848816029143898	1.0	0.920157862780814
GC_00004602	0.465116279069767	1.0	0.603100775193798
GC_00004603	0.903743315508021	1.0	0.932263814616756
GC_00004604	0.255	1.0	0.5975
GC_00004605	0.813333333333333	1.0	0.857777777777778
GC_00004606	0.746666666666667	1.0	0.868888888888889
GC_00004607	0.982078853046595	1.0	0.98984468339307
GC_00004608	0.322793148880105	1.0	0.660518225735617
GC_00004609	0.885714285714286	1.0	0.938095238095238
GC_00004610	0.133333333333333	1.0	0.502469135802469
GC_00004611	0.971830985915493	1.0	0.983568075117371
GC_00004612	0.976653696498054	1.0	0.9842196281885
GC_00004613	0.98992443324937	1.0	0.99328295549958
GC_00004614	0.753393665158371	1.0	0.832956259426848
GC_00004615	0.963350785340314	1.0	0.978184991273996
GC_00004616	0.96875	1.0	0.981169871794872
GC_00004617	0.80688622754491	1.0	0.871756487025948
GC_00004618	0.776470588235294	1.0	0.866666666666667
GC_00004619	0.928725701943845	1.0	0.948524118070554
GC_00004620	0.993150684931507	1.0	0.996575342465753
GC_00004621	0.490990990990991	0.882882882882883	0.658408408408408
GC_00004622	0.389830508474576	0.957627118644068	0.593220338983051
GC_00004623	0.767857142857143	0.946428571428571	0.845238095238095
GC_00004624	0.709302325581395	0.994186046511628	0.852713178294573
GC_00004625	0.604240282685512	0.964664310954064	0.789163722025913
GC_00004626	0.957393483709273	0.99749373433584	0.974937343358396
GC_00004627	0.111675126903553	0.791878172588833	0.44077834179357
GC_00004628	0.283870967741935	0.890322580645161	0.501075268817204
GC_00004629	0.47953216374269	0.935672514619883	0.707602339181287
GC_00004630	0.544117647058823	0.954411764705882	0.74093137254902
GC_00004631	0.813793103448276	0.972413793103448	0.875862068965517
GC_00004632	0.903225806451613	0.951612903225806	0.92741935483871
GC_00004633	0.644882860665845	0.998766954377312	0.82203041512536
GC_00004634	0.958435207823961	0.980440097799511	0.967807660961695
GC_00004635	0.846153846153846	0.971153846153846	0.899038461538462
GC_00004636	0.0123076923076923	0.969230769230769	0.493846153846154
GC_00004637	0.886111111111111	0.991666666666667	0.9375
GC_00004638	0.0260115606936416	0.895953757225434	0.378131021194605
GC_00004639	0.0514905149051491	0.677506775067751	0.323848238482385
GC_00004640	0.654676258992806	0.985611510791367	0.816546762589928
GC_00004641	0.931659693165969	0.99023709902371	0.95722919572292
GC_00004642	0.982332155477032	0.996466431095406	0.989399293286219
GC_00004643	0.579439252336449	0.962616822429907	0.752336448598131
GC_00004644	0.808176100628931	0.998427672955975	0.901729559748428
GC_00004645	0.179012345679012	0.969135802469136	0.45216049382716
GC_00004646	0.707520891364902	0.994428969359331	0.837975858867224
GC_00004647	0.0228310502283105	0.978995433789954	0.451293759512938
GC_00004648	0.957602339181287	0.997076023391813	0.973927875243665
GC_00004649	0.8125	0.973958333333333	0.893229166666667
GC_00004650	0.852664576802508	0.987460815047022	0.918495297805643
GC_00004651	0.124309392265193	0.616022099447514	0.355432780847146
GC_00004652	0.533333333333333	0.941935483870968	0.733333333333333
GC_00004653	0.0332541567695962	0.933491686460808	0.476642913697546
GC_00004654	0.905660377358491	0.962264150943396	0.937106918238994
GC_00004655	0.9824	0.9904	0.984266666666667
GC_00004656	0.909803921568627	0.976470588235294	0.932679738562091
GC_00004657	0.382624768946396	0.870609981515712	0.632778804682686
GC_00004658	0.646017699115044	0.884955752212389	0.76401179941003
GC_00004659	0.956	0.996	0.976
GC_00004660	0.186864931846344	0.823048327137546	0.507434944237918
GC_00004661	0.108288770053476	0.998663101604278	0.547682709447415
GC_00004662	0.0169628432956381	0.958804523424879	0.485595045772752
GC_00004663	0.756756756756757	0.844594594594595	0.800675675675676
GC_00004664	0.883333333333333	0.983333333333333	0.933333333333333
GC_00004665	0.93859649122807	0.991228070175439	0.957602339181287
GC_00004666	0.23828125	0.953125	0.526692708333333
GC_00004667	0.5	0.981132075471698	0.732704402515723
GC_00004668	0.0738255033557047	0.621284755512943	0.357782038990093
GC_00004669	0.200892857142857	0.993303571428571	0.597098214285714
GC_00004670	0.704347826086957	0.988405797101449	0.835265700483092
GC_00004671	0.4750656167979	0.99737532808399	0.626859142607174
GC_00004672	0.609442060085837	0.995708154506438	0.713876967095851
GC_00004673	0.103884372177055	0.931345980126468	0.458446251129178
GC_00004674	0.590697674418605	0.92093023255814	0.768217054263566
GC_00004675	0.5	0.949275362318841	0.618357487922705
GC_00004676	0.0413533834586466	0.664160401002506	0.37531328320802
GC_00004677	0.974654377880184	0.997695852534562	0.983870967741935
GC_00004678	0.719907407407407	0.99537037037037	0.858024691358025
GC_00004679	0.0509259259259259	0.990740740740741	0.429783950617284
GC_00004680	0.115384615384615	0.975113122171946	0.507918552036199
GC_00004681	0.990844354018311	0.997965412004069	0.994574432010851
GC_00004682	0.0209302325581395	0.816279069767442	0.356201550387597
GC_00004683	0.617210682492582	0.973293768545994	0.795746785361029
GC_00004684	1.0	1.0	1.0
GC_00004685	1.0	1.0	1.0
GC_00004686	1.0	1.0	1.0
GC_00004687	1.0	1.0	1.0
GC_00004688	1.0	1.0	1.0
GC_00004689	1.0	1.0	1.0
GC_00004690	1.0	1.0	1.0
GC_00004691	1.0	1.0	1.0
GC_00004692	1.0	1.0	1.0
GC_00004693	1.0	1.0	1.0
GC_00004694	1.0	1.0	1.0
GC_00004695	1.0	1.0	1.0
GC_00004696	1.0	1.0	1.0
GC_00004697	1.0	1.0	1.0
GC_00004698	1.0	1.0	1.0
GC_00004699	1.0	1.0	1.0
GC_00004700	1.0	1.0	1.0
GC_00004701	1.0	1.0	1.0
GC_00004702	1.0	1.0	1.0
GC_00004703	1.0	1.0	1.0
GC_00004704	1.0	1.0	1.0
GC_00004705	1.0	1.0	1.0
GC_00004706	1.0	1.0	1.0
GC_00004707	1.0	1.0	1.0
GC_00004708	1.0	1.0	1.0
GC_00004709	1.0	1.0	1.0
GC_00004710	1.0	1.0	1.0
GC_00004711	1.0	1.0	1.0
GC_00004712	1.0	1.0	1.0
GC_00004713	1.0	1.0	1.0
GC_00004714	1.0	1.0	1.0
GC_00004715	1.0	1.0	1.0
GC_00004716	1.0	1.0	1.0
GC_00004717	1.0	1.0	1.0
GC_00004718	1.0	1.0	1.0
GC_00004719	1.0	1.0	1.0
GC_00004720	1.0	1.0	1.0
GC_00004721	1.0	1.0	1.0
GC_00004722	1.0	1.0	1.0
GC_00004723	1.0	1.0	1.0
GC_00004724	1.0	1.0	1.0
GC_00004725	1.0	1.0	1.0
GC_00004726	1.0	1.0	1.0
GC_00004727	1.0	1.0	1.0
GC_00004728	1.0	1.0	1.0
GC_00004729	1.0	1.0	1.0
GC_00004730	1.0	1.0	1.0
GC_00004731	1.0	1.0	1.0
GC_00004732	1.0	1.0	1.0
GC_00004733	1.0	1.0	1.0
GC_00004734	1.0	1.0	1.0
GC_00004735	1.0	1.0	1.0
GC_00004736	1.0	1.0	1.0
GC_00004737	1.0	1.0	1.0
GC_00004738	1.0	1.0	1.0
GC_00004739	1.0	1.0	1.0
GC_00004740	1.0	1.0	1.0
GC_00004741	1.0	1.0	1.0
GC_00004742	0.977777777777778	1.0	0.985185185185185
GC_00004743	0.71042471042471	1.0	0.806949806949807
GC_00004744	0.939024390243902	1.0	0.959349593495935
GC_00004745	0.980694980694981	1.0	0.987129987129987
GC_00004746	0.983333333333333	1.0	0.988888888888889
GC_00004747	0.978947368421053	1.0	0.985964912280702
GC_00004748	0.611111111111111	1.0	0.740740740740741
GC_00004749	0.896174863387978	1.0	0.930783242258652
GC_00004750	0.996350364963504	1.0	0.997566909975669
GC_00004751	0.957746478873239	1.0	0.971830985915493
GC_00004752	0.980132450331126	1.0	0.986754966887417
GC_00004753	0.997041420118343	1.0	0.998027613412229
GC_00004754	0.750439367311072	1.0	0.833626244874048
GC_00004755	0.581818181818182	1.0	0.721212121212121
GC_00004756	0.764705882352941	1.0	0.843137254901961
GC_00004757	0.464788732394366	1.0	0.643192488262911
GC_00004758	0.319672131147541	1.0	0.546448087431694
GC_00004759	0.173913043478261	0.795031055900621	0.418219461697723
GC_00004760	0.92258064516129	1.0	0.948387096774194
GC_00004761	0.89622641509434	1.0	0.930817610062893
GC_00004762	0.55688622754491	1.0	0.704590818363273
GC_00004763	0.943223443223443	1.0	0.962148962148962
GC_00004764	0.503875968992248	0.968992248062015	0.669250645994832
GC_00004765	0.842105263157895	1.0	0.894736842105263
GC_00004766	0.997126436781609	1.0	0.99808429118774
GC_00004767	0.863813229571984	1.0	0.909208819714656
GC_00004768	0.955555555555556	1.0	0.97037037037037
GC_00004769	0.854092526690391	1.0	0.902728351126928
GC_00004770	0.823529411764706	1.0	0.882352941176471
GC_00004771	0.696517412935323	1.0	0.797678275290216
GC_00004772	0.944444444444444	1.0	0.962962962962963
GC_00004773	0.959641255605381	1.0	0.973094170403587
GC_00004774	0.491228070175439	1.0	0.660818713450292
GC_00004775	0.488372093023256	1.0	0.65891472868217
GC_00004776	0.674931129476584	1.0	0.783287419651056
GC_00004777	0.703225806451613	1.0	0.802150537634409
GC_00004778	0.968354430379747	1.0	0.978902953586498
GC_00004779	0.891089108910891	1.0	0.927392739273927
GC_00004780	0.982758620689655	1.0	0.988505747126437
GC_00004781	0.837837837837838	1.0	0.891891891891892
GC_00004782	0.625730994152047	1.0	0.750487329434698
GC_00004783	0.992424242424242	1.0	0.994949494949495
GC_00004784	0.997706422018349	1.0	0.998470948012232
GC_00004785	0.297687861271676	1.0	0.531791907514451
GC_00004786	0.964959568733154	1.0	0.976639712488769
GC_00004787	0.927536231884058	1.0	0.951690821256039
GC_00004788	0.701863354037267	1.0	0.801242236024845
GC_00004789	0.993589743589744	1.0	0.995726495726496
GC_00004790	0.823943661971831	1.0	0.882629107981221
GC_00004791	0.728110599078341	1.0	0.818740399385561
GC_00004792	0.511363636363636	1.0	0.674242424242424
GC_00004793	0.877551020408163	1.0	0.918367346938775
GC_00004794	0.990990990990991	1.0	0.993993993993994
GC_00004795	0.939393939393939	1.0	0.95959595959596
GC_00004796	0.995024875621891	1.0	0.996683250414594
GC_00004797	0.989795918367347	1.0	0.993197278911565
GC_00004798	0.333333333333333	1.0	0.555555555555555
GC_00004799	0.996845425867508	1.0	0.997896950578339
GC_00004800	0.211538461538462	1.0	0.474358974358974
GC_00004801	0.581673306772908	1.0	0.721115537848605
GC_00004802	0.887966804979253	1.0	0.925311203319502
GC_00004803	0.736526946107784	1.0	0.82435129740519
GC_00004804	0.99815157116451	1.0	0.998767714109673
GC_00004805	0.634782608695652	1.0	0.756521739130435
GC_00004806	0.967213114754098	1.0	0.978142076502732
GC_00004807	0.983333333333333	1.0	0.988888888888889
GC_00004808	0.468137254901961	1.0	0.645424836601307
GC_00004809	0.325443786982249	1.0	0.550295857988166
GC_00004810	0.992700729927007	1.0	0.995133819951338
GC_00004811	0.995016611295681	1.0	0.996677740863787
GC_00004812	0.978723404255319	1.0	0.985815602836879
GC_00004813	0.982456140350877	1.0	0.988304093567251
GC_00004814	0.997435897435897	1.0	0.998290598290598
GC_00004815	0.861189801699717	1.0	0.907459867799811
GC_00004816	0.923404255319149	1.0	0.948936170212766
GC_00004817	0.71875	1.0	0.8125
GC_00004818	0.903930131004367	1.0	0.935953420669578
GC_00004819	0.578680203045685	1.0	0.71912013536379
GC_00004820	0.672897196261682	1.0	0.781931464174455
GC_00004821	0.551451187335092	1.0	0.700967458223395
GC_00004822	0.957142857142857	1.0	0.971428571428572
GC_00004823	0.747422680412371	1.0	0.831615120274914
GC_00004824	0.994350282485876	1.0	0.996233521657251
GC_00004825	0.86046511627907	1.0	0.906976744186046
GC_00004826	0.964726631393298	1.0	0.976484420928865
GC_00004827	0.826747720364742	1.0	0.884498480243161
GC_00004828	0.946745562130177	1.0	0.964497041420118
GC_00004829	0.831062670299727	1.0	0.887375113533152
GC_00004830	0.533149171270718	1.0	0.688766114180479
GC_00004831	0.965714285714286	1.0	0.977142857142857
GC_00004832	0.971830985915493	1.0	0.981220657276995
GC_00004833	0.873417721518987	1.0	0.915611814345992
GC_00004834	0.886792452830189	1.0	0.924528301886792
GC_00004835	0.834170854271357	1.0	0.889447236180904
GC_00004836	0.643097643097643	1.0	0.762065095398429
GC_00004837	0.847457627118644	1.0	0.898305084745763
GC_00004838	0.804195804195804	1.0	0.869463869463869
GC_00004839	0.954098360655738	1.0	0.969398907103825
GC_00004840	0.93972602739726	1.0	0.959817351598173
GC_00004841	0.985714285714286	1.0	0.990476190476191
GC_00004842	0.793388429752066	1.0	0.862258953168044
GC_00004843	0.99581589958159	1.0	0.99721059972106
GC_00004844	0.995555555555556	1.0	0.997037037037037
GC_00004845	0.985815602836879	1.0	0.990543735224586
GC_00004846	0.997389033942559	1.0	0.998259355961706
GC_00004847	0.858536585365854	1.0	0.905691056910569
GC_00004848	0.925925925925926	1.0	0.950617283950617
GC_00004849	0.997690531177829	1.0	0.998460354118553
GC_00004850	0.997260273972603	1.0	0.998173515981735
GC_00004851	0.951100244498778	1.0	0.967400162999185
GC_00004852	0.971698113207547	1.0	0.981132075471698
GC_00004853	0.564814814814815	1.0	0.709876543209877
GC_00004854	0.711538461538462	1.0	0.807692307692308
GC_00004855	0.655102040816327	1.0	0.770068027210884
GC_00004856	0.952380952380952	1.0	0.968253968253968
GC_00004857	0.998777506112469	1.0	0.99918500407498
GC_00004858	0.995575221238938	1.0	0.997050147492625
GC_00004859	0.995670995670996	1.0	0.997113997113997
GC_00004860	0.952586206896552	1.0	0.968390804597701
GC_00004861	0.706293706293706	1.0	0.804195804195804
GC_00004862	0.966292134831461	1.0	0.977528089887641
GC_00004863	0.995	1.0	0.996666666666667
GC_00004864	0.939024390243902	1.0	0.959349593495935
GC_00004865	0.726027397260274	1.0	0.817351598173516
GC_00004866	0.996875	1.0	0.997916666666667
GC_00004867	0.481481481481481	1.0	0.654320987654321
GC_00004868	0.995708154506438	1.0	0.997138769670959
GC_00004869	0.72	1.0	0.813333333333333
GC_00004870	0.941176470588235	1.0	0.96078431372549
GC_00004871	0.805836139169472	1.0	0.870557426112982
GC_00004872	0.881209503239741	1.0	0.92080633549316
GC_00004873	0.975862068965517	1.0	0.983908045977011
GC_00004874	0.648550724637681	1.0	0.765700483091787
GC_00004875	0.584615384615385	1.0	0.723076923076923
GC_00004876	0.96165191740413	1.0	0.974434611602753
GC_00004877	0.545454545454545	1.0	0.696969696969697
GC_00004878	0.728813559322034	1.0	0.819209039548022
GC_00004879	0.535502958579882	1.0	0.690335305719921
GC_00004880	0.890804597701149	1.0	0.9272030651341
GC_00004881	0.993197278911565	1.0	0.99546485260771
GC_00004882	0.564102564102564	1.0	0.709401709401709
GC_00004883	0.961240310077519	1.0	0.974160206718346
GC_00004884	0.984126984126984	1.0	0.989417989417989
GC_00004885	0.842323651452282	1.0	0.894882434301521
GC_00004886	0.934782608695652	1.0	0.956521739130435
GC_00004887	0.925	0.975	0.95
GC_00004888	0.922110552763819	0.952261306532663	0.9321608040201
GC_00004889	0.567567567567568	0.97051597051597	0.702702702702703
GC_00004890	0.990338164251208	0.995169082125604	0.993558776167472
GC_00004891	0.225382932166302	0.518599562363239	0.356673960612691
GC_00004892	0.754385964912281	0.970760233918129	0.828460038986355
GC_00004893	0.0433275563258232	0.512998266897747	0.283073367995378
GC_00004894	0.98542600896861	0.989910313901345	0.988415545590434
GC_00004895	0.782758620689655	0.962068965517241	0.851724137931035
GC_00004896	0.0136986301369863	0.657534246575342	0.328767123287671
GC_00004897	0.362776025236593	0.593059936908517	0.512618296529968
GC_00004898	0.973576042278332	0.979448032883147	0.975533372479937
GC_00004899	0.638655462184874	0.991596638655462	0.757236227824463
GC_00004900	0.593333333333333	0.956666666666667	0.718888888888889
GC_00004901	0.12448132780083	0.601659751037344	0.327800829875519
GC_00004902	0.162962962962963	0.57037037037037	0.362962962962963
GC_00004903	0.755868544600939	0.854460093896714	0.796557120500783
GC_00004904	0.630872483221476	0.979865771812081	0.751677852348993
GC_00004905	0.903225806451613	0.967741935483871	0.935483870967742
GC_00004906	0.965789473684211	0.981578947368421	0.973684210526316
GC_00004907	0.959459459459459	0.972972972972973	0.963963963963964
GC_00004908	0.425396825396825	0.812698412698413	0.612698412698413
GC_00004909	0.952702702702703	0.986486486486487	0.963963963963964
GC_00004910	0.477011494252874	0.942528735632184	0.647509578544061
GC_00004911	0.966794380587484	0.993614303959132	0.977862920391656
GC_00004912	0.991416309012876	0.994277539341917	0.992370052455889
GC_00004913	0.109004739336493	0.74565560821485	0.342812006319115
GC_00004914	0.744394618834081	0.887892376681614	0.801195814648729
GC_00004915	0.124571428571429	0.483428571428571	0.352761904761905
GC_00004916	0.109907120743034	0.659442724458204	0.333849329205366
GC_00004917	0.357142857142857	0.821428571428571	0.540674603174603
GC_00004918	0.890710382513661	0.950819672131147	0.912568306010929
GC_00004919	0.0401025880158545	0.296106318489158	0.184969301313437
GC_00004920	0.636029411764706	0.992647058823529	0.754901960784314
GC_00004921	0.0211081794195251	0.678100263852243	0.336851363236588
GC_00004922	0.963270142180095	0.996445497630332	0.974723538704581
GC_00004923	0.712820512820513	0.98974358974359	0.806837606837607
GC_00004924	0.985074626865672	0.995024875621891	0.990049751243781
GC_00004925	0.930921052631579	0.976973684210526	0.949561403508772
GC_00004926	0.525504151838671	0.763938315539739	0.610122578094108
GC_00004927	0.9558599695586	0.975646879756469	0.963470319634703
GC_00004928	0.92	0.986666666666667	0.942222222222222
GC_00004929	0.764248704663212	0.992227979274611	0.841968911917098
GC_00004930	0.125874125874126	0.608391608391608	0.334498834498834
GC_00004931	0.937669376693767	0.997289972899729	0.958446251129178
GC_00004932	0.104089219330855	0.71003717472119	0.401486988847584
GC_00004933	0.914357682619647	0.939546599496222	0.926112510495382
GC_00004934	0.138084632516704	0.670378619153675	0.34112843355605
GC_00004935	0.827586206896552	0.988505747126437	0.88250319284802
GC_00004936	0.674922600619195	0.879256965944272	0.754385964912281
GC_00004937	0.161392405063291	0.829113924050633	0.385021097046413
GC_00004938	0.991689750692521	0.997229916897507	0.994459833795014
GC_00004939	0.290816326530612	0.969387755102041	0.527210884353742
GC_00004940	0.764872521246459	0.844192634560907	0.809254013220019
GC_00004941	0.691211401425178	0.98812351543943	0.791765637371338
GC_00004942	0.78	0.92	0.846666666666667
GC_00004943	0.244897959183673	0.545189504373178	0.371234207968902
GC_00004944	0.990476190476191	0.990476190476191	0.990476190476191
GC_00004945	0.841025641025641	0.935897435897436	0.882905982905983
GC_00004946	0.391304347826087	0.652173913043478	0.507246376811594
GC_00004947	0.575406032482599	0.983758700696056	0.712296983758701
GC_00004948	0.995085995085995	0.995085995085995	0.995085995085995
GC_00004949	0.0569105691056911	0.719512195121951	0.338753387533875
GC_00004950	0.955555555555556	0.967901234567901	0.962139917695473
GC_00004951	0.938775510204082	0.985157699443414	0.954854669140384
GC_00004952	0.00869565217391304	0.857391304347826	0.333333333333333
GC_00004953	0.189964157706093	0.695340501792115	0.373954599761051
GC_00004954	0.491484184914842	0.897810218978102	0.646390916463909
GC_00004955	0.958041958041958	0.989510489510489	0.972027972027972
GC_00004956	0.956043956043956	0.989010989010989	0.970695970695971
GC_00004957	0.955696202531646	0.993670886075949	0.970464135021097
GC_00004958	0.217687074829932	0.506802721088435	0.349206349206349
GC_00004959	0.955017301038062	0.98961937716263	0.968858131487889
GC_00004960	0.921052631578947	0.986842105263158	0.947368421052632
GC_00004961	0.0526315789473684	0.434210526315789	0.238304093567251
GC_00004962	0.939393939393939	0.984848484848485	0.95959595959596
GC_00004963	0.903333333333333	0.996666666666667	0.935555555555556
GC_00004964	0.779291553133515	0.997275204359673	0.852406902815622
GC_00004965	0.962921348314607	0.973033707865169	0.967415730337079
GC_00004966	0.559859154929577	0.98943661971831	0.704225352112676
GC_00004967	0.878653675819309	0.899911426040744	0.890758783584293
GC_00004968	0.976863753213368	0.987146529562982	0.98114824335904
GC_00004969	0.30607476635514	0.371495327102804	0.349688473520249
GC_00004970	0.86046511627907	0.976744186046512	0.906976744186046
GC_00004971	0.1859410430839	0.410430839002268	0.332577475434618
GC_00004972	0.947916666666667	0.96875	0.958333333333333
GC_00004973	0.0515759312320917	0.573065902578797	0.282712511938873
GC_00004974	0.530071355759429	0.621814475025484	0.567448182127081
GC_00004975	0.552275522755228	0.977859778597786	0.69659696596966
GC_00004976	0.169117647058824	0.658088235294118	0.348039215686275
GC_00004977	0.394736842105263	0.822368421052632	0.576754385964912
GC_00004978	0.773809523809524	0.904761904761905	0.817460317460318
GC_00004979	0.108108108108108	0.702702702702703	0.345720720720721
GC_00004980	0.591911764705882	0.994485294117647	0.72671568627451
GC_00004981	0.965367965367965	0.995670995670996	0.976911976911977
GC_00004982	0.979838709677419	0.997983870967742	0.986559139784946
GC_00004983	0.885826771653543	0.978346456692913	0.91994750656168
GC_00004984	0.754032258064516	0.907258064516129	0.813172043010753
GC_00004985	0.959100204498977	0.997955010224949	0.972733469665985
GC_00004986	0.831632653061224	0.994897959183674	0.887755102040816
GC_00004987	0.867857142857143	0.957142857142857	0.9
GC_00004988	0.980874316939891	0.997267759562842	0.987249544626594
GC_00004989	0.0337972166998012	0.701789264413519	0.342611000662691
GC_00004990	0.198412698412698	0.574074074074074	0.423280423280423
GC_00004991	0.693181818181818	0.950757575757576	0.779040404040404
GC_00004992	0.449152542372881	0.779661016949153	0.570621468926554
GC_00004993	0.432692307692308	0.998076923076923	0.621794871794872
GC_00004994	0.591269841269841	0.988095238095238	0.724867724867725
GC_00004995	0.749003984063745	0.832669322709163	0.787516600265604
GC_00004996	0.923841059602649	0.980132450331126	0.942604856512141
GC_00004997	0.938953488372093	0.991279069767442	0.959302325581395
GC_00004998	0.855530474040632	0.99097065462754	0.902182091798345
GC_00004999	0.672619047619048	0.916666666666667	0.757936507936508
GC_00005000	0.96969696969697	0.995337995337995	0.978243978243978
GC_00005001	0.935483870967742	0.967741935483871	0.956989247311828
GC_00005002	0.931818181818182	0.954545454545455	0.946969696969697
GC_00005003	0.894886363636364	0.997159090909091	0.929924242424242
GC_00005004	0.36036036036036	0.990990990990991	0.573573573573574
GC_00005005	0.594594594594595	0.86036036036036	0.713213213213213
GC_00005006	0.931034482758621	0.96551724137931	0.954022988505747
GC_00005007	0.940340909090909	0.994318181818182	0.958333333333333
GC_00005008	0.669421487603306	0.925619834710744	0.757575757575757
GC_00005009	0.21923937360179	0.778523489932886	0.431767337807606
GC_00005010	0.131824234354194	0.528628495339547	0.359520639147803
GC_00005011	0.319587628865979	0.989690721649485	0.54639175257732
GC_00005012	0.525139664804469	0.614525139664804	0.562383612662942
GC_00005013	0.955801104972376	0.994475138121547	0.970534069981584
GC_00005014	0.962406015037594	0.977443609022556	0.969924812030075
GC_00005015	0.1284046692607	0.490272373540856	0.356679636835279
GC_00005016	0.955974842767296	0.987421383647799	0.970649895178197
GC_00005017	0.274725274725275	0.642857142857143	0.426739926739927
GC_00005018	0.0661577608142494	0.699745547073791	0.302798982188295
GC_00005019	0.989090909090909	0.992727272727273	0.99030303030303
GC_00005020	0.958847736625514	0.991769547325103	0.972565157750343
GC_00005021	0.961077844311377	0.982035928143713	0.969061876247505
GC_00005022	0.909192825112108	0.984304932735426	0.93796711509716
GC_00005023	1.0	1.0	1.0
GC_00005024	1.0	1.0	1.0
GC_00005025	1.0	1.0	1.0
GC_00005026	1.0	1.0	1.0
GC_00005027	1.0	1.0	1.0
GC_00005028	1.0	1.0	1.0
GC_00005029	1.0	1.0	1.0
GC_00005030	1.0	1.0	1.0
GC_00005031	1.0	1.0	1.0
GC_00005032	1.0	1.0	1.0
GC_00005033	1.0	1.0	1.0
GC_00005034	1.0	1.0	1.0
GC_00005035	1.0	1.0	1.0
GC_00005036	1.0	1.0	1.0
GC_00005037	1.0	1.0	1.0
GC_00005038	1.0	1.0	1.0
GC_00005039	1.0	1.0	1.0
GC_00005040	1.0	1.0	1.0
GC_00005041	1.0	1.0	1.0
GC_00005042	1.0	1.0	1.0
GC_00005043	1.0	1.0	1.0
GC_00005044	1.0	1.0	1.0
GC_00005045	1.0	1.0	1.0
GC_00005046	1.0	1.0	1.0
GC_00005047	1.0	1.0	1.0
GC_00005048	1.0	1.0	1.0
GC_00005049	1.0	1.0	1.0
GC_00005050	1.0	1.0	1.0
GC_00005051	1.0	1.0	1.0
GC_00005052	1.0	1.0	1.0
GC_00005053	1.0	1.0	1.0
GC_00005054	1.0	1.0	1.0
GC_00005055	1.0	1.0	1.0
GC_00005056	1.0	1.0	1.0
GC_00005057	1.0	1.0	1.0
GC_00005058	1.0	1.0	1.0
GC_00005059	1.0	1.0	1.0
GC_00005060	1.0	1.0	1.0
GC_00005061	1.0	1.0	1.0
GC_00005062	1.0	1.0	1.0
GC_00005063	1.0	1.0	1.0
GC_00005064	1.0	1.0	1.0
GC_00005065	1.0	1.0	1.0
GC_00005066	1.0	1.0	1.0
GC_00005067	1.0	1.0	1.0
GC_00005068	1.0	1.0	1.0
GC_00005069	1.0	1.0	1.0
GC_00005070	1.0	1.0	1.0
GC_00005071	1.0	1.0	1.0
GC_00005072	1.0	1.0	1.0
GC_00005073	1.0	1.0	1.0
GC_00005074	1.0	1.0	1.0
GC_00005075	1.0	1.0	1.0
GC_00005076	1.0	1.0	1.0
GC_00005077	1.0	1.0	1.0
GC_00005078	1.0	1.0	1.0
GC_00005079	1.0	1.0	1.0
GC_00005080	1.0	1.0	1.0
GC_00005081	1.0	1.0	1.0
GC_00005082	1.0	1.0	1.0
GC_00005083	1.0	1.0	1.0
GC_00005084	1.0	1.0	1.0
GC_00005085	1.0	1.0	1.0
GC_00005086	1.0	1.0	1.0
GC_00005087	1.0	1.0	1.0
GC_00005088	1.0	1.0	1.0
GC_00005089	1.0	1.0	1.0
GC_00005090	1.0	1.0	1.0
GC_00005091	1.0	1.0	1.0
GC_00005092	1.0	1.0	1.0
GC_00005093	1.0	1.0	1.0
GC_00005094	1.0	1.0	1.0
GC_00005095	1.0	1.0	1.0
GC_00005096	1.0	1.0	1.0
GC_00005097	1.0	1.0	1.0
GC_00005098	1.0	1.0	1.0
GC_00005099	1.0	1.0	1.0
GC_00005100	1.0	1.0	1.0
GC_00005101	1.0	1.0	1.0
GC_00005102	1.0	1.0	1.0
GC_00005103	1.0	1.0	1.0
GC_00005104	1.0	1.0	1.0
GC_00005105	1.0	1.0	1.0
GC_00005106	1.0	1.0	1.0
GC_00005107	1.0	1.0	1.0
GC_00005108	1.0	1.0	1.0
GC_00005109	1.0	1.0	1.0
GC_00005110	1.0	1.0	1.0
GC_00005111	1.0	1.0	1.0
GC_00005112	1.0	1.0	1.0
GC_00005113	1.0	1.0	1.0
GC_00005114	1.0	1.0	1.0
GC_00005115	1.0	1.0	1.0
GC_00005116	1.0	1.0	1.0
GC_00005117	1.0	1.0	1.0
GC_00005118	1.0	1.0	1.0
GC_00005119	1.0	1.0	1.0
GC_00005120	1.0	1.0	1.0
GC_00005121	1.0	1.0	1.0
GC_00005122	1.0	1.0	1.0
GC_00005123	1.0	1.0	1.0
GC_00005124	1.0	1.0	1.0
GC_00005125	1.0	1.0	1.0
GC_00005126	1.0	1.0	1.0
GC_00005127	1.0	1.0	1.0
GC_00005128	1.0	1.0	1.0
GC_00005129	1.0	1.0	1.0
GC_00005130	1.0	1.0	1.0
GC_00005131	1.0	1.0	1.0
GC_00005132	1.0	1.0	1.0
GC_00005133	1.0	1.0	1.0
GC_00005134	1.0	1.0	1.0
GC_00005135	1.0	1.0	1.0
GC_00005136	1.0	1.0	1.0
GC_00005137	1.0	1.0	1.0
GC_00005138	1.0	1.0	1.0
GC_00005139	1.0	1.0	1.0
GC_00005140	1.0	1.0	1.0
GC_00005141	1.0	1.0	1.0
GC_00005142	1.0	1.0	1.0
GC_00005143	1.0	1.0	1.0
GC_00005144	1.0	1.0	1.0
GC_00005145	1.0	1.0	1.0
GC_00005146	1.0	1.0	1.0
GC_00005147	1.0	1.0	1.0
GC_00005148	1.0	1.0	1.0
GC_00005149	1.0	1.0	1.0
GC_00005150	1.0	1.0	1.0
GC_00005151	1.0	1.0	1.0
GC_00005152	1.0	1.0	1.0
GC_00005153	1.0	1.0	1.0
GC_00005154	1.0	1.0	1.0
GC_00005155	1.0	1.0	1.0
GC_00005156	1.0	1.0	1.0
GC_00005157	1.0	1.0	1.0
GC_00005158	1.0	1.0	1.0
GC_00005159	1.0	1.0	1.0
GC_00005160	1.0	1.0	1.0
GC_00005161	1.0	1.0	1.0
GC_00005162	1.0	1.0	1.0
GC_00005163	1.0	1.0	1.0
GC_00005164	1.0	1.0	1.0
GC_00005165	1.0	1.0	1.0
GC_00005166	1.0	1.0	1.0
GC_00005167	1.0	1.0	1.0
GC_00005168	1.0	1.0	1.0
GC_00005169	1.0	1.0	1.0
GC_00005170	1.0	1.0	1.0
GC_00005171	1.0	1.0	1.0
GC_00005172	1.0	1.0	1.0
GC_00005173	1.0	1.0	1.0
GC_00005174	1.0	1.0	1.0
GC_00005175	1.0	1.0	1.0
GC_00005176	1.0	1.0	1.0
GC_00005177	1.0	1.0	1.0
GC_00005178	1.0	1.0	1.0
GC_00005179	1.0	1.0	1.0
GC_00005180	1.0	1.0	1.0
GC_00005181	1.0	1.0	1.0
GC_00005182	1.0	1.0	1.0
GC_00005183	1.0	1.0	1.0
GC_00005184	1.0	1.0	1.0
GC_00005185	1.0	1.0	1.0
GC_00005186	1.0	1.0	1.0
GC_00005187	1.0	1.0	1.0
GC_00005188	1.0	1.0	1.0
GC_00005189	1.0	1.0	1.0
GC_00005190	1.0	1.0	1.0
GC_00005191	1.0	1.0	1.0
GC_00005192	1.0	1.0	1.0
GC_00005193	1.0	1.0	1.0
GC_00005194	1.0	1.0	1.0
GC_00005195	1.0	1.0	1.0
GC_00005196	1.0	1.0	1.0
GC_00005197	1.0	1.0	1.0
GC_00005198	1.0	1.0	1.0
GC_00005199	1.0	1.0	1.0
GC_00005200	1.0	1.0	1.0
GC_00005201	1.0	1.0	1.0
GC_00005202	1.0	1.0	1.0
GC_00005203	1.0	1.0	1.0
GC_00005204	1.0	1.0	1.0
GC_00005205	1.0	1.0	1.0
GC_00005206	1.0	1.0	1.0
GC_00005207	1.0	1.0	1.0
GC_00005208	1.0	1.0	1.0
GC_00005209	1.0	1.0	1.0
GC_00005210	1.0	1.0	1.0
GC_00005211	1.0	1.0	1.0
GC_00005212	1.0	1.0	1.0
GC_00005213	1.0	1.0	1.0
GC_00005214	1.0	1.0	1.0
GC_00005215	1.0	1.0	1.0
GC_00005216	1.0	1.0	1.0
GC_00005217	1.0	1.0	1.0
GC_00005218	1.0	1.0	1.0
GC_00005219	1.0	1.0	1.0
GC_00005220	1.0	1.0	1.0
GC_00005221	1.0	1.0	1.0
GC_00005222	1.0	1.0	1.0
GC_00005223	1.0	1.0	1.0
GC_00005224	1.0	1.0	1.0
GC_00005225	1.0	1.0	1.0
GC_00005226	1.0	1.0	1.0
GC_00005227	1.0	1.0	1.0
GC_00005228	1.0	1.0	1.0
GC_00005229	1.0	1.0	1.0
GC_00005230	1.0	1.0	1.0
GC_00005231	1.0	1.0	1.0
GC_00005232	1.0	1.0	1.0
GC_00005233	1.0	1.0	1.0
GC_00005234	1.0	1.0	1.0
GC_00005235	1.0	1.0	1.0
GC_00005236	1.0	1.0	1.0
GC_00005237	1.0	1.0	1.0
GC_00005238	1.0	1.0	1.0
GC_00005239	1.0	1.0	1.0
GC_00005240	1.0	1.0	1.0
GC_00005241	1.0	1.0	1.0
GC_00005242	1.0	1.0	1.0
GC_00005243	1.0	1.0	1.0
GC_00005244	1.0	1.0	1.0
GC_00005245	1.0	1.0	1.0
GC_00005246	1.0	1.0	1.0
GC_00005247	1.0	1.0	1.0
GC_00005248	1.0	1.0	1.0
GC_00005249	1.0	1.0	1.0
GC_00005250	1.0	1.0	1.0
GC_00005251	1.0	1.0	1.0
GC_00005252	1.0	1.0	1.0
GC_00005253	1.0	1.0	1.0
GC_00005254	1.0	1.0	1.0
GC_00005255	1.0	1.0	1.0
GC_00005256	1.0	1.0	1.0
GC_00005257	1.0	1.0	1.0
GC_00005258	1.0	1.0	1.0
GC_00005259	1.0	1.0	1.0
GC_00005260	1.0	1.0	1.0
GC_00005261	1.0	1.0	1.0
GC_00005262	1.0	1.0	1.0
GC_00005263	1.0	1.0	1.0
GC_00005264	1.0	1.0	1.0
GC_00005265	1.0	1.0	1.0
GC_00005266	1.0	1.0	1.0
GC_00005267	1.0	1.0	1.0
GC_00005268	1.0	1.0	1.0
GC_00005269	1.0	1.0	1.0
GC_00005270	1.0	1.0	1.0
GC_00005271	1.0	1.0	1.0
GC_00005272	1.0	1.0	1.0
GC_00005273	1.0	1.0	1.0
GC_00005274	1.0	1.0	1.0
GC_00005275	0.895348837209302	0.895348837209302	0.895348837209302
GC_00005276	1.0	1.0	1.0
GC_00005277	1.0	1.0	1.0
GC_00005278	1.0	1.0	1.0
GC_00005279	1.0	1.0	1.0
GC_00005280	1.0	1.0	1.0
GC_00005281	1.0	1.0	1.0
GC_00005282	1.0	1.0	1.0
GC_00005283	1.0	1.0	1.0
GC_00005284	1.0	1.0	1.0
GC_00005285	1.0	1.0	1.0
GC_00005286	1.0	1.0	1.0
GC_00005287	1.0	1.0	1.0
GC_00005288	1.0	1.0	1.0
GC_00005289	1.0	1.0	1.0
GC_00005290	1.0	1.0	1.0
GC_00005291	1.0	1.0	1.0
GC_00005292	1.0	1.0	1.0
GC_00005293	1.0	1.0	1.0
GC_00005294	1.0	1.0	1.0
GC_00005295	1.0	1.0	1.0
GC_00005296	1.0	1.0	1.0
GC_00005297	1.0	1.0	1.0
GC_00005298	1.0	1.0	1.0
GC_00005299	1.0	1.0	1.0
GC_00005300	1.0	1.0	1.0
GC_00005301	1.0	1.0	1.0
GC_00005302	1.0	1.0	1.0
GC_00005303	1.0	1.0	1.0
GC_00005304	1.0	1.0	1.0
GC_00005305	1.0	1.0	1.0
GC_00005306	1.0	1.0	1.0
GC_00005307	1.0	1.0	1.0
GC_00005308	1.0	1.0	1.0
GC_00005309	1.0	1.0	1.0
GC_00005310	1.0	1.0	1.0
GC_00005311	1.0	1.0	1.0
GC_00005312	1.0	1.0	1.0
GC_00005313	1.0	1.0	1.0
GC_00005314	1.0	1.0	1.0
GC_00005315	1.0	1.0	1.0
GC_00005316	1.0	1.0	1.0
GC_00005317	1.0	1.0	1.0
GC_00005318	1.0	1.0	1.0
GC_00005319	1.0	1.0	1.0
GC_00005320	1.0	1.0	1.0
GC_00005321	1.0	1.0	1.0
GC_00005322	1.0	1.0	1.0
GC_00005323	1.0	1.0	1.0
GC_00005324	1.0	1.0	1.0
GC_00005325	1.0	1.0	1.0
GC_00005326	1.0	1.0	1.0
GC_00005327	1.0	1.0	1.0
GC_00005328	1.0	1.0	1.0
GC_00005329	1.0	1.0	1.0
GC_00005330	1.0	1.0	1.0
GC_00005331	1.0	1.0	1.0
GC_00005332	1.0	1.0	1.0
GC_00005333	1.0	1.0	1.0
GC_00005334	1.0	1.0	1.0
GC_00005335	1.0	1.0	1.0
GC_00005336	1.0	1.0	1.0
GC_00005337	1.0	1.0	1.0
GC_00005338	1.0	1.0	1.0
GC_00005339	1.0	1.0	1.0
GC_00005340	1.0	1.0	1.0
GC_00005341	1.0	1.0	1.0
GC_00005342	1.0	1.0	1.0
GC_00005343	1.0	1.0	1.0
GC_00005344	1.0	1.0	1.0
GC_00005345	1.0	1.0	1.0
GC_00005346	1.0	1.0	1.0
GC_00005347	1.0	1.0	1.0
GC_00005348	1.0	1.0	1.0
GC_00005349	1.0	1.0	1.0
GC_00005350	1.0	1.0	1.0
GC_00005351	1.0	1.0	1.0
GC_00005352	1.0	1.0	1.0
GC_00005353	1.0	1.0	1.0
GC_00005354	1.0	1.0	1.0
GC_00005355	1.0	1.0	1.0
GC_00005356	1.0	1.0	1.0
GC_00005357	1.0	1.0	1.0
GC_00005358	1.0	1.0	1.0
GC_00005359	1.0	1.0	1.0
GC_00005360	1.0	1.0	1.0
GC_00005361	1.0	1.0	1.0
GC_00005362	1.0	1.0	1.0
GC_00005363	1.0	1.0	1.0
GC_00005364	1.0	1.0	1.0
GC_00005365	1.0	1.0	1.0
GC_00005366	1.0	1.0	1.0
GC_00005367	1.0	1.0	1.0
GC_00005368	1.0	1.0	1.0
GC_00005369	1.0	1.0	1.0
GC_00005370	1.0	1.0	1.0
GC_00005371	1.0	1.0	1.0
GC_00005372	1.0	1.0	1.0
GC_00005373	1.0	1.0	1.0
GC_00005374	1.0	1.0	1.0
GC_00005375	1.0	1.0	1.0
GC_00005376	1.0	1.0	1.0
GC_00005377	1.0	1.0	1.0
GC_00005378	1.0	1.0	1.0
GC_00005379	1.0	1.0	1.0
GC_00005380	1.0	1.0	1.0
GC_00005381	1.0	1.0	1.0
GC_00005382	1.0	1.0	1.0
GC_00005383	1.0	1.0	1.0
GC_00005384	1.0	1.0	1.0
GC_00005385	1.0	1.0	1.0
GC_00005386	1.0	1.0	1.0
GC_00005387	1.0	1.0	1.0
GC_00005388	1.0	1.0	1.0
GC_00005389	1.0	1.0	1.0
GC_00005390	1.0	1.0	1.0
GC_00005391	1.0	1.0	1.0
GC_00005392	1.0	1.0	1.0
GC_00005393	1.0	1.0	1.0
GC_00005394	1.0	1.0	1.0
GC_00005395	1.0	1.0	1.0
GC_00005396	1.0	1.0	1.0
GC_00005397	1.0	1.0	1.0
GC_00005398	1.0	1.0	1.0
GC_00005399	1.0	1.0	1.0
GC_00005400	1.0	1.0	1.0
GC_00005401	1.0	1.0	1.0
GC_00005402	1.0	1.0	1.0
GC_00005403	1.0	1.0	1.0
GC_00005404	1.0	1.0	1.0
GC_00005405	1.0	1.0	1.0
GC_00005406	1.0	1.0	1.0
GC_00005407	1.0	1.0	1.0
GC_00005408	1.0	1.0	1.0
GC_00005409	1.0	1.0	1.0
GC_00005410	1.0	1.0	1.0
GC_00005411	1.0	1.0	1.0
GC_00005412	1.0	1.0	1.0
GC_00005413	1.0	1.0	1.0
GC_00005414	1.0	1.0	1.0
GC_00005415	1.0	1.0	1.0
GC_00005416	1.0	1.0	1.0
GC_00005417	1.0	1.0	1.0
GC_00005418	1.0	1.0	1.0
GC_00005419	1.0	1.0	1.0
GC_00005420	1.0	1.0	1.0
GC_00005421	1.0	1.0	1.0
GC_00005422	1.0	1.0	1.0
GC_00005423	1.0	1.0	1.0
GC_00005424	1.0	1.0	1.0
GC_00005425	1.0	1.0	1.0
GC_00005426	1.0	1.0	1.0
GC_00005427	1.0	1.0	1.0
GC_00005428	1.0	1.0	1.0
GC_00005429	1.0	1.0	1.0
GC_00005430	1.0	1.0	1.0
GC_00005431	1.0	1.0	1.0
GC_00005432	1.0	1.0	1.0
GC_00005433	1.0	1.0	1.0
GC_00005434	1.0	1.0	1.0
GC_00005435	1.0	1.0	1.0
GC_00005436	1.0	1.0	1.0
GC_00005437	1.0	1.0	1.0
GC_00005438	1.0	1.0	1.0
GC_00005439	1.0	1.0	1.0
GC_00005440	1.0	1.0	1.0
GC_00005441	1.0	1.0	1.0
GC_00005442	1.0	1.0	1.0
GC_00005443	1.0	1.0	1.0
GC_00005444	1.0	1.0	1.0
GC_00005445	1.0	1.0	1.0
GC_00005446	1.0	1.0	1.0
GC_00005447	1.0	1.0	1.0
GC_00005448	1.0	1.0	1.0
GC_00005449	1.0	1.0	1.0
GC_00005450	1.0	1.0	1.0
GC_00005451	1.0	1.0	1.0
GC_00005452	1.0	1.0	1.0
GC_00005453	1.0	1.0	1.0
GC_00005454	1.0	1.0	1.0
GC_00005455	1.0	1.0	1.0
GC_00005456	1.0	1.0	1.0
GC_00005457	1.0	1.0	1.0
GC_00005458	1.0	1.0	1.0
GC_00005459	1.0	1.0	1.0
GC_00005460	1.0	1.0	1.0
GC_00005461	1.0	1.0	1.0
GC_00005462	1.0	1.0	1.0
GC_00005463	1.0	1.0	1.0
GC_00005464	1.0	1.0	1.0
GC_00005465	1.0	1.0	1.0
GC_00005466	1.0	1.0	1.0
GC_00005467	1.0	1.0	1.0
GC_00005468	1.0	1.0	1.0
GC_00005469	1.0	1.0	1.0
GC_00005470	1.0	1.0	1.0
GC_00005471	1.0	1.0	1.0
GC_00005472	1.0	1.0	1.0
GC_00005473	1.0	1.0	1.0
GC_00005474	1.0	1.0	1.0
GC_00005475	1.0	1.0	1.0
GC_00005476	1.0	1.0	1.0
GC_00005477	1.0	1.0	1.0
GC_00005478	1.0	1.0	1.0
GC_00005479	1.0	1.0	1.0
GC_00005480	1.0	1.0	1.0
GC_00005481	1.0	1.0	1.0
GC_00005482	1.0	1.0	1.0
GC_00005483	1.0	1.0	1.0
GC_00005484	1.0	1.0	1.0
GC_00005485	1.0	1.0	1.0
GC_00005486	1.0	1.0	1.0
GC_00005487	1.0	1.0	1.0
GC_00005488	1.0	1.0	1.0
GC_00005489	1.0	1.0	1.0
GC_00005490	1.0	1.0	1.0
GC_00005491	1.0	1.0	1.0
GC_00005492	1.0	1.0	1.0
GC_00005493	1.0	1.0	1.0
GC_00005494	1.0	1.0	1.0
GC_00005495	1.0	1.0	1.0
GC_00005496	1.0	1.0	1.0
GC_00005497	1.0	1.0	1.0
GC_00005498	1.0	1.0	1.0
GC_00005499	1.0	1.0	1.0
GC_00005500	1.0	1.0	1.0
GC_00005501	1.0	1.0	1.0
GC_00005502	1.0	1.0	1.0
GC_00005503	1.0	1.0	1.0
GC_00005504	1.0	1.0	1.0
GC_00005505	1.0	1.0	1.0
GC_00005506	1.0	1.0	1.0
GC_00005507	1.0	1.0	1.0
GC_00005508	1.0	1.0	1.0
GC_00005509	1.0	1.0	1.0
GC_00005510	1.0	1.0	1.0
GC_00005511	1.0	1.0	1.0
GC_00005512	1.0	1.0	1.0
GC_00005513	1.0	1.0	1.0
GC_00005514	1.0	1.0	1.0
GC_00005515	1.0	1.0	1.0
GC_00005516	1.0	1.0	1.0
GC_00005517	1.0	1.0	1.0
GC_00005518	1.0	1.0	1.0
GC_00005519	1.0	1.0	1.0
GC_00005520	1.0	1.0	1.0
GC_00005521	1.0	1.0	1.0
GC_00005522	1.0	1.0	1.0
GC_00005523	1.0	1.0	1.0
GC_00005524	1.0	1.0	1.0
GC_00005525	1.0	1.0	1.0
GC_00005526	1.0	1.0	1.0
GC_00005527	1.0	1.0	1.0
GC_00005528	1.0	1.0	1.0
GC_00005529	1.0	1.0	1.0
GC_00005530	1.0	1.0	1.0
GC_00005531	1.0	1.0	1.0
GC_00005532	1.0	1.0	1.0
GC_00005533	1.0	1.0	1.0
GC_00005534	1.0	1.0	1.0
GC_00005535	0.762295081967213	0.762295081967213	0.762295081967213
GC_00005536	0.182669789227166	0.182669789227166	0.182669789227166
GC_00005537	0.755	0.755	0.755
GC_00005538	0.948275862068966	0.948275862068966	0.948275862068966
GC_00005539	0.720930232558139	0.720930232558139	0.720930232558139
GC_00005540	0.907407407407407	0.907407407407407	0.907407407407407
GC_00005541	0.202312138728324	0.202312138728324	0.202312138728324
GC_00005542	0.997416020671835	0.997416020671835	0.997416020671835
GC_00005543	0.984042553191489	0.984042553191489	0.984042553191489
GC_00005544	0.830065359477124	0.830065359477124	0.830065359477124
GC_00005545	0.994505494505495	0.994505494505495	0.994505494505495
GC_00005546	0.733576642335766	0.733576642335766	0.733576642335766
GC_00005547	0.897959183673469	0.897959183673469	0.897959183673469
GC_00005548	0.505154639175258	0.505154639175258	0.505154639175258
GC_00005549	0.912280701754386	0.912280701754386	0.912280701754386
GC_00005550	0.976027397260274	0.976027397260274	0.976027397260274
GC_00005551	0.984615384615385	0.984615384615385	0.984615384615385
GC_00005552	0.436426116838488	0.436426116838488	0.436426116838488
GC_00005553	0.702702702702703	0.702702702702703	0.702702702702703
GC_00005554	0.988304093567251	0.988304093567251	0.988304093567251
GC_00005555	0.706422018348624	0.706422018348624	0.706422018348624
GC_00005556	0.934065934065934	0.934065934065934	0.934065934065934
GC_00005557	0.976878612716763	0.976878612716763	0.976878612716763
GC_00005558	0.127450980392157	0.127450980392157	0.127450980392157
GC_00005559	0.908433734939759	0.908433734939759	0.908433734939759
GC_00005560	0.978378378378378	0.978378378378378	0.978378378378378
GC_00005561	0.789473684210526	0.789473684210526	0.789473684210526
GC_00005562	0.676470588235294	0.676470588235294	0.676470588235294
GC_00005563	0.983379501385042	0.983379501385042	0.983379501385042
GC_00005564	0.895104895104895	0.895104895104895	0.895104895104895
GC_00005565	0.591304347826087	0.591304347826087	0.591304347826087
GC_00005566	0.59375	0.59375	0.59375
GC_00005567	0.975535168195719	0.975535168195719	0.975535168195719
GC_00005568	0.362790697674419	0.362790697674419	0.362790697674419
GC_00005569	0.982456140350877	0.982456140350877	0.982456140350877
GC_00005570	0.992727272727273	0.992727272727273	0.992727272727273
GC_00005571	0.951282051282051	0.951282051282051	0.951282051282051
GC_00005572	0.976897689768977	0.976897689768977	0.976897689768977
GC_00005573	0.903846153846154	0.903846153846154	0.903846153846154
GC_00005574	0.856459330143541	0.856459330143541	0.856459330143541
GC_00005575	0.600877192982456	0.600877192982456	0.600877192982456
GC_00005576	0.894230769230769	0.894230769230769	0.894230769230769
GC_00005577	0.98125	0.98125	0.98125
GC_00005578	0.254612546125461	0.254612546125461	0.254612546125461
GC_00005579	0.975609756097561	0.975609756097561	0.975609756097561
GC_00005580	0.620192307692308	0.620192307692308	0.620192307692308
GC_00005581	0.892412231030578	0.892412231030578	0.892412231030578
GC_00005582	0.779761904761905	0.779761904761905	0.779761904761905
GC_00005583	0.934673366834171	0.934673366834171	0.934673366834171
GC_00005584	0.960923623445826	0.960923623445826	0.960923623445826
GC_00005585	0.982300884955752	0.982300884955752	0.982300884955752
GC_00005586	0.571428571428571	0.571428571428571	0.571428571428571
GC_00005587	0.915094339622642	0.915094339622642	0.915094339622642
GC_00005588	0.844827586206897	0.844827586206897	0.844827586206897
GC_00005589	0.991620111731844	0.991620111731844	0.991620111731844
GC_00005590	0.833333333333333	0.833333333333333	0.833333333333333
GC_00005591	0.227027027027027	0.227027027027027	0.227027027027027
GC_00005592	0.976744186046512	0.976744186046512	0.976744186046512
GC_00005593	0.692307692307692	0.692307692307692	0.692307692307692
GC_00005594	0.918032786885246	0.918032786885246	0.918032786885246
GC_00005595	0.791666666666667	0.791666666666667	0.791666666666667
GC_00005596	0.72972972972973	0.72972972972973	0.72972972972973
GC_00005597	0.708154506437768	0.708154506437768	0.708154506437768
GC_00005598	0.526881720430108	0.526881720430108	0.526881720430108
GC_00005599	0.876847290640394	0.876847290640394	0.876847290640394
GC_00005600	0.989690721649485	0.989690721649485	0.989690721649485
GC_00005601	0.940909090909091	0.940909090909091	0.940909090909091
GC_00005602	0.71551724137931	0.71551724137931	0.71551724137931
GC_00005603	0.723004694835681	0.723004694835681	0.723004694835681
GC_00005604	0.824034334763948	0.824034334763948	0.824034334763948
GC_00005605	0.880794701986755	0.880794701986755	0.880794701986755
GC_00005606	0.92128801431127	0.92128801431127	0.92128801431127
GC_00005607	0.954954954954955	0.954954954954955	0.954954954954955
GC_00005608	0.822916666666667	0.822916666666667	0.822916666666667
GC_00005609	0.949404761904762	0.949404761904762	0.949404761904762
GC_00005610	0.917874396135266	0.917874396135266	0.917874396135266
GC_00005611	0.967741935483871	0.967741935483871	0.967741935483871
GC_00005612	0.996978851963746	0.996978851963746	0.996978851963746
GC_00005613	0.968468468468468	0.968468468468468	0.968468468468468
GC_00005614	0.995934959349594	0.995934959349594	0.995934959349594
GC_00005615	0.9	0.9	0.9
GC_00005616	0.638095238095238	0.638095238095238	0.638095238095238
GC_00005617	0.832807570977918	0.832807570977918	0.832807570977918
GC_00005618	0.903529411764706	0.903529411764706	0.903529411764706
GC_00005619	0.930091185410334	0.930091185410334	0.930091185410334
GC_00005620	0.96	0.96	0.96
GC_00005621	0.685279187817259	0.685279187817259	0.685279187817259
GC_00005622	0.933638443935927	0.933638443935927	0.933638443935927
GC_00005623	0.684782608695652	0.684782608695652	0.684782608695652
GC_00005624	0.526753864447087	0.526753864447087	0.526753864447087
GC_00005625	0.939922480620155	0.939922480620155	0.939922480620155
GC_00005626	0.580392156862745	0.580392156862745	0.580392156862745
GC_00005627	0.968342644320298	0.968342644320298	0.968342644320298
GC_00005628	0.983050847457627	0.983050847457627	0.983050847457627
GC_00005629	0.952380952380952	0.952380952380952	0.952380952380952
GC_00005630	0.792452830188679	0.792452830188679	0.792452830188679
GC_00005631	0.81547619047619	0.81547619047619	0.81547619047619
GC_00005632	0.628289473684211	0.628289473684211	0.628289473684211
GC_00005633	0.963302752293578	0.963302752293578	0.963302752293578
GC_00005634	0.792775665399239	0.792775665399239	0.792775665399239
GC_00005635	0.794871794871795	0.794871794871795	0.794871794871795
GC_00005636	0.688311688311688	0.688311688311688	0.688311688311688
GC_00005637	0.520833333333333	0.520833333333333	0.520833333333333
GC_00005638	0.976377952755906	0.976377952755906	0.976377952755906
GC_00005639	0.989010989010989	0.989010989010989	0.989010989010989
GC_00005640	0.98	0.98	0.98
GC_00005641	0.980281690140845	0.980281690140845	0.980281690140845
GC_00005642	0.969788519637462	0.969788519637462	0.969788519637462
GC_00005643	0.661764705882353	0.661764705882353	0.661764705882353
GC_00005644	0.989795918367347	0.989795918367347	0.989795918367347
GC_00005645	0.808823529411765	0.808823529411765	0.808823529411765
GC_00005646	0.183823529411765	0.183823529411765	0.183823529411765
GC_00005647	0.697674418604651	0.697674418604651	0.697674418604651
GC_00005648	0.919354838709677	0.919354838709677	0.919354838709677
GC_00005649	0.995594713656388	0.995594713656388	0.995594713656388
GC_00005650	0.53804347826087	0.53804347826087	0.53804347826087
GC_00005651	0.956937799043062	0.956937799043062	0.956937799043062
GC_00005652	0.99537037037037	0.99537037037037	0.99537037037037
GC_00005653	0.262068965517241	0.262068965517241	0.262068965517241
GC_00005654	0.573394495412844	0.573394495412844	0.573394495412844
GC_00005655	0.984293193717278	0.984293193717278	0.984293193717278
GC_00005656	0.838862559241706	0.838862559241706	0.838862559241706
GC_00005657	0.757575757575758	0.757575757575758	0.757575757575758
GC_00005658	0.993464052287582	0.993464052287582	0.993464052287582
GC_00005659	0.372413793103448	0.372413793103448	0.372413793103448
GC_00005660	0.979395604395604	0.979395604395604	0.979395604395604
GC_00005661	0.984848484848485	0.984848484848485	0.984848484848485
GC_00005662	0.350125944584383	0.350125944584383	0.350125944584383
GC_00005663	0.370253164556962	0.370253164556962	0.370253164556962
GC_00005664	0.929824561403509	0.929824561403509	0.929824561403509
GC_00005665	0.517857142857143	0.517857142857143	0.517857142857143
GC_00005666	0.987654320987654	0.987654320987654	0.987654320987654
GC_00005667	0.983818770226537	0.983818770226537	0.983818770226537
GC_00005668	0.811594202898551	0.811594202898551	0.811594202898551
GC_00005669	0.983091787439614	0.983091787439614	0.983091787439614
GC_00005670	0.984615384615385	0.984615384615385	0.984615384615385
GC_00005671	0.917197452229299	0.917197452229299	0.917197452229299
GC_00005672	0.8	0.8	0.8
GC_00005673	0.97165991902834	0.97165991902834	0.97165991902834
GC_00005674	0.643243243243243	0.643243243243243	0.643243243243243
GC_00005675	0.857758620689655	0.857758620689655	0.857758620689655
GC_00005676	0.585106382978723	0.585106382978723	0.585106382978723
GC_00005677	0.92156862745098	0.92156862745098	0.92156862745098
GC_00005678	0.982716049382716	0.982716049382716	0.982716049382716
GC_00005679	0.512048192771084	0.512048192771084	0.512048192771084
GC_00005680	0.506172839506173	0.506172839506173	0.506172839506173
GC_00005681	0.904347826086957	0.904347826086957	0.904347826086957
GC_00005682	0.919254658385093	0.919254658385093	0.919254658385093
GC_00005683	0.598591549295775	0.598591549295775	0.598591549295775
GC_00005684	0.958333333333333	0.958333333333333	0.958333333333333
GC_00005685	0.992673992673993	0.992673992673993	0.992673992673993
GC_00005686	0.984962406015038	0.984962406015038	0.984962406015038
GC_00005687	0.990066225165563	0.990066225165563	0.990066225165563
GC_00005688	0.994459833795014	0.994459833795014	0.994459833795014
GC_00005689	0.995381062355658	0.995381062355658	0.995381062355658
GC_00005690	0.792452830188679	0.792452830188679	0.792452830188679
GC_00005691	0.392265193370166	0.392265193370166	0.392265193370166
GC_00005692	0.944664031620553	0.944664031620553	0.944664031620553
GC_00005693	0.963696369636964	0.963696369636964	0.963696369636964
GC_00005694	0.984848484848485	0.984848484848485	0.984848484848485
GC_00005695	0.958333333333333	0.958333333333333	0.958333333333333
GC_00005696	0.56221198156682	0.56221198156682	0.56221198156682
GC_00005697	0.874172185430464	0.874172185430464	0.874172185430464
GC_00005698	0.489795918367347	0.489795918367347	0.489795918367347
GC_00005699	0.68	0.68	0.68
GC_00005700	0.727272727272727	0.727272727272727	0.727272727272727
GC_00005701	0.60752688172043	0.60752688172043	0.60752688172043
GC_00005702	0.943661971830986	0.943661971830986	0.943661971830986
GC_00005703	0.996108949416342	0.996108949416342	0.996108949416342
GC_00005704	0.8	0.8	0.8
GC_00005705	0.96045197740113	0.96045197740113	0.96045197740113
GC_00005706	0.874643874643875	0.874643874643875	0.874643874643875
GC_00005707	0.462264150943396	0.462264150943396	0.462264150943396
GC_00005708	0.601731601731602	0.601731601731602	0.601731601731602
GC_00005709	0.977272727272727	0.977272727272727	0.977272727272727
GC_00005710	0.964646464646465	0.964646464646465	0.964646464646465
GC_00005711	0.986301369863014	0.986301369863014	0.986301369863014
GC_00005712	0.643979057591623	0.643979057591623	0.643979057591623
GC_00005713	0.995614035087719	0.995614035087719	0.995614035087719
GC_00005714	0.596330275229358	0.596330275229358	0.596330275229358
GC_00005715	0.495726495726496	0.495726495726496	0.495726495726496
GC_00005716	0.467153284671533	0.467153284671533	0.467153284671533
GC_00005717	0.983870967741935	0.983870967741935	0.983870967741935
GC_00005718	0.988023952095808	0.988023952095808	0.988023952095808
GC_00005719	0.736311239193084	0.736311239193084	0.736311239193084
GC_00005720	0.72	0.72	0.72
GC_00005721	0.714285714285714	0.714285714285714	0.714285714285714
GC_00005722	0.990196078431373	0.990196078431373	0.990196078431373
GC_00005723	0.993421052631579	0.993421052631579	0.993421052631579
GC_00005724	0.909090909090909	0.909090909090909	0.909090909090909
GC_00005725	0.925619834710744	0.925619834710744	0.925619834710744
GC_00005726	0.944444444444444	0.944444444444444	0.944444444444444
GC_00005727	0.992537313432836	0.992537313432836	0.992537313432836
GC_00005728	0.814655172413793	0.814655172413793	0.814655172413793
GC_00005729	0.675324675324675	0.675324675324675	0.675324675324675
GC_00005730	0.741379310344828	0.741379310344828	0.741379310344828
GC_00005731	0.528925619834711	0.528925619834711	0.528925619834711
GC_00005732	0.257352941176471	0.257352941176471	0.257352941176471
GC_00005733	0.954545454545455	0.954545454545455	0.954545454545455
GC_00005734	0.928571428571429	0.928571428571429	0.928571428571429
GC_00005735	0.962962962962963	0.962962962962963	0.962962962962963
GC_00005736	0.996688741721854	0.996688741721854	0.996688741721854
GC_00005737	0.96875	0.96875	0.96875
GC_00005738	0.980861244019139	0.980861244019139	0.980861244019139
GC_00005739	0.521341463414634	0.521341463414634	0.521341463414634
GC_00005740	0.406976744186047	0.406976744186047	0.406976744186047
GC_00005741	0.604651162790698	0.604651162790698	0.604651162790698
GC_00005742	0.899470899470899	0.899470899470899	0.899470899470899
GC_00005743	0.688888888888889	0.688888888888889	0.688888888888889
GC_00005744	0.997566909975669	0.997566909975669	0.997566909975669
GC_00005745	0.958333333333333	0.958333333333333	0.958333333333333
GC_00005746	0.342465753424658	0.342465753424658	0.342465753424658
GC_00005747	0.886363636363636	0.886363636363636	0.886363636363636
GC_00005748	0.727272727272727	0.727272727272727	0.727272727272727
GC_00005749	0.716216216216216	0.716216216216216	0.716216216216216
GC_00005750	0.988235294117647	0.988235294117647	0.988235294117647
GC_00005751	0.540816326530612	0.540816326530612	0.540816326530612
GC_00005752	0.992753623188406	0.992753623188406	0.992753623188406
GC_00005753	0.734177215189873	0.734177215189873	0.734177215189873
GC_00005754	0.936363636363636	0.936363636363636	0.936363636363636
GC_00005755	0.988571428571429	0.988571428571429	0.988571428571429
GC_00005756	0.890909090909091	0.890909090909091	0.890909090909091
GC_00005757	0.852216748768473	0.852216748768473	0.852216748768473
GC_00005758	0.96045197740113	0.96045197740113	0.96045197740113
GC_00005759	0.939393939393939	0.939393939393939	0.939393939393939
GC_00005760	0.745283018867924	0.745283018867924	0.745283018867924
GC_00005761	0.971153846153846	0.971153846153846	0.971153846153846
GC_00005762	0.697986577181208	0.697986577181208	0.697986577181208
GC_00005763	0.994186046511628	0.994186046511628	0.994186046511628
GC_00005764	0.986899563318777	0.986899563318777	0.986899563318777
GC_00005765	0.660550458715596	0.660550458715596	0.660550458715596
GC_00005766	0.867647058823529	0.867647058823529	0.867647058823529
GC_00005767	0.98501872659176	0.98501872659176	0.98501872659176
GC_00005768	0.986	0.986	0.986
GC_00005769	0.974576271186441	0.974576271186441	0.974576271186441
GC_00005770	0.993055555555556	0.993055555555556	0.993055555555556
GC_00005771	0.618181818181818	0.618181818181818	0.618181818181818
GC_00005772	0.991549295774648	0.991549295774648	0.991549295774648
GC_00005773	0.993464052287582	0.993464052287582	0.993464052287582
GC_00005774	0.987460815047022	0.987460815047022	0.987460815047022
GC_00005775	0.99009900990099	0.99009900990099	0.99009900990099
GC_00005776	0.75968992248062	0.75968992248062	0.75968992248062
GC_00005777	0.587234042553191	0.587234042553191	0.587234042553191
GC_00005778	0.796747967479675	0.796747967479675	0.796747967479675
GC_00005779	0.484496124031008	0.484496124031008	0.484496124031008
GC_00005780	0.955665024630542	0.955665024630542	0.955665024630542
GC_00005781	0.804347826086957	0.804347826086957	0.804347826086957
GC_00005782	0.909090909090909	0.909090909090909	0.909090909090909
GC_00005783	0.927248677248677	0.927248677248677	0.927248677248677
GC_00005784	0.637566137566138	0.637566137566138	0.637566137566138
GC_00005785	0.955555555555556	0.955555555555556	0.955555555555556
GC_00005786	0.771428571428571	0.771428571428571	0.771428571428571
GC_00005787	0.98125	0.98125	0.98125
GC_00005788	0.913793103448276	0.913793103448276	0.913793103448276
GC_00005789	0.984018264840183	0.984018264840183	0.984018264840183
GC_00005790	0.520581113801453	0.520581113801453	0.520581113801453
GC_00005791	0.771186440677966	0.771186440677966	0.771186440677966
GC_00005792	0.890528905289053	0.890528905289053	0.890528905289053
GC_00005793	0.767123287671233	0.767123287671233	0.767123287671233
GC_00005794	0.330578512396694	0.330578512396694	0.330578512396694
GC_00005795	0.842436974789916	0.842436974789916	0.842436974789916
GC_00005796	0.52	0.52	0.52
GC_00005797	0.993548387096774	0.993548387096774	0.993548387096774
GC_00005798	0.878453038674033	0.878453038674033	0.878453038674033
GC_00005799	0.594202898550725	0.594202898550725	0.594202898550725
GC_00005800	0.80952380952381	0.80952380952381	0.80952380952381
GC_00005801	0.783882783882784	0.783882783882784	0.783882783882784
GC_00005802	0.927813163481953	0.927813163481953	0.927813163481953
GC_00005803	0.99601593625498	0.99601593625498	0.99601593625498
GC_00005804	0.9625	0.9625	0.9625
GC_00005805	0.994047619047619	0.994047619047619	0.994047619047619
GC_00005806	0.942307692307692	0.942307692307692	0.942307692307692
GC_00005807	0.654761904761905	0.654761904761905	0.654761904761905
GC_00005808	0.988179669030733	0.988179669030733	0.988179669030733
GC_00005809	0.890134529147982	0.890134529147982	0.890134529147982
GC_00005810	0.988095238095238	0.988095238095238	0.988095238095238
GC_00005811	0.552830188679245	0.552830188679245	0.552830188679245
GC_00005812	0.99344262295082	0.99344262295082	0.99344262295082
GC_00005813	0.434146341463415	0.434146341463415	0.434146341463415
GC_00005814	0.918032786885246	0.918032786885246	0.918032786885246
GC_00005815	0.808290155440414	0.808290155440414	0.808290155440414
GC_00005816	0.822222222222222	0.822222222222222	0.822222222222222
GC_00005817	0.83125	0.83125	0.83125
GC_00005818	0.998535871156662	0.998535871156662	0.998535871156662
GC_00005819	0.997950819672131	0.997950819672131	0.997950819672131
GC_00005820	0.956743002544529	0.956743002544529	0.956743002544529
GC_00005821	0.836734693877551	0.836734693877551	0.836734693877551
GC_00005822	0.99438202247191	0.99438202247191	0.99438202247191
GC_00005823	0.983122362869198	0.983122362869198	0.983122362869198
GC_00005824	0.506666666666667	0.506666666666667	0.506666666666667
GC_00005825	0.331491712707182	0.331491712707182	0.331491712707182
GC_00005826	0.972222222222222	0.972222222222222	0.972222222222222
GC_00005827	0.957627118644068	0.957627118644068	0.957627118644068
GC_00005828	0.236666666666667	0.236666666666667	0.236666666666667
GC_00005829	0.735941320293399	0.735941320293399	0.735941320293399
GC_00005830	0.532751091703057	0.532751091703057	0.532751091703057
GC_00005831	0.592391304347826	0.592391304347826	0.592391304347826
GC_00005832	0.955631399317406	0.955631399317406	0.955631399317406
GC_00005833	0.920948616600791	0.920948616600791	0.920948616600791
GC_00005834	0.946428571428571	0.946428571428571	0.946428571428571
GC_00005835	0.589641434262948	0.589641434262948	0.589641434262948
GC_00005836	0.956521739130435	0.956521739130435	0.956521739130435
GC_00005837	0.988505747126437	0.988505747126437	0.988505747126437
GC_00005838	0.837662337662338	0.837662337662338	0.837662337662338
GC_00005839	0.975308641975309	0.975308641975309	0.975308641975309
GC_00005840	0.996168582375479	0.996168582375479	0.996168582375479
GC_00005841	0.68075117370892	0.68075117370892	0.68075117370892
GC_00005842	0.607142857142857	0.607142857142857	0.607142857142857
GC_00005843	0.975806451612903	0.975806451612903	0.975806451612903
GC_00005844	0.103338632750397	0.103338632750397	0.103338632750397
GC_00005845	0.959016393442623	0.959016393442623	0.959016393442623
GC_00005846	0.943060498220641	0.943060498220641	0.943060498220641
GC_00005847	0.632352941176471	0.632352941176471	0.632352941176471
GC_00005848	0.710659898477157	0.710659898477157	0.710659898477157
GC_00005849	0.506666666666667	0.506666666666667	0.506666666666667
GC_00005850	0.522727272727273	0.522727272727273	0.522727272727273
GC_00005851	0.988549618320611	0.988549618320611	0.988549618320611
GC_00005852	0.971830985915493	0.971830985915493	0.971830985915493
GC_00005853	0.972665148063781	0.972665148063781	0.972665148063781
GC_00005854	0.872549019607843	0.872549019607843	0.872549019607843
GC_00005855	0.636363636363636	0.636363636363636	0.636363636363636
GC_00005856	0.663507109004739	0.663507109004739	0.663507109004739
GC_00005857	0.983333333333333	0.983333333333333	0.983333333333333
GC_00005858	0.725146198830409	0.725146198830409	0.725146198830409
GC_00005859	0.980582524271845	0.980582524271845	0.980582524271845
GC_00005860	0.957746478873239	0.957746478873239	0.957746478873239
GC_00005861	0.967935871743487	0.967935871743487	0.967935871743487
GC_00005862	0.871794871794872	0.871794871794872	0.871794871794872
GC_00005863	0.992665036674817	0.992665036674817	0.992665036674817
GC_00005864	0.989247311827957	0.989247311827957	0.989247311827957
GC_00005865	0.384433962264151	0.384433962264151	0.384433962264151
GC_00005866	0.784615384615385	0.784615384615385	0.784615384615385
GC_00005867	0.935185185185185	0.935185185185185	0.935185185185185
GC_00005868	0.989130434782609	0.989130434782609	0.989130434782609
GC_00005869	0.967181467181467	0.967181467181467	0.967181467181467
GC_00005870	0.9	0.9	0.9
GC_00005871	0.532258064516129	0.532258064516129	0.532258064516129
GC_00005872	0.903370786516854	0.903370786516854	0.903370786516854
GC_00005873	0.755102040816326	0.755102040816326	0.755102040816326
GC_00005874	0.982954545454545	0.982954545454545	0.982954545454545
GC_00005875	0.620833333333333	0.620833333333333	0.620833333333333
GC_00005876	0.992857142857143	0.992857142857143	0.992857142857143
GC_00005877	0.967592592592593	0.967592592592593	0.967592592592593
GC_00005878	0.7	0.7	0.7
GC_00005879	0.791509433962264	0.791509433962264	0.791509433962264
GC_00005880	0.920634920634921	0.920634920634921	0.920634920634921
GC_00005881	0.741379310344828	0.741379310344828	0.741379310344828
GC_00005882	0.981132075471698	0.981132075471698	0.981132075471698
GC_00005883	0.333333333333333	0.333333333333333	0.333333333333333
GC_00005884	0.896825396825397	0.896825396825397	0.896825396825397
GC_00005885	0.587962962962963	0.587962962962963	0.587962962962963
GC_00005886	0.99438202247191	0.99438202247191	0.99438202247191
GC_00005887	0.983498349834984	0.983498349834984	0.983498349834984
GC_00005888	0.643478260869565	0.643478260869565	0.643478260869565
GC_00005889	0.993073047858942	0.993073047858942	0.993073047858942
GC_00005890	0.716666666666667	0.716666666666667	0.716666666666667
GC_00005891	0.987951807228916	0.987951807228916	0.987951807228916
GC_00005892	0.955882352941177	0.955882352941177	0.955882352941177
GC_00005893	0.986003110419907	0.986003110419907	0.986003110419907
GC_00005894	0.505882352941176	0.505882352941176	0.505882352941176
GC_00005895	0.95	0.95	0.95
GC_00005896	0.97	0.97	0.97
GC_00005897	0.695238095238095	0.695238095238095	0.695238095238095
GC_00005898	0.836206896551724	0.836206896551724	0.836206896551724
GC_00005899	0.923076923076923	0.923076923076923	0.923076923076923
GC_00005900	0.853333333333333	0.853333333333333	0.853333333333333
GC_00005901	0.774793388429752	0.774793388429752	0.774793388429752
GC_00005902	0.892561983471074	0.892561983471074	0.892561983471074
GC_00005903	0.993975903614458	0.993975903614458	0.993975903614458
GC_00005904	0.98804780876494	0.98804780876494	0.98804780876494
GC_00005905	0.974424552429668	0.974424552429668	0.974424552429668
GC_00005906	0.98932384341637	0.98932384341637	0.98932384341637
GC_00005907	0.720524017467249	0.720524017467249	0.720524017467249
GC_00005908	0.883152173913043	0.883152173913043	0.883152173913043
GC_00005909	0.994949494949495	0.994949494949495	0.994949494949495
GC_00005910	0.939393939393939	0.939393939393939	0.939393939393939
GC_00005911	0.422535211267606	0.422535211267606	0.422535211267606
GC_00005912	0.922535211267606	0.922535211267606	0.922535211267606
GC_00005913	0.803921568627451	0.803921568627451	0.803921568627451
GC_00005914	0.806818181818182	0.806818181818182	0.806818181818182
GC_00005915	0.573717948717949	0.573717948717949	0.573717948717949
GC_00005916	0.71976401179941	0.71976401179941	0.71976401179941
GC_00005917	0.925	0.925	0.925
GC_00005918	0.837647058823529	0.837647058823529	0.837647058823529
GC_00005919	0.986206896551724	0.986206896551724	0.986206896551724
GC_00005920	0.882191780821918	0.882191780821918	0.882191780821918
GC_00005921	0.155982905982906	0.155982905982906	0.155982905982906
GC_00005922	0.775956284153005	0.775956284153005	0.775956284153005
GC_00005923	0.936363636363636	0.936363636363636	0.936363636363636
GC_00005924	0.639751552795031	0.639751552795031	0.639751552795031
GC_00005925	0.45	0.45	0.45
GC_00005926	0.910714285714286	0.910714285714286	0.910714285714286
GC_00005927	0.75531914893617	0.75531914893617	0.75531914893617
GC_00005928	0.868965517241379	0.868965517241379	0.868965517241379
GC_00005929	0.682242990654206	0.682242990654206	0.682242990654206
GC_00005930	0.653448275862069	0.653448275862069	0.653448275862069
GC_00005931	0.996672212978369	0.996672212978369	0.996672212978369
GC_00005932	0.850467289719626	0.850467289719626	0.850467289719626
GC_00005933	0.998188405797101	0.998188405797101	0.998188405797101
GC_00005934	0.728	0.728	0.728
GC_00005935	0.950413223140496	0.950413223140496	0.950413223140496
GC_00005936	0.985849056603774	0.985849056603774	0.985849056603774
GC_00005937	0.953846153846154	0.953846153846154	0.953846153846154
GC_00005938	0.975308641975309	0.975308641975309	0.975308641975309
GC_00005939	0.885714285714286	0.885714285714286	0.885714285714286
GC_00005940	0.976234003656307	0.976234003656307	0.976234003656307
GC_00005941	0.554545454545455	0.554545454545455	0.554545454545455
GC_00005942	0.79020979020979	0.79020979020979	0.79020979020979
GC_00005943	0.826771653543307	0.826771653543307	0.826771653543307
GC_00005944	0.992307692307692	0.992307692307692	0.992307692307692
GC_00005945	0.979539641943734	0.979539641943734	0.979539641943734
GC_00005946	0.994219653179191	0.994219653179191	0.994219653179191
GC_00005947	0.949044585987261	0.949044585987261	0.949044585987261
GC_00005948	0.392307692307692	0.392307692307692	0.392307692307692
GC_00005949	0.628205128205128	0.628205128205128	0.628205128205128
GC_00005950	0.936339522546419	0.936339522546419	0.936339522546419
GC_00005951	0.985849056603774	0.985849056603774	0.985849056603774
GC_00005952	0.984326018808777	0.984326018808777	0.984326018808777
GC_00005953	0.909090909090909	0.909090909090909	0.909090909090909
GC_00005954	0.412541254125413	0.412541254125413	0.412541254125413
GC_00005955	0.9609375	0.9609375	0.9609375
GC_00005956	0.97887323943662	0.97887323943662	0.97887323943662
GC_00005957	0.991525423728814	0.991525423728814	0.991525423728814
GC_00005958	0.987750556792873	0.987750556792873	0.987750556792873
GC_00005959	0.955911823647295	0.955911823647295	0.955911823647295
GC_00005960	0.985507246376812	0.985507246376812	0.985507246376812
GC_00005961	0.734177215189873	0.734177215189873	0.734177215189873
GC_00005962	0.934782608695652	0.934782608695652	0.934782608695652
GC_00005963	0.951807228915663	0.951807228915663	0.951807228915663
GC_00005964	0.770609318996416	0.770609318996416	0.770609318996416
GC_00005965	0.86	0.86	0.86
GC_00005966	0.176470588235294	0.176470588235294	0.176470588235294
GC_00005967	0.973244147157191	0.973244147157191	0.973244147157191
GC_00005968	0.353741496598639	0.353741496598639	0.353741496598639
GC_00005969	0.506024096385542	0.506024096385542	0.506024096385542
GC_00005970	0.530516431924883	0.530516431924883	0.530516431924883
GC_00005971	0.983630952380952	0.983630952380952	0.983630952380952
GC_00005972	0.282926829268293	0.282926829268293	0.282926829268293
GC_00005973	0.99537037037037	0.99537037037037	0.99537037037037
GC_00005974	0.655339805825243	0.655339805825243	0.655339805825243
GC_00005975	0.735849056603774	0.735849056603774	0.735849056603774
GC_00005976	0.995283018867924	0.995283018867924	0.995283018867924
GC_00005977	0.215238095238095	0.215238095238095	0.215238095238095
GC_00005978	0.609302325581395	0.609302325581395	0.609302325581395
GC_00005979	0.982318271119843	0.982318271119843	0.982318271119843
GC_00005980	0.75	0.75	0.75
GC_00005981	0.934426229508197	0.934426229508197	0.934426229508197
GC_00005982	0.759856630824373	0.759856630824373	0.759856630824373
GC_00005983	0.895545314900154	0.895545314900154	0.895545314900154
GC_00005984	0.885869565217391	0.885869565217391	0.885869565217391
GC_00005985	0.662162162162162	0.662162162162162	0.662162162162162
GC_00005986	0.935483870967742	0.935483870967742	0.935483870967742
GC_00005987	0.951612903225806	0.951612903225806	0.951612903225806
GC_00005988	0.983498349834984	0.983498349834984	0.983498349834984
GC_00005989	0.67887323943662	0.67887323943662	0.67887323943662
GC_00005990	0.924242424242424	0.924242424242424	0.924242424242424
GC_00005991	0.956521739130435	0.956521739130435	0.956521739130435
GC_00005992	0.707317073170732	0.707317073170732	0.707317073170732
GC_00005993	0.895238095238095	0.895238095238095	0.895238095238095
GC_00005994	0.903846153846154	0.903846153846154	0.903846153846154
GC_00005995	0.683453237410072	0.683453237410072	0.683453237410072
GC_00005996	0.0	0.0	0.0
GC_00005997	0.0	0.0	0.0
GC_00005998	0.0	0.0	0.0
GC_00005999	0.0	0.0	0.0
GC_00006000	0.0	0.0	0.0
GC_00006001	0.0	0.0	0.0
GC_00006002	0.0	0.0	0.0
GC_00006003	0.0	0.0	0.0
GC_00006004	0.0	0.0	0.0
GC_00006005	0.0	0.0	0.0
GC_00006006	0.0	0.0	0.0
GC_00006007	0.0	0.0	0.0
GC_00006008	0.0	0.0	0.0
GC_00006009	0.0	0.0	0.0
GC_00006010	0.0	0.0	0.0
GC_00006011	0.0	0.0	0.0
GC_00006012	0.0	0.0	0.0
GC_00006013	0.0	0.0	0.0
GC_00006014	0.0	0.0	0.0
GC_00006015	0.0	0.0	0.0
GC_00006016	0.0	0.0	0.0
GC_00006017	0.0	0.0	0.0
GC_00006018	0.0	0.0	0.0
GC_00006019	0.0	0.0	0.0
GC_00006020	0.0	0.0	0.0
GC_00006021	0.0	0.0	0.0
GC_00006022	0.0	0.0	0.0
GC_00006023	0.0	0.0	0.0
GC_00006024	0.0	0.0	0.0
GC_00006025	0.0	0.0	0.0
GC_00006026	0.0	0.0	0.0
GC_00006027	0.0	0.0	0.0
GC_00006028	0.0	0.0	0.0
GC_00006029	0.0	0.0	0.0
GC_00006030	0.0	0.0	0.0
GC_00006031	0.0	0.0	0.0
GC_00006032	0.0	0.0	0.0
GC_00006033	0.0	0.0	0.0
GC_00006034	0.0	0.0	0.0
GC_00006035	0.0	0.0	0.0
GC_00006036	0.0	0.0	0.0
GC_00006037	0.0	0.0	0.0
GC_00006038	0.0	0.0	0.0
GC_00006039	0.0	0.0	0.0
GC_00006040	0.0	0.0	0.0
GC_00006041	0.0	0.0	0.0
GC_00006042	0.0	0.0	0.0
GC_00006043	0.0	0.0	0.0
GC_00006044	0.0	0.0	0.0
GC_00006045	0.0	0.0	0.0
GC_00006046	0.0	0.0	0.0
GC_00006047	0.0	0.0	0.0
GC_00006048	0.0	0.0	0.0
GC_00006049	0.0	0.0	0.0
GC_00006050	0.0	0.0	0.0
GC_00006051	0.0	0.0	0.0
GC_00006052	0.0	0.0	0.0
GC_00006053	0.0	0.0	0.0
GC_00006054	0.0	0.0	0.0
GC_00006055	0.0	0.0	0.0
GC_00006056	0.0	0.0	0.0
GC_00006057	0.0	0.0	0.0
GC_00006058	0.0	0.0	0.0
GC_00006059	0.0	0.0	0.0
GC_00006060	0.0	0.0	0.0
GC_00006061	0.0	0.0	0.0
GC_00006062	0.0	0.0	0.0
GC_00006063	0.0	0.0	0.0
GC_00006064	0.0	0.0	0.0
GC_00006065	0.0	0.0	0.0
GC_00006066	0.0	0.0	0.0
GC_00006067	0.0	0.0	0.0
GC_00006068	0.0	0.0	0.0
GC_00006069	0.0	0.0	0.0
GC_00006070	0.0	0.0	0.0
GC_00006071	0.0	0.0	0.0
GC_00006072	0.0	0.0	0.0
GC_00006073	0.0	0.0	0.0
GC_00006074	0.0	0.0	0.0
GC_00006075	0.0	0.0	0.0
GC_00006076	0.0	0.0	0.0
GC_00006077	0.0	0.0	0.0
GC_00006078	0.0	0.0	0.0
GC_00006079	0.0	0.0	0.0
GC_00006080	0.0	0.0	0.0
GC_00006081	0.0	0.0	0.0
GC_00006082	0.0	0.0	0.0
GC_00006083	0.0	0.0	0.0
GC_00006084	0.0	0.0	0.0
GC_00006085	0.0	0.0	0.0
GC_00006086	0.0	0.0	0.0
GC_00006087	0.0	0.0	0.0
GC_00006088	0.0	0.0	0.0
GC_00006089	0.0	0.0	0.0
GC_00006090	0.0	0.0	0.0
GC_00006091	0.0	0.0	0.0
GC_00006092	0.0	0.0	0.0
GC_00006093	0.0	0.0	0.0
GC_00006094	0.0	0.0	0.0
GC_00006095	0.0	0.0	0.0
GC_00006096	0.0	0.0	0.0
GC_00006097	0.0	0.0	0.0
GC_00006098	0.0	0.0	0.0
GC_00006099	0.0	0.0	0.0
GC_00006100	0.0	0.0	0.0
GC_00006101	0.0	0.0	0.0
GC_00006102	0.0	0.0	0.0
GC_00006103	0.0	0.0	0.0
GC_00006104	0.0	0.0	0.0
GC_00006105	0.0	0.0	0.0
GC_00006106	0.0	0.0	0.0
GC_00006107	0.0	0.0	0.0
GC_00006108	0.0	0.0	0.0
GC_00006109	0.0	0.0	0.0
GC_00006110	0.0	0.0	0.0
GC_00006111	0.0	0.0	0.0
GC_00006112	0.0	0.0	0.0
GC_00006113	0.0	0.0	0.0
GC_00006114	0.0	0.0	0.0
GC_00006115	0.0	0.0	0.0
GC_00006116	0.0	0.0	0.0
GC_00006117	0.0	0.0	0.0
GC_00006118	0.0	0.0	0.0
GC_00006119	0.0	0.0	0.0
GC_00006120	0.0	0.0	0.0
GC_00006121	0.0	0.0	0.0
GC_00006122	0.0	0.0	0.0
GC_00006123	0.0	0.0	0.0
GC_00006124	0.0	0.0	0.0
GC_00006125	0.0	0.0	0.0
GC_00006126	0.0	0.0	0.0
GC_00006127	0.0	0.0	0.0
GC_00006128	0.0	0.0	0.0
GC_00006129	0.0	0.0	0.0
GC_00006130	0.0	0.0	0.0
GC_00006131	0.0	0.0	0.0
GC_00006132	0.0	0.0	0.0
GC_00006133	0.0	0.0	0.0
GC_00006134	0.0	0.0	0.0
GC_00006135	0.0	0.0	0.0
GC_00006136	0.0	0.0	0.0
GC_00006137	0.0	0.0	0.0
GC_00006138	0.0	0.0	0.0
GC_00006139	0.0	0.0	0.0
GC_00006140	0.0	0.0	0.0
GC_00006141	0.0	0.0	0.0
GC_00006142	0.0	0.0	0.0
GC_00006143	0.0	0.0	0.0
GC_00006144	0.0	0.0	0.0
GC_00006145	0.0	0.0	0.0
GC_00006146	0.0	0.0	0.0
GC_00006147	0.0	0.0	0.0
GC_00006148	0.0	0.0	0.0
GC_00006149	0.0	0.0	0.0
GC_00006150	0.0	0.0	0.0
GC_00006151	0.0	0.0	0.0
GC_00006152	0.0	0.0	0.0
GC_00006153	0.0	0.0	0.0
GC_00006154	0.0	0.0	0.0
GC_00006155	0.0	0.0	0.0
GC_00006156	0.0	0.0	0.0
GC_00006157	0.0	0.0	0.0
GC_00006158	0.0	0.0	0.0
GC_00006159	0.0	0.0	0.0
GC_00006160	0.0	0.0	0.0
GC_00006161	0.0	0.0	0.0
GC_00006162	0.0	0.0	0.0
GC_00006163	0.0	0.0	0.0
GC_00006164	0.0	0.0	0.0
GC_00006165	0.0	0.0	0.0
GC_00006166	0.0	0.0	0.0
GC_00006167	0.0	0.0	0.0
GC_00006168	0.0	0.0	0.0
GC_00006169	0.0	0.0	0.0
GC_00006170	0.0	0.0	0.0
GC_00006171	0.0	0.0	0.0
GC_00006172	0.0	0.0	0.0
GC_00006173	0.0	0.0	0.0
GC_00006174	0.0	0.0	0.0
GC_00006175	0.0	0.0	0.0
GC_00006176	0.0	0.0	0.0
GC_00006177	0.0	0.0	0.0
GC_00006178	0.0	0.0	0.0
GC_00006179	0.0	0.0	0.0
GC_00006180	0.0	0.0	0.0
GC_00006181	0.0	0.0	0.0
GC_00006182	0.0	0.0	0.0
GC_00006183	0.0	0.0	0.0
GC_00006184	0.0	0.0	0.0
GC_00006185	0.0	0.0	0.0
GC_00006186	0.0	0.0	0.0
GC_00006187	0.0	0.0	0.0
GC_00006188	0.0	0.0	0.0
GC_00006189	0.0	0.0	0.0
GC_00006190	0.0	0.0	0.0
GC_00006191	0.0	0.0	0.0
GC_00006192	0.0	0.0	0.0
GC_00006193	0.0	0.0	0.0
GC_00006194	0.0	0.0	0.0
GC_00006195	0.0	0.0	0.0
GC_00006196	0.0	0.0	0.0
GC_00006197	0.0	0.0	0.0
GC_00006198	0.0	0.0	0.0
GC_00006199	0.0	0.0	0.0
GC_00006200	0.0	0.0	0.0
GC_00006201	0.0	0.0	0.0
GC_00006202	0.0	0.0	0.0
GC_00006203	0.0	0.0	0.0
GC_00006204	0.0	0.0	0.0
GC_00006205	0.0	0.0	0.0
GC_00006206	0.0	0.0	0.0
GC_00006207	0.0	0.0	0.0
GC_00006208	0.0	0.0	0.0
GC_00006209	0.0	0.0	0.0
GC_00006210	0.0	0.0	0.0
GC_00006211	0.0	0.0	0.0
GC_00006212	0.0	0.0	0.0
GC_00006213	0.0	0.0	0.0
GC_00006214	0.0	0.0	0.0
GC_00006215	0.0	0.0	0.0
GC_00006216	0.0	0.0	0.0
GC_00006217	0.0	0.0	0.0
GC_00006218	0.0	0.0	0.0
GC_00006219	0.0	0.0	0.0
GC_00006220	0.0	0.0	0.0
GC_00006221	0.0	0.0	0.0
GC_00006222	0.0	0.0	0.0
GC_00006223	0.0	0.0	0.0
GC_00006224	0.0	0.0	0.0
GC_00006225	0.0	0.0	0.0
GC_00006226	0.0	0.0	0.0
GC_00006227	0.0	0.0	0.0
GC_00006228	0.0	0.0	0.0
GC_00006229	0.0	0.0	0.0
GC_00006230	0.0	0.0	0.0
GC_00006231	0.0	0.0	0.0
GC_00006232	0.0	0.0	0.0
GC_00006233	0.0	0.0	0.0
GC_00006234	0.0	0.0	0.0
GC_00006235	0.0	0.0	0.0
GC_00006236	0.0	0.0	0.0
GC_00006237	0.0	0.0	0.0
GC_00006238	0.0	0.0	0.0
GC_00006239	0.0	0.0	0.0
GC_00006240	0.0	0.0	0.0
GC_00006241	0.0	0.0	0.0
GC_00006242	0.0	0.0	0.0
GC_00006243	0.0	0.0	0.0
GC_00006244	0.0	0.0	0.0
GC_00006245	0.0	0.0	0.0
GC_00006246	0.0	0.0	0.0
GC_00006247	0.0	0.0	0.0
GC_00006248	0.0	0.0	0.0
GC_00006249	0.0	0.0	0.0
GC_00006250	0.0	0.0	0.0
GC_00006251	0.0	0.0	0.0
GC_00006252	0.0	0.0	0.0
GC_00006253	0.0	0.0	0.0
GC_00006254	0.0	0.0	0.0
GC_00006255	0.0	0.0	0.0
GC_00006256	0.0	0.0	0.0
GC_00006257	0.0	0.0	0.0
GC_00006258	0.0	0.0	0.0
GC_00006259	0.0	0.0	0.0
GC_00006260	0.0	0.0	0.0
GC_00006261	0.0	0.0	0.0
GC_00006262	0.0	0.0	0.0
GC_00006263	0.0	0.0	0.0
GC_00006264	0.0	0.0	0.0
GC_00006265	0.0	0.0	0.0
GC_00006266	0.0	0.0	0.0
GC_00006267	0.0	0.0	0.0
GC_00006268	0.0	0.0	0.0
GC_00006269	0.0	0.0	0.0
GC_00006270	0.0	0.0	0.0
GC_00006271	0.0	0.0	0.0
GC_00006272	0.0	0.0	0.0
GC_00006273	0.0	0.0	0.0
GC_00006274	0.0	0.0	0.0
GC_00006275	0.0	0.0	0.0
GC_00006276	0.0	0.0	0.0
GC_00006277	0.0	0.0	0.0
GC_00006278	0.0	0.0	0.0
GC_00006279	0.0	0.0	0.0
GC_00006280	0.0	0.0	0.0
GC_00006281	0.0	0.0	0.0
GC_00006282	0.0	0.0	0.0
GC_00006283	0.0	0.0	0.0
GC_00006284	0.0	0.0	0.0
GC_00006285	0.0	0.0	0.0
GC_00006286	0.0	0.0	0.0
GC_00006287	0.0	0.0	0.0
GC_00006288	0.0	0.0	0.0
GC_00006289	0.0	0.0	0.0
GC_00006290	0.0	0.0	0.0
GC_00006291	0.0	0.0	0.0
GC_00006292	0.0	0.0	0.0
GC_00006293	0.0	0.0	0.0
GC_00006294	0.0	0.0	0.0
GC_00006295	0.0	0.0	0.0
GC_00006296	0.0	0.0	0.0
GC_00006297	0.0	0.0	0.0
GC_00006298	0.0	0.0	0.0
GC_00006299	0.0	0.0	0.0
GC_00006300	0.0	0.0	0.0
GC_00006301	0.0	0.0	0.0
GC_00006302	0.0	0.0	0.0
GC_00006303	0.0	0.0	0.0
GC_00006304	0.0	0.0	0.0
GC_00006305	0.0	0.0	0.0
GC_00006306	0.0	0.0	0.0
GC_00006307	0.0	0.0	0.0
GC_00006308	0.0	0.0	0.0
GC_00006309	0.0	0.0	0.0
GC_00006310	0.0	0.0	0.0
GC_00006311	0.0	0.0	0.0
GC_00006312	0.0	0.0	0.0
GC_00006313	0.0	0.0	0.0
GC_00006314	0.0	0.0	0.0
GC_00006315	0.0	0.0	0.0
GC_00006316	0.0	0.0	0.0
GC_00006317	0.0	0.0	0.0
GC_00006318	0.0	0.0	0.0
GC_00006319	0.0	0.0	0.0
GC_00006320	0.0	0.0	0.0
GC_00006321	0.0	0.0	0.0
GC_00006322	0.0	0.0	0.0
GC_00006323	0.0	0.0	0.0
GC_00006324	0.0	0.0	0.0
GC_00006325	0.0	0.0	0.0
GC_00006326	0.0	0.0	0.0
GC_00006327	0.0	0.0	0.0
GC_00006328	0.0	0.0	0.0
GC_00006329	0.0	0.0	0.0
GC_00006330	0.0	0.0	0.0
GC_00006331	0.0	0.0	0.0
GC_00006332	0.0	0.0	0.0
GC_00006333	0.0	0.0	0.0
GC_00006334	0.0	0.0	0.0
GC_00006335	0.0	0.0	0.0
GC_00006336	0.0	0.0	0.0
GC_00006337	0.0	0.0	0.0
GC_00006338	0.0	0.0	0.0
GC_00006339	0.0	0.0	0.0
GC_00006340	0.0	0.0	0.0
GC_00006341	0.0	0.0	0.0
GC_00006342	0.0	0.0	0.0
GC_00006343	0.0	0.0	0.0
GC_00006344	0.0	0.0	0.0
GC_00006345	0.0	0.0	0.0
GC_00006346	0.0	0.0	0.0
GC_00006347	0.0	0.0	0.0
GC_00006348	0.0	0.0	0.0
GC_00006349	0.0	0.0	0.0
GC_00006350	0.0	0.0	0.0
GC_00006351	0.0	0.0	0.0
GC_00006352	0.0	0.0	0.0
GC_00006353	0.0	0.0	0.0
GC_00006354	0.0	0.0	0.0
GC_00006355	0.0	0.0	0.0
GC_00006356	0.0	0.0	0.0
GC_00006357	0.0	0.0	0.0
GC_00006358	0.0	0.0	0.0
GC_00006359	0.0	0.0	0.0
GC_00006360	0.0	0.0	0.0
GC_00006361	0.0	0.0	0.0
GC_00006362	0.0	0.0	0.0
GC_00006363	0.0	0.0	0.0
GC_00006364	0.0	0.0	0.0
GC_00006365	0.0	0.0	0.0
GC_00006366	0.0	0.0	0.0
GC_00006367	0.0	0.0	0.0
GC_00006368	0.0	0.0	0.0
GC_00006369	0.0	0.0	0.0
GC_00006370	0.0	0.0	0.0
GC_00006371	0.0	0.0	0.0
GC_00006372	0.0	0.0	0.0
GC_00006373	0.0	0.0	0.0
GC_00006374	0.0	0.0	0.0
GC_00006375	0.0	0.0	0.0
GC_00006376	0.0	0.0	0.0
GC_00006377	0.0	0.0	0.0
GC_00006378	0.0	0.0	0.0
GC_00006379	0.0	0.0	0.0
GC_00006380	0.0	0.0	0.0
GC_00006381	0.0	0.0	0.0
GC_00006382	0.0	0.0	0.0
GC_00006383	0.0	0.0	0.0
GC_00006384	0.0	0.0	0.0
GC_00006385	0.0	0.0	0.0
GC_00006386	0.0	0.0	0.0
GC_00006387	0.0	0.0	0.0
GC_00006388	0.0	0.0	0.0
GC_00006389	0.0	0.0	0.0
GC_00006390	0.0	0.0	0.0
GC_00006391	0.0	0.0	0.0
GC_00006392	0.0	0.0	0.0
GC_00006393	0.0	0.0	0.0
GC_00006394	0.0	0.0	0.0
GC_00006395	0.0	0.0	0.0
GC_00006396	0.0	0.0	0.0
GC_00006397	0.0	0.0	0.0
GC_00006398	0.0	0.0	0.0
GC_00006399	0.0	0.0	0.0
GC_00006400	0.0	0.0	0.0
GC_00006401	0.0	0.0	0.0
GC_00006402	0.0	0.0	0.0
GC_00006403	0.0	0.0	0.0
GC_00006404	0.0	0.0	0.0
GC_00006405	0.0	0.0	0.0
GC_00006406	0.0	0.0	0.0
GC_00006407	0.0	0.0	0.0
GC_00006408	0.0	0.0	0.0
GC_00006409	0.0	0.0	0.0
GC_00006410	0.0	0.0	0.0
GC_00006411	0.0	0.0	0.0
GC_00006412	0.0	0.0	0.0
GC_00006413	0.0	0.0	0.0
GC_00006414	0.0	0.0	0.0
GC_00006415	0.0	0.0	0.0
GC_00006416	0.0	0.0	0.0
GC_00006417	0.0	0.0	0.0
GC_00006418	0.0	0.0	0.0
GC_00006419	0.0	0.0	0.0
GC_00006420	0.0	0.0	0.0
GC_00006421	0.0	0.0	0.0
GC_00006422	0.0	0.0	0.0
GC_00006423	0.0	0.0	0.0
GC_00006424	0.0	0.0	0.0
GC_00006425	0.0	0.0	0.0
GC_00006426	0.0	0.0	0.0
GC_00006427	0.0	0.0	0.0
GC_00006428	0.0	0.0	0.0
GC_00006429	0.0	0.0	0.0
GC_00006430	0.0	0.0	0.0
GC_00006431	0.0	0.0	0.0
GC_00006432	0.0	0.0	0.0
GC_00006433	0.0	0.0	0.0
GC_00006434	0.0	0.0	0.0
GC_00006435	0.0	0.0	0.0
GC_00006436	0.0	0.0	0.0
GC_00006437	0.0	0.0	0.0
GC_00006438	0.0	0.0	0.0
GC_00006439	0.0	0.0	0.0
GC_00006440	0.0	0.0	0.0
GC_00006441	0.0	0.0	0.0
GC_00006442	0.0	0.0	0.0
GC_00006443	0.0	0.0	0.0
GC_00006444	0.0	0.0	0.0
GC_00006445	0.0	0.0	0.0
GC_00006446	0.0	0.0	0.0
GC_00006447	0.0	0.0	0.0
GC_00006448	0.0	0.0	0.0
GC_00006449	0.0	0.0	0.0
GC_00006450	0.0	0.0	0.0
GC_00006451	0.0	0.0	0.0
GC_00006452	0.0	0.0	0.0
GC_00006453	0.0	0.0	0.0
GC_00006454	0.0	0.0	0.0
GC_00006455	0.0	0.0	0.0
GC_00006456	0.0	0.0	0.0
GC_00006457	0.0	0.0	0.0
GC_00006458	0.0	0.0	0.0
GC_00006459	0.0	0.0	0.0
GC_00006460	0.0	0.0	0.0
GC_00006461	0.0	0.0	0.0
GC_00006462	0.0	0.0	0.0
GC_00006463	0.0	0.0	0.0
GC_00006464	0.0	0.0	0.0
GC_00006465	0.0	0.0	0.0
GC_00006466	0.0	0.0	0.0
GC_00006467	0.0	0.0	0.0
GC_00006468	0.0	0.0	0.0
GC_00006469	0.0	0.0	0.0
GC_00006470	0.0	0.0	0.0
GC_00006471	0.0	0.0	0.0
GC_00006472	0.0	0.0	0.0
GC_00006473	0.0	0.0	0.0
GC_00006474	0.0	0.0	0.0
GC_00006475	0.0	0.0	0.0
GC_00006476	0.0	0.0	0.0
GC_00006477	0.0	0.0	0.0
GC_00006478	0.0	0.0	0.0
GC_00006479	0.0	0.0	0.0
GC_00006480	0.0	0.0	0.0
GC_00006481	0.0	0.0	0.0
GC_00006482	0.0	0.0	0.0
GC_00006483	0.0	0.0	0.0
GC_00006484	0.0	0.0	0.0
GC_00006485	0.0	0.0	0.0
GC_00006486	0.0	0.0	0.0
GC_00006487	0.0	0.0	0.0
GC_00006488	0.0	0.0	0.0
GC_00006489	0.0	0.0	0.0
GC_00006490	0.0	0.0	0.0
GC_00006491	0.0	0.0	0.0
GC_00006492	0.0	0.0	0.0
GC_00006493	0.0	0.0	0.0
GC_00006494	0.0	0.0	0.0
GC_00006495	0.0	0.0	0.0
GC_00006496	0.0	0.0	0.0
GC_00006497	0.0	0.0	0.0
GC_00006498	0.0	0.0	0.0
GC_00006499	0.0	0.0	0.0
GC_00006500	0.0	0.0	0.0
GC_00006501	0.0	0.0	0.0
GC_00006502	0.0	0.0	0.0
GC_00006503	0.0	0.0	0.0
GC_00006504	0.0	0.0	0.0
GC_00006505	0.0	0.0	0.0
GC_00006506	0.0	0.0	0.0
GC_00006507	0.0	0.0	0.0
GC_00006508	0.0	0.0	0.0
GC_00006509	0.0	0.0	0.0
GC_00006510	0.0	0.0	0.0
GC_00006511	0.0	0.0	0.0
GC_00006512	0.0	0.0	0.0
GC_00006513	0.0	0.0	0.0
GC_00006514	0.0	0.0	0.0
GC_00006515	0.0	0.0	0.0
GC_00006516	0.0	0.0	0.0
GC_00006517	0.0	0.0	0.0
GC_00006518	0.0	0.0	0.0
GC_00006519	0.0	0.0	0.0
GC_00006520	0.0	0.0	0.0
GC_00006521	0.0	0.0	0.0
GC_00006522	0.0	0.0	0.0
GC_00006523	0.0	0.0	0.0
GC_00006524	0.0	0.0	0.0
GC_00006525	0.0	0.0	0.0
GC_00006526	0.0	0.0	0.0
GC_00006527	0.0	0.0	0.0
GC_00006528	0.0	0.0	0.0
GC_00006529	0.0	0.0	0.0
GC_00006530	0.0	0.0	0.0
GC_00006531	0.0	0.0	0.0
GC_00006532	0.0	0.0	0.0
GC_00006533	0.0	0.0	0.0
GC_00006534	0.0	0.0	0.0
GC_00006535	0.0	0.0	0.0
GC_00006536	0.0	0.0	0.0
GC_00006537	0.0	0.0	0.0
GC_00006538	0.0	0.0	0.0
GC_00006539	0.0	0.0	0.0
GC_00006540	0.0	0.0	0.0
GC_00006541	0.0	0.0	0.0
GC_00006542	0.0	0.0	0.0
GC_00006543	0.0	0.0	0.0
GC_00006544	0.0	0.0	0.0
GC_00006545	0.0	0.0	0.0
GC_00006546	0.0	0.0	0.0
GC_00006547	0.0	0.0	0.0
GC_00006548	0.0	0.0	0.0
GC_00006549	0.0	0.0	0.0
GC_00006550	0.0	0.0	0.0
GC_00006551	0.0	0.0	0.0
GC_00006552	0.0	0.0	0.0
GC_00006553	0.0	0.0	0.0
GC_00006554	0.0	0.0	0.0
GC_00006555	0.0	0.0	0.0
GC_00006556	0.0	0.0	0.0
GC_00006557	0.0	0.0	0.0
GC_00006558	0.0	0.0	0.0
GC_00006559	0.0	0.0	0.0
GC_00006560	0.0	0.0	0.0
GC_00006561	0.0	0.0	0.0
GC_00006562	0.0	0.0	0.0
GC_00006563	0.0	0.0	0.0
GC_00006564	0.0	0.0	0.0
GC_00006565	0.0	0.0	0.0
GC_00006566	0.0	0.0	0.0
GC_00006567	0.0	0.0	0.0
GC_00006568	0.0	0.0	0.0
GC_00006569	0.0	0.0	0.0
GC_00006570	0.0	0.0	0.0
GC_00006571	0.0	0.0	0.0
GC_00006572	0.0	0.0	0.0
GC_00006573	0.0	0.0	0.0
GC_00006574	0.0	0.0	0.0
GC_00006575	0.0	0.0	0.0
GC_00006576	0.0	0.0	0.0
GC_00006577	0.0	0.0	0.0
GC_00006578	0.0	0.0	0.0
GC_00006579	0.0	0.0	0.0
GC_00006580	0.0	0.0	0.0
GC_00006581	0.0	0.0	0.0
GC_00006582	0.0	0.0	0.0
GC_00006583	0.0	0.0	0.0
GC_00006584	0.0	0.0	0.0
GC_00006585	0.0	0.0	0.0
GC_00006586	0.0	0.0	0.0
GC_00006587	0.0	0.0	0.0
GC_00006588	0.0	0.0	0.0
GC_00006589	0.0	0.0	0.0
GC_00006590	0.0	0.0	0.0
GC_00006591	0.0	0.0	0.0
GC_00006592	0.0	0.0	0.0
GC_00006593	0.0	0.0	0.0
GC_00006594	0.0	0.0	0.0
GC_00006595	0.0	0.0	0.0
GC_00006596	0.0	0.0	0.0
GC_00006597	0.0	0.0	0.0
GC_00006598	0.0	0.0	0.0
GC_00006599	0.0	0.0	0.0
GC_00006600	0.0	0.0	0.0
GC_00006601	0.0	0.0	0.0
GC_00006602	0.0	0.0	0.0
GC_00006603	0.0	0.0	0.0
GC_00006604	0.0	0.0	0.0
GC_00006605	0.0	0.0	0.0
GC_00006606	0.0	0.0	0.0
GC_00006607	0.0	0.0	0.0
GC_00006608	0.0	0.0	0.0
GC_00006609	0.0	0.0	0.0
GC_00006610	0.0	0.0	0.0
GC_00006611	0.0	0.0	0.0
GC_00006612	0.0	0.0	0.0
GC_00006613	0.0	0.0	0.0
GC_00006614	0.0	0.0	0.0
GC_00006615	0.0	0.0	0.0
GC_00006616	0.0	0.0	0.0
GC_00006617	0.0	0.0	0.0
GC_00006618	0.0	0.0	0.0
GC_00006619	0.0	0.0	0.0
GC_00006620	0.0	0.0	0.0
GC_00006621	0.0	0.0	0.0
GC_00006622	0.0	0.0	0.0
GC_00006623	0.0	0.0	0.0
GC_00006624	0.0	0.0	0.0
GC_00006625	0.0	0.0	0.0
GC_00006626	0.0	0.0	0.0
GC_00006627	0.0	0.0	0.0
GC_00006628	0.0	0.0	0.0
GC_00006629	0.0	0.0	0.0
GC_00006630	0.0	0.0	0.0
GC_00006631	0.0	0.0	0.0
GC_00006632	0.0	0.0	0.0
GC_00006633	0.0	0.0	0.0
GC_00006634	0.0	0.0	0.0
GC_00006635	0.0	0.0	0.0
GC_00006636	0.0	0.0	0.0
GC_00006637	0.0	0.0	0.0
GC_00006638	0.0	0.0	0.0
GC_00006639	0.0	0.0	0.0
GC_00006640	0.0	0.0	0.0
GC_00006641	0.0	0.0	0.0
GC_00006642	0.0	0.0	0.0
GC_00006643	0.0	0.0	0.0
GC_00006644	0.0	0.0	0.0
GC_00006645	0.0	0.0	0.0
GC_00006646	0.0	0.0	0.0
GC_00006647	0.0	0.0	0.0
GC_00006648	0.0	0.0	0.0
GC_00006649	0.0	0.0	0.0
GC_00006650	0.0	0.0	0.0
GC_00006651	0.0	0.0	0.0
GC_00006652	0.0	0.0	0.0
GC_00006653	0.0	0.0	0.0
GC_00006654	0.0	0.0	0.0
GC_00006655	0.0	0.0	0.0
GC_00006656	0.0	0.0	0.0
GC_00006657	0.0	0.0	0.0
GC_00006658	0.0	0.0	0.0
GC_00006659	0.0	0.0	0.0
GC_00006660	0.0	0.0	0.0
GC_00006661	0.0	0.0	0.0
GC_00006662	0.0	0.0	0.0
GC_00006663	0.0	0.0	0.0
GC_00006664	0.0	0.0	0.0
GC_00006665	0.0	0.0	0.0
GC_00006666	0.0	0.0	0.0
GC_00006667	0.0	0.0	0.0
GC_00006668	0.0	0.0	0.0
GC_00006669	0.0	0.0	0.0
GC_00006670	0.0	0.0	0.0
GC_00006671	0.0	0.0	0.0
GC_00006672	0.0	0.0	0.0
GC_00006673	0.0	0.0	0.0
GC_00006674	0.0	0.0	0.0
GC_00006675	0.0	0.0	0.0
GC_00006676	0.0	0.0	0.0
GC_00006677	0.0	0.0	0.0
GC_00006678	0.0	0.0	0.0
GC_00006679	0.0	0.0	0.0
GC_00006680	0.0	0.0	0.0
GC_00006681	0.0	0.0	0.0
GC_00006682	0.0	0.0	0.0
GC_00006683	0.0	0.0	0.0
GC_00006684	0.0	0.0	0.0
GC_00006685	0.0	0.0	0.0
GC_00006686	0.0	0.0	0.0
GC_00006687	0.0	0.0	0.0
GC_00006688	0.0	0.0	0.0
GC_00006689	0.0	0.0	0.0
GC_00006690	0.0	0.0	0.0
GC_00006691	0.0	0.0	0.0
GC_00006692	0.0	0.0	0.0
GC_00006693	0.0	0.0	0.0
GC_00006694	0.0	0.0	0.0
GC_00006695	0.0	0.0	0.0
GC_00006696	0.0	0.0	0.0
GC_00006697	0.0	0.0	0.0
GC_00006698	0.0	0.0	0.0
GC_00006699	0.0	0.0	0.0
GC_00006700	0.0	0.0	0.0
GC_00006701	0.0	0.0	0.0
GC_00006702	0.0	0.0	0.0
GC_00006703	0.0	0.0	0.0
GC_00006704	0.0	0.0	0.0
GC_00006705	0.0	0.0	0.0
GC_00006706	0.0	0.0	0.0
GC_00006707	0.0	0.0	0.0
GC_00006708	0.0	0.0	0.0
GC_00006709	0.0	0.0	0.0
GC_00006710	0.0	0.0	0.0
GC_00006711	0.0	0.0	0.0
GC_00006712	0.0	0.0	0.0
GC_00006713	0.0	0.0	0.0
GC_00006714	0.0	0.0	0.0
GC_00006715	0.0	0.0	0.0
GC_00006716	0.0	0.0	0.0
GC_00006717	0.0	0.0	0.0
GC_00006718	0.0	0.0	0.0
GC_00006719	0.0	0.0	0.0
GC_00006720	0.0	0.0	0.0
GC_00006721	0.0	0.0	0.0
GC_00006722	0.0	0.0	0.0
GC_00006723	0.0	0.0	0.0
GC_00006724	0.0	0.0	0.0
GC_00006725	0.0	0.0	0.0
GC_00006726	0.0	0.0	0.0
GC_00006727	0.0	0.0	0.0
GC_00006728	0.0	0.0	0.0
GC_00006729	0.0	0.0	0.0
GC_00006730	0.0	0.0	0.0
GC_00006731	0.0	0.0	0.0
GC_00006732	0.0	0.0	0.0
GC_00006733	0.0	0.0	0.0
GC_00006734	0.0	0.0	0.0
GC_00006735	0.0	0.0	0.0
GC_00006736	0.0	0.0	0.0
GC_00006737	0.0	0.0	0.0
GC_00006738	0.0	0.0	0.0
GC_00006739	0.0	0.0	0.0
GC_00006740	0.0	0.0	0.0
GC_00006741	0.0	0.0	0.0
GC_00006742	0.0	0.0	0.0
GC_00006743	0.0	0.0	0.0
GC_00006744	0.0	0.0	0.0
GC_00006745	0.0	0.0	0.0
GC_00006746	0.0	0.0	0.0
GC_00006747	0.0	0.0	0.0
GC_00006748	0.0	0.0	0.0
GC_00006749	0.0	0.0	0.0
GC_00006750	0.0	0.0	0.0
GC_00006751	0.0	0.0	0.0
GC_00006752	0.0	0.0	0.0
GC_00006753	0.0	0.0	0.0
GC_00006754	0.0	0.0	0.0
GC_00006755	0.0	0.0	0.0
GC_00006756	0.0	0.0	0.0
GC_00006757	0.0	0.0	0.0
GC_00006758	0.0	0.0	0.0
GC_00006759	0.0	0.0	0.0
GC_00006760	0.0	0.0	0.0
GC_00006761	0.0	0.0	0.0
GC_00006762	0.0	0.0	0.0
GC_00006763	0.0	0.0	0.0
GC_00006764	0.0	0.0	0.0
GC_00006765	0.0	0.0	0.0
GC_00006766	0.0	0.0	0.0
GC_00006767	0.0	0.0	0.0
GC_00006768	0.0	0.0	0.0
GC_00006769	0.0	0.0	0.0
GC_00006770	0.0	0.0	0.0
GC_00006771	0.0	0.0	0.0
GC_00006772	0.0	0.0	0.0
GC_00006773	0.0	0.0	0.0
GC_00006774	0.0	0.0	0.0
GC_00006775	0.0	0.0	0.0
GC_00006776	0.0	0.0	0.0
GC_00006777	0.0	0.0	0.0
GC_00006778	0.0	0.0	0.0
GC_00006779	0.0	0.0	0.0
GC_00006780	0.0	0.0	0.0
GC_00006781	0.0	0.0	0.0
GC_00006782	0.0	0.0	0.0
GC_00006783	0.0	0.0	0.0
GC_00006784	0.0	0.0	0.0
GC_00006785	0.0	0.0	0.0
GC_00006786	0.0	0.0	0.0
GC_00006787	0.0	0.0	0.0
GC_00006788	0.0	0.0	0.0
GC_00006789	0.0	0.0	0.0
GC_00006790	0.0	0.0	0.0
GC_00006791	0.0	0.0	0.0
GC_00006792	0.0	0.0	0.0
GC_00006793	0.0	0.0	0.0
GC_00006794	0.0	0.0	0.0
GC_00006795	0.0	0.0	0.0
GC_00006796	0.0	0.0	0.0
GC_00006797	0.0	0.0	0.0
GC_00006798	0.0	0.0	0.0
GC_00006799	0.0	0.0	0.0
GC_00006800	0.0	0.0	0.0
GC_00006801	0.0	0.0	0.0
GC_00006802	0.0	0.0	0.0
GC_00006803	0.0	0.0	0.0
GC_00006804	0.0	0.0	0.0
GC_00006805	0.0	0.0	0.0
GC_00006806	0.0	0.0	0.0
GC_00006807	0.0	0.0	0.0
GC_00006808	0.0	0.0	0.0
GC_00006809	0.0	0.0	0.0
GC_00006810	0.0	0.0	0.0
GC_00006811	0.0	0.0	0.0
GC_00006812	0.0	0.0	0.0
GC_00006813	0.0	0.0	0.0
GC_00006814	0.0	0.0	0.0
GC_00006815	0.0	0.0	0.0
GC_00006816	0.0	0.0	0.0
GC_00006817	0.0	0.0	0.0
GC_00006818	0.0	0.0	0.0
GC_00006819	0.0	0.0	0.0
GC_00006820	0.0	0.0	0.0
GC_00006821	0.0	0.0	0.0
GC_00006822	0.0	0.0	0.0
GC_00006823	0.0	0.0	0.0
GC_00006824	0.0	0.0	0.0
GC_00006825	0.0	0.0	0.0
GC_00006826	0.0	0.0	0.0
GC_00006827	0.0	0.0	0.0
GC_00006828	0.0	0.0	0.0
GC_00006829	0.0	0.0	0.0
GC_00006830	0.0	0.0	0.0
GC_00006831	0.0	0.0	0.0
GC_00006832	0.0	0.0	0.0
GC_00006833	0.0	0.0	0.0
GC_00006834	0.0	0.0	0.0
GC_00006835	0.0	0.0	0.0
GC_00006836	0.0	0.0	0.0
GC_00006837	0.0	0.0	0.0
GC_00006838	0.0	0.0	0.0
GC_00006839	0.0	0.0	0.0
GC_00006840	0.0	0.0	0.0
GC_00006841	0.0	0.0	0.0
GC_00006842	0.0	0.0	0.0
GC_00006843	0.0	0.0	0.0
GC_00006844	0.0	0.0	0.0
GC_00006845	0.0	0.0	0.0
GC_00006846	0.0	0.0	0.0
GC_00006847	0.0	0.0	0.0
GC_00006848	0.0	0.0	0.0
GC_00006849	0.0	0.0	0.0
GC_00006850	0.0	0.0	0.0
GC_00006851	0.0	0.0	0.0
GC_00006852	0.0	0.0	0.0
GC_00006853	0.0	0.0	0.0
GC_00006854	0.0	0.0	0.0
GC_00006855	0.0	0.0	0.0
GC_00006856	0.0	0.0	0.0
GC_00006857	0.0	0.0	0.0
GC_00006858	0.0	0.0	0.0
GC_00006859	0.0	0.0	0.0
GC_00006860	0.0	0.0	0.0
GC_00006861	0.0	0.0	0.0
GC_00006862	0.0	0.0	0.0
GC_00006863	0.0	0.0	0.0
GC_00006864	0.0	0.0	0.0
GC_00006865	0.0	0.0	0.0
GC_00006866	0.0	0.0	0.0
GC_00006867	0.0	0.0	0.0
GC_00006868	0.0	0.0	0.0
GC_00006869	0.0	0.0	0.0
GC_00006870	0.0	0.0	0.0
GC_00006871	0.0	0.0	0.0
GC_00006872	0.0	0.0	0.0
GC_00006873	0.0	0.0	0.0
GC_00006874	0.0	0.0	0.0
GC_00006875	0.0	0.0	0.0
GC_00006876	0.0	0.0	0.0
GC_00006877	0.0	0.0	0.0
GC_00006878	0.0	0.0	0.0
GC_00006879	0.0	0.0	0.0
GC_00006880	0.0	0.0	0.0
GC_00006881	0.0	0.0	0.0
GC_00006882	0.0	0.0	0.0
GC_00006883	0.0	0.0	0.0
GC_00006884	0.0	0.0	0.0
GC_00006885	0.0	0.0	0.0
GC_00006886	0.0	0.0	0.0
GC_00006887	0.0	0.0	0.0
GC_00006888	0.0	0.0	0.0
GC_00006889	0.0	0.0	0.0
GC_00006890	0.0	0.0	0.0
GC_00006891	0.0	0.0	0.0
GC_00006892	0.0	0.0	0.0
GC_00006893	0.0	0.0	0.0
GC_00006894	0.0	0.0	0.0
GC_00006895	0.0	0.0	0.0
GC_00006896	0.0	0.0	0.0
GC_00006897	0.0	0.0	0.0
GC_00006898	0.0	0.0	0.0
GC_00006899	0.0	0.0	0.0
GC_00006900	0.0	0.0	0.0
GC_00006901	0.0	0.0	0.0
GC_00006902	0.0	0.0	0.0
GC_00006903	0.0	0.0	0.0
GC_00006904	0.0	0.0	0.0
GC_00006905	0.0	0.0	0.0
GC_00006906	0.0	0.0	0.0
GC_00006907	0.0	0.0	0.0
GC_00006908	0.0	0.0	0.0
GC_00006909	0.0	0.0	0.0
GC_00006910	0.0	0.0	0.0
GC_00006911	0.0	0.0	0.0
GC_00006912	0.0	0.0	0.0
GC_00006913	0.0	0.0	0.0
GC_00006914	0.0	0.0	0.0
GC_00006915	0.0	0.0	0.0
GC_00006916	0.0	0.0	0.0
GC_00006917	0.0	0.0	0.0
GC_00006918	0.0	0.0	0.0
GC_00006919	0.0	0.0	0.0
GC_00006920	0.0	0.0	0.0
GC_00006921	0.0	0.0	0.0
GC_00006922	0.0	0.0	0.0
GC_00006923	0.0	0.0	0.0
GC_00006924	0.0	0.0	0.0
GC_00006925	0.0	0.0	0.0
GC_00006926	0.0	0.0	0.0
GC_00006927	0.0	0.0	0.0
GC_00006928	0.0	0.0	0.0
GC_00006929	0.0	0.0	0.0
GC_00006930	0.0	0.0	0.0
GC_00006931	0.0	0.0	0.0
GC_00006932	0.0	0.0	0.0
GC_00006933	0.0	0.0	0.0
GC_00006934	0.0	0.0	0.0
GC_00006935	0.0	0.0	0.0
GC_00006936	0.0	0.0	0.0
GC_00006937	0.0	0.0	0.0
GC_00006938	0.0	0.0	0.0
GC_00006939	0.0	0.0	0.0
GC_00006940	0.0	0.0	0.0
GC_00006941	0.0	0.0	0.0
GC_00006942	0.0	0.0	0.0
GC_00006943	0.0	0.0	0.0
GC_00006944	0.0	0.0	0.0
GC_00006945	0.0	0.0	0.0
GC_00006946	0.0	0.0	0.0
GC_00006947	0.0	0.0	0.0
GC_00006948	0.0	0.0	0.0
GC_00006949	0.0	0.0	0.0
GC_00006950	0.0	0.0	0.0
GC_00006951	0.0	0.0	0.0
GC_00006952	0.0	0.0	0.0
GC_00006953	0.0	0.0	0.0
GC_00006954	0.0	0.0	0.0
GC_00006955	0.0	0.0	0.0
GC_00006956	0.0	0.0	0.0
GC_00006957	0.0	0.0	0.0
GC_00006958	0.0	0.0	0.0
GC_00006959	0.0	0.0	0.0
GC_00006960	0.0	0.0	0.0
GC_00006961	0.0	0.0	0.0
GC_00006962	0.0	0.0	0.0
GC_00006963	0.0	0.0	0.0
GC_00006964	0.0	0.0	0.0
GC_00006965	0.0	0.0	0.0
GC_00006966	0.0	0.0	0.0
GC_00006967	0.0	0.0	0.0
GC_00006968	0.0	0.0	0.0
GC_00006969	0.0	0.0	0.0
GC_00006970	0.0	0.0	0.0
GC_00006971	0.0	0.0	0.0
GC_00006972	0.0	0.0	0.0
GC_00006973	0.0	0.0	0.0
GC_00006974	0.0	0.0	0.0
GC_00006975	0.0	0.0	0.0
GC_00006976	0.0	0.0	0.0
GC_00006977	0.0	0.0	0.0
GC_00006978	0.0	0.0	0.0
GC_00006979	0.0	0.0	0.0
GC_00006980	0.0	0.0	0.0
GC_00006981	0.0	0.0	0.0
GC_00006982	0.0	0.0	0.0
GC_00006983	0.0	0.0	0.0
GC_00006984	0.0	0.0	0.0
GC_00006985	0.0	0.0	0.0
GC_00006986	0.0	0.0	0.0
GC_00006987	0.0	0.0	0.0
GC_00006988	0.0	0.0	0.0
GC_00006989	0.0	0.0	0.0
GC_00006990	0.0	0.0	0.0
GC_00006991	0.0	0.0	0.0
GC_00006992	0.0	0.0	0.0
GC_00006993	0.0	0.0	0.0
GC_00006994	0.0	0.0	0.0
GC_00006995	0.0	0.0	0.0
GC_00006996	0.0	0.0	0.0
GC_00006997	0.0	0.0	0.0
GC_00006998	0.0	0.0	0.0
GC_00006999	0.0	0.0	0.0
GC_00007000	0.0	0.0	0.0
GC_00007001	0.0	0.0	0.0
GC_00007002	0.0	0.0	0.0
GC_00007003	0.0	0.0	0.0
GC_00007004	0.0	0.0	0.0
GC_00007005	0.0	0.0	0.0
GC_00007006	0.0	0.0	0.0
GC_00007007	0.0	0.0	0.0
GC_00007008	0.0	0.0	0.0
GC_00007009	0.0	0.0	0.0
GC_00007010	0.0	0.0	0.0
GC_00007011	0.0	0.0	0.0
GC_00007012	0.0	0.0	0.0
GC_00007013	0.0	0.0	0.0
GC_00007014	0.0	0.0	0.0
GC_00007015	0.0	0.0	0.0
GC_00007016	0.0	0.0	0.0
GC_00007017	0.0	0.0	0.0
GC_00007018	0.0	0.0	0.0
GC_00007019	0.0	0.0	0.0
GC_00007020	0.0	0.0	0.0
GC_00007021	0.0	0.0	0.0
GC_00007022	0.0	0.0	0.0
GC_00007023	0.0	0.0	0.0
GC_00007024	0.0	0.0	0.0
GC_00007025	0.0	0.0	0.0
GC_00007026	0.0	0.0	0.0
GC_00007027	0.0	0.0	0.0
GC_00007028	0.0	0.0	0.0
GC_00007029	0.0	0.0	0.0
GC_00007030	0.0	0.0	0.0
GC_00007031	0.0	0.0	0.0
GC_00007032	0.0	0.0	0.0
GC_00007033	0.0	0.0	0.0
GC_00007034	0.0	0.0	0.0
GC_00007035	0.0	0.0	0.0
GC_00007036	0.0	0.0	0.0
GC_00007037	0.0	0.0	0.0
GC_00007038	0.0	0.0	0.0
GC_00007039	0.0	0.0	0.0
GC_00007040	0.0	0.0	0.0
GC_00007041	0.0	0.0	0.0
GC_00007042	0.0	0.0	0.0
GC_00007043	0.0	0.0	0.0
GC_00007044	0.0	0.0	0.0
GC_00007045	0.0	0.0	0.0
GC_00007046	0.0	0.0	0.0
GC_00007047	0.0	0.0	0.0
GC_00007048	0.0	0.0	0.0
GC_00007049	0.0	0.0	0.0
GC_00007050	0.0	0.0	0.0
GC_00007051	0.0	0.0	0.0
GC_00007052	0.0	0.0	0.0
GC_00007053	0.0	0.0	0.0
GC_00007054	0.0	0.0	0.0
GC_00007055	0.0	0.0	0.0
GC_00007056	0.0	0.0	0.0
GC_00007057	0.0	0.0	0.0
GC_00007058	0.0	0.0	0.0
GC_00007059	0.0	0.0	0.0
GC_00007060	0.0	0.0	0.0
GC_00007061	0.0	0.0	0.0
GC_00007062	0.0	0.0	0.0
GC_00007063	0.0	0.0	0.0
GC_00007064	0.0	0.0	0.0
GC_00007065	0.0	0.0	0.0
GC_00007066	0.0	0.0	0.0
GC_00007067	0.0	0.0	0.0
GC_00007068	0.0	0.0	0.0
GC_00007069	0.0	0.0	0.0
GC_00007070	0.0	0.0	0.0
GC_00007071	0.0	0.0	0.0
GC_00007072	0.0	0.0	0.0
GC_00007073	0.0	0.0	0.0
GC_00007074	0.0	0.0	0.0
GC_00007075	0.0	0.0	0.0
GC_00007076	0.0	0.0	0.0
GC_00007077	0.0	0.0	0.0
GC_00007078	0.0	0.0	0.0
GC_00007079	0.0	0.0	0.0
GC_00007080	0.0	0.0	0.0
GC_00007081	0.0	0.0	0.0
GC_00007082	0.0	0.0	0.0
GC_00007083	0.0	0.0	0.0
GC_00007084	0.0	0.0	0.0
GC_00007085	0.0	0.0	0.0
GC_00007086	0.0	0.0	0.0
GC_00007087	0.0	0.0	0.0
GC_00007088	0.0	0.0	0.0
GC_00007089	0.0	0.0	0.0
GC_00007090	0.0	0.0	0.0
GC_00007091	0.0	0.0	0.0
GC_00007092	0.0	0.0	0.0
GC_00007093	0.0	0.0	0.0
GC_00007094	0.0	0.0	0.0
GC_00007095	0.0	0.0	0.0
GC_00007096	0.0	0.0	0.0
GC_00007097	0.0	0.0	0.0
GC_00007098	0.0	0.0	0.0
GC_00007099	0.0	0.0	0.0
GC_00007100	0.0	0.0	0.0
GC_00007101	0.0	0.0	0.0
GC_00007102	0.0	0.0	0.0
GC_00007103	0.0	0.0	0.0
GC_00007104	0.0	0.0	0.0
GC_00007105	0.0	0.0	0.0
GC_00007106	0.0	0.0	0.0
GC_00007107	0.0	0.0	0.0
GC_00007108	0.0	0.0	0.0
GC_00007109	0.0	0.0	0.0
GC_00007110	0.0	0.0	0.0
GC_00007111	0.0	0.0	0.0
GC_00007112	0.0	0.0	0.0
GC_00007113	0.0	0.0	0.0
GC_00007114	0.0	0.0	0.0
GC_00007115	0.0	0.0	0.0
GC_00007116	0.0	0.0	0.0
GC_00007117	0.0	0.0	0.0
GC_00007118	0.0	0.0	0.0
GC_00007119	0.0	0.0	0.0
GC_00007120	0.0	0.0	0.0
GC_00007121	0.0	0.0	0.0
GC_00007122	0.0	0.0	0.0
GC_00007123	0.0	0.0	0.0
GC_00007124	0.0	0.0	0.0
GC_00007125	0.0	0.0	0.0
GC_00007126	0.0	0.0	0.0
GC_00007127	0.0	0.0	0.0
GC_00007128	0.0	0.0	0.0
GC_00007129	0.0	0.0	0.0
GC_00007130	0.0	0.0	0.0
GC_00007131	0.0	0.0	0.0
GC_00007132	0.0	0.0	0.0
GC_00007133	0.0	0.0	0.0
GC_00007134	0.0	0.0	0.0
GC_00007135	0.0	0.0	0.0
GC_00007136	0.0	0.0	0.0
GC_00007137	0.0	0.0	0.0
GC_00007138	0.0	0.0	0.0
GC_00007139	0.0	0.0	0.0
GC_00007140	0.0	0.0	0.0
GC_00007141	0.0	0.0	0.0
GC_00007142	0.0	0.0	0.0
GC_00007143	0.0	0.0	0.0
GC_00007144	0.0	0.0	0.0
GC_00007145	0.0	0.0	0.0
GC_00007146	0.0	0.0	0.0
GC_00007147	0.0	0.0	0.0
GC_00007148	0.0	0.0	0.0
GC_00007149	0.0	0.0	0.0
GC_00007150	0.0	0.0	0.0
GC_00007151	0.0	0.0	0.0
GC_00007152	0.0	0.0	0.0
GC_00007153	0.0	0.0	0.0
GC_00007154	0.0	0.0	0.0
GC_00007155	0.0	0.0	0.0
GC_00007156	0.0	0.0	0.0
GC_00007157	0.0	0.0	0.0
GC_00007158	0.0	0.0	0.0
GC_00007159	0.0	0.0	0.0
GC_00007160	0.0	0.0	0.0
GC_00007161	0.0	0.0	0.0
GC_00007162	0.0	0.0	0.0
GC_00007163	0.0	0.0	0.0
GC_00007164	0.0	0.0	0.0
GC_00007165	0.0	0.0	0.0
GC_00007166	0.0	0.0	0.0
GC_00007167	0.0	0.0	0.0
GC_00007168	0.0	0.0	0.0
GC_00007169	0.0	0.0	0.0
GC_00007170	0.0	0.0	0.0
GC_00007171	0.0	0.0	0.0
GC_00007172	0.0	0.0	0.0
GC_00007173	0.0	0.0	0.0
GC_00007174	0.0	0.0	0.0
GC_00007175	0.0	0.0	0.0
GC_00007176	0.0	0.0	0.0
GC_00007177	0.0	0.0	0.0
GC_00007178	0.0	0.0	0.0
GC_00007179	0.0	0.0	0.0
GC_00007180	0.0	0.0	0.0
GC_00007181	0.0	0.0	0.0
GC_00007182	0.0	0.0	0.0
GC_00007183	0.0	0.0	0.0
GC_00007184	0.0	0.0	0.0
GC_00007185	0.0	0.0	0.0
GC_00007186	0.0	0.0	0.0
GC_00007187	0.0	0.0	0.0
GC_00007188	0.0	0.0	0.0
GC_00007189	0.0	0.0	0.0
GC_00007190	0.0	0.0	0.0
GC_00007191	0.0	0.0	0.0
GC_00007192	0.0	0.0	0.0
GC_00007193	0.0	0.0	0.0
GC_00007194	0.0	0.0	0.0
GC_00007195	0.0	0.0	0.0
GC_00007196	0.0	0.0	0.0
GC_00007197	0.0	0.0	0.0
GC_00007198	0.0	0.0	0.0
GC_00007199	0.0	0.0	0.0
GC_00007200	0.0	0.0	0.0
GC_00007201	0.0	0.0	0.0
GC_00007202	0.0	0.0	0.0
GC_00007203	0.0	0.0	0.0
GC_00007204	0.0	0.0	0.0
GC_00007205	0.0	0.0	0.0
GC_00007206	0.0	0.0	0.0
GC_00007207	0.0	0.0	0.0
GC_00007208	0.0	0.0	0.0
GC_00007209	0.0	0.0	0.0
GC_00007210	0.0	0.0	0.0
GC_00007211	0.0	0.0	0.0
GC_00007212	0.0	0.0	0.0
GC_00007213	0.0	0.0	0.0
GC_00007214	0.0	0.0	0.0
GC_00007215	0.0	0.0	0.0
GC_00007216	0.0	0.0	0.0
GC_00007217	0.0	0.0	0.0
GC_00007218	0.0	0.0	0.0
GC_00007219	0.0	0.0	0.0
GC_00007220	0.0	0.0	0.0
GC_00007221	0.0	0.0	0.0
GC_00007222	0.0	0.0	0.0
GC_00007223	0.0	0.0	0.0
GC_00007224	0.0	0.0	0.0
GC_00007225	0.0	0.0	0.0
GC_00007226	0.0	0.0	0.0
GC_00007227	0.0	0.0	0.0
GC_00007228	0.0	0.0	0.0
GC_00007229	0.0	0.0	0.0
GC_00007230	0.0	0.0	0.0
GC_00007231	0.0	0.0	0.0
GC_00007232	0.0	0.0	0.0
GC_00007233	0.0	0.0	0.0
GC_00007234	0.0	0.0	0.0
GC_00007235	0.0	0.0	0.0
GC_00007236	0.0	0.0	0.0
GC_00007237	0.0	0.0	0.0
GC_00007238	0.0	0.0	0.0
GC_00007239	0.0	0.0	0.0
GC_00007240	0.0	0.0	0.0
GC_00007241	0.0	0.0	0.0
GC_00007242	0.0	0.0	0.0
GC_00007243	0.0	0.0	0.0
GC_00007244	0.0	0.0	0.0
GC_00007245	0.0	0.0	0.0
GC_00007246	0.0	0.0	0.0
GC_00007247	0.0	0.0	0.0
GC_00007248	0.0	0.0	0.0
GC_00007249	0.0	0.0	0.0
GC_00007250	0.0	0.0	0.0
GC_00007251	0.0	0.0	0.0
GC_00007252	0.0	0.0	0.0
GC_00007253	0.0	0.0	0.0
GC_00007254	0.0	0.0	0.0
GC_00007255	0.0	0.0	0.0
GC_00007256	0.0	0.0	0.0
GC_00007257	0.0	0.0	0.0
GC_00007258	0.0	0.0	0.0
GC_00007259	0.0	0.0	0.0
GC_00007260	0.0	0.0	0.0
GC_00007261	0.0	0.0	0.0
GC_00007262	0.0	0.0	0.0
GC_00007263	0.0	0.0	0.0
GC_00007264	0.0	0.0	0.0
GC_00007265	0.0	0.0	0.0
GC_00007266	0.0	0.0	0.0
GC_00007267	0.0	0.0	0.0
GC_00007268	0.0	0.0	0.0
GC_00007269	0.0	0.0	0.0
GC_00007270	0.0	0.0	0.0
GC_00007271	0.0	0.0	0.0
GC_00007272	0.0	0.0	0.0
GC_00007273	0.0	0.0	0.0
GC_00007274	0.0	0.0	0.0
GC_00007275	0.0	0.0	0.0
GC_00007276	0.0	0.0	0.0
GC_00007277	0.0	0.0	0.0
GC_00007278	0.0	0.0	0.0
GC_00007279	0.0	0.0	0.0
GC_00007280	0.0	0.0	0.0
GC_00007281	0.0	0.0	0.0
GC_00007282	0.0	0.0	0.0
GC_00007283	0.0	0.0	0.0
GC_00007284	0.0	0.0	0.0
GC_00007285	0.0	0.0	0.0
GC_00007286	0.0	0.0	0.0
GC_00007287	0.0	0.0	0.0
GC_00007288	0.0	0.0	0.0
GC_00007289	0.0	0.0	0.0
GC_00007290	0.0	0.0	0.0
GC_00007291	0.0	0.0	0.0
GC_00007292	0.0	0.0	0.0
GC_00007293	0.0	0.0	0.0
GC_00007294	0.0	0.0	0.0
GC_00007295	0.0	0.0	0.0
GC_00007296	0.0	0.0	0.0
GC_00007297	0.0	0.0	0.0
GC_00007298	0.0	0.0	0.0
GC_00007299	0.0	0.0	0.0
GC_00007300	0.0	0.0	0.0
GC_00007301	0.0	0.0	0.0
GC_00007302	0.0	0.0	0.0
GC_00007303	0.0	0.0	0.0
GC_00007304	0.0	0.0	0.0
GC_00007305	0.0	0.0	0.0
GC_00007306	0.0	0.0	0.0
GC_00007307	0.0	0.0	0.0
GC_00007308	0.0	0.0	0.0
GC_00007309	0.0	0.0	0.0
GC_00007310	0.0	0.0	0.0
GC_00007311	0.0	0.0	0.0
GC_00007312	0.0	0.0	0.0
GC_00007313	0.0	0.0	0.0
GC_00007314	0.0	0.0	0.0
GC_00007315	0.0	0.0	0.0
GC_00007316	0.0	0.0	0.0
GC_00007317	0.0	0.0	0.0
GC_00007318	0.0	0.0	0.0
GC_00007319	0.0	0.0	0.0
GC_00007320	0.0	0.0	0.0
GC_00007321	0.0	0.0	0.0
GC_00007322	0.0	0.0	0.0
GC_00007323	0.0	0.0	0.0
GC_00007324	0.0	0.0	0.0
GC_00007325	0.0	0.0	0.0
GC_00007326	0.0	0.0	0.0
GC_00007327	0.0	0.0	0.0
GC_00007328	0.0	0.0	0.0
GC_00007329	0.0	0.0	0.0
GC_00007330	0.0	0.0	0.0
GC_00007331	0.0	0.0	0.0
GC_00007332	0.0	0.0	0.0
GC_00007333	0.0	0.0	0.0
GC_00007334	0.0	0.0	0.0
GC_00007335	0.0	0.0	0.0
GC_00007336	0.0	0.0	0.0
GC_00007337	0.0	0.0	0.0
GC_00007338	0.0	0.0	0.0
GC_00007339	0.0	0.0	0.0
GC_00007340	0.0	0.0	0.0
GC_00007341	0.0	0.0	0.0
GC_00007342	0.0	0.0	0.0
GC_00007343	0.0	0.0	0.0
GC_00007344	0.0	0.0	0.0
GC_00007345	0.0	0.0	0.0
GC_00007346	0.0	0.0	0.0
GC_00007347	0.0	0.0	0.0
GC_00007348	0.0	0.0	0.0
GC_00007349	0.0	0.0	0.0
GC_00007350	0.0	0.0	0.0
GC_00007351	0.0	0.0	0.0
GC_00007352	0.0	0.0	0.0
GC_00007353	0.0	0.0	0.0
GC_00007354	0.0	0.0	0.0
GC_00007355	0.0	0.0	0.0
GC_00007356	0.0	0.0	0.0
GC_00007357	0.0	0.0	0.0
GC_00007358	0.0	0.0	0.0
GC_00007359	0.0	0.0	0.0
GC_00007360	0.0	0.0	0.0
GC_00007361	0.0	0.0	0.0
GC_00007362	0.0	0.0	0.0
GC_00007363	0.0	0.0	0.0
GC_00007364	0.0	0.0	0.0
GC_00007365	0.0	0.0	0.0
GC_00007366	0.0	0.0	0.0
GC_00007367	0.0	0.0	0.0
GC_00007368	0.0	0.0	0.0
GC_00007369	0.0	0.0	0.0
GC_00007370	0.0	0.0	0.0
GC_00007371	0.0	0.0	0.0
GC_00007372	0.0	0.0	0.0
GC_00007373	0.0	0.0	0.0
GC_00007374	0.0	0.0	0.0
GC_00007375	0.0	0.0	0.0
GC_00007376	0.0	0.0	0.0
GC_00007377	0.0	0.0	0.0
GC_00007378	0.0	0.0	0.0
GC_00007379	0.0	0.0	0.0
GC_00007380	0.0	0.0	0.0
GC_00007381	0.0	0.0	0.0
GC_00007382	0.0	0.0	0.0
GC_00007383	0.0	0.0	0.0
GC_00007384	0.0	0.0	0.0
GC_00007385	0.0	0.0	0.0
GC_00007386	0.0	0.0	0.0
GC_00007387	0.0	0.0	0.0
GC_00007388	0.0	0.0	0.0
GC_00007389	0.0	0.0	0.0
GC_00007390	0.0	0.0	0.0
GC_00007391	0.0	0.0	0.0
GC_00007392	0.0	0.0	0.0
GC_00007393	0.0	0.0	0.0
GC_00007394	0.0	0.0	0.0
GC_00007395	0.0	0.0	0.0
GC_00007396	0.0	0.0	0.0
GC_00007397	0.0	0.0	0.0
GC_00007398	0.0	0.0	0.0
GC_00007399	0.0	0.0	0.0
GC_00007400	0.0	0.0	0.0
GC_00007401	0.0	0.0	0.0
GC_00007402	0.0	0.0	0.0
GC_00007403	0.0	0.0	0.0
GC_00007404	0.0	0.0	0.0
GC_00007405	0.0	0.0	0.0
GC_00007406	0.0	0.0	0.0
GC_00007407	0.0	0.0	0.0
GC_00007408	0.0	0.0	0.0
GC_00007409	0.0	0.0	0.0
GC_00007410	0.0	0.0	0.0
GC_00007411	0.0	0.0	0.0
GC_00007412	0.0	0.0	0.0
GC_00007413	0.0	0.0	0.0
GC_00007414	0.0	0.0	0.0
GC_00007415	0.0	0.0	0.0
GC_00007416	0.0	0.0	0.0
GC_00007417	0.0	0.0	0.0
GC_00007418	0.0	0.0	0.0
GC_00007419	0.0	0.0	0.0
GC_00007420	0.0	0.0	0.0
GC_00007421	0.0	0.0	0.0
GC_00007422	0.0	0.0	0.0
GC_00007423	0.0	0.0	0.0
GC_00007424	0.0	0.0	0.0
GC_00007425	0.0	0.0	0.0
GC_00007426	0.0	0.0	0.0
GC_00007427	0.0	0.0	0.0
GC_00007428	0.0	0.0	0.0
GC_00007429	0.0	0.0	0.0
GC_00007430	0.0	0.0	0.0
GC_00007431	0.0	0.0	0.0
GC_00007432	0.0	0.0	0.0
GC_00007433	0.0	0.0	0.0
GC_00007434	0.0	0.0	0.0
GC_00007435	0.0	0.0	0.0
GC_00007436	0.0	0.0	0.0
GC_00007437	0.0	0.0	0.0
GC_00007438	0.0	0.0	0.0
GC_00007439	0.0	0.0	0.0
GC_00007440	0.0	0.0	0.0
GC_00007441	0.0	0.0	0.0
GC_00007442	0.0	0.0	0.0
GC_00007443	0.0	0.0	0.0
GC_00007444	0.0	0.0	0.0
GC_00007445	0.0	0.0	0.0
GC_00007446	0.0	0.0	0.0
GC_00007447	0.0	0.0	0.0
GC_00007448	0.0	0.0	0.0
GC_00007449	0.0	0.0	0.0
GC_00007450	0.0	0.0	0.0
GC_00007451	0.0	0.0	0.0
GC_00007452	0.0	0.0	0.0
GC_00007453	0.0	0.0	0.0
GC_00007454	0.0	0.0	0.0
GC_00007455	0.0	0.0	0.0
GC_00007456	0.0	0.0	0.0
GC_00007457	0.0	0.0	0.0
GC_00007458	0.0	0.0	0.0
GC_00007459	0.0	0.0	0.0
GC_00007460	0.0	0.0	0.0
GC_00007461	0.0	0.0	0.0
GC_00007462	0.0	0.0	0.0
GC_00007463	0.0	0.0	0.0
GC_00007464	0.0	0.0	0.0
GC_00007465	0.0	0.0	0.0
GC_00007466	0.0	0.0	0.0
GC_00007467	0.0	0.0	0.0
GC_00007468	0.0	0.0	0.0
GC_00007469	0.0	0.0	0.0
GC_00007470	0.0	0.0	0.0
GC_00007471	0.0	0.0	0.0
GC_00007472	0.0	0.0	0.0
GC_00007473	0.0	0.0	0.0
GC_00007474	0.0	0.0	0.0
GC_00007475	0.0	0.0	0.0
GC_00007476	0.0	0.0	0.0
GC_00007477	0.0	0.0	0.0
GC_00007478	0.0	0.0	0.0
GC_00007479	0.0	0.0	0.0
GC_00007480	0.0	0.0	0.0
GC_00007481	0.0	0.0	0.0
GC_00007482	0.0	0.0	0.0
GC_00007483	0.0	0.0	0.0
GC_00007484	0.0	0.0	0.0
GC_00007485	0.0	0.0	0.0
GC_00007486	0.0	0.0	0.0
GC_00007487	0.0	0.0	0.0
GC_00007488	0.0	0.0	0.0
GC_00007489	0.0	0.0	0.0
GC_00007490	0.0	0.0	0.0
GC_00007491	0.0	0.0	0.0
GC_00007492	0.0	0.0	0.0
GC_00007493	0.0	0.0	0.0
GC_00007494	0.0	0.0	0.0
GC_00007495	0.0	0.0	0.0
GC_00007496	0.0	0.0	0.0
GC_00007497	0.0	0.0	0.0
GC_00007498	0.0	0.0	0.0
GC_00007499	0.0	0.0	0.0
GC_00007500	0.0	0.0	0.0
GC_00007501	0.0	0.0	0.0
GC_00007502	0.0	0.0	0.0
GC_00007503	0.0	0.0	0.0
GC_00007504	0.0	0.0	0.0
GC_00007505	0.0	0.0	0.0
GC_00007506	0.0	0.0	0.0
GC_00007507	0.0	0.0	0.0
GC_00007508	0.0	0.0	0.0
GC_00007509	0.0	0.0	0.0
GC_00007510	0.0	0.0	0.0
GC_00007511	0.0	0.0	0.0
GC_00007512	0.0	0.0	0.0
GC_00007513	0.0	0.0	0.0
GC_00007514	0.0	0.0	0.0
GC_00007515	0.0	0.0	0.0
GC_00007516	0.0	0.0	0.0
GC_00007517	0.0	0.0	0.0
GC_00007518	0.0	0.0	0.0
GC_00007519	0.0	0.0	0.0
GC_00007520	0.0	0.0	0.0
GC_00007521	0.0	0.0	0.0
GC_00007522	0.0	0.0	0.0
GC_00007523	0.0	0.0	0.0
GC_00007524	0.0	0.0	0.0
GC_00007525	0.0	0.0	0.0
GC_00007526	0.0	0.0	0.0
GC_00007527	0.0	0.0	0.0
GC_00007528	0.0	0.0	0.0
GC_00007529	0.0	0.0	0.0
GC_00007530	0.0	0.0	0.0
GC_00007531	0.0	0.0	0.0
GC_00007532	0.0	0.0	0.0
GC_00007533	0.0	0.0	0.0
GC_00007534	0.0	0.0	0.0
GC_00007535	0.0	0.0	0.0
GC_00007536	0.0	0.0	0.0
GC_00007537	0.0	0.0	0.0
GC_00007538	0.0	0.0	0.0
GC_00007539	0.0	0.0	0.0
GC_00007540	0.0	0.0	0.0
GC_00007541	0.0	0.0	0.0
GC_00007542	0.0	0.0	0.0
GC_00007543	0.0	0.0	0.0
GC_00007544	0.0	0.0	0.0
GC_00007545	0.0	0.0	0.0
GC_00007546	0.0	0.0	0.0
GC_00007547	0.0	0.0	0.0
GC_00007548	0.0	0.0	0.0
GC_00007549	0.0	0.0	0.0
GC_00007550	0.0	0.0	0.0
GC_00007551	0.0	0.0	0.0
GC_00007552	0.0	0.0	0.0
GC_00007553	0.0	0.0	0.0
GC_00007554	0.0	0.0	0.0
GC_00007555	0.0	0.0	0.0
GC_00007556	0.0	0.0	0.0
GC_00007557	0.0	0.0	0.0
GC_00007558	0.0	0.0	0.0
GC_00007559	0.0	0.0	0.0
GC_00007560	0.0	0.0	0.0
GC_00007561	0.0	0.0	0.0
GC_00007562	0.0	0.0	0.0
GC_00007563	0.0	0.0	0.0
GC_00007564	0.0	0.0	0.0
GC_00007565	0.0	0.0	0.0
GC_00007566	0.0	0.0	0.0
GC_00007567	0.0	0.0	0.0
GC_00007568	0.0	0.0	0.0
GC_00007569	0.0	0.0	0.0
GC_00007570	0.0	0.0	0.0
GC_00007571	0.0	0.0	0.0
GC_00007572	0.0	0.0	0.0
GC_00007573	0.0	0.0	0.0
GC_00007574	0.0	0.0	0.0
GC_00007575	0.0	0.0	0.0
GC_00007576	0.0	0.0	0.0
GC_00007577	0.0	0.0	0.0
GC_00007578	0.0	0.0	0.0
GC_00007579	0.0	0.0	0.0
GC_00007580	0.0	0.0	0.0
GC_00007581	0.0	0.0	0.0
GC_00007582	0.0	0.0	0.0
GC_00007583	0.0	0.0	0.0
GC_00007584	0.0	0.0	0.0
GC_00007585	0.0	0.0	0.0
GC_00007586	0.0	0.0	0.0
GC_00007587	0.0	0.0	0.0
GC_00007588	0.0	0.0	0.0
GC_00007589	0.0	0.0	0.0
GC_00007590	0.0	0.0	0.0
GC_00007591	0.0	0.0	0.0
GC_00007592	0.0	0.0	0.0
GC_00007593	0.0	0.0	0.0
GC_00007594	0.0	0.0	0.0
GC_00007595	0.0	0.0	0.0
GC_00007596	0.0	0.0	0.0
GC_00007597	0.0	0.0	0.0
GC_00007598	0.0	0.0	0.0
GC_00007599	0.0	0.0	0.0
GC_00007600	0.0	0.0	0.0
GC_00007601	0.0	0.0	0.0
GC_00007602	0.0	0.0	0.0
GC_00007603	0.0	0.0	0.0
GC_00007604	0.0	0.0	0.0
GC_00007605	0.0	0.0	0.0
GC_00007606	0.0	0.0	0.0
GC_00007607	0.0	0.0	0.0
GC_00007608	0.0	0.0	0.0
GC_00007609	0.0	0.0	0.0
GC_00007610	0.0	0.0	0.0
GC_00007611	0.0	0.0	0.0
GC_00007612	0.0	0.0	0.0
GC_00007613	0.0	0.0	0.0
GC_00007614	0.0	0.0	0.0
GC_00007615	0.0	0.0	0.0
GC_00007616	0.0	0.0	0.0
GC_00007617	0.0	0.0	0.0
GC_00007618	0.0	0.0	0.0
GC_00007619	0.0	0.0	0.0
GC_00007620	0.0	0.0	0.0
GC_00007621	0.0	0.0	0.0
GC_00007622	0.0	0.0	0.0
GC_00007623	0.0	0.0	0.0
GC_00007624	0.0	0.0	0.0
GC_00007625	0.0	0.0	0.0
GC_00007626	0.0	0.0	0.0
GC_00007627	0.0	0.0	0.0
GC_00007628	0.0	0.0	0.0
GC_00007629	0.0	0.0	0.0
GC_00007630	0.0	0.0	0.0
GC_00007631	0.0	0.0	0.0
GC_00007632	0.0	0.0	0.0
GC_00007633	0.0	0.0	0.0
GC_00007634	0.0	0.0	0.0
GC_00007635	0.0	0.0	0.0
GC_00007636	0.0	0.0	0.0
GC_00007637	0.0	0.0	0.0
GC_00007638	0.0	0.0	0.0
GC_00007639	0.0	0.0	0.0
GC_00007640	0.0	0.0	0.0
GC_00007641	0.0	0.0	0.0
GC_00007642	0.0	0.0	0.0
GC_00007643	0.0	0.0	0.0
GC_00007644	0.0	0.0	0.0
GC_00007645	0.0	0.0	0.0
GC_00007646	0.0	0.0	0.0
GC_00007647	0.0	0.0	0.0
GC_00007648	0.0	0.0	0.0
GC_00007649	0.0	0.0	0.0
GC_00007650	0.0	0.0	0.0
GC_00007651	0.0	0.0	0.0
GC_00007652	0.0	0.0	0.0
GC_00007653	0.0	0.0	0.0
GC_00007654	0.0	0.0	0.0
GC_00007655	0.0	0.0	0.0
GC_00007656	0.0	0.0	0.0
GC_00007657	0.0	0.0	0.0
GC_00007658	0.0	0.0	0.0
GC_00007659	0.0	0.0	0.0
GC_00007660	0.0	0.0	0.0
GC_00007661	0.0	0.0	0.0
GC_00007662	0.0	0.0	0.0
GC_00007663	0.0	0.0	0.0
GC_00007664	0.0	0.0	0.0
GC_00007665	0.0	0.0	0.0
GC_00007666	0.0	0.0	0.0
GC_00007667	0.0	0.0	0.0
GC_00007668	0.0	0.0	0.0
GC_00007669	0.0	0.0	0.0
GC_00007670	0.0	0.0	0.0
GC_00007671	0.0	0.0	0.0
GC_00007672	0.0	0.0	0.0
GC_00007673	0.0	0.0	0.0
GC_00007674	0.0	0.0	0.0
GC_00007675	0.0	0.0	0.0
GC_00007676	0.0	0.0	0.0
GC_00007677	0.0	0.0	0.0
GC_00007678	0.0	0.0	0.0
GC_00007679	0.0	0.0	0.0
GC_00007680	0.0	0.0	0.0
GC_00007681	0.0	0.0	0.0
GC_00007682	0.0	0.0	0.0
GC_00007683	0.0	0.0	0.0
GC_00007684	0.0	0.0	0.0
GC_00007685	0.0	0.0	0.0
GC_00007686	0.0	0.0	0.0
GC_00007687	0.0	0.0	0.0
GC_00007688	0.0	0.0	0.0
GC_00007689	0.0	0.0	0.0
GC_00007690	0.0	0.0	0.0
GC_00007691	0.0	0.0	0.0
GC_00007692	0.0	0.0	0.0
GC_00007693	0.0	0.0	0.0
GC_00007694	0.0	0.0	0.0
GC_00007695	0.0	0.0	0.0
GC_00007696	0.0	0.0	0.0
GC_00007697	0.0	0.0	0.0
GC_00007698	0.0	0.0	0.0
GC_00007699	0.0	0.0	0.0
GC_00007700	0.0	0.0	0.0
GC_00007701	0.0	0.0	0.0
GC_00007702	0.0	0.0	0.0
GC_00007703	0.0	0.0	0.0
GC_00007704	0.0	0.0	0.0
GC_00007705	0.0	0.0	0.0
GC_00007706	0.0	0.0	0.0
GC_00007707	0.0	0.0	0.0
GC_00007708	0.0	0.0	0.0
GC_00007709	0.0	0.0	0.0
GC_00007710	0.0	0.0	0.0
GC_00007711	0.0	0.0	0.0
GC_00007712	0.0	0.0	0.0
GC_00007713	0.0	0.0	0.0
GC_00007714	0.0	0.0	0.0
GC_00007715	0.0	0.0	0.0
GC_00007716	0.0	0.0	0.0
GC_00007717	0.0	0.0	0.0
GC_00007718	0.0	0.0	0.0
GC_00007719	0.0	0.0	0.0
GC_00007720	0.0	0.0	0.0
GC_00007721	0.0	0.0	0.0
GC_00007722	0.0	0.0	0.0
GC_00007723	0.0	0.0	0.0
GC_00007724	0.0	0.0	0.0
GC_00007725	0.0	0.0	0.0
GC_00007726	0.0	0.0	0.0
GC_00007727	0.0	0.0	0.0
GC_00007728	0.0	0.0	0.0
GC_00007729	0.0	0.0	0.0
GC_00007730	0.0	0.0	0.0
GC_00007731	0.0	0.0	0.0
GC_00007732	0.0	0.0	0.0
GC_00007733	0.0	0.0	0.0
GC_00007734	0.0	0.0	0.0
GC_00007735	0.0	0.0	0.0
GC_00007736	0.0	0.0	0.0
GC_00007737	0.0	0.0	0.0
GC_00007738	0.0	0.0	0.0
GC_00007739	0.0	0.0	0.0
GC_00007740	0.0	0.0	0.0
GC_00007741	0.0	0.0	0.0
GC_00007742	0.0	0.0	0.0
GC_00007743	0.0	0.0	0.0
GC_00007744	0.0	0.0	0.0
GC_00007745	0.0	0.0	0.0
GC_00007746	0.0	0.0	0.0
GC_00007747	0.0	0.0	0.0
GC_00007748	0.0	0.0	0.0
GC_00007749	0.0	0.0	0.0
GC_00007750	0.0	0.0	0.0
GC_00007751	0.0	0.0	0.0
GC_00007752	0.0	0.0	0.0
GC_00007753	0.0	0.0	0.0
GC_00007754	0.0	0.0	0.0
GC_00007755	0.0	0.0	0.0
GC_00007756	0.0	0.0	0.0
GC_00007757	0.0	0.0	0.0
GC_00007758	0.0	0.0	0.0
GC_00007759	0.0	0.0	0.0
GC_00007760	0.0	0.0	0.0
GC_00007761	0.0	0.0	0.0
GC_00007762	0.0	0.0	0.0
GC_00007763	0.0	0.0	0.0
GC_00007764	0.0	0.0	0.0
GC_00007765	0.0	0.0	0.0
GC_00007766	0.0	0.0	0.0
GC_00007767	0.0	0.0	0.0
GC_00007768	0.0	0.0	0.0
GC_00007769	0.0	0.0	0.0
GC_00007770	0.0	0.0	0.0
GC_00007771	0.0	0.0	0.0
GC_00007772	0.0	0.0	0.0
GC_00007773	0.0	0.0	0.0
GC_00007774	0.0	0.0	0.0
GC_00007775	0.0	0.0	0.0
GC_00007776	0.0	0.0	0.0
GC_00007777	0.0	0.0	0.0
GC_00007778	0.0	0.0	0.0
GC_00007779	0.0	0.0	0.0
GC_00007780	0.0	0.0	0.0
GC_00007781	0.0	0.0	0.0
GC_00007782	0.0	0.0	0.0
GC_00007783	0.0	0.0	0.0
GC_00007784	0.0	0.0	0.0
GC_00007785	0.0	0.0	0.0
GC_00007786	0.0	0.0	0.0
GC_00007787	0.0	0.0	0.0
GC_00007788	0.0	0.0	0.0
GC_00007789	0.0	0.0	0.0
GC_00007790	0.0	0.0	0.0
GC_00007791	0.0	0.0	0.0
GC_00007792	0.0	0.0	0.0
GC_00007793	0.0	0.0	0.0
GC_00007794	0.0	0.0	0.0
GC_00007795	0.0	0.0	0.0
GC_00007796	0.0	0.0	0.0
GC_00007797	0.0	0.0	0.0
GC_00007798	0.0	0.0	0.0
GC_00007799	0.0	0.0	0.0
GC_00007800	0.0	0.0	0.0
GC_00007801	0.0	0.0	0.0
GC_00007802	0.0	0.0	0.0
GC_00007803	0.0	0.0	0.0
GC_00007804	0.0	0.0	0.0
GC_00007805	0.0	0.0	0.0
GC_00007806	0.0	0.0	0.0
GC_00007807	0.0	0.0	0.0
GC_00007808	0.0	0.0	0.0
GC_00007809	0.0	0.0	0.0
GC_00007810	0.0	0.0	0.0
GC_00007811	0.0	0.0	0.0
GC_00007812	0.0	0.0	0.0
GC_00007813	0.0	0.0	0.0
GC_00007814	0.0	0.0	0.0
GC_00007815	0.0	0.0	0.0
GC_00007816	0.0	0.0	0.0
GC_00007817	0.0	0.0	0.0
GC_00007818	0.0	0.0	0.0
GC_00007819	0.0	0.0	0.0
GC_00007820	0.0	0.0	0.0
GC_00007821	0.0	0.0	0.0
GC_00007822	0.0	0.0	0.0
GC_00007823	0.0	0.0	0.0
GC_00007824	0.0	0.0	0.0
GC_00007825	0.0	0.0	0.0
GC_00007826	0.0	0.0	0.0
GC_00007827	0.0	0.0	0.0
GC_00007828	0.0	0.0	0.0
GC_00007829	0.0	0.0	0.0
GC_00007830	0.0	0.0	0.0
GC_00007831	0.0	0.0	0.0
GC_00007832	0.0	0.0	0.0
GC_00007833	0.0	0.0	0.0
GC_00007834	0.0	0.0	0.0
GC_00007835	0.0	0.0	0.0
GC_00007836	0.0	0.0	0.0
GC_00007837	0.0	0.0	0.0
GC_00007838	0.0	0.0	0.0
GC_00007839	0.0	0.0	0.0
GC_00007840	0.0	0.0	0.0
GC_00007841	0.0	0.0	0.0
GC_00007842	0.0	0.0	0.0
GC_00007843	0.0	0.0	0.0
GC_00007844	0.0	0.0	0.0
GC_00007845	0.0	0.0	0.0
GC_00007846	0.0	0.0	0.0
GC_00007847	0.0	0.0	0.0
GC_00007848	0.0	0.0	0.0
GC_00007849	0.0	0.0	0.0
GC_00007850	0.0	0.0	0.0
GC_00007851	0.0	0.0	0.0
GC_00007852	0.0	0.0	0.0
GC_00007853	0.0	0.0	0.0
GC_00007854	0.0	0.0	0.0
GC_00007855	0.0	0.0	0.0
GC_00007856	0.0	0.0	0.0
GC_00007857	0.0	0.0	0.0
GC_00007858	0.0	0.0	0.0
GC_00007859	0.0	0.0	0.0
GC_00007860	0.0	0.0	0.0
GC_00007861	0.0	0.0	0.0
GC_00007862	0.0	0.0	0.0
GC_00007863	0.0	0.0	0.0
GC_00007864	0.0	0.0	0.0
GC_00007865	0.0	0.0	0.0
GC_00007866	0.0	0.0	0.0
GC_00007867	0.0	0.0	0.0
GC_00007868	0.0	0.0	0.0
GC_00007869	0.0	0.0	0.0
GC_00007870	0.0	0.0	0.0
GC_00007871	0.0	0.0	0.0
GC_00007872	0.0	0.0	0.0
GC_00007873	0.0	0.0	0.0
GC_00007874	0.0	0.0	0.0
GC_00007875	0.0	0.0	0.0
GC_00007876	0.0	0.0	0.0
GC_00007877	0.0	0.0	0.0
GC_00007878	0.0	0.0	0.0
GC_00007879	0.0	0.0	0.0
GC_00007880	0.0	0.0	0.0
GC_00007881	0.0	0.0	0.0
GC_00007882	0.0	0.0	0.0
GC_00007883	0.0	0.0	0.0
GC_00007884	0.0	0.0	0.0
GC_00007885	0.0	0.0	0.0
GC_00007886	0.0	0.0	0.0
GC_00007887	0.0	0.0	0.0
GC_00007888	0.0	0.0	0.0
GC_00007889	0.0	0.0	0.0
GC_00007890	0.0	0.0	0.0
GC_00007891	0.0	0.0	0.0
GC_00007892	0.0	0.0	0.0
GC_00007893	0.0	0.0	0.0
GC_00007894	0.0	0.0	0.0
GC_00007895	0.0	0.0	0.0
GC_00007896	0.0	0.0	0.0
GC_00007897	0.0	0.0	0.0
GC_00007898	0.0	0.0	0.0
GC_00007899	0.0	0.0	0.0
GC_00007900	0.0	0.0	0.0
GC_00007901	0.0	0.0	0.0
GC_00007902	0.0	0.0	0.0
GC_00007903	0.0	0.0	0.0
GC_00007904	0.0	0.0	0.0
GC_00007905	0.0	0.0	0.0
GC_00007906	0.0	0.0	0.0
GC_00007907	0.0	0.0	0.0
GC_00007908	0.0	0.0	0.0
GC_00007909	0.0	0.0	0.0
GC_00007910	0.0	0.0	0.0
GC_00007911	0.0	0.0	0.0
GC_00007912	0.0	0.0	0.0
GC_00007913	0.0	0.0	0.0
GC_00007914	0.0	0.0	0.0
GC_00007915	0.0	0.0	0.0
GC_00007916	0.0	0.0	0.0
GC_00007917	0.0	0.0	0.0
GC_00007918	0.0	0.0	0.0
GC_00007919	0.0	0.0	0.0
GC_00007920	0.0	0.0	0.0
GC_00007921	0.0	0.0	0.0
GC_00007922	0.0	0.0	0.0
GC_00007923	0.0	0.0	0.0
GC_00007924	0.0	0.0	0.0
GC_00007925	0.0	0.0	0.0
GC_00007926	0.0	0.0	0.0
GC_00007927	0.0	0.0	0.0
GC_00007928	0.0	0.0	0.0
GC_00007929	0.0	0.0	0.0
GC_00007930	0.0	0.0	0.0
GC_00007931	0.0	0.0	0.0
GC_00007932	0.0	0.0	0.0
GC_00007933	0.0	0.0	0.0
GC_00007934	0.0	0.0	0.0
GC_00007935	0.0	0.0	0.0
GC_00007936	0.0	0.0	0.0
GC_00007937	0.0	0.0	0.0
GC_00007938	0.0	0.0	0.0
GC_00007939	0.0	0.0	0.0
GC_00007940	0.0	0.0	0.0
GC_00007941	0.0	0.0	0.0
GC_00007942	0.0	0.0	0.0
GC_00007943	0.0	0.0	0.0
GC_00007944	0.0	0.0	0.0
GC_00007945	0.0	0.0	0.0
GC_00007946	0.0	0.0	0.0
GC_00007947	0.0	0.0	0.0
GC_00007948	0.0	0.0	0.0
GC_00007949	0.0	0.0	0.0
GC_00007950	0.0	0.0	0.0
GC_00007951	0.0	0.0	0.0
GC_00007952	0.0	0.0	0.0
GC_00007953	0.0	0.0	0.0
GC_00007954	0.0	0.0	0.0
GC_00007955	0.0	0.0	0.0
GC_00007956	0.0	0.0	0.0
GC_00007957	0.0	0.0	0.0
GC_00007958	0.0	0.0	0.0
GC_00007959	0.0	0.0	0.0
GC_00007960	0.0	0.0	0.0
GC_00007961	0.0	0.0	0.0
GC_00007962	0.0	0.0	0.0
GC_00007963	0.0	0.0	0.0
GC_00007964	0.0	0.0	0.0
GC_00007965	0.0	0.0	0.0
GC_00007966	0.0	0.0	0.0
GC_00007967	0.0	0.0	0.0
GC_00007968	0.0	0.0	0.0
GC_00007969	0.0	0.0	0.0
GC_00007970	0.0	0.0	0.0
GC_00007971	0.0	0.0	0.0
GC_00007972	0.0	0.0	0.0
GC_00007973	0.0	0.0	0.0
GC_00007974	0.0	0.0	0.0
GC_00007975	0.0	0.0	0.0
GC_00007976	0.0	0.0	0.0
GC_00007977	0.0	0.0	0.0
GC_00007978	0.0	0.0	0.0
GC_00007979	0.0	0.0	0.0
GC_00007980	0.0	0.0	0.0
GC_00007981	0.0	0.0	0.0
GC_00007982	0.0	0.0	0.0
GC_00007983	0.0	0.0	0.0
GC_00007984	0.0	0.0	0.0
GC_00007985	0.0	0.0	0.0
GC_00007986	0.0	0.0	0.0
GC_00007987	0.0	0.0	0.0
GC_00007988	0.0	0.0	0.0
GC_00007989	0.0	0.0	0.0
GC_00007990	0.0	0.0	0.0
GC_00007991	0.0	0.0	0.0
GC_00007992	0.0	0.0	0.0
GC_00007993	0.0	0.0	0.0
GC_00007994	0.0	0.0	0.0
GC_00007995	0.0	0.0	0.0
GC_00007996	0.0	0.0	0.0
GC_00007997	0.0	0.0	0.0
GC_00007998	0.0	0.0	0.0
GC_00007999	0.0	0.0	0.0
GC_00008000	0.0	0.0	0.0
GC_00008001	0.0	0.0	0.0
GC_00008002	0.0	0.0	0.0
GC_00008003	0.0	0.0	0.0
GC_00008004	0.0	0.0	0.0
GC_00008005	0.0	0.0	0.0
GC_00008006	0.0	0.0	0.0
GC_00008007	0.0	0.0	0.0
GC_00008008	0.0	0.0	0.0
GC_00008009	0.0	0.0	0.0
GC_00008010	0.0	0.0	0.0
GC_00008011	0.0	0.0	0.0
GC_00008012	0.0	0.0	0.0
GC_00008013	0.0	0.0	0.0
GC_00008014	0.0	0.0	0.0
GC_00008015	0.0	0.0	0.0
GC_00008016	0.0	0.0	0.0
GC_00008017	0.0	0.0	0.0
GC_00008018	0.0	0.0	0.0
GC_00008019	0.0	0.0	0.0
GC_00008020	0.0	0.0	0.0
GC_00008021	0.0	0.0	0.0
GC_00008022	0.0	0.0	0.0
GC_00008023	0.0	0.0	0.0
GC_00008024	0.0	0.0	0.0
GC_00008025	0.0	0.0	0.0
GC_00008026	0.0	0.0	0.0
GC_00008027	0.0	0.0	0.0
GC_00008028	0.0	0.0	0.0
GC_00008029	0.0	0.0	0.0
GC_00008030	0.0	0.0	0.0
GC_00008031	0.0	0.0	0.0
GC_00008032	0.0	0.0	0.0
GC_00008033	0.0	0.0	0.0
GC_00008034	0.0	0.0	0.0
GC_00008035	0.0	0.0	0.0
GC_00008036	0.0	0.0	0.0
GC_00008037	0.0	0.0	0.0
GC_00008038	0.0	0.0	0.0
GC_00008039	0.0	0.0	0.0
GC_00008040	0.0	0.0	0.0
GC_00008041	0.0	0.0	0.0
GC_00008042	0.0	0.0	0.0
GC_00008043	0.0	0.0	0.0
GC_00008044	0.0	0.0	0.0
GC_00008045	0.0	0.0	0.0
GC_00008046	0.0	0.0	0.0
GC_00008047	0.0	0.0	0.0
GC_00008048	0.0	0.0	0.0
GC_00008049	0.0	0.0	0.0
GC_00008050	0.0	0.0	0.0
GC_00008051	0.0	0.0	0.0
GC_00008052	0.0	0.0	0.0
GC_00008053	0.0	0.0	0.0
GC_00008054	0.0	0.0	0.0
GC_00008055	0.0	0.0	0.0
GC_00008056	0.0	0.0	0.0
GC_00008057	0.0	0.0	0.0
GC_00008058	0.0	0.0	0.0
GC_00008059	0.0	0.0	0.0
GC_00008060	0.0	0.0	0.0
GC_00008061	0.0	0.0	0.0
GC_00008062	0.0	0.0	0.0
GC_00008063	0.0	0.0	0.0
GC_00008064	0.0	0.0	0.0
GC_00008065	0.0	0.0	0.0
GC_00008066	0.0	0.0	0.0
GC_00008067	0.0	0.0	0.0
GC_00008068	0.0	0.0	0.0
GC_00008069	0.0	0.0	0.0
GC_00008070	0.0	0.0	0.0
GC_00008071	0.0	0.0	0.0
GC_00008072	0.0	0.0	0.0
GC_00008073	0.0	0.0	0.0
GC_00008074	0.0	0.0	0.0
GC_00008075	0.0	0.0	0.0
GC_00008076	0.0	0.0	0.0
GC_00008077	0.0	0.0	0.0
GC_00008078	0.0	0.0	0.0
GC_00008079	0.0	0.0	0.0
GC_00008080	0.0	0.0	0.0
GC_00008081	0.0	0.0	0.0
GC_00008082	0.0	0.0	0.0
GC_00008083	0.0	0.0	0.0
GC_00008084	0.0	0.0	0.0
GC_00008085	0.0	0.0	0.0
GC_00008086	0.0	0.0	0.0
GC_00008087	0.0	0.0	0.0
GC_00008088	0.0	0.0	0.0
GC_00008089	0.0	0.0	0.0
GC_00008090	0.0	0.0	0.0
GC_00008091	0.0	0.0	0.0
GC_00008092	0.0	0.0	0.0
GC_00008093	0.0	0.0	0.0
GC_00008094	0.0	0.0	0.0
GC_00008095	0.0	0.0	0.0
GC_00008096	0.0	0.0	0.0
GC_00008097	0.0	0.0	0.0
GC_00008098	0.0	0.0	0.0
GC_00008099	0.0	0.0	0.0
GC_00008100	0.0	0.0	0.0
GC_00008101	0.0	0.0	0.0
GC_00008102	0.0	0.0	0.0
GC_00008103	0.0	0.0	0.0
GC_00008104	0.0	0.0	0.0
GC_00008105	0.0	0.0	0.0
GC_00008106	0.0	0.0	0.0
GC_00008107	0.0	0.0	0.0
GC_00008108	0.0	0.0	0.0
GC_00008109	0.0	0.0	0.0
GC_00008110	0.0	0.0	0.0
GC_00008111	0.0	0.0	0.0
GC_00008112	0.0	0.0	0.0
GC_00008113	0.0	0.0	0.0
GC_00008114	0.0	0.0	0.0
GC_00008115	0.0	0.0	0.0
GC_00008116	0.0	0.0	0.0
GC_00008117	0.0	0.0	0.0
GC_00008118	0.0	0.0	0.0
GC_00008119	0.0	0.0	0.0
GC_00008120	0.0	0.0	0.0
GC_00008121	0.0	0.0	0.0
GC_00008122	0.0	0.0	0.0
GC_00008123	0.0	0.0	0.0
GC_00008124	0.0	0.0	0.0
GC_00008125	0.0	0.0	0.0
GC_00008126	0.0	0.0	0.0
GC_00008127	0.0	0.0	0.0
GC_00008128	0.0	0.0	0.0
GC_00008129	0.0	0.0	0.0
GC_00008130	0.0	0.0	0.0
GC_00008131	0.0	0.0	0.0
GC_00008132	0.0	0.0	0.0
GC_00008133	0.0	0.0	0.0
GC_00008134	0.0	0.0	0.0
GC_00008135	0.0	0.0	0.0
GC_00008136	0.0	0.0	0.0
GC_00008137	0.0	0.0	0.0
GC_00008138	0.0	0.0	0.0
GC_00008139	0.0	0.0	0.0
GC_00008140	0.0	0.0	0.0
GC_00008141	0.0	0.0	0.0
GC_00008142	0.0	0.0	0.0
GC_00008143	0.0	0.0	0.0
GC_00008144	0.0	0.0	0.0
GC_00008145	0.0	0.0	0.0
GC_00008146	0.0	0.0	0.0
GC_00008147	0.0	0.0	0.0
GC_00008148	0.0	0.0	0.0
GC_00008149	0.0	0.0	0.0
GC_00008150	0.0	0.0	0.0
GC_00008151	0.0	0.0	0.0
GC_00008152	0.0	0.0	0.0
GC_00008153	0.0	0.0	0.0
GC_00008154	0.0	0.0	0.0
GC_00008155	0.0	0.0	0.0
GC_00008156	0.0	0.0	0.0
GC_00008157	0.0	0.0	0.0
GC_00008158	0.0	0.0	0.0
GC_00008159	0.0	0.0	0.0
GC_00008160	0.0	0.0	0.0
GC_00008161	0.0	0.0	0.0
GC_00008162	0.0	0.0	0.0
GC_00008163	0.0	0.0	0.0
GC_00008164	0.0	0.0	0.0
GC_00008165	0.0	0.0	0.0
GC_00008166	0.0	0.0	0.0
GC_00008167	0.0	0.0	0.0
GC_00008168	0.0	0.0	0.0
GC_00008169	0.0	0.0	0.0
GC_00008170	0.0	0.0	0.0
GC_00008171	0.0	0.0	0.0
GC_00008172	0.0	0.0	0.0
GC_00008173	0.0	0.0	0.0
GC_00008174	0.0	0.0	0.0
GC_00008175	0.0	0.0	0.0
GC_00008176	0.0	0.0	0.0
GC_00008177	0.0	0.0	0.0
GC_00008178	0.0	0.0	0.0
GC_00008179	0.0	0.0	0.0
GC_00008180	0.0	0.0	0.0
GC_00008181	0.0	0.0	0.0
GC_00008182	0.0	0.0	0.0
GC_00008183	0.0	0.0	0.0
GC_00008184	0.0	0.0	0.0
GC_00008185	0.0	0.0	0.0
GC_00008186	0.0	0.0	0.0
GC_00008187	0.0	0.0	0.0
GC_00008188	0.0	0.0	0.0
GC_00008189	0.0	0.0	0.0
GC_00008190	0.0	0.0	0.0
GC_00008191	0.0	0.0	0.0
GC_00008192	0.0	0.0	0.0
GC_00008193	0.0	0.0	0.0
GC_00008194	0.0	0.0	0.0
GC_00008195	0.0	0.0	0.0
GC_00008196	0.0	0.0	0.0
GC_00008197	0.0	0.0	0.0
GC_00008198	0.0	0.0	0.0
GC_00008199	0.0	0.0	0.0
GC_00008200	0.0	0.0	0.0
GC_00008201	0.0	0.0	0.0
GC_00008202	0.0	0.0	0.0
GC_00008203	0.0	0.0	0.0
GC_00008204	0.0	0.0	0.0
GC_00008205	0.0	0.0	0.0
GC_00008206	0.0	0.0	0.0
GC_00008207	0.0	0.0	0.0
GC_00008208	0.0	0.0	0.0
GC_00008209	0.0	0.0	0.0
GC_00008210	0.0	0.0	0.0
GC_00008211	0.0	0.0	0.0
GC_00008212	0.0	0.0	0.0
GC_00008213	0.0	0.0	0.0
GC_00008214	0.0	0.0	0.0
GC_00008215	0.0	0.0	0.0
GC_00008216	0.0	0.0	0.0
GC_00008217	0.0	0.0	0.0
GC_00008218	0.0	0.0	0.0
GC_00008219	0.0	0.0	0.0
GC_00008220	0.0	0.0	0.0
GC_00008221	0.0	0.0	0.0
GC_00008222	0.0	0.0	0.0
GC_00008223	0.0	0.0	0.0
GC_00008224	0.0	0.0	0.0
GC_00008225	0.0	0.0	0.0
GC_00008226	0.0	0.0	0.0
GC_00008227	0.0	0.0	0.0
GC_00008228	0.0	0.0	0.0
GC_00008229	0.0	0.0	0.0
GC_00008230	0.0	0.0	0.0
GC_00008231	0.0	0.0	0.0
GC_00008232	0.0	0.0	0.0
GC_00008233	0.0	0.0	0.0
GC_00008234	0.0	0.0	0.0
GC_00008235	0.0	0.0	0.0
GC_00008236	0.0	0.0	0.0
GC_00008237	0.0	0.0	0.0
GC_00008238	0.0	0.0	0.0
GC_00008239	0.0	0.0	0.0
GC_00008240	0.0	0.0	0.0
GC_00008241	0.0	0.0	0.0
GC_00008242	0.0	0.0	0.0
GC_00008243	0.0	0.0	0.0
GC_00008244	0.0	0.0	0.0
GC_00008245	0.0	0.0	0.0
GC_00008246	0.0	0.0	0.0
GC_00008247	0.0	0.0	0.0
GC_00008248	0.0	0.0	0.0
GC_00008249	0.0	0.0	0.0
GC_00008250	0.0	0.0	0.0
GC_00008251	0.0	0.0	0.0
GC_00008252	0.0	0.0	0.0
GC_00008253	0.0	0.0	0.0
GC_00008254	0.0	0.0	0.0
GC_00008255	0.0	0.0	0.0
GC_00008256	0.0	0.0	0.0
GC_00008257	0.0	0.0	0.0
GC_00008258	0.0	0.0	0.0
GC_00008259	0.0	0.0	0.0
GC_00008260	0.0	0.0	0.0
GC_00008261	0.0	0.0	0.0
GC_00008262	0.0	0.0	0.0
GC_00008263	0.0	0.0	0.0
GC_00008264	0.0	0.0	0.0
GC_00008265	0.0	0.0	0.0
GC_00008266	0.0	0.0	0.0
GC_00008267	0.0	0.0	0.0
GC_00008268	0.0	0.0	0.0
GC_00008269	0.0	0.0	0.0
GC_00008270	0.0	0.0	0.0
GC_00008271	0.0	0.0	0.0
GC_00008272	0.0	0.0	0.0
GC_00008273	0.0	0.0	0.0
GC_00008274	0.0	0.0	0.0
GC_00008275	0.0	0.0	0.0
GC_00008276	0.0	0.0	0.0
GC_00008277	0.0	0.0	0.0
GC_00008278	0.0	0.0	0.0
GC_00008279	0.0	0.0	0.0
GC_00008280	0.0	0.0	0.0
GC_00008281	0.0	0.0	0.0
GC_00008282	0.0	0.0	0.0
GC_00008283	0.0	0.0	0.0
GC_00008284	0.0	0.0	0.0
GC_00008285	0.0	0.0	0.0
GC_00008286	0.0	0.0	0.0
GC_00008287	0.0	0.0	0.0
GC_00008288	0.0	0.0	0.0
GC_00008289	0.0	0.0	0.0
GC_00008290	0.0	0.0	0.0
GC_00008291	0.0	0.0	0.0
GC_00008292	0.0	0.0	0.0
GC_00008293	0.0	0.0	0.0
GC_00008294	0.0	0.0	0.0
GC_00008295	0.0	0.0	0.0
GC_00008296	0.0	0.0	0.0
GC_00008297	0.0	0.0	0.0
GC_00008298	0.0	0.0	0.0
GC_00008299	0.0	0.0	0.0
GC_00008300	0.0	0.0	0.0
GC_00008301	0.0	0.0	0.0
GC_00008302	0.0	0.0	0.0
GC_00008303	0.0	0.0	0.0
GC_00008304	0.0	0.0	0.0
GC_00008305	0.0	0.0	0.0
GC_00008306	0.0	0.0	0.0
GC_00008307	0.0	0.0	0.0
GC_00008308	0.0	0.0	0.0
GC_00008309	0.0	0.0	0.0
GC_00008310	0.0	0.0	0.0
GC_00008311	0.0	0.0	0.0
GC_00008312	0.0	0.0	0.0
GC_00008313	0.0	0.0	0.0
GC_00008314	0.0	0.0	0.0
GC_00008315	0.0	0.0	0.0
GC_00008316	0.0	0.0	0.0
GC_00008317	0.0	0.0	0.0
GC_00008318	0.0	0.0	0.0
GC_00008319	0.0	0.0	0.0
GC_00008320	0.0	0.0	0.0
GC_00008321	0.0	0.0	0.0
GC_00008322	0.0	0.0	0.0
GC_00008323	0.0	0.0	0.0
GC_00008324	0.0	0.0	0.0
GC_00008325	0.0	0.0	0.0
GC_00008326	0.0	0.0	0.0
GC_00008327	0.0	0.0	0.0
GC_00008328	0.0	0.0	0.0
GC_00008329	0.0	0.0	0.0
GC_00008330	0.0	0.0	0.0
GC_00008331	0.0	0.0	0.0
GC_00008332	0.0	0.0	0.0
GC_00008333	0.0	0.0	0.0
GC_00008334	0.0	0.0	0.0
GC_00008335	0.0	0.0	0.0
GC_00008336	0.0	0.0	0.0
GC_00008337	0.0	0.0	0.0
GC_00008338	0.0	0.0	0.0
GC_00008339	0.0	0.0	0.0
GC_00008340	0.0	0.0	0.0
GC_00008341	0.0	0.0	0.0
GC_00008342	0.0	0.0	0.0
GC_00008343	0.0	0.0	0.0
GC_00008344	0.0	0.0	0.0
GC_00008345	0.0	0.0	0.0
GC_00008346	0.0	0.0	0.0
GC_00008347	0.0	0.0	0.0
GC_00008348	0.0	0.0	0.0
GC_00008349	0.0	0.0	0.0
GC_00008350	0.0	0.0	0.0
GC_00008351	0.0	0.0	0.0
GC_00008352	0.0	0.0	0.0
GC_00008353	0.0	0.0	0.0
GC_00008354	0.0	0.0	0.0
GC_00008355	0.0	0.0	0.0
GC_00008356	0.0	0.0	0.0
GC_00008357	0.0	0.0	0.0
GC_00008358	0.0	0.0	0.0
GC_00008359	0.0	0.0	0.0
GC_00008360	0.0	0.0	0.0
GC_00008361	0.0	0.0	0.0
GC_00008362	0.0	0.0	0.0
GC_00008363	0.0	0.0	0.0
GC_00008364	0.0	0.0	0.0
GC_00008365	0.0	0.0	0.0
GC_00008366	0.0	0.0	0.0
GC_00008367	0.0	0.0	0.0
GC_00008368	0.0	0.0	0.0
GC_00008369	0.0	0.0	0.0
GC_00008370	0.0	0.0	0.0
GC_00008371	0.0	0.0	0.0
GC_00008372	0.0	0.0	0.0
GC_00008373	0.0	0.0	0.0
GC_00008374	0.0	0.0	0.0
GC_00008375	0.0	0.0	0.0
GC_00008376	0.0	0.0	0.0
GC_00008377	0.0	0.0	0.0
GC_00008378	0.0	0.0	0.0
GC_00008379	0.0	0.0	0.0
GC_00008380	0.0	0.0	0.0
GC_00008381	0.0	0.0	0.0
GC_00008382	0.0	0.0	0.0
GC_00008383	0.0	0.0	0.0
GC_00008384	0.0	0.0	0.0
GC_00008385	0.0	0.0	0.0
GC_00008386	0.0	0.0	0.0
GC_00008387	0.0	0.0	0.0
GC_00008388	0.0	0.0	0.0
GC_00008389	0.0	0.0	0.0
GC_00008390	0.0	0.0	0.0
GC_00008391	0.0	0.0	0.0
GC_00008392	0.0	0.0	0.0
GC_00008393	0.0	0.0	0.0
GC_00008394	0.0	0.0	0.0
GC_00008395	0.0	0.0	0.0
GC_00008396	0.0	0.0	0.0
GC_00008397	0.0	0.0	0.0
GC_00008398	0.0	0.0	0.0
GC_00008399	0.0	0.0	0.0
GC_00008400	0.0	0.0	0.0
GC_00008401	0.0	0.0	0.0
GC_00008402	0.0	0.0	0.0
GC_00008403	0.0	0.0	0.0
GC_00008404	0.0	0.0	0.0
GC_00008405	0.0	0.0	0.0
GC_00008406	0.0	0.0	0.0
GC_00008407	0.0	0.0	0.0
GC_00008408	0.0	0.0	0.0
GC_00008409	0.0	0.0	0.0
GC_00008410	0.0	0.0	0.0
GC_00008411	0.0	0.0	0.0
GC_00008412	0.0	0.0	0.0
GC_00008413	0.0	0.0	0.0
GC_00008414	0.0	0.0	0.0
GC_00008415	0.0	0.0	0.0
GC_00008416	0.0	0.0	0.0
GC_00008417	0.0	0.0	0.0
GC_00008418	0.0	0.0	0.0
GC_00008419	0.0	0.0	0.0
GC_00008420	0.0	0.0	0.0
GC_00008421	0.0	0.0	0.0
GC_00008422	0.0	0.0	0.0
GC_00008423	0.0	0.0	0.0
GC_00008424	0.0	0.0	0.0
GC_00008425	0.0	0.0	0.0
GC_00008426	0.0	0.0	0.0
GC_00008427	0.0	0.0	0.0
GC_00008428	0.0	0.0	0.0
GC_00008429	0.0	0.0	0.0
GC_00008430	0.0	0.0	0.0
GC_00008431	0.0	0.0	0.0
GC_00008432	0.0	0.0	0.0
GC_00008433	0.0	0.0	0.0
GC_00008434	0.0	0.0	0.0
GC_00008435	0.0	0.0	0.0
GC_00008436	0.0	0.0	0.0
GC_00008437	0.0	0.0	0.0
GC_00008438	0.0	0.0	0.0
GC_00008439	0.0	0.0	0.0
GC_00008440	0.0	0.0	0.0
GC_00008441	0.0	0.0	0.0
GC_00008442	0.0	0.0	0.0
GC_00008443	0.0	0.0	0.0
GC_00008444	0.0	0.0	0.0
GC_00008445	0.0	0.0	0.0
GC_00008446	0.0	0.0	0.0
GC_00008447	0.0	0.0	0.0
GC_00008448	0.0	0.0	0.0
GC_00008449	0.0	0.0	0.0
GC_00008450	0.0	0.0	0.0
GC_00008451	0.0	0.0	0.0
GC_00008452	0.0	0.0	0.0
GC_00008453	0.0	0.0	0.0
GC_00008454	0.0	0.0	0.0
GC_00008455	0.0	0.0	0.0
GC_00008456	0.0	0.0	0.0
GC_00008457	0.0	0.0	0.0
GC_00008458	0.0	0.0	0.0
GC_00008459	0.0	0.0	0.0
GC_00008460	0.0	0.0	0.0
GC_00008461	0.0	0.0	0.0
GC_00008462	0.0	0.0	0.0
GC_00008463	0.0	0.0	0.0
GC_00008464	0.0	0.0	0.0
GC_00008465	0.0	0.0	0.0
GC_00008466	0.0	0.0	0.0
GC_00008467	0.0	0.0	0.0
GC_00008468	0.0	0.0	0.0
GC_00008469	0.0	0.0	0.0
GC_00008470	0.0	0.0	0.0
GC_00008471	0.0	0.0	0.0
GC_00008472	0.0	0.0	0.0
GC_00008473	0.0	0.0	0.0
GC_00008474	0.0	0.0	0.0
GC_00008475	0.0	0.0	0.0
GC_00008476	0.0	0.0	0.0
GC_00008477	0.0	0.0	0.0
GC_00008478	0.0	0.0	0.0
GC_00008479	0.0	0.0	0.0
GC_00008480	0.0	0.0	0.0
GC_00008481	0.0	0.0	0.0
GC_00008482	0.0	0.0	0.0
GC_00008483	0.0	0.0	0.0
GC_00008484	0.0	0.0	0.0
GC_00008485	0.0	0.0	0.0
GC_00008486	0.0	0.0	0.0
GC_00008487	0.0	0.0	0.0
GC_00008488	0.0	0.0	0.0
GC_00008489	0.0	0.0	0.0
GC_00008490	0.0	0.0	0.0
GC_00008491	0.0	0.0	0.0
GC_00008492	0.0	0.0	0.0
GC_00008493	0.0	0.0	0.0
GC_00008494	0.0	0.0	0.0
GC_00008495	0.0	0.0	0.0
GC_00008496	0.0	0.0	0.0
