items	num_genomes_gene_cluster_has_hits	num_genes_in_gene_cluster	max_num_paralogs
GC_00000001	21	267	45
GC_00000002	22	191	23
GC_00000003	24	173	10
GC_00000004	23	144	17
GC_00000005	18	122	24
GC_00000006	24	99	8
GC_00000007	22	99	14
GC_00000008	24	96	4
GC_00000009	18	89	23
GC_00000010	24	77	4
GC_00000011	24	73	4
GC_00000012	24	73	4
GC_00000013	24	72	3
GC_00000014	24	70	4
GC_00000015	24	69	3
GC_00000016	17	68	6
GC_00000017	19	62	18
GC_00000018	24	62	5
GC_00000019	24	59	6
GC_00000020	12	59	7
GC_00000021	24	56	3
GC_00000022	24	54	5
GC_00000023	24	54	4
GC_00000024	24	53	3
GC_00000025	24	52	3
GC_00000026	24	51	3
GC_00000027	24	50	3
GC_00000028	24	50	4
GC_00000029	24	50	3
GC_00000030	24	49	3
GC_00000031	24	49	3
GC_00000032	24	49	3
GC_00000033	24	49	3
GC_00000034	24	49	3
GC_00000035	24	48	2
GC_00000036	24	48	2
GC_00000037	24	48	2
GC_00000038	24	48	2
GC_00000039	24	48	2
GC_00000040	24	48	2
GC_00000041	24	48	2
GC_00000042	24	48	2
GC_00000043	24	48	2
GC_00000044	24	48	2
GC_00000045	24	48	2
GC_00000046	24	48	2
GC_00000047	24	48	2
GC_00000048	24	48	2
GC_00000049	24	48	2
GC_00000050	24	48	2
GC_00000051	24	48	2
GC_00000052	24	48	2
GC_00000053	24	48	3
GC_00000054	24	48	2
GC_00000055	24	48	2
GC_00000056	24	48	2
GC_00000057	24	48	2
GC_00000058	24	48	2
GC_00000059	24	48	2
GC_00000060	24	48	2
GC_00000061	24	48	2
GC_00000062	24	48	2
GC_00000063	24	48	2
GC_00000064	24	47	2
GC_00000065	24	47	2
GC_00000066	24	47	2
GC_00000067	24	47	2
GC_00000068	24	47	2
GC_00000069	24	47	2
GC_00000070	24	47	2
GC_00000071	24	47	2
GC_00000072	24	46	3
GC_00000073	23	46	4
GC_00000074	24	46	2
GC_00000075	24	45	3
GC_00000076	24	45	3
GC_00000077	23	45	2
GC_00000078	24	44	4
GC_00000079	24	44	2
GC_00000080	24	43	3
GC_00000081	24	43	3
GC_00000082	10	42	20
GC_00000083	24	41	2
GC_00000084	24	41	2
GC_00000085	24	41	2
GC_00000086	24	41	4
GC_00000087	24	40	3
GC_00000088	24	40	2
GC_00000089	3	40	38
GC_00000090	24	37	3
GC_00000091	21	37	4
GC_00000092	12	36	5
GC_00000093	20	36	4
GC_00000094	24	35	2
GC_00000095	15	35	5
GC_00000096	24	34	3
GC_00000097	22	34	3
GC_00000098	23	34	2
GC_00000099	24	34	2
GC_00000100	24	33	3
GC_00000101	24	33	2
GC_00000102	19	32	5
GC_00000103	24	32	3
GC_00000104	24	31	2
GC_00000105	24	31	2
GC_00000106	24	31	2
GC_00000107	10	31	6
GC_00000108	15	31	8
GC_00000109	23	31	3
GC_00000110	24	30	2
GC_00000111	24	30	2
GC_00000112	24	30	2
GC_00000113	19	30	3
GC_00000114	13	30	5
GC_00000115	24	30	2
GC_00000116	24	29	2
GC_00000117	22	29	2
GC_00000118	24	29	3
GC_00000119	24	29	2
GC_00000120	24	29	3
GC_00000121	24	29	2
GC_00000122	16	29	3
GC_00000123	24	29	2
GC_00000124	24	29	3
GC_00000125	24	29	2
GC_00000126	16	29	3
GC_00000127	24	29	2
GC_00000128	24	29	2
GC_00000129	24	28	2
GC_00000130	24	28	2
GC_00000131	24	28	2
GC_00000132	24	28	3
GC_00000133	12	28	5
GC_00000134	24	28	2
GC_00000135	24	28	2
GC_00000136	16	28	4
GC_00000137	24	28	2
GC_00000138	24	28	2
GC_00000139	24	28	3
GC_00000140	23	28	3
GC_00000141	24	27	2
GC_00000142	24	27	2
GC_00000143	24	27	2
GC_00000144	24	27	2
GC_00000145	24	27	2
GC_00000146	24	27	2
GC_00000147	24	27	3
GC_00000148	24	27	2
GC_00000149	24	27	2
GC_00000150	24	27	2
GC_00000151	24	27	2
GC_00000152	23	27	2
GC_00000153	12	27	3
GC_00000154	20	27	5
GC_00000155	24	27	2
GC_00000156	24	27	2
GC_00000157	24	27	2
GC_00000158	24	27	2
GC_00000159	24	27	2
GC_00000160	24	27	3
GC_00000161	24	27	2
GC_00000162	24	27	2
GC_00000163	24	27	2
GC_00000164	24	27	2
GC_00000165	24	27	2
GC_00000166	24	27	2
GC_00000167	24	27	3
GC_00000168	24	27	3
GC_00000169	24	26	2
GC_00000170	24	26	2
GC_00000171	24	26	2
GC_00000172	24	26	2
GC_00000173	24	26	3
GC_00000174	24	26	2
GC_00000175	24	26	2
GC_00000176	24	26	2
GC_00000177	24	26	2
GC_00000178	24	26	2
GC_00000179	24	26	3
GC_00000180	24	26	2
GC_00000181	24	26	3
GC_00000182	16	26	3
GC_00000183	24	26	2
GC_00000184	24	26	2
GC_00000185	24	26	2
GC_00000186	24	26	2
GC_00000187	24	26	2
GC_00000188	24	26	2
GC_00000189	24	26	2
GC_00000190	24	26	2
GC_00000191	24	26	3
GC_00000192	24	26	2
GC_00000193	24	26	2
GC_00000194	24	26	2
GC_00000195	24	26	3
GC_00000196	24	26	2
GC_00000197	24	26	2
GC_00000198	24	26	2
GC_00000199	24	26	2
GC_00000200	24	26	2
GC_00000201	24	26	3
GC_00000202	24	26	2
GC_00000203	24	26	2
GC_00000204	24	26	2
GC_00000205	24	26	2
GC_00000206	24	26	2
GC_00000207	24	26	2
GC_00000208	24	26	3
GC_00000209	24	26	2
GC_00000210	24	26	2
GC_00000211	24	26	2
GC_00000212	24	26	2
GC_00000213	24	26	2
GC_00000214	24	26	2
GC_00000215	24	26	2
GC_00000216	23	26	2
GC_00000217	24	26	2
GC_00000218	24	26	2
GC_00000219	24	26	2
GC_00000220	24	26	3
GC_00000221	24	26	2
GC_00000222	24	26	2
GC_00000223	24	26	2
GC_00000224	24	26	2
GC_00000225	24	26	3
GC_00000226	24	26	2
GC_00000227	24	26	2
GC_00000228	24	26	2
GC_00000229	22	26	2
GC_00000230	24	26	2
GC_00000231	24	26	2
GC_00000232	24	26	2
GC_00000233	24	26	2
GC_00000234	24	26	3
GC_00000235	24	26	2
GC_00000236	24	26	2
GC_00000237	24	26	2
GC_00000238	24	26	2
GC_00000239	24	26	2
GC_00000240	24	26	2
GC_00000241	24	26	2
GC_00000242	24	26	2
GC_00000243	24	25	2
GC_00000244	24	25	2
GC_00000245	24	25	2
GC_00000246	24	25	2
GC_00000247	24	25	2
GC_00000248	24	25	2
GC_00000249	24	25	2
GC_00000250	24	25	2
GC_00000251	24	25	2
GC_00000252	24	25	2
GC_00000253	24	25	2
GC_00000254	24	25	2
GC_00000255	24	25	2
GC_00000256	24	25	2
GC_00000257	24	25	2
GC_00000258	24	25	2
GC_00000259	24	25	2
GC_00000260	24	25	2
GC_00000261	24	25	2
GC_00000262	24	25	2
GC_00000263	24	25	2
GC_00000264	24	25	2
GC_00000265	24	25	2
GC_00000266	24	25	2
GC_00000267	24	25	2
GC_00000268	24	25	2
GC_00000269	24	25	2
GC_00000270	24	25	2
GC_00000271	24	25	2
GC_00000272	24	25	2
GC_00000273	24	25	2
GC_00000274	24	25	2
GC_00000275	24	25	2
GC_00000276	24	25	2
GC_00000277	24	25	2
GC_00000278	24	25	2
GC_00000279	24	25	2
GC_00000280	24	25	2
GC_00000281	24	25	2
GC_00000282	24	25	2
GC_00000283	24	25	2
GC_00000284	24	25	2
GC_00000285	24	25	2
GC_00000286	24	25	2
GC_00000287	24	25	2
GC_00000288	24	25	2
GC_00000289	24	25	2
GC_00000290	24	25	2
GC_00000291	24	25	2
GC_00000292	24	25	2
GC_00000293	24	25	2
GC_00000294	24	25	2
GC_00000295	24	25	2
GC_00000296	24	25	2
GC_00000297	24	25	2
GC_00000298	24	25	2
GC_00000299	24	25	2
GC_00000300	24	25	2
GC_00000301	24	25	2
GC_00000302	24	25	2
GC_00000303	24	25	2
GC_00000304	24	25	2
GC_00000305	24	25	2
GC_00000306	24	25	2
GC_00000307	24	25	2
GC_00000308	24	25	2
GC_00000309	24	25	2
GC_00000310	24	25	2
GC_00000311	24	25	2
GC_00000312	24	25	2
GC_00000313	24	25	2
GC_00000314	24	25	2
GC_00000315	24	25	2
GC_00000316	24	25	2
GC_00000317	24	25	2
GC_00000318	24	25	2
GC_00000319	24	25	2
GC_00000320	24	25	2
GC_00000321	21	25	2
GC_00000322	24	25	2
GC_00000323	24	25	2
GC_00000324	24	25	2
GC_00000325	24	25	2
GC_00000326	24	25	2
GC_00000327	24	25	2
GC_00000328	24	25	2
GC_00000329	24	25	2
GC_00000330	24	25	2
GC_00000331	24	25	2
GC_00000332	24	25	2
GC_00000333	24	25	2
GC_00000334	24	25	2
GC_00000335	24	25	2
GC_00000336	24	25	2
GC_00000337	24	25	2
GC_00000338	24	25	2
GC_00000339	24	25	2
GC_00000340	24	25	2
GC_00000341	24	25	2
GC_00000342	24	25	2
GC_00000343	24	25	2
GC_00000344	24	25	2
GC_00000345	24	25	2
GC_00000346	24	25	2
GC_00000347	24	25	2
GC_00000348	24	25	2
GC_00000349	24	25	2
GC_00000350	24	25	2
GC_00000351	24	25	2
GC_00000352	16	25	3
GC_00000353	24	25	2
GC_00000354	24	25	2
GC_00000355	24	25	2
GC_00000356	24	25	2
GC_00000357	24	25	2
GC_00000358	24	25	2
GC_00000359	24	25	2
GC_00000360	24	25	2
GC_00000361	24	25	2
GC_00000362	24	25	2
GC_00000363	24	25	2
GC_00000364	24	25	2
GC_00000365	24	25	2
GC_00000366	24	25	2
GC_00000367	24	25	2
GC_00000368	24	25	2
GC_00000369	24	25	2
GC_00000370	24	25	2
GC_00000371	24	25	2
GC_00000372	24	25	2
GC_00000373	24	25	2
GC_00000374	24	25	2
GC_00000375	24	25	2
GC_00000376	24	25	2
GC_00000377	24	25	2
GC_00000378	7	25	4
GC_00000379	24	25	2
GC_00000380	24	25	2
GC_00000381	24	25	2
GC_00000382	24	25	2
GC_00000383	24	25	2
GC_00000384	24	25	2
GC_00000385	22	25	2
GC_00000386	24	25	2
GC_00000387	24	25	2
GC_00000388	24	25	2
GC_00000389	24	25	2
GC_00000390	24	25	2
GC_00000391	24	25	2
GC_00000392	24	25	2
GC_00000393	23	25	3
GC_00000394	24	25	2
GC_00000395	24	25	2
GC_00000396	24	25	2
GC_00000397	24	25	2
GC_00000398	24	25	2
GC_00000399	23	25	2
GC_00000400	24	25	2
GC_00000401	24	25	2
GC_00000402	24	25	2
GC_00000403	24	25	2
GC_00000404	24	25	2
GC_00000405	24	25	2
GC_00000406	24	25	2
GC_00000407	24	25	2
GC_00000408	24	25	2
GC_00000409	24	25	2
GC_00000410	24	25	2
GC_00000411	24	25	2
GC_00000412	24	25	2
GC_00000413	24	25	2
GC_00000414	24	25	2
GC_00000415	24	25	2
GC_00000416	24	25	2
GC_00000417	24	25	2
GC_00000418	24	25	2
GC_00000419	24	25	2
GC_00000420	24	25	2
GC_00000421	24	25	2
GC_00000422	24	25	2
GC_00000423	24	25	2
GC_00000424	24	25	2
GC_00000425	24	25	2
GC_00000426	24	25	2
GC_00000427	24	25	2
GC_00000428	24	25	2
GC_00000429	24	25	2
GC_00000430	24	25	2
GC_00000431	24	25	2
GC_00000432	24	25	2
GC_00000433	24	25	2
GC_00000434	24	25	2
GC_00000435	24	25	2
GC_00000436	24	25	2
GC_00000437	24	25	2
GC_00000438	24	25	2
GC_00000439	24	25	2
GC_00000440	24	25	2
GC_00000441	24	25	2
GC_00000442	24	25	2
GC_00000443	24	25	2
GC_00000444	24	25	2
GC_00000445	24	25	2
GC_00000446	24	25	2
GC_00000447	24	25	2
GC_00000448	24	25	2
GC_00000449	24	25	2
GC_00000450	24	25	2
GC_00000451	24	25	2
GC_00000452	24	25	2
GC_00000453	24	25	2
GC_00000454	24	25	2
GC_00000455	24	25	2
GC_00000456	24	25	2
GC_00000457	24	25	2
GC_00000458	24	25	2
GC_00000459	24	25	2
GC_00000460	24	25	2
GC_00000461	24	25	2
GC_00000462	24	25	2
GC_00000463	24	25	2
GC_00000464	24	25	2
GC_00000465	24	25	2
GC_00000466	24	25	2
GC_00000467	24	25	2
GC_00000468	24	25	2
GC_00000469	24	25	2
GC_00000470	24	25	2
GC_00000471	24	25	2
GC_00000472	24	25	2
GC_00000473	24	25	2
GC_00000474	24	24	1
GC_00000475	24	24	1
GC_00000476	24	24	1
GC_00000477	24	24	1
GC_00000478	24	24	1
GC_00000479	24	24	1
GC_00000480	24	24	1
GC_00000481	24	24	1
GC_00000482	24	24	1
GC_00000483	24	24	1
GC_00000484	24	24	1
GC_00000485	24	24	1
GC_00000486	24	24	1
GC_00000487	24	24	1
GC_00000488	24	24	1
GC_00000489	24	24	1
GC_00000490	24	24	1
GC_00000491	24	24	1
GC_00000492	24	24	1
GC_00000493	24	24	1
GC_00000494	24	24	1
GC_00000495	24	24	1
GC_00000496	24	24	1
GC_00000497	24	24	1
GC_00000498	24	24	1
GC_00000499	24	24	1
GC_00000500	24	24	1
GC_00000501	24	24	1
GC_00000502	24	24	1
GC_00000503	24	24	1
GC_00000504	24	24	1
GC_00000505	24	24	1
GC_00000506	24	24	1
GC_00000507	24	24	1
GC_00000508	24	24	1
GC_00000509	24	24	1
GC_00000510	24	24	1
GC_00000511	24	24	1
GC_00000512	24	24	1
GC_00000513	24	24	1
GC_00000514	24	24	1
GC_00000515	24	24	1
GC_00000516	24	24	1
GC_00000517	24	24	1
GC_00000518	24	24	1
GC_00000519	24	24	1
GC_00000520	24	24	1
GC_00000521	24	24	1
GC_00000522	24	24	1
GC_00000523	24	24	1
GC_00000524	24	24	1
GC_00000525	24	24	1
GC_00000526	24	24	1
GC_00000527	24	24	1
GC_00000528	24	24	1
GC_00000529	24	24	1
GC_00000530	24	24	1
GC_00000531	24	24	1
GC_00000532	24	24	1
GC_00000533	24	24	1
GC_00000534	24	24	1
GC_00000535	24	24	1
GC_00000536	24	24	1
GC_00000537	24	24	1
GC_00000538	24	24	1
GC_00000539	24	24	1
GC_00000540	24	24	1
GC_00000541	24	24	1
GC_00000542	24	24	1
GC_00000543	24	24	1
GC_00000544	24	24	1
GC_00000545	24	24	1
GC_00000546	24	24	1
GC_00000547	24	24	1
GC_00000548	24	24	1
GC_00000549	24	24	1
GC_00000550	24	24	1
GC_00000551	24	24	1
GC_00000552	24	24	1
GC_00000553	24	24	1
GC_00000554	24	24	1
GC_00000555	24	24	1
GC_00000556	24	24	1
GC_00000557	24	24	1
GC_00000558	24	24	1
GC_00000559	24	24	1
GC_00000560	24	24	1
GC_00000561	24	24	1
GC_00000562	24	24	1
GC_00000563	24	24	1
GC_00000564	24	24	1
GC_00000565	24	24	1
GC_00000566	24	24	1
GC_00000567	24	24	1
GC_00000568	24	24	1
GC_00000569	24	24	1
GC_00000570	24	24	1
GC_00000571	24	24	1
GC_00000572	24	24	1
GC_00000573	24	24	1
GC_00000574	24	24	1
GC_00000575	24	24	1
GC_00000576	24	24	1
GC_00000577	24	24	1
GC_00000578	24	24	1
GC_00000579	24	24	1
GC_00000580	24	24	1
GC_00000581	24	24	1
GC_00000582	24	24	1
GC_00000583	24	24	1
GC_00000584	24	24	1
GC_00000585	24	24	1
GC_00000586	24	24	1
GC_00000587	24	24	1
GC_00000588	24	24	1
GC_00000589	24	24	1
GC_00000590	24	24	1
GC_00000591	24	24	1
GC_00000592	24	24	1
GC_00000593	24	24	1
GC_00000594	24	24	1
GC_00000595	24	24	1
GC_00000596	24	24	1
GC_00000597	24	24	1
GC_00000598	24	24	1
GC_00000599	24	24	1
GC_00000600	24	24	1
GC_00000601	24	24	1
GC_00000602	24	24	1
GC_00000603	24	24	1
GC_00000604	24	24	1
GC_00000605	24	24	1
GC_00000606	24	24	1
GC_00000607	24	24	1
GC_00000608	24	24	1
GC_00000609	24	24	1
GC_00000610	24	24	1
GC_00000611	24	24	1
GC_00000612	24	24	1
GC_00000613	24	24	1
GC_00000614	24	24	1
GC_00000615	24	24	1
GC_00000616	24	24	1
GC_00000617	24	24	1
GC_00000618	24	24	1
GC_00000619	24	24	1
GC_00000620	24	24	1
GC_00000621	24	24	1
GC_00000622	24	24	1
GC_00000623	24	24	1
GC_00000624	24	24	1
GC_00000625	24	24	1
GC_00000626	24	24	1
GC_00000627	24	24	1
GC_00000628	24	24	1
GC_00000629	24	24	1
GC_00000630	24	24	1
GC_00000631	24	24	1
GC_00000632	24	24	1
GC_00000633	24	24	1
GC_00000634	24	24	1
GC_00000635	24	24	1
GC_00000636	24	24	1
GC_00000637	24	24	1
GC_00000638	24	24	1
GC_00000639	24	24	1
GC_00000640	24	24	1
GC_00000641	24	24	1
GC_00000642	24	24	1
GC_00000643	24	24	1
GC_00000644	24	24	1
GC_00000645	24	24	1
GC_00000646	24	24	1
GC_00000647	24	24	1
GC_00000648	24	24	1
GC_00000649	24	24	1
GC_00000650	24	24	1
GC_00000651	24	24	1
GC_00000652	24	24	1
GC_00000653	24	24	1
GC_00000654	24	24	1
GC_00000655	24	24	1
GC_00000656	24	24	1
GC_00000657	24	24	1
GC_00000658	24	24	1
GC_00000659	24	24	1
GC_00000660	24	24	1
GC_00000661	24	24	1
GC_00000662	24	24	1
GC_00000663	24	24	1
GC_00000664	24	24	1
GC_00000665	24	24	1
GC_00000666	24	24	1
GC_00000667	24	24	1
GC_00000668	24	24	1
GC_00000669	24	24	1
GC_00000670	24	24	1
GC_00000671	24	24	1
GC_00000672	24	24	1
GC_00000673	24	24	1
GC_00000674	24	24	1
GC_00000675	24	24	1
GC_00000676	24	24	1
GC_00000677	24	24	1
GC_00000678	24	24	1
GC_00000679	24	24	1
GC_00000680	24	24	1
GC_00000681	24	24	1
GC_00000682	24	24	1
GC_00000683	24	24	1
GC_00000684	24	24	1
GC_00000685	24	24	1
GC_00000686	24	24	1
GC_00000687	24	24	1
GC_00000688	24	24	1
GC_00000689	24	24	1
GC_00000690	24	24	1
GC_00000691	24	24	1
GC_00000692	24	24	1
GC_00000693	24	24	1
GC_00000694	24	24	1
GC_00000695	24	24	1
GC_00000696	24	24	1
GC_00000697	24	24	1
GC_00000698	24	24	1
GC_00000699	24	24	1
GC_00000700	24	24	1
GC_00000701	24	24	1
GC_00000702	24	24	1
GC_00000703	24	24	1
GC_00000704	24	24	1
GC_00000705	24	24	1
GC_00000706	24	24	1
GC_00000707	24	24	1
GC_00000708	24	24	1
GC_00000709	24	24	1
GC_00000710	24	24	1
GC_00000711	24	24	1
GC_00000712	24	24	1
GC_00000713	24	24	1
GC_00000714	24	24	1
GC_00000715	24	24	1
GC_00000716	24	24	1
GC_00000717	24	24	1
GC_00000718	24	24	1
GC_00000719	24	24	1
GC_00000720	24	24	1
GC_00000721	24	24	1
GC_00000722	24	24	1
GC_00000723	24	24	1
GC_00000724	24	24	1
GC_00000725	24	24	1
GC_00000726	24	24	1
GC_00000727	24	24	1
GC_00000728	24	24	1
GC_00000729	24	24	1
GC_00000730	24	24	1
GC_00000731	24	24	1
GC_00000732	24	24	1
GC_00000733	24	24	1
GC_00000734	24	24	1
GC_00000735	24	24	1
GC_00000736	24	24	1
GC_00000737	24	24	1
GC_00000738	24	24	1
GC_00000739	24	24	1
GC_00000740	24	24	1
GC_00000741	24	24	1
GC_00000742	24	24	1
GC_00000743	24	24	1
GC_00000744	24	24	1
GC_00000745	24	24	1
GC_00000746	24	24	1
GC_00000747	24	24	1
GC_00000748	24	24	1
GC_00000749	24	24	1
GC_00000750	24	24	1
GC_00000751	24	24	1
GC_00000752	24	24	1
GC_00000753	24	24	1
GC_00000754	24	24	1
GC_00000755	24	24	1
GC_00000756	24	24	1
GC_00000757	24	24	1
GC_00000758	24	24	1
GC_00000759	24	24	1
GC_00000760	24	24	1
GC_00000761	24	24	1
GC_00000762	24	24	1
GC_00000763	24	24	1
GC_00000764	24	24	1
GC_00000765	24	24	1
GC_00000766	24	24	1
GC_00000767	24	24	1
GC_00000768	24	24	1
GC_00000769	24	24	1
GC_00000770	24	24	1
GC_00000771	24	24	1
GC_00000772	24	24	1
GC_00000773	24	24	1
GC_00000774	24	24	1
GC_00000775	24	24	1
GC_00000776	24	24	1
GC_00000777	24	24	1
GC_00000778	24	24	1
GC_00000779	24	24	1
GC_00000780	24	24	1
GC_00000781	24	24	1
GC_00000782	24	24	1
GC_00000783	24	24	1
GC_00000784	24	24	1
GC_00000785	24	24	1
GC_00000786	24	24	1
GC_00000787	24	24	1
GC_00000788	24	24	1
GC_00000789	24	24	1
GC_00000790	24	24	1
GC_00000791	24	24	1
GC_00000792	24	24	1
GC_00000793	24	24	1
GC_00000794	24	24	1
GC_00000795	24	24	1
GC_00000796	24	24	1
GC_00000797	24	24	1
GC_00000798	24	24	1
GC_00000799	24	24	1
GC_00000800	24	24	1
GC_00000801	24	24	1
GC_00000802	24	24	1
GC_00000803	24	24	1
GC_00000804	24	24	1
GC_00000805	24	24	1
GC_00000806	24	24	1
GC_00000807	24	24	1
GC_00000808	24	24	1
GC_00000809	24	24	1
GC_00000810	24	24	1
GC_00000811	24	24	1
GC_00000812	24	24	1
GC_00000813	24	24	1
GC_00000814	24	24	1
GC_00000815	24	24	1
GC_00000816	24	24	1
GC_00000817	24	24	1
GC_00000818	24	24	1
GC_00000819	24	24	1
GC_00000820	24	24	1
GC_00000821	24	24	1
GC_00000822	24	24	1
GC_00000823	24	24	1
GC_00000824	24	24	1
GC_00000825	24	24	1
GC_00000826	24	24	1
GC_00000827	24	24	1
GC_00000828	24	24	1
GC_00000829	24	24	1
GC_00000830	24	24	1
GC_00000831	24	24	1
GC_00000832	24	24	1
GC_00000833	24	24	1
GC_00000834	24	24	1
GC_00000835	24	24	1
GC_00000836	24	24	1
GC_00000837	24	24	1
GC_00000838	24	24	1
GC_00000839	24	24	1
GC_00000840	24	24	1
GC_00000841	24	24	1
GC_00000842	24	24	1
GC_00000843	24	24	1
GC_00000844	24	24	1
GC_00000845	24	24	1
GC_00000846	24	24	1
GC_00000847	24	24	1
GC_00000848	24	24	1
GC_00000849	24	24	1
GC_00000850	24	24	1
GC_00000851	24	24	1
GC_00000852	24	24	1
GC_00000853	24	24	1
GC_00000854	24	24	1
GC_00000855	24	24	1
GC_00000856	24	24	1
GC_00000857	24	24	1
GC_00000858	24	24	1
GC_00000859	24	24	1
GC_00000860	24	24	1
GC_00000861	24	24	1
GC_00000862	24	24	1
GC_00000863	24	24	1
GC_00000864	24	24	1
GC_00000865	24	24	1
GC_00000866	24	24	1
GC_00000867	24	24	1
GC_00000868	24	24	1
GC_00000869	24	24	1
GC_00000870	24	24	1
GC_00000871	24	24	1
GC_00000872	24	24	1
GC_00000873	24	24	1
GC_00000874	24	24	1
GC_00000875	24	24	1
GC_00000876	24	24	1
GC_00000877	24	24	1
GC_00000878	24	24	1
GC_00000879	24	24	1
GC_00000880	24	24	1
GC_00000881	24	24	1
GC_00000882	24	24	1
GC_00000883	24	24	1
GC_00000884	24	24	1
GC_00000885	24	24	1
GC_00000886	24	24	1
GC_00000887	24	24	1
GC_00000888	24	24	1
GC_00000889	24	24	1
GC_00000890	24	24	1
GC_00000891	24	24	1
GC_00000892	24	24	1
GC_00000893	24	24	1
GC_00000894	24	24	1
GC_00000895	24	24	1
GC_00000896	24	24	1
GC_00000897	24	24	1
GC_00000898	24	24	1
GC_00000899	24	24	1
GC_00000900	24	24	1
GC_00000901	24	24	1
GC_00000902	24	24	1
GC_00000903	24	24	1
GC_00000904	24	24	1
GC_00000905	24	24	1
GC_00000906	24	24	1
GC_00000907	24	24	1
GC_00000908	24	24	1
GC_00000909	24	24	1
GC_00000910	24	24	1
GC_00000911	24	24	1
GC_00000912	24	24	1
GC_00000913	24	24	1
GC_00000914	24	24	1
GC_00000915	24	24	1
GC_00000916	24	24	1
GC_00000917	24	24	1
GC_00000918	24	24	1
GC_00000919	24	24	1
GC_00000920	24	24	1
GC_00000921	24	24	1
GC_00000922	24	24	1
GC_00000923	24	24	1
GC_00000924	24	24	1
GC_00000925	24	24	1
GC_00000926	24	24	1
GC_00000927	24	24	1
GC_00000928	24	24	1
GC_00000929	24	24	1
GC_00000930	24	24	1
GC_00000931	24	24	1
GC_00000932	24	24	1
GC_00000933	24	24	1
GC_00000934	24	24	1
GC_00000935	24	24	1
GC_00000936	24	24	1
GC_00000937	24	24	1
GC_00000938	24	24	1
GC_00000939	24	24	1
GC_00000940	24	24	1
GC_00000941	24	24	1
GC_00000942	24	24	1
GC_00000943	24	24	1
GC_00000944	24	24	1
GC_00000945	24	24	1
GC_00000946	24	24	1
GC_00000947	24	24	1
GC_00000948	24	24	1
GC_00000949	24	24	1
GC_00000950	24	24	1
GC_00000951	24	24	1
GC_00000952	24	24	1
GC_00000953	24	24	1
GC_00000954	24	24	1
GC_00000955	24	24	1
GC_00000956	24	24	1
GC_00000957	24	24	1
GC_00000958	24	24	1
GC_00000959	24	24	1
GC_00000960	24	24	1
GC_00000961	24	24	1
GC_00000962	24	24	1
GC_00000963	24	24	1
GC_00000964	24	24	1
GC_00000965	24	24	1
GC_00000966	24	24	1
GC_00000967	24	24	1
GC_00000968	24	24	1
GC_00000969	24	24	1
GC_00000970	24	24	1
GC_00000971	24	24	1
GC_00000972	24	24	1
GC_00000973	24	24	1
GC_00000974	24	24	1
GC_00000975	24	24	1
GC_00000976	24	24	1
GC_00000977	24	24	1
GC_00000978	24	24	1
GC_00000979	24	24	1
GC_00000980	24	24	1
GC_00000981	24	24	1
GC_00000982	24	24	1
GC_00000983	24	24	1
GC_00000984	24	24	1
GC_00000985	24	24	1
GC_00000986	24	24	1
GC_00000987	24	24	1
GC_00000988	24	24	1
GC_00000989	24	24	1
GC_00000990	24	24	1
GC_00000991	24	24	1
GC_00000992	24	24	1
GC_00000993	24	24	1
GC_00000994	24	24	1
GC_00000995	24	24	1
GC_00000996	24	24	1
GC_00000997	24	24	1
GC_00000998	24	24	1
GC_00000999	24	24	1
GC_00001000	24	24	1
GC_00001001	24	24	1
GC_00001002	24	24	1
GC_00001003	24	24	1
GC_00001004	24	24	1
GC_00001005	24	24	1
GC_00001006	24	24	1
GC_00001007	24	24	1
GC_00001008	24	24	1
GC_00001009	24	24	1
GC_00001010	24	24	1
GC_00001011	24	24	1
GC_00001012	24	24	1
GC_00001013	24	24	1
GC_00001014	24	24	1
GC_00001015	24	24	1
GC_00001016	24	24	1
GC_00001017	24	24	1
GC_00001018	24	24	1
GC_00001019	24	24	1
GC_00001020	24	24	1
GC_00001021	24	24	1
GC_00001022	24	24	1
GC_00001023	24	24	1
GC_00001024	24	24	1
GC_00001025	24	24	1
GC_00001026	24	24	1
GC_00001027	24	24	1
GC_00001028	24	24	1
GC_00001029	24	24	1
GC_00001030	24	24	1
GC_00001031	24	24	1
GC_00001032	24	24	1
GC_00001033	24	24	1
GC_00001034	24	24	1
GC_00001035	24	24	1
GC_00001036	24	24	1
GC_00001037	24	24	1
GC_00001038	24	24	1
GC_00001039	24	24	1
GC_00001040	24	24	1
GC_00001041	24	24	1
GC_00001042	24	24	1
GC_00001043	24	24	1
GC_00001044	24	24	1
GC_00001045	24	24	1
GC_00001046	24	24	1
GC_00001047	24	24	1
GC_00001048	24	24	1
GC_00001049	24	24	1
GC_00001050	24	24	1
GC_00001051	24	24	1
GC_00001052	24	24	1
GC_00001053	24	24	1
GC_00001054	24	24	1
GC_00001055	24	24	1
GC_00001056	24	24	1
GC_00001057	24	24	1
GC_00001058	24	24	1
GC_00001059	24	24	1
GC_00001060	24	24	1
GC_00001061	24	24	1
GC_00001062	24	24	1
GC_00001063	24	24	1
GC_00001064	24	24	1
GC_00001065	24	24	1
GC_00001066	24	24	1
GC_00001067	24	24	1
GC_00001068	24	24	1
GC_00001069	24	24	1
GC_00001070	24	24	1
GC_00001071	24	24	1
GC_00001072	24	24	1
GC_00001073	24	24	1
GC_00001074	24	24	1
GC_00001075	24	24	1
GC_00001076	24	24	1
GC_00001077	24	24	1
GC_00001078	24	24	1
GC_00001079	24	24	1
GC_00001080	24	24	1
GC_00001081	24	24	1
GC_00001082	24	24	1
GC_00001083	24	24	1
GC_00001084	24	24	1
GC_00001085	24	24	1
GC_00001086	24	24	1
GC_00001087	24	24	1
GC_00001088	24	24	1
GC_00001089	24	24	1
GC_00001090	24	24	1
GC_00001091	24	24	1
GC_00001092	24	24	1
GC_00001093	24	24	1
GC_00001094	24	24	1
GC_00001095	24	24	1
GC_00001096	24	24	1
GC_00001097	24	24	1
GC_00001098	24	24	1
GC_00001099	24	24	1
GC_00001100	24	24	1
GC_00001101	24	24	1
GC_00001102	24	24	1
GC_00001103	24	24	1
GC_00001104	24	24	1
GC_00001105	24	24	1
GC_00001106	24	24	1
GC_00001107	24	24	1
GC_00001108	24	24	1
GC_00001109	24	24	1
GC_00001110	24	24	1
GC_00001111	24	24	1
GC_00001112	24	24	1
GC_00001113	24	24	1
GC_00001114	24	24	1
GC_00001115	24	24	1
GC_00001116	24	24	1
GC_00001117	24	24	1
GC_00001118	24	24	1
GC_00001119	24	24	1
GC_00001120	24	24	1
GC_00001121	24	24	1
GC_00001122	24	24	1
GC_00001123	24	24	1
GC_00001124	24	24	1
GC_00001125	24	24	1
GC_00001126	24	24	1
GC_00001127	24	24	1
GC_00001128	24	24	1
GC_00001129	24	24	1
GC_00001130	24	24	1
GC_00001131	24	24	1
GC_00001132	24	24	1
GC_00001133	24	24	1
GC_00001134	24	24	1
GC_00001135	24	24	1
GC_00001136	24	24	1
GC_00001137	24	24	1
GC_00001138	24	24	1
GC_00001139	24	24	1
GC_00001140	24	24	1
GC_00001141	24	24	1
GC_00001142	24	24	1
GC_00001143	24	24	1
GC_00001144	24	24	1
GC_00001145	24	24	1
GC_00001146	24	24	1
GC_00001147	24	24	1
GC_00001148	24	24	1
GC_00001149	24	24	1
GC_00001150	24	24	1
GC_00001151	24	24	1
GC_00001152	24	24	1
GC_00001153	24	24	1
GC_00001154	24	24	1
GC_00001155	24	24	1
GC_00001156	24	24	1
GC_00001157	24	24	1
GC_00001158	24	24	1
GC_00001159	24	24	1
GC_00001160	24	24	1
GC_00001161	24	24	1
GC_00001162	24	24	1
GC_00001163	24	24	1
GC_00001164	24	24	1
GC_00001165	24	24	1
GC_00001166	24	24	1
GC_00001167	24	24	1
GC_00001168	24	24	1
GC_00001169	24	24	1
GC_00001170	24	24	1
GC_00001171	24	24	1
GC_00001172	24	24	1
GC_00001173	24	24	1
GC_00001174	24	24	1
GC_00001175	24	24	1
GC_00001176	24	24	1
GC_00001177	24	24	1
GC_00001178	24	24	1
GC_00001179	24	24	1
GC_00001180	24	24	1
GC_00001181	24	24	1
GC_00001182	24	24	1
GC_00001183	24	24	1
GC_00001184	24	24	1
GC_00001185	24	24	1
GC_00001186	24	24	1
GC_00001187	24	24	1
GC_00001188	24	24	1
GC_00001189	24	24	1
GC_00001190	24	24	1
GC_00001191	24	24	1
GC_00001192	24	24	1
GC_00001193	24	24	1
GC_00001194	24	24	1
GC_00001195	24	24	1
GC_00001196	24	24	1
GC_00001197	24	24	1
GC_00001198	24	24	1
GC_00001199	24	24	1
GC_00001200	24	24	1
GC_00001201	24	24	1
GC_00001202	24	24	1
GC_00001203	24	24	1
GC_00001204	24	24	1
GC_00001205	24	24	1
GC_00001206	24	24	1
GC_00001207	24	24	1
GC_00001208	24	24	1
GC_00001209	24	24	1
GC_00001210	24	24	1
GC_00001211	24	24	1
GC_00001212	24	24	1
GC_00001213	24	24	1
GC_00001214	24	24	1
GC_00001215	24	24	1
GC_00001216	24	24	1
GC_00001217	24	24	1
GC_00001218	24	24	1
GC_00001219	24	24	1
GC_00001220	24	24	1
GC_00001221	24	24	1
GC_00001222	24	24	1
GC_00001223	24	24	1
GC_00001224	24	24	1
GC_00001225	24	24	1
GC_00001226	24	24	1
GC_00001227	24	24	1
GC_00001228	24	24	1
GC_00001229	24	24	1
GC_00001230	24	24	1
GC_00001231	24	24	1
GC_00001232	24	24	1
GC_00001233	24	24	1
GC_00001234	24	24	1
GC_00001235	24	24	1
GC_00001236	24	24	1
GC_00001237	24	24	1
GC_00001238	24	24	1
GC_00001239	24	24	1
GC_00001240	24	24	1
GC_00001241	24	24	1
GC_00001242	24	24	1
GC_00001243	24	24	1
GC_00001244	24	24	1
GC_00001245	24	24	1
GC_00001246	24	24	1
GC_00001247	24	24	1
GC_00001248	24	24	1
GC_00001249	24	24	1
GC_00001250	24	24	1
GC_00001251	24	24	1
GC_00001252	24	24	1
GC_00001253	24	24	1
GC_00001254	24	24	1
GC_00001255	24	24	1
GC_00001256	24	24	1
GC_00001257	24	24	1
GC_00001258	24	24	1
GC_00001259	24	24	1
GC_00001260	24	24	1
GC_00001261	24	24	1
GC_00001262	24	24	1
GC_00001263	24	24	1
GC_00001264	24	24	1
GC_00001265	24	24	1
GC_00001266	24	24	1
GC_00001267	24	24	1
GC_00001268	24	24	1
GC_00001269	24	24	1
GC_00001270	24	24	1
GC_00001271	24	24	1
GC_00001272	24	24	1
GC_00001273	24	24	1
GC_00001274	24	24	1
GC_00001275	24	24	1
GC_00001276	24	24	1
GC_00001277	24	24	1
GC_00001278	24	24	1
GC_00001279	24	24	1
GC_00001280	24	24	1
GC_00001281	24	24	1
GC_00001282	24	24	1
GC_00001283	24	24	1
GC_00001284	24	24	1
GC_00001285	24	24	1
GC_00001286	24	24	1
GC_00001287	24	24	1
GC_00001288	24	24	1
GC_00001289	24	24	1
GC_00001290	24	24	1
GC_00001291	24	24	1
GC_00001292	24	24	1
GC_00001293	24	24	1
GC_00001294	24	24	1
GC_00001295	24	24	1
GC_00001296	24	24	1
GC_00001297	24	24	1
GC_00001298	24	24	1
GC_00001299	24	24	1
GC_00001300	24	24	1
GC_00001301	24	24	1
GC_00001302	24	24	1
GC_00001303	24	24	1
GC_00001304	24	24	1
GC_00001305	24	24	1
GC_00001306	24	24	1
GC_00001307	24	24	1
GC_00001308	24	24	1
GC_00001309	24	24	1
GC_00001310	24	24	1
GC_00001311	24	24	1
GC_00001312	24	24	1
GC_00001313	24	24	1
GC_00001314	24	24	1
GC_00001315	24	24	1
GC_00001316	24	24	1
GC_00001317	24	24	1
GC_00001318	24	24	1
GC_00001319	24	24	1
GC_00001320	24	24	1
GC_00001321	24	24	1
GC_00001322	24	24	1
GC_00001323	24	24	1
GC_00001324	24	24	1
GC_00001325	24	24	1
GC_00001326	24	24	1
GC_00001327	24	24	1
GC_00001328	24	24	1
GC_00001329	24	24	1
GC_00001330	24	24	1
GC_00001331	24	24	1
GC_00001332	24	24	1
GC_00001333	24	24	1
GC_00001334	24	24	1
GC_00001335	24	24	1
GC_00001336	24	24	1
GC_00001337	24	24	1
GC_00001338	24	24	1
GC_00001339	24	24	1
GC_00001340	24	24	1
GC_00001341	24	24	1
GC_00001342	24	24	1
GC_00001343	24	24	1
GC_00001344	24	24	1
GC_00001345	24	24	1
GC_00001346	24	24	1
GC_00001347	24	24	1
GC_00001348	24	24	1
GC_00001349	24	24	1
GC_00001350	24	24	1
GC_00001351	24	24	1
GC_00001352	24	24	1
GC_00001353	24	24	1
GC_00001354	24	24	1
GC_00001355	24	24	1
GC_00001356	24	24	1
GC_00001357	24	24	1
GC_00001358	24	24	1
GC_00001359	24	24	1
GC_00001360	24	24	1
GC_00001361	24	24	1
GC_00001362	24	24	1
GC_00001363	24	24	1
GC_00001364	24	24	1
GC_00001365	24	24	1
GC_00001366	24	24	1
GC_00001367	24	24	1
GC_00001368	24	24	1
GC_00001369	24	24	1
GC_00001370	24	24	1
GC_00001371	24	24	1
GC_00001372	24	24	1
GC_00001373	24	24	1
GC_00001374	24	24	1
GC_00001375	24	24	1
GC_00001376	24	24	1
GC_00001377	24	24	1
GC_00001378	24	24	1
GC_00001379	24	24	1
GC_00001380	24	24	1
GC_00001381	24	24	1
GC_00001382	24	24	1
GC_00001383	24	24	1
GC_00001384	24	24	1
GC_00001385	24	24	1
GC_00001386	24	24	1
GC_00001387	24	24	1
GC_00001388	24	24	1
GC_00001389	24	24	1
GC_00001390	24	24	1
GC_00001391	24	24	1
GC_00001392	24	24	1
GC_00001393	24	24	1
GC_00001394	24	24	1
GC_00001395	24	24	1
GC_00001396	24	24	1
GC_00001397	24	24	1
GC_00001398	24	24	1
GC_00001399	24	24	1
GC_00001400	24	24	1
GC_00001401	24	24	1
GC_00001402	24	24	1
GC_00001403	24	24	1
GC_00001404	24	24	1
GC_00001405	24	24	1
GC_00001406	24	24	1
GC_00001407	24	24	1
GC_00001408	24	24	1
GC_00001409	24	24	1
GC_00001410	24	24	1
GC_00001411	24	24	1
GC_00001412	24	24	1
GC_00001413	24	24	1
GC_00001414	24	24	1
GC_00001415	24	24	1
GC_00001416	24	24	1
GC_00001417	24	24	1
GC_00001418	24	24	1
GC_00001419	24	24	1
GC_00001420	24	24	1
GC_00001421	24	24	1
GC_00001422	24	24	1
GC_00001423	24	24	1
GC_00001424	24	24	1
GC_00001425	24	24	1
GC_00001426	24	24	1
GC_00001427	24	24	1
GC_00001428	24	24	1
GC_00001429	24	24	1
GC_00001430	24	24	1
GC_00001431	24	24	1
GC_00001432	24	24	1
GC_00001433	24	24	1
GC_00001434	24	24	1
GC_00001435	24	24	1
GC_00001436	24	24	1
GC_00001437	24	24	1
GC_00001438	24	24	1
GC_00001439	24	24	1
GC_00001440	24	24	1
GC_00001441	24	24	1
GC_00001442	24	24	1
GC_00001443	24	24	1
GC_00001444	24	24	1
GC_00001445	24	24	1
GC_00001446	24	24	1
GC_00001447	24	24	1
GC_00001448	24	24	1
GC_00001449	24	24	1
GC_00001450	24	24	1
GC_00001451	24	24	1
GC_00001452	24	24	1
GC_00001453	24	24	1
GC_00001454	24	24	1
GC_00001455	24	24	1
GC_00001456	24	24	1
GC_00001457	24	24	1
GC_00001458	24	24	1
GC_00001459	24	24	1
GC_00001460	24	24	1
GC_00001461	24	24	1
GC_00001462	24	24	1
GC_00001463	24	24	1
GC_00001464	24	24	1
GC_00001465	24	24	1
GC_00001466	24	24	1
GC_00001467	24	24	1
GC_00001468	24	24	1
GC_00001469	24	24	1
GC_00001470	24	24	1
GC_00001471	24	24	1
GC_00001472	24	24	1
GC_00001473	24	24	1
GC_00001474	24	24	1
GC_00001475	24	24	1
GC_00001476	24	24	1
GC_00001477	24	24	1
GC_00001478	24	24	1
GC_00001479	24	24	1
GC_00001480	24	24	1
GC_00001481	24	24	1
GC_00001482	24	24	1
GC_00001483	24	24	1
GC_00001484	24	24	1
GC_00001485	24	24	1
GC_00001486	24	24	1
GC_00001487	24	24	1
GC_00001488	24	24	1
GC_00001489	24	24	1
GC_00001490	24	24	1
GC_00001491	24	24	1
GC_00001492	24	24	1
GC_00001493	24	24	1
GC_00001494	24	24	1
GC_00001495	24	24	1
GC_00001496	24	24	1
GC_00001497	24	24	1
GC_00001498	24	24	1
GC_00001499	24	24	1
GC_00001500	24	24	1
GC_00001501	24	24	1
GC_00001502	24	24	1
GC_00001503	24	24	1
GC_00001504	24	24	1
GC_00001505	24	24	1
GC_00001506	24	24	1
GC_00001507	24	24	1
GC_00001508	24	24	1
GC_00001509	24	24	1
GC_00001510	24	24	1
GC_00001511	24	24	1
GC_00001512	24	24	1
GC_00001513	24	24	1
GC_00001514	24	24	1
GC_00001515	24	24	1
GC_00001516	24	24	1
GC_00001517	24	24	1
GC_00001518	24	24	1
GC_00001519	24	24	1
GC_00001520	24	24	1
GC_00001521	24	24	1
GC_00001522	24	24	1
GC_00001523	24	24	1
GC_00001524	24	24	1
GC_00001525	24	24	1
GC_00001526	24	24	1
GC_00001527	24	24	1
GC_00001528	24	24	1
GC_00001529	24	24	1
GC_00001530	24	24	1
GC_00001531	24	24	1
GC_00001532	24	24	1
GC_00001533	24	24	1
GC_00001534	24	24	1
GC_00001535	24	24	1
GC_00001536	24	24	1
GC_00001537	24	24	1
GC_00001538	24	24	1
GC_00001539	24	24	1
GC_00001540	24	24	1
GC_00001541	24	24	1
GC_00001542	24	24	1
GC_00001543	24	24	1
GC_00001544	24	24	1
GC_00001545	24	24	1
GC_00001546	24	24	1
GC_00001547	24	24	1
GC_00001548	24	24	1
GC_00001549	24	24	1
GC_00001550	24	24	1
GC_00001551	24	24	1
GC_00001552	24	24	1
GC_00001553	24	24	1
GC_00001554	24	24	1
GC_00001555	24	24	1
GC_00001556	24	24	1
GC_00001557	24	24	1
GC_00001558	24	24	1
GC_00001559	24	24	1
GC_00001560	24	24	1
GC_00001561	24	24	1
GC_00001562	24	24	1
GC_00001563	24	24	1
GC_00001564	24	24	1
GC_00001565	24	24	1
GC_00001566	24	24	1
GC_00001567	24	24	1
GC_00001568	24	24	1
GC_00001569	24	24	1
GC_00001570	24	24	1
GC_00001571	24	24	1
GC_00001572	24	24	1
GC_00001573	24	24	1
GC_00001574	24	24	1
GC_00001575	24	24	1
GC_00001576	24	24	1
GC_00001577	24	24	1
GC_00001578	24	24	1
GC_00001579	24	24	1
GC_00001580	24	24	1
GC_00001581	24	24	1
GC_00001582	24	24	1
GC_00001583	24	24	1
GC_00001584	24	24	1
GC_00001585	24	24	1
GC_00001586	24	24	1
GC_00001587	24	24	1
GC_00001588	24	24	1
GC_00001589	24	24	1
GC_00001590	24	24	1
GC_00001591	24	24	1
GC_00001592	24	24	1
GC_00001593	24	24	1
GC_00001594	24	24	1
GC_00001595	24	24	1
GC_00001596	24	24	1
GC_00001597	24	24	1
GC_00001598	24	24	1
GC_00001599	24	24	1
GC_00001600	24	24	1
GC_00001601	24	24	1
GC_00001602	24	24	1
GC_00001603	24	24	1
GC_00001604	24	24	1
GC_00001605	24	24	1
GC_00001606	24	24	1
GC_00001607	24	24	1
GC_00001608	24	24	1
GC_00001609	24	24	1
GC_00001610	24	24	1
GC_00001611	24	24	1
GC_00001612	24	24	1
GC_00001613	24	24	1
GC_00001614	24	24	1
GC_00001615	24	24	1
GC_00001616	24	24	1
GC_00001617	24	24	1
GC_00001618	24	24	1
GC_00001619	24	24	1
GC_00001620	24	24	1
GC_00001621	24	24	1
GC_00001622	24	24	1
GC_00001623	24	24	1
GC_00001624	24	24	1
GC_00001625	24	24	1
GC_00001626	24	24	1
GC_00001627	24	24	1
GC_00001628	24	24	1
GC_00001629	24	24	1
GC_00001630	24	24	1
GC_00001631	24	24	1
GC_00001632	24	24	1
GC_00001633	24	24	1
GC_00001634	24	24	1
GC_00001635	24	24	1
GC_00001636	24	24	1
GC_00001637	24	24	1
GC_00001638	24	24	1
GC_00001639	24	24	1
GC_00001640	24	24	1
GC_00001641	24	24	1
GC_00001642	24	24	1
GC_00001643	24	24	1
GC_00001644	24	24	1
GC_00001645	24	24	1
GC_00001646	24	24	1
GC_00001647	24	24	1
GC_00001648	24	24	1
GC_00001649	24	24	1
GC_00001650	24	24	1
GC_00001651	24	24	1
GC_00001652	24	24	1
GC_00001653	24	24	1
GC_00001654	24	24	1
GC_00001655	24	24	1
GC_00001656	24	24	1
GC_00001657	24	24	1
GC_00001658	24	24	1
GC_00001659	24	24	1
GC_00001660	24	24	1
GC_00001661	24	24	1
GC_00001662	24	24	1
GC_00001663	24	24	1
GC_00001664	24	24	1
GC_00001665	24	24	1
GC_00001666	24	24	1
GC_00001667	24	24	1
GC_00001668	24	24	1
GC_00001669	24	24	1
GC_00001670	24	24	1
GC_00001671	24	24	1
GC_00001672	24	24	1
GC_00001673	24	24	1
GC_00001674	24	24	1
GC_00001675	24	24	1
GC_00001676	24	24	1
GC_00001677	24	24	1
GC_00001678	24	24	1
GC_00001679	24	24	1
GC_00001680	24	24	1
GC_00001681	24	24	1
GC_00001682	24	24	1
GC_00001683	24	24	1
GC_00001684	24	24	1
GC_00001685	24	24	1
GC_00001686	24	24	1
GC_00001687	24	24	1
GC_00001688	24	24	1
GC_00001689	24	24	1
GC_00001690	24	24	1
GC_00001691	24	24	1
GC_00001692	24	24	1
GC_00001693	24	24	1
GC_00001694	24	24	1
GC_00001695	24	24	1
GC_00001696	24	24	1
GC_00001697	24	24	1
GC_00001698	24	24	1
GC_00001699	24	24	1
GC_00001700	24	24	1
GC_00001701	24	24	1
GC_00001702	24	24	1
GC_00001703	24	24	1
GC_00001704	24	24	1
GC_00001705	24	24	1
GC_00001706	24	24	1
GC_00001707	24	24	1
GC_00001708	24	24	1
GC_00001709	24	24	1
GC_00001710	24	24	1
GC_00001711	24	24	1
GC_00001712	24	24	1
GC_00001713	24	24	1
GC_00001714	24	24	1
GC_00001715	24	24	1
GC_00001716	24	24	1
GC_00001717	24	24	1
GC_00001718	24	24	1
GC_00001719	24	24	1
GC_00001720	24	24	1
GC_00001721	24	24	1
GC_00001722	24	24	1
GC_00001723	24	24	1
GC_00001724	24	24	1
GC_00001725	24	24	1
GC_00001726	24	24	1
GC_00001727	24	24	1
GC_00001728	24	24	1
GC_00001729	24	24	1
GC_00001730	24	24	1
GC_00001731	24	24	1
GC_00001732	24	24	1
GC_00001733	24	24	1
GC_00001734	24	24	1
GC_00001735	24	24	1
GC_00001736	24	24	1
GC_00001737	24	24	1
GC_00001738	24	24	1
GC_00001739	24	24	1
GC_00001740	24	24	1
GC_00001741	24	24	1
GC_00001742	24	24	1
GC_00001743	24	24	1
GC_00001744	24	24	1
GC_00001745	24	24	1
GC_00001746	24	24	1
GC_00001747	24	24	1
GC_00001748	24	24	1
GC_00001749	24	24	1
GC_00001750	24	24	1
GC_00001751	24	24	1
GC_00001752	24	24	1
GC_00001753	24	24	1
GC_00001754	24	24	1
GC_00001755	24	24	1
GC_00001756	24	24	1
GC_00001757	24	24	1
GC_00001758	24	24	1
GC_00001759	24	24	1
GC_00001760	24	24	1
GC_00001761	24	24	1
GC_00001762	24	24	1
GC_00001763	24	24	1
GC_00001764	24	24	1
GC_00001765	24	24	1
GC_00001766	24	24	1
GC_00001767	24	24	1
GC_00001768	24	24	1
GC_00001769	24	24	1
GC_00001770	24	24	1
GC_00001771	24	24	1
GC_00001772	24	24	1
GC_00001773	24	24	1
GC_00001774	24	24	1
GC_00001775	24	24	1
GC_00001776	24	24	1
GC_00001777	24	24	1
GC_00001778	24	24	1
GC_00001779	24	24	1
GC_00001780	24	24	1
GC_00001781	24	24	1
GC_00001782	24	24	1
GC_00001783	24	24	1
GC_00001784	24	24	1
GC_00001785	24	24	1
GC_00001786	24	24	1
GC_00001787	24	24	1
GC_00001788	24	24	1
GC_00001789	24	24	1
GC_00001790	24	24	1
GC_00001791	24	24	1
GC_00001792	24	24	1
GC_00001793	24	24	1
GC_00001794	24	24	1
GC_00001795	24	24	1
GC_00001796	24	24	1
GC_00001797	24	24	1
GC_00001798	24	24	1
GC_00001799	24	24	1
GC_00001800	24	24	1
GC_00001801	24	24	1
GC_00001802	24	24	1
GC_00001803	24	24	1
GC_00001804	24	24	1
GC_00001805	24	24	1
GC_00001806	24	24	1
GC_00001807	24	24	1
GC_00001808	24	24	1
GC_00001809	24	24	1
GC_00001810	24	24	1
GC_00001811	24	24	1
GC_00001812	24	24	1
GC_00001813	24	24	1
GC_00001814	24	24	1
GC_00001815	24	24	1
GC_00001816	24	24	1
GC_00001817	24	24	1
GC_00001818	24	24	1
GC_00001819	24	24	1
GC_00001820	24	24	1
GC_00001821	24	24	1
GC_00001822	24	24	1
GC_00001823	24	24	1
GC_00001824	24	24	1
GC_00001825	24	24	1
GC_00001826	24	24	1
GC_00001827	24	24	1
GC_00001828	24	24	1
GC_00001829	24	24	1
GC_00001830	24	24	1
GC_00001831	24	24	1
GC_00001832	24	24	1
GC_00001833	24	24	1
GC_00001834	24	24	1
GC_00001835	24	24	1
GC_00001836	24	24	1
GC_00001837	24	24	1
GC_00001838	24	24	1
GC_00001839	24	24	1
GC_00001840	24	24	1
GC_00001841	24	24	1
GC_00001842	24	24	1
GC_00001843	24	24	1
GC_00001844	24	24	1
GC_00001845	24	24	1
GC_00001846	24	24	1
GC_00001847	24	24	1
GC_00001848	24	24	1
GC_00001849	22	24	3
GC_00001850	24	24	1
GC_00001851	24	24	1
GC_00001852	24	24	1
GC_00001853	24	24	1
GC_00001854	24	24	1
GC_00001855	24	24	1
GC_00001856	24	24	1
GC_00001857	24	24	1
GC_00001858	24	24	1
GC_00001859	24	24	1
GC_00001860	24	24	1
GC_00001861	24	24	1
GC_00001862	24	24	1
GC_00001863	24	24	1
GC_00001864	24	24	1
GC_00001865	24	24	1
GC_00001866	24	24	1
GC_00001867	24	24	1
GC_00001868	24	24	1
GC_00001869	24	24	1
GC_00001870	24	24	1
GC_00001871	24	24	1
GC_00001872	24	24	1
GC_00001873	24	24	1
GC_00001874	24	24	1
GC_00001875	24	24	1
GC_00001876	24	24	1
GC_00001877	24	24	1
GC_00001878	24	24	1
GC_00001879	24	24	1
GC_00001880	24	24	1
GC_00001881	24	24	1
GC_00001882	24	24	1
GC_00001883	24	24	1
GC_00001884	24	24	1
GC_00001885	24	24	1
GC_00001886	24	24	1
GC_00001887	24	24	1
GC_00001888	24	24	1
GC_00001889	24	24	1
GC_00001890	24	24	1
GC_00001891	24	24	1
GC_00001892	24	24	1
GC_00001893	24	24	1
GC_00001894	24	24	1
GC_00001895	24	24	1
GC_00001896	24	24	1
GC_00001897	24	24	1
GC_00001898	24	24	1
GC_00001899	24	24	1
GC_00001900	24	24	1
GC_00001901	24	24	1
GC_00001902	24	24	1
GC_00001903	24	24	1
GC_00001904	24	24	1
GC_00001905	24	24	1
GC_00001906	24	24	1
GC_00001907	24	24	1
GC_00001908	24	24	1
GC_00001909	24	24	1
GC_00001910	24	24	1
GC_00001911	24	24	1
GC_00001912	24	24	1
GC_00001913	24	24	1
GC_00001914	24	24	1
GC_00001915	24	24	1
GC_00001916	24	24	1
GC_00001917	24	24	1
GC_00001918	24	24	1
GC_00001919	24	24	1
GC_00001920	24	24	1
GC_00001921	24	24	1
GC_00001922	24	24	1
GC_00001923	24	24	1
GC_00001924	24	24	1
GC_00001925	24	24	1
GC_00001926	24	24	1
GC_00001927	24	24	1
GC_00001928	24	24	1
GC_00001929	24	24	1
GC_00001930	24	24	1
GC_00001931	24	24	1
GC_00001932	24	24	1
GC_00001933	24	24	1
GC_00001934	24	24	1
GC_00001935	24	24	1
GC_00001936	24	24	1
GC_00001937	24	24	1
GC_00001938	24	24	1
GC_00001939	24	24	1
GC_00001940	24	24	1
GC_00001941	24	24	1
GC_00001942	24	24	1
GC_00001943	24	24	1
GC_00001944	24	24	1
GC_00001945	24	24	1
GC_00001946	24	24	1
GC_00001947	24	24	1
GC_00001948	24	24	1
GC_00001949	24	24	1
GC_00001950	24	24	1
GC_00001951	24	24	1
GC_00001952	24	24	1
GC_00001953	24	24	1
GC_00001954	24	24	1
GC_00001955	24	24	1
GC_00001956	24	24	1
GC_00001957	24	24	1
GC_00001958	24	24	1
GC_00001959	24	24	1
GC_00001960	24	24	1
GC_00001961	24	24	1
GC_00001962	24	24	1
GC_00001963	24	24	1
GC_00001964	24	24	1
GC_00001965	24	24	1
GC_00001966	24	24	1
GC_00001967	24	24	1
GC_00001968	24	24	1
GC_00001969	24	24	1
GC_00001970	24	24	1
GC_00001971	24	24	1
GC_00001972	24	24	1
GC_00001973	24	24	1
GC_00001974	24	24	1
GC_00001975	24	24	1
GC_00001976	24	24	1
GC_00001977	24	24	1
GC_00001978	24	24	1
GC_00001979	24	24	1
GC_00001980	24	24	1
GC_00001981	24	24	1
GC_00001982	24	24	1
GC_00001983	24	24	1
GC_00001984	24	24	1
GC_00001985	3	24	16
GC_00001986	24	24	1
GC_00001987	24	24	1
GC_00001988	24	24	1
GC_00001989	24	24	1
GC_00001990	24	24	1
GC_00001991	24	24	1
GC_00001992	24	24	1
GC_00001993	24	24	1
GC_00001994	24	24	1
GC_00001995	24	24	1
GC_00001996	24	24	1
GC_00001997	24	24	1
GC_00001998	24	24	1
GC_00001999	24	24	1
GC_00002000	24	24	1
GC_00002001	24	24	1
GC_00002002	24	24	1
GC_00002003	24	24	1
GC_00002004	24	24	1
GC_00002005	24	24	1
GC_00002006	24	24	1
GC_00002007	24	24	1
GC_00002008	24	24	1
GC_00002009	24	24	1
GC_00002010	24	24	1
GC_00002011	24	24	1
GC_00002012	24	24	1
GC_00002013	24	24	1
GC_00002014	24	24	1
GC_00002015	24	24	1
GC_00002016	24	24	1
GC_00002017	24	24	1
GC_00002018	24	24	1
GC_00002019	24	24	1
GC_00002020	24	24	1
GC_00002021	24	24	1
GC_00002022	24	24	1
GC_00002023	24	24	1
GC_00002024	24	24	1
GC_00002025	24	24	1
GC_00002026	24	24	1
GC_00002027	24	24	1
GC_00002028	24	24	1
GC_00002029	24	24	1
GC_00002030	24	24	1
GC_00002031	24	24	1
GC_00002032	24	24	1
GC_00002033	24	24	1
GC_00002034	24	24	1
GC_00002035	24	24	1
GC_00002036	24	24	1
GC_00002037	24	24	1
GC_00002038	24	24	1
GC_00002039	24	24	1
GC_00002040	24	24	1
GC_00002041	24	24	1
GC_00002042	24	24	1
GC_00002043	24	24	1
GC_00002044	24	24	1
GC_00002045	24	24	1
GC_00002046	24	24	1
GC_00002047	24	24	1
GC_00002048	24	24	1
GC_00002049	24	24	1
GC_00002050	24	24	1
GC_00002051	24	24	1
GC_00002052	24	24	1
GC_00002053	24	24	1
GC_00002054	24	24	1
GC_00002055	24	24	1
GC_00002056	24	24	1
GC_00002057	24	24	1
GC_00002058	24	24	1
GC_00002059	24	24	1
GC_00002060	24	24	1
GC_00002061	24	24	1
GC_00002062	24	24	1
GC_00002063	24	24	1
GC_00002064	24	24	1
GC_00002065	24	24	1
GC_00002066	24	24	1
GC_00002067	24	24	1
GC_00002068	24	24	1
GC_00002069	24	24	1
GC_00002070	24	24	1
GC_00002071	24	24	1
GC_00002072	24	24	1
GC_00002073	24	24	1
GC_00002074	24	24	1
GC_00002075	24	24	1
GC_00002076	24	24	1
GC_00002077	24	24	1
GC_00002078	24	24	1
GC_00002079	24	24	1
GC_00002080	24	24	1
GC_00002081	24	24	1
GC_00002082	24	24	1
GC_00002083	24	24	1
GC_00002084	24	24	1
GC_00002085	24	24	1
GC_00002086	24	24	1
GC_00002087	24	24	1
GC_00002088	24	24	1
GC_00002089	24	24	1
GC_00002090	24	24	1
GC_00002091	24	24	1
GC_00002092	24	24	1
GC_00002093	24	24	1
GC_00002094	24	24	1
GC_00002095	24	24	1
GC_00002096	24	24	1
GC_00002097	24	24	1
GC_00002098	24	24	1
GC_00002099	24	24	1
GC_00002100	24	24	1
GC_00002101	24	24	1
GC_00002102	24	24	1
GC_00002103	24	24	1
GC_00002104	24	24	1
GC_00002105	24	24	1
GC_00002106	24	24	1
GC_00002107	24	24	1
GC_00002108	24	24	1
GC_00002109	24	24	1
GC_00002110	24	24	1
GC_00002111	24	24	1
GC_00002112	24	24	1
GC_00002113	24	24	1
GC_00002114	24	24	1
GC_00002115	24	24	1
GC_00002116	24	24	1
GC_00002117	24	24	1
GC_00002118	24	24	1
GC_00002119	24	24	1
GC_00002120	24	24	1
GC_00002121	24	24	1
GC_00002122	24	24	1
GC_00002123	24	24	1
GC_00002124	24	24	1
GC_00002125	24	24	1
GC_00002126	24	24	1
GC_00002127	24	24	1
GC_00002128	24	24	1
GC_00002129	24	24	1
GC_00002130	24	24	1
GC_00002131	24	24	1
GC_00002132	24	24	1
GC_00002133	24	24	1
GC_00002134	24	24	1
GC_00002135	24	24	1
GC_00002136	24	24	1
GC_00002137	24	24	1
GC_00002138	24	24	1
GC_00002139	24	24	1
GC_00002140	24	24	1
GC_00002141	24	24	1
GC_00002142	24	24	1
GC_00002143	24	24	1
GC_00002144	24	24	1
GC_00002145	24	24	1
GC_00002146	24	24	1
GC_00002147	24	24	1
GC_00002148	24	24	1
GC_00002149	24	24	1
GC_00002150	12	24	5
GC_00002151	24	24	1
GC_00002152	24	24	1
GC_00002153	24	24	1
GC_00002154	24	24	1
GC_00002155	24	24	1
GC_00002156	24	24	1
GC_00002157	24	24	1
GC_00002158	24	24	1
GC_00002159	24	24	1
GC_00002160	24	24	1
GC_00002161	24	24	1
GC_00002162	24	24	1
GC_00002163	24	24	1
GC_00002164	24	24	1
GC_00002165	24	24	1
GC_00002166	24	24	1
GC_00002167	24	24	1
GC_00002168	24	24	1
GC_00002169	24	24	1
GC_00002170	24	24	1
GC_00002171	24	24	1
GC_00002172	24	24	1
GC_00002173	24	24	1
GC_00002174	24	24	1
GC_00002175	24	24	1
GC_00002176	24	24	1
GC_00002177	24	24	1
GC_00002178	24	24	1
GC_00002179	24	24	1
GC_00002180	24	24	1
GC_00002181	24	24	1
GC_00002182	24	24	1
GC_00002183	24	24	1
GC_00002184	24	24	1
GC_00002185	24	24	1
GC_00002186	24	24	1
GC_00002187	24	24	1
GC_00002188	24	24	1
GC_00002189	24	24	1
GC_00002190	24	24	1
GC_00002191	24	24	1
GC_00002192	24	24	1
GC_00002193	24	24	1
GC_00002194	24	24	1
GC_00002195	24	24	1
GC_00002196	24	24	1
GC_00002197	16	24	4
GC_00002198	24	24	1
GC_00002199	24	24	1
GC_00002200	24	24	1
GC_00002201	24	24	1
GC_00002202	24	24	1
GC_00002203	24	24	1
GC_00002204	24	24	1
GC_00002205	24	24	1
GC_00002206	24	24	1
GC_00002207	24	24	1
GC_00002208	24	24	1
GC_00002209	24	24	1
GC_00002210	24	24	1
GC_00002211	24	24	1
GC_00002212	24	24	1
GC_00002213	24	24	1
GC_00002214	24	24	1
GC_00002215	24	24	1
GC_00002216	24	24	1
GC_00002217	24	24	1
GC_00002218	24	24	1
GC_00002219	24	24	1
GC_00002220	24	24	1
GC_00002221	24	24	1
GC_00002222	24	24	1
GC_00002223	24	24	1
GC_00002224	24	24	1
GC_00002225	24	24	1
GC_00002226	24	24	1
GC_00002227	24	24	1
GC_00002228	24	24	1
GC_00002229	24	24	1
GC_00002230	24	24	1
GC_00002231	24	24	1
GC_00002232	24	24	1
GC_00002233	24	24	1
GC_00002234	24	24	1
GC_00002235	24	24	1
GC_00002236	24	24	1
GC_00002237	24	24	1
GC_00002238	24	24	1
GC_00002239	24	24	1
GC_00002240	24	24	1
GC_00002241	24	24	1
GC_00002242	24	24	1
GC_00002243	24	24	1
GC_00002244	24	24	1
GC_00002245	24	24	1
GC_00002246	24	24	1
GC_00002247	24	24	1
GC_00002248	24	24	1
GC_00002249	24	24	1
GC_00002250	24	24	1
GC_00002251	24	24	1
GC_00002252	24	24	1
GC_00002253	24	24	1
GC_00002254	24	24	1
GC_00002255	24	24	1
GC_00002256	24	24	1
GC_00002257	24	24	1
GC_00002258	24	24	1
GC_00002259	24	24	1
GC_00002260	24	24	1
GC_00002261	24	24	1
GC_00002262	24	24	1
GC_00002263	24	24	1
GC_00002264	24	24	1
GC_00002265	24	24	1
GC_00002266	24	24	1
GC_00002267	24	24	1
GC_00002268	24	24	1
GC_00002269	24	24	1
GC_00002270	24	24	1
GC_00002271	24	24	1
GC_00002272	24	24	1
GC_00002273	24	24	1
GC_00002274	24	24	1
GC_00002275	24	24	1
GC_00002276	24	24	1
GC_00002277	24	24	1
GC_00002278	24	24	1
GC_00002279	24	24	1
GC_00002280	24	24	1
GC_00002281	24	24	1
GC_00002282	24	24	1
GC_00002283	24	24	1
GC_00002284	24	24	1
GC_00002285	24	24	1
GC_00002286	24	24	1
GC_00002287	24	24	1
GC_00002288	24	24	1
GC_00002289	24	24	1
GC_00002290	24	24	1
GC_00002291	24	24	1
GC_00002292	24	24	1
GC_00002293	24	24	1
GC_00002294	24	24	1
GC_00002295	24	24	1
GC_00002296	24	24	1
GC_00002297	24	24	1
GC_00002298	24	24	1
GC_00002299	24	24	1
GC_00002300	24	24	1
GC_00002301	24	24	1
GC_00002302	24	24	1
GC_00002303	24	24	1
GC_00002304	24	24	1
GC_00002305	24	24	1
GC_00002306	24	24	1
GC_00002307	24	24	1
GC_00002308	24	24	1
GC_00002309	24	24	1
GC_00002310	24	24	1
GC_00002311	24	24	1
GC_00002312	24	24	1
GC_00002313	24	24	1
GC_00002314	24	24	1
GC_00002315	24	24	1
GC_00002316	24	24	1
GC_00002317	24	24	1
GC_00002318	24	24	1
GC_00002319	24	24	1
GC_00002320	24	24	1
GC_00002321	24	24	1
GC_00002322	24	24	1
GC_00002323	24	24	1
GC_00002324	24	24	1
GC_00002325	24	24	1
GC_00002326	24	24	1
GC_00002327	24	24	1
GC_00002328	24	24	1
GC_00002329	24	24	1
GC_00002330	24	24	1
GC_00002331	24	24	1
GC_00002332	24	24	1
GC_00002333	24	24	1
GC_00002334	24	24	1
GC_00002335	24	24	1
GC_00002336	24	24	1
GC_00002337	24	24	1
GC_00002338	24	24	1
GC_00002339	24	24	1
GC_00002340	24	24	1
GC_00002341	24	24	1
GC_00002342	24	24	1
GC_00002343	24	24	1
GC_00002344	24	24	1
GC_00002345	24	24	1
GC_00002346	24	24	1
GC_00002347	24	24	1
GC_00002348	24	24	1
GC_00002349	24	24	1
GC_00002350	24	24	1
GC_00002351	24	24	1
GC_00002352	24	24	1
GC_00002353	24	24	1
GC_00002354	24	24	1
GC_00002355	24	24	1
GC_00002356	24	24	1
GC_00002357	24	24	1
GC_00002358	24	24	1
GC_00002359	24	24	1
GC_00002360	24	24	1
GC_00002361	24	24	1
GC_00002362	24	24	1
GC_00002363	24	24	1
GC_00002364	24	24	1
GC_00002365	24	24	1
GC_00002366	24	24	1
GC_00002367	24	24	1
GC_00002368	24	24	1
GC_00002369	24	24	1
GC_00002370	24	24	1
GC_00002371	24	24	1
GC_00002372	24	24	1
GC_00002373	24	24	1
GC_00002374	24	24	1
GC_00002375	24	24	1
GC_00002376	24	24	1
GC_00002377	24	24	1
GC_00002378	24	24	1
GC_00002379	24	24	1
GC_00002380	24	24	1
GC_00002381	24	24	1
GC_00002382	24	24	1
GC_00002383	24	24	1
GC_00002384	24	24	1
GC_00002385	24	24	1
GC_00002386	24	24	1
GC_00002387	24	24	1
GC_00002388	24	24	1
GC_00002389	24	24	1
GC_00002390	24	24	1
GC_00002391	24	24	1
GC_00002392	24	24	1
GC_00002393	24	24	1
GC_00002394	24	24	1
GC_00002395	24	24	1
GC_00002396	24	24	1
GC_00002397	24	24	1
GC_00002398	24	24	1
GC_00002399	24	24	1
GC_00002400	24	24	1
GC_00002401	24	24	1
GC_00002402	24	24	1
GC_00002403	24	24	1
GC_00002404	24	24	1
GC_00002405	24	24	1
GC_00002406	24	24	1
GC_00002407	24	24	1
GC_00002408	24	24	1
GC_00002409	24	24	1
GC_00002410	24	24	1
GC_00002411	24	24	1
GC_00002412	24	24	1
GC_00002413	24	24	1
GC_00002414	24	24	1
GC_00002415	24	24	1
GC_00002416	24	24	1
GC_00002417	24	24	1
GC_00002418	24	24	1
GC_00002419	24	24	1
GC_00002420	24	24	1
GC_00002421	24	24	1
GC_00002422	24	24	1
GC_00002423	24	24	1
GC_00002424	24	24	1
GC_00002425	24	24	1
GC_00002426	24	24	1
GC_00002427	24	24	1
GC_00002428	24	24	1
GC_00002429	24	24	1
GC_00002430	24	24	1
GC_00002431	24	24	1
GC_00002432	24	24	1
GC_00002433	24	24	1
GC_00002434	24	24	1
GC_00002435	24	24	1
GC_00002436	24	24	1
GC_00002437	24	24	1
GC_00002438	24	24	1
GC_00002439	24	24	1
GC_00002440	24	24	1
GC_00002441	24	24	1
GC_00002442	24	24	1
GC_00002443	24	24	1
GC_00002444	24	24	1
GC_00002445	24	24	1
GC_00002446	24	24	1
GC_00002447	24	24	1
GC_00002448	24	24	1
GC_00002449	24	24	1
GC_00002450	24	24	1
GC_00002451	24	24	1
GC_00002452	24	24	1
GC_00002453	24	24	1
GC_00002454	24	24	1
GC_00002455	24	24	1
GC_00002456	24	24	1
GC_00002457	24	24	1
GC_00002458	24	24	1
GC_00002459	24	24	1
GC_00002460	24	24	1
GC_00002461	24	24	1
GC_00002462	24	24	1
GC_00002463	24	24	1
GC_00002464	24	24	1
GC_00002465	24	24	1
GC_00002466	24	24	1
GC_00002467	24	24	1
GC_00002468	24	24	1
GC_00002469	24	24	1
GC_00002470	24	24	1
GC_00002471	24	24	1
GC_00002472	24	24	1
GC_00002473	24	24	1
GC_00002474	24	24	1
GC_00002475	24	24	1
GC_00002476	24	24	1
GC_00002477	24	24	1
GC_00002478	24	24	1
GC_00002479	24	24	1
GC_00002480	24	24	1
GC_00002481	24	24	1
GC_00002482	24	24	1
GC_00002483	24	24	1
GC_00002484	24	24	1
GC_00002485	24	24	1
GC_00002486	24	24	1
GC_00002487	24	24	1
GC_00002488	24	24	1
GC_00002489	24	24	1
GC_00002490	24	24	1
GC_00002491	24	24	1
GC_00002492	24	24	1
GC_00002493	24	24	1
GC_00002494	24	24	1
GC_00002495	24	24	1
GC_00002496	24	24	1
GC_00002497	24	24	1
GC_00002498	24	24	1
GC_00002499	24	24	1
GC_00002500	24	24	1
GC_00002501	24	24	1
GC_00002502	24	24	1
GC_00002503	24	24	1
GC_00002504	24	24	1
GC_00002505	24	24	1
GC_00002506	24	24	1
GC_00002507	24	24	1
GC_00002508	24	24	1
GC_00002509	24	24	1
GC_00002510	24	24	1
GC_00002511	24	24	1
GC_00002512	24	24	1
GC_00002513	24	24	1
GC_00002514	24	24	1
GC_00002515	24	24	1
GC_00002516	24	24	1
GC_00002517	24	24	1
GC_00002518	23	24	2
GC_00002519	24	24	1
GC_00002520	24	24	1
GC_00002521	24	24	1
GC_00002522	24	24	1
GC_00002523	24	24	1
GC_00002524	24	24	1
GC_00002525	24	24	1
GC_00002526	24	24	1
GC_00002527	24	24	1
GC_00002528	24	24	1
GC_00002529	24	24	1
GC_00002530	23	24	2
GC_00002531	24	24	1
GC_00002532	24	24	1
GC_00002533	24	24	1
GC_00002534	24	24	1
GC_00002535	24	24	1
GC_00002536	24	24	1
GC_00002537	24	24	1
GC_00002538	24	24	1
GC_00002539	24	24	1
GC_00002540	24	24	1
GC_00002541	24	24	1
GC_00002542	24	24	1
GC_00002543	24	24	1
GC_00002544	24	24	1
GC_00002545	24	24	1
GC_00002546	24	24	1
GC_00002547	24	24	1
GC_00002548	24	24	1
GC_00002549	24	24	1
GC_00002550	24	24	1
GC_00002551	24	24	1
GC_00002552	24	24	1
GC_00002553	24	24	1
GC_00002554	24	24	1
GC_00002555	24	24	1
GC_00002556	24	24	1
GC_00002557	24	24	1
GC_00002558	24	24	1
GC_00002559	24	24	1
GC_00002560	24	24	1
GC_00002561	24	24	1
GC_00002562	24	24	1
GC_00002563	24	24	1
GC_00002564	24	24	1
GC_00002565	24	24	1
GC_00002566	24	24	1
GC_00002567	24	24	1
GC_00002568	24	24	1
GC_00002569	24	24	1
GC_00002570	24	24	1
GC_00002571	24	24	1
GC_00002572	24	24	1
GC_00002573	24	24	1
GC_00002574	24	24	1
GC_00002575	24	24	1
GC_00002576	24	24	1
GC_00002577	24	24	1
GC_00002578	24	24	1
GC_00002579	24	24	1
GC_00002580	24	24	1
GC_00002581	24	24	1
GC_00002582	24	24	1
GC_00002583	24	24	1
GC_00002584	24	24	1
GC_00002585	24	24	1
GC_00002586	24	24	1
GC_00002587	24	24	1
GC_00002588	24	24	1
GC_00002589	24	24	1
GC_00002590	24	24	1
GC_00002591	24	24	1
GC_00002592	24	24	1
GC_00002593	24	24	1
GC_00002594	24	24	1
GC_00002595	24	24	1
GC_00002596	24	24	1
GC_00002597	24	24	1
GC_00002598	24	24	1
GC_00002599	24	24	1
GC_00002600	24	24	1
GC_00002601	24	24	1
GC_00002602	24	24	1
GC_00002603	24	24	1
GC_00002604	24	24	1
GC_00002605	24	24	1
GC_00002606	24	24	1
GC_00002607	24	24	1
GC_00002608	24	24	1
GC_00002609	24	24	1
GC_00002610	24	24	1
GC_00002611	24	24	1
GC_00002612	24	24	1
GC_00002613	24	24	1
GC_00002614	24	24	1
GC_00002615	24	24	1
GC_00002616	24	24	1
GC_00002617	24	24	1
GC_00002618	24	24	1
GC_00002619	24	24	1
GC_00002620	24	24	1
GC_00002621	24	24	1
GC_00002622	24	24	1
GC_00002623	24	24	1
GC_00002624	24	24	1
GC_00002625	24	24	1
GC_00002626	24	24	1
GC_00002627	24	24	1
GC_00002628	24	24	1
GC_00002629	24	24	1
GC_00002630	24	24	1
GC_00002631	24	24	1
GC_00002632	24	24	1
GC_00002633	24	24	1
GC_00002634	24	24	1
GC_00002635	24	24	1
GC_00002636	24	24	1
GC_00002637	24	24	1
GC_00002638	24	24	1
GC_00002639	24	24	1
GC_00002640	24	24	1
GC_00002641	24	24	1
GC_00002642	16	24	3
GC_00002643	24	24	1
GC_00002644	24	24	1
GC_00002645	24	24	1
GC_00002646	24	24	1
GC_00002647	24	24	1
GC_00002648	24	24	1
GC_00002649	24	24	1
GC_00002650	24	24	1
GC_00002651	24	24	1
GC_00002652	24	24	1
GC_00002653	24	24	1
GC_00002654	24	24	1
GC_00002655	24	24	1
GC_00002656	24	24	1
GC_00002657	24	24	1
GC_00002658	24	24	1
GC_00002659	24	24	1
GC_00002660	24	24	1
GC_00002661	24	24	1
GC_00002662	24	24	1
GC_00002663	24	24	1
GC_00002664	24	24	1
GC_00002665	24	24	1
GC_00002666	24	24	1
GC_00002667	24	24	1
GC_00002668	24	24	1
GC_00002669	24	24	1
GC_00002670	24	24	1
GC_00002671	24	24	1
GC_00002672	24	24	1
GC_00002673	24	24	1
GC_00002674	24	24	1
GC_00002675	24	24	1
GC_00002676	24	24	1
GC_00002677	24	24	1
GC_00002678	24	24	1
GC_00002679	24	24	1
GC_00002680	24	24	1
GC_00002681	24	24	1
GC_00002682	24	24	1
GC_00002683	24	24	1
GC_00002684	24	24	1
GC_00002685	24	24	1
GC_00002686	24	24	1
GC_00002687	24	24	1
GC_00002688	24	24	1
GC_00002689	24	24	1
GC_00002690	24	24	1
GC_00002691	24	24	1
GC_00002692	24	24	1
GC_00002693	24	24	1
GC_00002694	24	24	1
GC_00002695	24	24	1
GC_00002696	24	24	1
GC_00002697	24	24	1
GC_00002698	24	24	1
GC_00002699	24	24	1
GC_00002700	24	24	1
GC_00002701	24	24	1
GC_00002702	24	24	1
GC_00002703	24	24	1
GC_00002704	24	24	1
GC_00002705	24	24	1
GC_00002706	24	24	1
GC_00002707	24	24	1
GC_00002708	24	24	1
GC_00002709	24	24	1
GC_00002710	24	24	1
GC_00002711	24	24	1
GC_00002712	24	24	1
GC_00002713	24	24	1
GC_00002714	24	24	1
GC_00002715	24	24	1
GC_00002716	24	24	1
GC_00002717	24	24	1
GC_00002718	24	24	1
GC_00002719	24	24	1
GC_00002720	24	24	1
GC_00002721	24	24	1
GC_00002722	24	24	1
GC_00002723	24	24	1
GC_00002724	24	24	1
GC_00002725	24	24	1
GC_00002726	24	24	1
GC_00002727	24	24	1
GC_00002728	24	24	1
GC_00002729	24	24	1
GC_00002730	24	24	1
GC_00002731	24	24	1
GC_00002732	24	24	1
GC_00002733	24	24	1
GC_00002734	24	24	1
GC_00002735	24	24	1
GC_00002736	24	24	1
GC_00002737	24	24	1
GC_00002738	24	24	1
GC_00002739	24	24	1
GC_00002740	24	24	1
GC_00002741	24	24	1
GC_00002742	24	24	1
GC_00002743	24	24	1
GC_00002744	24	24	1
GC_00002745	24	24	1
GC_00002746	24	24	1
GC_00002747	24	24	1
GC_00002748	24	24	1
GC_00002749	24	24	1
GC_00002750	24	24	1
GC_00002751	24	24	1
GC_00002752	24	24	1
GC_00002753	24	24	1
GC_00002754	24	24	1
GC_00002755	24	24	1
GC_00002756	24	24	1
GC_00002757	24	24	1
GC_00002758	24	24	1
GC_00002759	24	24	1
GC_00002760	24	24	1
GC_00002761	24	24	1
GC_00002762	24	24	1
GC_00002763	24	24	1
GC_00002764	24	24	1
GC_00002765	24	24	1
GC_00002766	24	24	1
GC_00002767	24	24	1
GC_00002768	24	24	1
GC_00002769	24	24	1
GC_00002770	24	24	1
GC_00002771	24	24	1
GC_00002772	24	24	1
GC_00002773	24	24	1
GC_00002774	24	24	1
GC_00002775	24	24	1
GC_00002776	24	24	1
GC_00002777	24	24	1
GC_00002778	24	24	1
GC_00002779	24	24	1
GC_00002780	24	24	1
GC_00002781	24	24	1
GC_00002782	24	24	1
GC_00002783	24	24	1
GC_00002784	24	24	1
GC_00002785	24	24	1
GC_00002786	24	24	1
GC_00002787	24	24	1
GC_00002788	24	24	1
GC_00002789	24	24	1
GC_00002790	24	24	1
GC_00002791	24	24	1
GC_00002792	24	24	1
GC_00002793	24	24	1
GC_00002794	24	24	1
GC_00002795	24	24	1
GC_00002796	24	24	1
GC_00002797	24	24	1
GC_00002798	24	24	1
GC_00002799	24	24	1
GC_00002800	24	24	1
GC_00002801	24	24	1
GC_00002802	24	24	1
GC_00002803	24	24	1
GC_00002804	24	24	1
GC_00002805	24	24	1
GC_00002806	24	24	1
GC_00002807	24	24	1
GC_00002808	24	24	1
GC_00002809	24	24	1
GC_00002810	24	24	1
GC_00002811	24	24	1
GC_00002812	24	24	1
GC_00002813	24	24	1
GC_00002814	24	24	1
GC_00002815	24	24	1
GC_00002816	24	24	1
GC_00002817	24	24	1
GC_00002818	24	24	1
GC_00002819	24	24	1
GC_00002820	24	24	1
GC_00002821	24	24	1
GC_00002822	24	24	1
GC_00002823	24	24	1
GC_00002824	24	24	1
GC_00002825	24	24	1
GC_00002826	24	24	1
GC_00002827	24	24	1
GC_00002828	24	24	1
GC_00002829	24	24	1
GC_00002830	24	24	1
GC_00002831	24	24	1
GC_00002832	24	24	1
GC_00002833	24	24	1
GC_00002834	24	24	1
GC_00002835	24	24	1
GC_00002836	24	24	1
GC_00002837	24	24	1
GC_00002838	24	24	1
GC_00002839	24	24	1
GC_00002840	24	24	1
GC_00002841	24	24	1
GC_00002842	24	24	1
GC_00002843	24	24	1
GC_00002844	24	24	1
GC_00002845	24	24	1
GC_00002846	24	24	1
GC_00002847	24	24	1
GC_00002848	24	24	1
GC_00002849	24	24	1
GC_00002850	24	24	1
GC_00002851	24	24	1
GC_00002852	24	24	1
GC_00002853	24	24	1
GC_00002854	24	24	1
GC_00002855	24	24	1
GC_00002856	24	24	1
GC_00002857	24	24	1
GC_00002858	24	24	1
GC_00002859	24	24	1
GC_00002860	24	24	1
GC_00002861	24	24	1
GC_00002862	24	24	1
GC_00002863	24	24	1
GC_00002864	24	24	1
GC_00002865	24	24	1
GC_00002866	24	24	1
GC_00002867	24	24	1
GC_00002868	24	24	1
GC_00002869	24	24	1
GC_00002870	24	24	1
GC_00002871	24	24	1
GC_00002872	24	24	1
GC_00002873	24	24	1
GC_00002874	24	24	1
GC_00002875	24	24	1
GC_00002876	24	24	1
GC_00002877	24	24	1
GC_00002878	24	24	1
GC_00002879	24	24	1
GC_00002880	24	24	1
GC_00002881	24	24	1
GC_00002882	24	24	1
GC_00002883	24	24	1
GC_00002884	24	24	1
GC_00002885	24	24	1
GC_00002886	24	24	1
GC_00002887	24	24	1
GC_00002888	24	24	1
GC_00002889	24	24	1
GC_00002890	24	24	1
GC_00002891	24	24	1
GC_00002892	24	24	1
GC_00002893	24	24	1
GC_00002894	24	24	1
GC_00002895	24	24	1
GC_00002896	24	24	1
GC_00002897	24	24	1
GC_00002898	24	24	1
GC_00002899	24	24	1
GC_00002900	24	24	1
GC_00002901	24	24	1
GC_00002902	24	24	1
GC_00002903	24	24	1
GC_00002904	24	24	1
GC_00002905	24	24	1
GC_00002906	24	24	1
GC_00002907	24	24	1
GC_00002908	24	24	1
GC_00002909	24	24	1
GC_00002910	24	24	1
GC_00002911	24	24	1
GC_00002912	24	24	1
GC_00002913	24	24	1
GC_00002914	24	24	1
GC_00002915	24	24	1
GC_00002916	24	24	1
GC_00002917	24	24	1
GC_00002918	24	24	1
GC_00002919	24	24	1
GC_00002920	24	24	1
GC_00002921	24	24	1
GC_00002922	24	24	1
GC_00002923	24	24	1
GC_00002924	23	24	2
GC_00002925	24	24	1
GC_00002926	24	24	1
GC_00002927	24	24	1
GC_00002928	24	24	1
GC_00002929	24	24	1
GC_00002930	24	24	1
GC_00002931	24	24	1
GC_00002932	24	24	1
GC_00002933	24	24	1
GC_00002934	24	24	1
GC_00002935	24	24	1
GC_00002936	24	24	1
GC_00002937	24	24	1
GC_00002938	24	24	1
GC_00002939	23	24	2
GC_00002940	24	24	1
GC_00002941	24	24	1
GC_00002942	24	24	1
GC_00002943	24	24	1
GC_00002944	24	24	1
GC_00002945	24	24	1
GC_00002946	24	24	1
GC_00002947	24	24	1
GC_00002948	24	24	1
GC_00002949	24	24	1
GC_00002950	24	24	1
GC_00002951	24	24	1
GC_00002952	24	24	1
GC_00002953	24	24	1
GC_00002954	24	24	1
GC_00002955	24	24	1
GC_00002956	24	24	1
GC_00002957	24	24	1
GC_00002958	24	24	1
GC_00002959	24	24	1
GC_00002960	24	24	1
GC_00002961	24	24	1
GC_00002962	24	24	1
GC_00002963	24	24	1
GC_00002964	24	24	1
GC_00002965	24	24	1
GC_00002966	24	24	1
GC_00002967	24	24	1
GC_00002968	23	24	2
GC_00002969	24	24	1
GC_00002970	24	24	1
GC_00002971	24	24	1
GC_00002972	24	24	1
GC_00002973	24	24	1
GC_00002974	24	24	1
GC_00002975	24	24	1
GC_00002976	24	24	1
GC_00002977	24	24	1
GC_00002978	24	24	1
GC_00002979	24	24	1
GC_00002980	24	24	1
GC_00002981	24	24	1
GC_00002982	24	24	1
GC_00002983	24	24	1
GC_00002984	24	24	1
GC_00002985	24	24	1
GC_00002986	24	24	1
GC_00002987	24	24	1
GC_00002988	24	24	1
GC_00002989	24	24	1
GC_00002990	24	24	1
GC_00002991	24	24	1
GC_00002992	24	24	1
GC_00002993	24	24	1
GC_00002994	24	24	1
GC_00002995	24	24	1
GC_00002996	24	24	1
GC_00002997	24	24	1
GC_00002998	24	24	1
GC_00002999	24	24	1
GC_00003000	24	24	1
GC_00003001	24	24	1
GC_00003002	24	24	1
GC_00003003	24	24	1
GC_00003004	24	24	1
GC_00003005	24	24	1
GC_00003006	24	24	1
GC_00003007	24	24	1
GC_00003008	24	24	1
GC_00003009	24	24	1
GC_00003010	24	24	1
GC_00003011	24	24	1
GC_00003012	24	24	1
GC_00003013	24	24	1
GC_00003014	24	24	1
GC_00003015	24	24	1
GC_00003016	24	24	1
GC_00003017	24	24	1
GC_00003018	24	24	1
GC_00003019	24	24	1
GC_00003020	24	24	1
GC_00003021	24	24	1
GC_00003022	24	24	1
GC_00003023	24	24	1
GC_00003024	24	24	1
GC_00003025	24	24	1
GC_00003026	24	24	1
GC_00003027	24	24	1
GC_00003028	24	24	1
GC_00003029	24	24	1
GC_00003030	24	24	1
GC_00003031	24	24	1
GC_00003032	24	24	1
GC_00003033	24	24	1
GC_00003034	24	24	1
GC_00003035	24	24	1
GC_00003036	24	24	1
GC_00003037	23	24	2
GC_00003038	24	24	1
GC_00003039	24	24	1
GC_00003040	24	24	1
GC_00003041	24	24	1
GC_00003042	24	24	1
GC_00003043	24	24	1
GC_00003044	24	24	1
GC_00003045	24	24	1
GC_00003046	24	24	1
GC_00003047	24	24	1
GC_00003048	24	24	1
GC_00003049	24	24	1
GC_00003050	24	24	1
GC_00003051	24	24	1
GC_00003052	24	24	1
GC_00003053	24	24	1
GC_00003054	24	24	1
GC_00003055	24	24	1
GC_00003056	24	24	1
GC_00003057	24	24	1
GC_00003058	24	24	1
GC_00003059	24	24	1
GC_00003060	24	24	1
GC_00003061	24	24	1
GC_00003062	24	24	1
GC_00003063	24	24	1
GC_00003064	24	24	1
GC_00003065	24	24	1
GC_00003066	24	24	1
GC_00003067	24	24	1
GC_00003068	24	24	1
GC_00003069	24	24	1
GC_00003070	24	24	1
GC_00003071	24	24	1
GC_00003072	24	24	1
GC_00003073	24	24	1
GC_00003074	24	24	1
GC_00003075	24	24	1
GC_00003076	24	24	1
GC_00003077	24	24	1
GC_00003078	24	24	1
GC_00003079	24	24	1
GC_00003080	24	24	1
GC_00003081	24	24	1
GC_00003082	24	24	1
GC_00003083	24	24	1
GC_00003084	24	24	1
GC_00003085	24	24	1
GC_00003086	24	24	1
GC_00003087	24	24	1
GC_00003088	24	24	1
GC_00003089	24	24	1
GC_00003090	24	24	1
GC_00003091	24	24	1
GC_00003092	24	24	1
GC_00003093	24	24	1
GC_00003094	24	24	1
GC_00003095	23	24	2
GC_00003096	24	24	1
GC_00003097	24	24	1
GC_00003098	24	24	1
GC_00003099	24	24	1
GC_00003100	24	24	1
GC_00003101	24	24	1
GC_00003102	24	24	1
GC_00003103	24	24	1
GC_00003104	24	24	1
GC_00003105	24	24	1
GC_00003106	24	24	1
GC_00003107	24	24	1
GC_00003108	24	24	1
GC_00003109	24	24	1
GC_00003110	24	24	1
GC_00003111	24	24	1
GC_00003112	24	24	1
GC_00003113	24	24	1
GC_00003114	24	24	1
GC_00003115	24	24	1
GC_00003116	24	24	1
GC_00003117	24	24	1
GC_00003118	24	24	1
GC_00003119	24	24	1
GC_00003120	24	24	1
GC_00003121	24	24	1
GC_00003122	24	24	1
GC_00003123	24	24	1
GC_00003124	24	24	1
GC_00003125	24	24	1
GC_00003126	24	24	1
GC_00003127	24	24	1
GC_00003128	24	24	1
GC_00003129	24	24	1
GC_00003130	24	24	1
GC_00003131	24	24	1
GC_00003132	24	24	1
GC_00003133	24	24	1
GC_00003134	24	24	1
GC_00003135	24	24	1
GC_00003136	24	24	1
GC_00003137	24	24	1
GC_00003138	24	24	1
GC_00003139	24	24	1
GC_00003140	24	24	1
GC_00003141	24	24	1
GC_00003142	24	24	1
GC_00003143	24	24	1
GC_00003144	24	24	1
GC_00003145	24	24	1
GC_00003146	24	24	1
GC_00003147	24	24	1
GC_00003148	24	24	1
GC_00003149	24	24	1
GC_00003150	24	24	1
GC_00003151	24	24	1
GC_00003152	24	24	1
GC_00003153	24	24	1
GC_00003154	24	24	1
GC_00003155	24	24	1
GC_00003156	24	24	1
GC_00003157	24	24	1
GC_00003158	24	24	1
GC_00003159	24	24	1
GC_00003160	24	24	1
GC_00003161	24	24	1
GC_00003162	24	24	1
GC_00003163	24	24	1
GC_00003164	24	24	1
GC_00003165	24	24	1
GC_00003166	24	24	1
GC_00003167	24	24	1
GC_00003168	24	24	1
GC_00003169	24	24	1
GC_00003170	24	24	1
GC_00003171	24	24	1
GC_00003172	24	24	1
GC_00003173	24	24	1
GC_00003174	24	24	1
GC_00003175	24	24	1
GC_00003176	24	24	1
GC_00003177	24	24	1
GC_00003178	24	24	1
GC_00003179	24	24	1
GC_00003180	24	24	1
GC_00003181	24	24	1
GC_00003182	24	24	1
GC_00003183	24	24	1
GC_00003184	24	24	1
GC_00003185	24	24	1
GC_00003186	24	24	1
GC_00003187	24	24	1
GC_00003188	24	24	1
GC_00003189	24	24	1
GC_00003190	24	24	1
GC_00003191	24	24	1
GC_00003192	24	24	1
GC_00003193	24	24	1
GC_00003194	24	24	1
GC_00003195	24	24	1
GC_00003196	24	24	1
GC_00003197	24	24	1
GC_00003198	24	24	1
GC_00003199	24	24	1
GC_00003200	24	24	1
GC_00003201	24	24	1
GC_00003202	24	24	1
GC_00003203	24	24	1
GC_00003204	24	24	1
GC_00003205	24	24	1
GC_00003206	24	24	1
GC_00003207	24	24	1
GC_00003208	23	24	2
GC_00003209	24	24	1
GC_00003210	24	24	1
GC_00003211	24	24	1
GC_00003212	24	24	1
GC_00003213	24	24	1
GC_00003214	24	24	1
GC_00003215	24	24	1
GC_00003216	24	24	1
GC_00003217	24	24	1
GC_00003218	24	24	1
GC_00003219	24	24	1
GC_00003220	24	24	1
GC_00003221	24	24	1
GC_00003222	24	24	1
GC_00003223	24	24	1
GC_00003224	24	24	1
GC_00003225	24	24	1
GC_00003226	24	24	1
GC_00003227	24	24	1
GC_00003228	24	24	1
GC_00003229	24	24	1
GC_00003230	24	24	1
GC_00003231	24	24	1
GC_00003232	24	24	1
GC_00003233	24	24	1
GC_00003234	24	24	1
GC_00003235	24	24	1
GC_00003236	24	24	1
GC_00003237	24	24	1
GC_00003238	24	24	1
GC_00003239	24	24	1
GC_00003240	24	24	1
GC_00003241	24	24	1
GC_00003242	24	24	1
GC_00003243	24	24	1
GC_00003244	24	24	1
GC_00003245	24	24	1
GC_00003246	24	24	1
GC_00003247	24	24	1
GC_00003248	24	24	1
GC_00003249	24	24	1
GC_00003250	24	24	1
GC_00003251	24	24	1
GC_00003252	24	24	1
GC_00003253	24	24	1
GC_00003254	24	24	1
GC_00003255	24	24	1
GC_00003256	24	24	1
GC_00003257	24	24	1
GC_00003258	24	24	1
GC_00003259	24	24	1
GC_00003260	24	24	1
GC_00003261	24	24	1
GC_00003262	23	24	2
GC_00003263	24	24	1
GC_00003264	24	24	1
GC_00003265	24	24	1
GC_00003266	24	24	1
GC_00003267	24	24	1
GC_00003268	24	24	1
GC_00003269	24	24	1
GC_00003270	24	24	1
GC_00003271	24	24	1
GC_00003272	24	24	1
GC_00003273	24	24	1
GC_00003274	24	24	1
GC_00003275	24	24	1
GC_00003276	24	24	1
GC_00003277	24	24	1
GC_00003278	24	24	1
GC_00003279	24	24	1
GC_00003280	24	24	1
GC_00003281	23	23	1
GC_00003282	23	23	1
GC_00003283	23	23	1
GC_00003284	23	23	1
GC_00003285	23	23	1
GC_00003286	23	23	1
GC_00003287	23	23	1
GC_00003288	23	23	1
GC_00003289	23	23	1
GC_00003290	23	23	1
GC_00003291	23	23	1
GC_00003292	23	23	1
GC_00003293	23	23	1
GC_00003294	23	23	1
GC_00003295	23	23	1
GC_00003296	23	23	1
GC_00003297	23	23	1
GC_00003298	23	23	1
GC_00003299	23	23	1
GC_00003300	23	23	1
GC_00003301	23	23	1
GC_00003302	23	23	1
GC_00003303	23	23	1
GC_00003304	23	23	1
GC_00003305	23	23	1
GC_00003306	23	23	1
GC_00003307	23	23	1
GC_00003308	23	23	1
GC_00003309	23	23	1
GC_00003310	23	23	1
GC_00003311	23	23	1
GC_00003312	23	23	1
GC_00003313	23	23	1
GC_00003314	23	23	1
GC_00003315	23	23	1
GC_00003316	23	23	1
GC_00003317	23	23	1
GC_00003318	23	23	1
GC_00003319	23	23	1
GC_00003320	23	23	1
GC_00003321	22	23	2
GC_00003322	23	23	1
GC_00003323	23	23	1
GC_00003324	23	23	1
GC_00003325	21	23	2
GC_00003326	16	23	3
GC_00003327	23	23	1
GC_00003328	23	23	1
GC_00003329	23	23	1
GC_00003330	22	23	2
GC_00003331	23	23	1
GC_00003332	23	23	1
GC_00003333	23	23	1
GC_00003334	23	23	1
GC_00003335	23	23	1
GC_00003336	23	23	1
GC_00003337	20	23	2
GC_00003338	23	23	1
GC_00003339	23	23	1
GC_00003340	23	23	1
GC_00003341	23	23	1
GC_00003342	23	23	1
GC_00003343	23	23	1
GC_00003344	23	23	1
GC_00003345	23	23	1
GC_00003346	23	23	1
GC_00003347	23	23	1
GC_00003348	22	23	2
GC_00003349	23	23	1
GC_00003350	22	23	2
GC_00003351	23	23	1
GC_00003352	23	23	1
GC_00003353	23	23	1
GC_00003354	22	23	2
GC_00003355	23	23	1
GC_00003356	23	23	1
GC_00003357	23	23	1
GC_00003358	2	22	21
GC_00003359	22	22	1
GC_00003360	22	22	1
GC_00003361	22	22	1
GC_00003362	22	22	1
GC_00003363	22	22	1
GC_00003364	22	22	1
GC_00003365	22	22	1
GC_00003366	22	22	1
GC_00003367	22	22	1
GC_00003368	22	22	1
GC_00003369	22	22	1
GC_00003370	22	22	1
GC_00003371	22	22	1
GC_00003372	15	22	3
GC_00003373	22	22	1
GC_00003374	19	22	2
GC_00003375	22	22	1
GC_00003376	22	22	1
GC_00003377	20	22	2
GC_00003378	22	22	1
GC_00003379	21	22	2
GC_00003380	22	22	1
GC_00003381	22	22	1
GC_00003382	14	22	3
GC_00003383	17	22	2
GC_00003384	22	22	1
GC_00003385	22	22	1
GC_00003386	21	22	2
GC_00003387	22	22	1
GC_00003388	22	22	1
GC_00003389	22	22	1
GC_00003390	22	22	1
GC_00003391	22	22	1
GC_00003392	22	22	1
GC_00003393	22	22	1
GC_00003394	22	22	1
GC_00003395	22	22	1
GC_00003396	22	22	1
GC_00003397	21	22	2
GC_00003398	22	22	1
GC_00003399	22	22	1
GC_00003400	22	22	1
GC_00003401	22	22	1
GC_00003402	22	22	1
GC_00003403	21	22	2
GC_00003404	22	22	1
GC_00003405	22	22	1
GC_00003406	22	22	1
GC_00003407	16	22	3
GC_00003408	22	22	1
GC_00003409	22	22	1
GC_00003410	22	22	1
GC_00003411	22	22	1
GC_00003412	22	22	1
GC_00003413	22	22	1
GC_00003414	22	22	1
GC_00003415	22	22	1
GC_00003416	22	22	1
GC_00003417	22	22	1
GC_00003418	22	22	1
GC_00003419	22	22	1
GC_00003420	22	22	1
GC_00003421	21	22	2
GC_00003422	21	21	1
GC_00003423	21	21	1
GC_00003424	21	21	1
GC_00003425	21	21	1
GC_00003426	21	21	1
GC_00003427	21	21	1
GC_00003428	20	21	2
GC_00003429	19	21	2
GC_00003430	21	21	1
GC_00003431	20	21	2
GC_00003432	21	21	1
GC_00003433	20	21	2
GC_00003434	21	21	1
GC_00003435	21	21	1
GC_00003436	20	21	2
GC_00003437	21	21	1
GC_00003438	21	21	1
GC_00003439	20	21	2
GC_00003440	21	21	1
GC_00003441	21	21	1
GC_00003442	21	21	1
GC_00003443	21	21	1
GC_00003444	20	21	2
GC_00003445	20	21	2
GC_00003446	21	21	1
GC_00003447	21	21	1
GC_00003448	13	21	3
GC_00003449	21	21	1
GC_00003450	21	21	1
GC_00003451	19	21	2
GC_00003452	21	21	1
GC_00003453	7	21	4
GC_00003454	13	21	3
GC_00003455	21	21	1
GC_00003456	21	21	1
GC_00003457	21	21	1
GC_00003458	10	21	5
GC_00003459	13	21	2
GC_00003460	21	21	1
GC_00003461	21	21	1
GC_00003462	21	21	1
GC_00003463	21	21	1
GC_00003464	20	21	2
GC_00003465	21	21	1
GC_00003466	21	21	1
GC_00003467	21	21	1
GC_00003468	19	21	2
GC_00003469	21	21	1
GC_00003470	21	21	1
GC_00003471	21	21	1
GC_00003472	16	21	3
GC_00003473	15	21	2
GC_00003474	20	20	1
GC_00003475	20	20	1
GC_00003476	20	20	1
GC_00003477	20	20	1
GC_00003478	20	20	1
GC_00003479	20	20	1
GC_00003480	20	20	1
GC_00003481	19	20	2
GC_00003482	20	20	1
GC_00003483	20	20	1
GC_00003484	20	20	1
GC_00003485	18	20	2
GC_00003486	20	20	1
GC_00003487	20	20	1
GC_00003488	20	20	1
GC_00003489	20	20	1
GC_00003490	20	20	1
GC_00003491	18	20	2
GC_00003492	20	20	1
GC_00003493	20	20	1
GC_00003494	20	20	1
GC_00003495	20	20	1
GC_00003496	20	20	1
GC_00003497	20	20	1
GC_00003498	20	20	1
GC_00003499	20	20	1
GC_00003500	20	20	1
GC_00003501	11	20	2
GC_00003502	20	20	1
GC_00003503	20	20	1
GC_00003504	20	20	1
GC_00003505	11	20	2
GC_00003506	20	20	1
GC_00003507	20	20	1
GC_00003508	20	20	1
GC_00003509	20	20	1
GC_00003510	20	20	1
GC_00003511	20	20	1
GC_00003512	20	20	1
GC_00003513	19	20	2
GC_00003514	20	20	1
GC_00003515	19	19	1
GC_00003516	19	19	1
GC_00003517	19	19	1
GC_00003518	15	19	4
GC_00003519	19	19	1
GC_00003520	12	19	3
GC_00003521	17	19	3
GC_00003522	19	19	1
GC_00003523	19	19	1
GC_00003524	19	19	1
GC_00003525	18	19	2
GC_00003526	19	19	1
GC_00003527	19	19	1
GC_00003528	19	19	1
GC_00003529	19	19	1
GC_00003530	19	19	1
GC_00003531	19	19	1
GC_00003532	19	19	1
GC_00003533	19	19	1
GC_00003534	19	19	1
GC_00003535	19	19	1
GC_00003536	16	19	2
GC_00003537	18	19	2
GC_00003538	18	18	1
GC_00003539	18	18	1
GC_00003540	18	18	1
GC_00003541	16	18	2
GC_00003542	18	18	1
GC_00003543	17	18	2
GC_00003544	15	18	3
GC_00003545	17	18	2
GC_00003546	15	18	4
GC_00003547	8	18	8
GC_00003548	17	18	2
GC_00003549	1	18	18
GC_00003550	14	18	2
GC_00003551	13	18	2
GC_00003552	18	18	1
GC_00003553	18	18	1
GC_00003554	18	18	1
GC_00003555	18	18	1
GC_00003556	17	18	2
GC_00003557	17	18	2
GC_00003558	14	18	3
GC_00003559	15	18	4
GC_00003560	18	18	1
GC_00003561	18	18	1
GC_00003562	18	18	1
GC_00003563	18	18	1
GC_00003564	17	18	2
GC_00003565	18	18	1
GC_00003566	18	18	1
GC_00003567	17	18	2
GC_00003568	17	17	1
GC_00003569	17	17	1
GC_00003570	17	17	1
GC_00003571	17	17	1
GC_00003572	17	17	1
GC_00003573	17	17	1
GC_00003574	17	17	1
GC_00003575	17	17	1
GC_00003576	17	17	1
GC_00003577	17	17	1
GC_00003578	17	17	1
GC_00003579	17	17	1
GC_00003580	17	17	1
GC_00003581	17	17	1
GC_00003582	17	17	1
GC_00003583	15	17	3
GC_00003584	17	17	1
GC_00003585	16	17	2
GC_00003586	17	17	1
GC_00003587	17	17	1
GC_00003588	17	17	1
GC_00003589	17	17	1
GC_00003590	17	17	1
GC_00003591	17	17	1
GC_00003592	15	17	3
GC_00003593	17	17	1
GC_00003594	17	17	1
GC_00003595	17	17	1
GC_00003596	17	17	1
GC_00003597	17	17	1
GC_00003598	17	17	1
GC_00003599	17	17	1
GC_00003600	17	17	1
GC_00003601	17	17	1
GC_00003602	17	17	1
GC_00003603	17	17	1
GC_00003604	17	17	1
GC_00003605	17	17	1
GC_00003606	15	17	3
GC_00003607	17	17	1
GC_00003608	17	17	1
GC_00003609	17	17	1
GC_00003610	16	17	2
GC_00003611	17	17	1
GC_00003612	17	17	1
GC_00003613	16	17	2
GC_00003614	16	17	2
GC_00003615	17	17	1
GC_00003616	17	17	1
GC_00003617	17	17	1
GC_00003618	17	17	1
GC_00003619	17	17	1
GC_00003620	15	17	2
GC_00003621	17	17	1
GC_00003622	17	17	1
GC_00003623	16	17	2
GC_00003624	17	17	1
GC_00003625	13	17	3
GC_00003626	17	17	1
GC_00003627	16	17	2
GC_00003628	17	17	1
GC_00003629	13	17	3
GC_00003630	17	17	1
GC_00003631	15	16	2
GC_00003632	15	16	2
GC_00003633	15	16	2
GC_00003634	15	16	2
GC_00003635	15	16	2
GC_00003636	8	16	2
GC_00003637	15	16	2
GC_00003638	15	16	2
GC_00003639	15	16	2
GC_00003640	15	16	2
GC_00003641	15	16	2
GC_00003642	15	16	2
GC_00003643	15	16	2
GC_00003644	15	16	2
GC_00003645	16	16	1
GC_00003646	15	16	2
GC_00003647	15	16	2
GC_00003648	15	16	2
GC_00003649	15	16	2
GC_00003650	15	16	2
GC_00003651	15	16	2
GC_00003652	15	16	2
GC_00003653	15	16	2
GC_00003654	13	16	2
GC_00003655	16	16	1
GC_00003656	15	16	2
GC_00003657	15	16	2
GC_00003658	9	16	4
GC_00003659	16	16	1
GC_00003660	10	16	4
GC_00003661	15	16	2
GC_00003662	16	16	1
GC_00003663	16	16	1
GC_00003664	16	16	1
GC_00003665	16	16	1
GC_00003666	16	16	1
GC_00003667	15	16	2
GC_00003668	16	16	1
GC_00003669	16	16	1
GC_00003670	15	16	2
GC_00003671	16	16	1
GC_00003672	11	16	3
GC_00003673	14	15	2
GC_00003674	15	15	1
GC_00003675	15	15	1
GC_00003676	15	15	1
GC_00003677	15	15	1
GC_00003678	15	15	1
GC_00003679	13	15	3
GC_00003680	13	15	3
GC_00003681	15	15	1
GC_00003682	15	15	1
GC_00003683	15	15	1
GC_00003684	15	15	1
GC_00003685	15	15	1
GC_00003686	14	15	2
GC_00003687	15	15	1
GC_00003688	14	15	2
GC_00003689	15	15	1
GC_00003690	11	15	2
GC_00003691	11	15	2
GC_00003692	15	15	1
GC_00003693	10	15	2
GC_00003694	15	15	1
GC_00003695	15	15	1
GC_00003696	11	15	3
GC_00003697	15	15	1
GC_00003698	11	15	2
GC_00003699	11	15	2
GC_00003700	13	15	2
GC_00003701	14	15	2
GC_00003702	15	15	1
GC_00003703	14	15	2
GC_00003704	15	15	1
GC_00003705	2	14	12
GC_00003706	14	14	1
GC_00003707	14	14	1
GC_00003708	13	14	2
GC_00003709	4	14	7
GC_00003710	13	14	2
GC_00003711	14	14	1
GC_00003712	14	14	1
GC_00003713	13	14	2
GC_00003714	14	14	1
GC_00003715	9	14	2
GC_00003716	12	14	2
GC_00003717	7	14	3
GC_00003718	14	14	1
GC_00003719	14	14	1
GC_00003720	14	14	1
GC_00003721	11	14	2
GC_00003722	1	14	14
GC_00003723	14	14	1
GC_00003724	14	14	1
GC_00003725	14	14	1
GC_00003726	14	14	1
GC_00003727	14	14	1
GC_00003728	14	14	1
GC_00003729	14	14	1
GC_00003730	13	13	1
GC_00003731	13	13	1
GC_00003732	13	13	1
GC_00003733	13	13	1
GC_00003734	11	13	3
GC_00003735	11	13	2
GC_00003736	12	13	2
GC_00003737	12	13	2
GC_00003738	13	13	1
GC_00003739	13	13	1
GC_00003740	13	13	1
GC_00003741	13	13	1
GC_00003742	11	13	2
GC_00003743	13	13	1
GC_00003744	12	13	2
GC_00003745	13	13	1
GC_00003746	13	13	1
GC_00003747	7	13	3
GC_00003748	11	13	2
GC_00003749	12	13	2
GC_00003750	12	13	2
GC_00003751	11	13	2
GC_00003752	13	13	1
GC_00003753	12	13	2
GC_00003754	13	13	1
GC_00003755	12	13	2
GC_00003756	13	13	1
GC_00003757	12	13	2
GC_00003758	12	13	2
GC_00003759	13	13	1
GC_00003760	13	13	1
GC_00003761	13	13	1
GC_00003762	13	13	1
GC_00003763	12	12	1
GC_00003764	4	12	9
GC_00003765	12	12	1
GC_00003766	12	12	1
GC_00003767	12	12	1
GC_00003768	12	12	1
GC_00003769	12	12	1
GC_00003770	12	12	1
GC_00003771	12	12	1
GC_00003772	12	12	1
GC_00003773	12	12	1
GC_00003774	12	12	1
GC_00003775	12	12	1
GC_00003776	10	12	2
GC_00003777	10	12	2
GC_00003778	12	12	1
GC_00003779	10	12	2
GC_00003780	12	12	1
GC_00003781	12	12	1
GC_00003782	12	12	1
GC_00003783	12	12	1
GC_00003784	12	12	1
GC_00003785	12	12	1
GC_00003786	11	12	2
GC_00003787	12	12	1
GC_00003788	12	12	1
GC_00003789	12	12	1
GC_00003790	7	12	4
GC_00003791	10	12	2
GC_00003792	12	12	1
GC_00003793	6	12	3
GC_00003794	8	12	5
GC_00003795	12	12	1
GC_00003796	12	12	1
GC_00003797	12	12	1
GC_00003798	10	12	2
GC_00003799	11	12	2
GC_00003800	12	12	1
GC_00003801	12	12	1
GC_00003802	12	12	1
GC_00003803	10	12	2
GC_00003804	12	12	1
GC_00003805	12	12	1
GC_00003806	10	12	2
GC_00003807	12	12	1
GC_00003808	12	12	1
GC_00003809	12	12	1
GC_00003810	12	12	1
GC_00003811	12	12	1
GC_00003812	12	12	1
GC_00003813	12	12	1
GC_00003814	10	12	2
GC_00003815	12	12	1
GC_00003816	10	12	2
GC_00003817	12	12	1
GC_00003818	12	12	1
GC_00003819	12	12	1
GC_00003820	10	12	2
GC_00003821	12	12	1
GC_00003822	12	12	1
GC_00003823	12	12	1
GC_00003824	11	11	1
GC_00003825	10	11	2
GC_00003826	10	11	2
GC_00003827	10	11	2
GC_00003828	10	11	2
GC_00003829	11	11	1
GC_00003830	11	11	1
GC_00003831	11	11	1
GC_00003832	11	11	1
GC_00003833	11	11	1
GC_00003834	11	11	1
GC_00003835	11	11	1
GC_00003836	10	11	2
GC_00003837	11	11	1
GC_00003838	10	11	2
GC_00003839	11	11	1
GC_00003840	11	11	1
GC_00003841	10	11	2
GC_00003842	10	11	2
GC_00003843	11	11	1
GC_00003844	11	11	1
GC_00003845	10	11	2
GC_00003846	11	11	1
GC_00003847	9	11	2
GC_00003848	10	11	2
GC_00003849	6	11	3
GC_00003850	9	11	2
GC_00003851	10	11	2
GC_00003852	10	11	2
GC_00003853	10	11	2
GC_00003854	10	11	2
GC_00003855	10	11	2
GC_00003856	10	11	2
GC_00003857	11	11	1
GC_00003858	10	11	2
GC_00003859	10	11	2
GC_00003860	10	11	2
GC_00003861	10	11	2
GC_00003862	10	11	2
GC_00003863	10	11	2
GC_00003864	11	11	1
GC_00003865	11	11	1
GC_00003866	10	11	2
GC_00003867	11	11	1
GC_00003868	10	11	2
GC_00003869	11	11	1
GC_00003870	11	11	1
GC_00003871	8	11	2
GC_00003872	10	11	2
GC_00003873	11	11	1
GC_00003874	10	11	2
GC_00003875	10	11	2
GC_00003876	10	11	2
GC_00003877	6	11	2
GC_00003878	11	11	1
GC_00003879	11	11	1
GC_00003880	10	11	2
GC_00003881	11	11	1
GC_00003882	9	11	2
GC_00003883	11	11	1
GC_00003884	10	11	2
GC_00003885	10	11	2
GC_00003886	11	11	1
GC_00003887	10	11	2
GC_00003888	11	11	1
GC_00003889	11	11	1
GC_00003890	2	10	9
GC_00003891	10	10	1
GC_00003892	10	10	1
GC_00003893	10	10	1
GC_00003894	10	10	1
GC_00003895	10	10	1
GC_00003896	10	10	1
GC_00003897	10	10	1
GC_00003898	9	10	2
GC_00003899	10	10	1
GC_00003900	8	10	2
GC_00003901	5	10	2
GC_00003902	10	10	1
GC_00003903	10	10	1
GC_00003904	10	10	1
GC_00003905	10	10	1
GC_00003906	10	10	1
GC_00003907	8	10	2
GC_00003908	9	10	2
GC_00003909	10	10	1
GC_00003910	10	10	1
GC_00003911	10	10	1
GC_00003912	10	10	1
GC_00003913	10	10	1
GC_00003914	10	10	1
GC_00003915	10	10	1
GC_00003916	10	10	1
GC_00003917	10	10	1
GC_00003918	10	10	1
GC_00003919	9	10	2
GC_00003920	7	10	2
GC_00003921	10	10	1
GC_00003922	10	10	1
GC_00003923	10	10	1
GC_00003924	10	10	1
GC_00003925	10	10	1
GC_00003926	10	10	1
GC_00003927	9	10	2
GC_00003928	9	10	2
GC_00003929	8	10	2
GC_00003930	7	10	3
GC_00003931	10	10	1
GC_00003932	10	10	1
GC_00003933	7	10	3
GC_00003934	8	10	2
GC_00003935	10	10	1
GC_00003936	10	10	1
GC_00003937	10	10	1
GC_00003938	6	10	3
GC_00003939	6	10	3
GC_00003940	7	10	2
GC_00003941	7	10	2
GC_00003942	9	9	1
GC_00003943	9	9	1
GC_00003944	9	9	1
GC_00003945	9	9	1
GC_00003946	9	9	1
GC_00003947	9	9	1
GC_00003948	9	9	1
GC_00003949	9	9	1
GC_00003950	9	9	1
GC_00003951	9	9	1
GC_00003952	8	9	2
GC_00003953	9	9	1
GC_00003954	9	9	1
GC_00003955	9	9	1
GC_00003956	9	9	1
GC_00003957	3	9	7
GC_00003958	9	9	1
GC_00003959	3	9	6
GC_00003960	9	9	1
GC_00003961	9	9	1
GC_00003962	9	9	1
GC_00003963	9	9	1
GC_00003964	8	9	2
GC_00003965	9	9	1
GC_00003966	9	9	1
GC_00003967	9	9	1
GC_00003968	9	9	1
GC_00003969	9	9	1
GC_00003970	9	9	1
GC_00003971	9	9	1
GC_00003972	9	9	1
GC_00003973	9	9	1
GC_00003974	8	9	2
GC_00003975	8	9	2
GC_00003976	8	9	2
GC_00003977	6	9	2
GC_00003978	9	9	1
GC_00003979	9	9	1
GC_00003980	8	9	2
GC_00003981	9	9	1
GC_00003982	9	9	1
GC_00003983	7	9	3
GC_00003984	9	9	1
GC_00003985	9	9	1
GC_00003986	8	9	2
GC_00003987	4	9	3
GC_00003988	5	9	2
GC_00003989	8	8	1
GC_00003990	8	8	1
GC_00003991	8	8	1
GC_00003992	8	8	1
GC_00003993	8	8	1
GC_00003994	8	8	1
GC_00003995	8	8	1
GC_00003996	8	8	1
GC_00003997	8	8	1
GC_00003998	8	8	1
GC_00003999	8	8	1
GC_00004000	8	8	1
GC_00004001	8	8	1
GC_00004002	8	8	1
GC_00004003	8	8	1
GC_00004004	8	8	1
GC_00004005	8	8	1
GC_00004006	8	8	1
GC_00004007	8	8	1
GC_00004008	8	8	1
GC_00004009	8	8	1
GC_00004010	8	8	1
GC_00004011	8	8	1
GC_00004012	4	8	2
GC_00004013	8	8	1
GC_00004014	8	8	1
GC_00004015	8	8	1
GC_00004016	8	8	1
GC_00004017	6	8	2
GC_00004018	7	8	2
GC_00004019	8	8	1
GC_00004020	7	8	2
GC_00004021	8	8	1
GC_00004022	8	8	1
GC_00004023	8	8	1
GC_00004024	8	8	1
GC_00004025	8	8	1
GC_00004026	7	8	2
GC_00004027	8	8	1
GC_00004028	8	8	1
GC_00004029	8	8	1
GC_00004030	6	8	2
GC_00004031	8	8	1
GC_00004032	8	8	1
GC_00004033	8	8	1
GC_00004034	7	8	2
GC_00004035	8	8	1
GC_00004036	8	8	1
GC_00004037	7	8	2
GC_00004038	8	8	1
GC_00004039	6	8	2
GC_00004040	8	8	1
GC_00004041	8	8	1
GC_00004042	8	8	1
GC_00004043	6	8	2
GC_00004044	8	8	1
GC_00004045	6	8	2
GC_00004046	4	8	4
GC_00004047	8	8	1
GC_00004048	8	8	1
GC_00004049	8	8	1
GC_00004050	8	8	1
GC_00004051	8	8	1
GC_00004052	7	8	2
GC_00004053	5	8	2
GC_00004054	8	8	1
GC_00004055	7	8	2
GC_00004056	8	8	1
GC_00004057	8	8	1
GC_00004058	8	8	1
GC_00004059	8	8	1
GC_00004060	8	8	1
GC_00004061	7	8	2
GC_00004062	1	8	8
GC_00004063	8	8	1
GC_00004064	8	8	1
GC_00004065	8	8	1
GC_00004066	8	8	1
GC_00004067	8	8	1
GC_00004068	7	8	2
GC_00004069	7	8	2
GC_00004070	6	8	2
GC_00004071	8	8	1
GC_00004072	7	8	2
GC_00004073	7	8	2
GC_00004074	5	8	3
GC_00004075	4	8	3
GC_00004076	7	7	1
GC_00004077	7	7	1
GC_00004078	7	7	1
GC_00004079	7	7	1
GC_00004080	7	7	1
GC_00004081	7	7	1
GC_00004082	7	7	1
GC_00004083	7	7	1
GC_00004084	7	7	1
GC_00004085	7	7	1
GC_00004086	1	7	7
GC_00004087	6	7	2
GC_00004088	7	7	1
GC_00004089	7	7	1
GC_00004090	1	7	7
GC_00004091	7	7	1
GC_00004092	7	7	1
GC_00004093	7	7	1
GC_00004094	7	7	1
GC_00004095	7	7	1
GC_00004096	7	7	1
GC_00004097	7	7	1
GC_00004098	7	7	1
GC_00004099	3	7	3
GC_00004100	7	7	1
GC_00004101	7	7	1
GC_00004102	7	7	1
GC_00004103	7	7	1
GC_00004104	7	7	1
GC_00004105	7	7	1
GC_00004106	5	7	2
GC_00004107	6	7	2
GC_00004108	7	7	1
GC_00004109	7	7	1
GC_00004110	7	7	1
GC_00004111	6	7	2
GC_00004112	7	7	1
GC_00004113	7	7	1
GC_00004114	7	7	1
GC_00004115	7	7	1
GC_00004116	7	7	1
GC_00004117	7	7	1
GC_00004118	7	7	1
GC_00004119	7	7	1
GC_00004120	7	7	1
GC_00004121	7	7	1
GC_00004122	7	7	1
GC_00004123	7	7	1
GC_00004124	6	7	2
GC_00004125	6	7	2
GC_00004126	7	7	1
GC_00004127	7	7	1
GC_00004128	5	7	2
GC_00004129	5	7	2
GC_00004130	6	7	2
GC_00004131	7	7	1
GC_00004132	6	7	2
GC_00004133	5	7	2
GC_00004134	7	7	1
GC_00004135	6	7	2
GC_00004136	7	7	1
GC_00004137	7	7	1
GC_00004138	6	7	2
GC_00004139	7	7	1
GC_00004140	7	7	1
GC_00004141	7	7	1
GC_00004142	5	7	2
GC_00004143	7	7	1
GC_00004144	7	7	1
GC_00004145	7	7	1
GC_00004146	6	7	2
GC_00004147	6	7	2
GC_00004148	6	7	2
GC_00004149	7	7	1
GC_00004150	6	7	2
GC_00004151	7	7	1
GC_00004152	7	7	1
GC_00004153	7	7	1
GC_00004154	7	7	1
GC_00004155	7	7	1
GC_00004156	7	7	1
GC_00004157	6	7	2
GC_00004158	7	7	1
GC_00004159	6	7	2
GC_00004160	7	7	1
GC_00004161	7	7	1
GC_00004162	7	7	1
GC_00004163	7	7	1
GC_00004164	6	7	2
GC_00004165	7	7	1
GC_00004166	7	7	1
GC_00004167	7	7	1
GC_00004168	6	7	2
GC_00004169	6	7	2
GC_00004170	7	7	1
GC_00004171	5	7	2
GC_00004172	3	7	3
GC_00004173	7	7	1
GC_00004174	7	7	1
GC_00004175	6	7	2
GC_00004176	7	7	1
GC_00004177	6	7	2
GC_00004178	2	7	6
GC_00004179	7	7	1
GC_00004180	7	7	1
GC_00004181	7	7	1
GC_00004182	7	7	1
GC_00004183	7	7	1
GC_00004184	7	7	1
GC_00004185	7	7	1
GC_00004186	7	7	1
GC_00004187	7	7	1
GC_00004188	7	7	1
GC_00004189	7	7	1
GC_00004190	7	7	1
GC_00004191	7	7	1
GC_00004192	6	7	2
GC_00004193	6	7	2
GC_00004194	7	7	1
GC_00004195	7	7	1
GC_00004196	7	7	1
GC_00004197	7	7	1
GC_00004198	6	6	1
GC_00004199	6	6	1
GC_00004200	6	6	1
GC_00004201	6	6	1
GC_00004202	6	6	1
GC_00004203	6	6	1
GC_00004204	5	6	2
GC_00004205	6	6	1
GC_00004206	6	6	1
GC_00004207	6	6	1
GC_00004208	6	6	1
GC_00004209	6	6	1
GC_00004210	6	6	1
GC_00004211	6	6	1
GC_00004212	6	6	1
GC_00004213	6	6	1
GC_00004214	5	6	2
GC_00004215	6	6	1
GC_00004216	5	6	2
GC_00004217	6	6	1
GC_00004218	6	6	1
GC_00004219	6	6	1
GC_00004220	5	6	2
GC_00004221	6	6	1
GC_00004222	6	6	1
GC_00004223	6	6	1
GC_00004224	6	6	1
GC_00004225	6	6	1
GC_00004226	6	6	1
GC_00004227	4	6	2
GC_00004228	2	6	3
GC_00004229	5	6	2
GC_00004230	4	6	2
GC_00004231	6	6	1
GC_00004232	6	6	1
GC_00004233	2	6	3
GC_00004234	6	6	1
GC_00004235	4	6	2
GC_00004236	6	6	1
GC_00004237	6	6	1
GC_00004238	6	6	1
GC_00004239	6	6	1
GC_00004240	6	6	1
GC_00004241	6	6	1
GC_00004242	6	6	1
GC_00004243	6	6	1
GC_00004244	6	6	1
GC_00004245	6	6	1
GC_00004246	6	6	1
GC_00004247	5	6	2
GC_00004248	5	6	2
GC_00004249	6	6	1
GC_00004250	6	6	1
GC_00004251	2	6	3
GC_00004252	3	6	3
GC_00004253	6	6	1
GC_00004254	6	6	1
GC_00004255	6	6	1
GC_00004256	6	6	1
GC_00004257	6	6	1
GC_00004258	4	6	2
GC_00004259	6	6	1
GC_00004260	6	6	1
GC_00004261	6	6	1
GC_00004262	6	6	1
GC_00004263	6	6	1
GC_00004264	3	6	3
GC_00004265	6	6	1
GC_00004266	6	6	1
GC_00004267	4	6	3
GC_00004268	6	6	1
GC_00004269	6	6	1
GC_00004270	6	6	1
GC_00004271	5	6	2
GC_00004272	5	6	2
GC_00004273	6	6	1
GC_00004274	6	6	1
GC_00004275	6	6	1
GC_00004276	5	6	2
GC_00004277	3	6	3
GC_00004278	5	6	2
GC_00004279	6	6	1
GC_00004280	6	6	1
GC_00004281	5	6	2
GC_00004282	6	6	1
GC_00004283	6	6	1
GC_00004284	6	6	1
GC_00004285	5	5	1
GC_00004286	5	5	1
GC_00004287	5	5	1
GC_00004288	5	5	1
GC_00004289	5	5	1
GC_00004290	5	5	1
GC_00004291	5	5	1
GC_00004292	5	5	1
GC_00004293	5	5	1
GC_00004294	5	5	1
GC_00004295	5	5	1
GC_00004296	5	5	1
GC_00004297	5	5	1
GC_00004298	5	5	1
GC_00004299	5	5	1
GC_00004300	5	5	1
GC_00004301	5	5	1
GC_00004302	5	5	1
GC_00004303	5	5	1
GC_00004304	5	5	1
GC_00004305	5	5	1
GC_00004306	5	5	1
GC_00004307	5	5	1
GC_00004308	5	5	1
GC_00004309	5	5	1
GC_00004310	5	5	1
GC_00004311	5	5	1
GC_00004312	5	5	1
GC_00004313	5	5	1
GC_00004314	5	5	1
GC_00004315	5	5	1
GC_00004316	5	5	1
GC_00004317	5	5	1
GC_00004318	5	5	1
GC_00004319	5	5	1
GC_00004320	5	5	1
GC_00004321	5	5	1
GC_00004322	5	5	1
GC_00004323	5	5	1
GC_00004324	5	5	1
GC_00004325	5	5	1
GC_00004326	5	5	1
GC_00004327	5	5	1
GC_00004328	5	5	1
GC_00004329	5	5	1
GC_00004330	5	5	1
GC_00004331	5	5	1
GC_00004332	5	5	1
GC_00004333	5	5	1
GC_00004334	5	5	1
GC_00004335	5	5	1
GC_00004336	5	5	1
GC_00004337	5	5	1
GC_00004338	5	5	1
GC_00004339	5	5	1
GC_00004340	5	5	1
GC_00004341	3	5	2
GC_00004342	5	5	1
GC_00004343	4	5	2
GC_00004344	4	5	2
GC_00004345	5	5	1
GC_00004346	4	5	2
GC_00004347	5	5	1
GC_00004348	3	5	2
GC_00004349	5	5	1
GC_00004350	5	5	1
GC_00004351	5	5	1
GC_00004352	5	5	1
GC_00004353	5	5	1
GC_00004354	5	5	1
GC_00004355	5	5	1
GC_00004356	5	5	1
GC_00004357	5	5	1
GC_00004358	5	5	1
GC_00004359	5	5	1
GC_00004360	5	5	1
GC_00004361	5	5	1
GC_00004362	5	5	1
GC_00004363	3	5	2
GC_00004364	5	5	1
GC_00004365	5	5	1
GC_00004366	5	5	1
GC_00004367	5	5	1
GC_00004368	5	5	1
GC_00004369	5	5	1
GC_00004370	5	5	1
GC_00004371	5	5	1
GC_00004372	5	5	1
GC_00004373	5	5	1
GC_00004374	5	5	1
GC_00004375	5	5	1
GC_00004376	5	5	1
GC_00004377	5	5	1
GC_00004378	5	5	1
GC_00004379	5	5	1
GC_00004380	4	5	2
GC_00004381	5	5	1
GC_00004382	5	5	1
GC_00004383	5	5	1
GC_00004384	5	5	1
GC_00004385	5	5	1
GC_00004386	5	5	1
GC_00004387	5	5	1
GC_00004388	5	5	1
GC_00004389	5	5	1
GC_00004390	5	5	1
GC_00004391	5	5	1
GC_00004392	5	5	1
GC_00004393	5	5	1
GC_00004394	3	5	2
GC_00004395	5	5	1
GC_00004396	4	5	2
GC_00004397	5	5	1
GC_00004398	5	5	1
GC_00004399	5	5	1
GC_00004400	5	5	1
GC_00004401	5	5	1
GC_00004402	5	5	1
GC_00004403	5	5	1
GC_00004404	5	5	1
GC_00004405	5	5	1
GC_00004406	5	5	1
GC_00004407	5	5	1
GC_00004408	5	5	1
GC_00004409	5	5	1
GC_00004410	5	5	1
GC_00004411	5	5	1
GC_00004412	5	5	1
GC_00004413	4	5	2
GC_00004414	5	5	1
GC_00004415	5	5	1
GC_00004416	5	5	1
GC_00004417	5	5	1
GC_00004418	5	5	1
GC_00004419	5	5	1
GC_00004420	5	5	1
GC_00004421	5	5	1
GC_00004422	2	5	3
GC_00004423	5	5	1
GC_00004424	4	5	2
GC_00004425	5	5	1
GC_00004426	5	5	1
GC_00004427	5	5	1
GC_00004428	5	5	1
GC_00004429	5	5	1
GC_00004430	5	5	1
GC_00004431	5	5	1
GC_00004432	4	5	2
GC_00004433	5	5	1
GC_00004434	5	5	1
GC_00004435	5	5	1
GC_00004436	5	5	1
GC_00004437	5	5	1
GC_00004438	5	5	1
GC_00004439	5	5	1
GC_00004440	5	5	1
GC_00004441	5	5	1
GC_00004442	5	5	1
GC_00004443	5	5	1
GC_00004444	5	5	1
GC_00004445	5	5	1
GC_00004446	5	5	1
GC_00004447	5	5	1
GC_00004448	3	5	2
GC_00004449	5	5	1
GC_00004450	5	5	1
GC_00004451	5	5	1
GC_00004452	5	5	1
GC_00004453	5	5	1
GC_00004454	5	5	1
GC_00004455	5	5	1
GC_00004456	5	5	1
GC_00004457	5	5	1
GC_00004458	5	5	1
GC_00004459	4	5	2
GC_00004460	5	5	1
GC_00004461	3	5	2
GC_00004462	5	5	1
GC_00004463	5	5	1
GC_00004464	5	5	1
GC_00004465	5	5	1
GC_00004466	5	5	1
GC_00004467	4	5	2
GC_00004468	1	5	5
GC_00004469	4	4	1
GC_00004470	4	4	1
GC_00004471	4	4	1
GC_00004472	4	4	1
GC_00004473	4	4	1
GC_00004474	4	4	1
GC_00004475	2	4	2
GC_00004476	4	4	1
GC_00004477	4	4	1
GC_00004478	4	4	1
GC_00004479	4	4	1
GC_00004480	4	4	1
GC_00004481	4	4	1
GC_00004482	4	4	1
GC_00004483	4	4	1
GC_00004484	2	4	2
GC_00004485	4	4	1
GC_00004486	4	4	1
GC_00004487	4	4	1
GC_00004488	4	4	1
GC_00004489	4	4	1
GC_00004490	4	4	1
GC_00004491	4	4	1
GC_00004492	4	4	1
GC_00004493	4	4	1
GC_00004494	4	4	1
GC_00004495	4	4	1
GC_00004496	4	4	1
GC_00004497	4	4	1
GC_00004498	4	4	1
GC_00004499	4	4	1
GC_00004500	4	4	1
GC_00004501	4	4	1
GC_00004502	4	4	1
GC_00004503	4	4	1
GC_00004504	4	4	1
GC_00004505	4	4	1
GC_00004506	4	4	1
GC_00004507	4	4	1
GC_00004508	4	4	1
GC_00004509	4	4	1
GC_00004510	4	4	1
GC_00004511	4	4	1
GC_00004512	4	4	1
GC_00004513	4	4	1
GC_00004514	3	4	2
GC_00004515	4	4	1
GC_00004516	4	4	1
GC_00004517	3	4	2
GC_00004518	4	4	1
GC_00004519	4	4	1
GC_00004520	4	4	1
GC_00004521	3	4	2
GC_00004522	4	4	1
GC_00004523	4	4	1
GC_00004524	4	4	1
GC_00004525	4	4	1
GC_00004526	4	4	1
GC_00004527	4	4	1
GC_00004528	4	4	1
GC_00004529	2	4	2
GC_00004530	4	4	1
GC_00004531	4	4	1
GC_00004532	4	4	1
GC_00004533	4	4	1
GC_00004534	4	4	1
GC_00004535	4	4	1
GC_00004536	4	4	1
GC_00004537	4	4	1
GC_00004538	3	4	2
GC_00004539	4	4	1
GC_00004540	4	4	1
GC_00004541	4	4	1
GC_00004542	4	4	1
GC_00004543	4	4	1
GC_00004544	4	4	1
GC_00004545	4	4	1
GC_00004546	4	4	1
GC_00004547	4	4	1
GC_00004548	4	4	1
GC_00004549	4	4	1
GC_00004550	4	4	1
GC_00004551	4	4	1
GC_00004552	4	4	1
GC_00004553	4	4	1
GC_00004554	4	4	1
GC_00004555	4	4	1
GC_00004556	2	4	2
GC_00004557	2	4	2
GC_00004558	4	4	1
GC_00004559	3	4	2
GC_00004560	2	4	2
GC_00004561	4	4	1
GC_00004562	4	4	1
GC_00004563	4	4	1
GC_00004564	2	4	3
GC_00004565	4	4	1
GC_00004566	4	4	1
GC_00004567	4	4	1
GC_00004568	4	4	1
GC_00004569	4	4	1
GC_00004570	4	4	1
GC_00004571	4	4	1
GC_00004572	4	4	1
GC_00004573	4	4	1
GC_00004574	4	4	1
GC_00004575	4	4	1
GC_00004576	4	4	1
GC_00004577	4	4	1
GC_00004578	4	4	1
GC_00004579	4	4	1
GC_00004580	4	4	1
GC_00004581	4	4	1
GC_00004582	4	4	1
GC_00004583	4	4	1
GC_00004584	4	4	1
GC_00004585	4	4	1
GC_00004586	4	4	1
GC_00004587	4	4	1
GC_00004588	4	4	1
GC_00004589	4	4	1
GC_00004590	3	4	2
GC_00004591	4	4	1
GC_00004592	4	4	1
GC_00004593	4	4	1
GC_00004594	3	4	2
GC_00004595	4	4	1
GC_00004596	4	4	1
GC_00004597	4	4	1
GC_00004598	4	4	1
GC_00004599	4	4	1
GC_00004600	4	4	1
GC_00004601	4	4	1
GC_00004602	4	4	1
GC_00004603	4	4	1
GC_00004604	4	4	1
GC_00004605	4	4	1
GC_00004606	3	4	2
GC_00004607	4	4	1
GC_00004608	3	4	2
GC_00004609	4	4	1
GC_00004610	2	4	2
GC_00004611	4	4	1
GC_00004612	4	4	1
GC_00004613	4	4	1
GC_00004614	4	4	1
GC_00004615	4	4	1
GC_00004616	4	4	1
GC_00004617	4	4	1
GC_00004618	4	4	1
GC_00004619	4	4	1
GC_00004620	4	4	1
GC_00004621	4	4	1
GC_00004622	4	4	1
GC_00004623	4	4	1
GC_00004624	4	4	1
GC_00004625	4	4	1
GC_00004626	4	4	1
GC_00004627	4	4	1
GC_00004628	4	4	1
GC_00004629	4	4	1
GC_00004630	4	4	1
GC_00004631	4	4	1
GC_00004632	4	4	1
GC_00004633	4	4	1
GC_00004634	4	4	1
GC_00004635	4	4	1
GC_00004636	3	4	2
GC_00004637	4	4	1
GC_00004638	3	4	2
GC_00004639	3	4	2
GC_00004640	4	4	1
GC_00004641	4	4	1
GC_00004642	4	4	1
GC_00004643	1	4	4
GC_00004644	4	4	1
GC_00004645	3	4	2
GC_00004646	4	4	1
GC_00004647	3	4	2
GC_00004648	4	4	1
GC_00004649	4	4	1
GC_00004650	4	4	1
GC_00004651	2	4	3
GC_00004652	4	4	1
GC_00004653	3	4	2
GC_00004654	4	4	1
GC_00004655	4	4	1
GC_00004656	4	4	1
GC_00004657	4	4	1
GC_00004658	4	4	1
GC_00004659	4	4	1
GC_00004660	2	4	3
GC_00004661	4	4	1
GC_00004662	3	4	2
GC_00004663	4	4	1
GC_00004664	4	4	1
GC_00004665	4	4	1
GC_00004666	4	4	1
GC_00004667	3	4	2
GC_00004668	2	4	3
GC_00004669	4	4	1
GC_00004670	4	4	1
GC_00004671	4	4	1
GC_00004672	4	4	1
GC_00004673	3	4	2
GC_00004674	4	4	1
GC_00004675	4	4	1
GC_00004676	3	4	2
GC_00004677	4	4	1
GC_00004678	4	4	1
GC_00004679	3	4	2
GC_00004680	3	4	2
GC_00004681	4	4	1
GC_00004682	3	4	2
GC_00004683	4	4	1
GC_00004684	3	3	1
GC_00004685	3	3	1
GC_00004686	3	3	1
GC_00004687	3	3	1
GC_00004688	3	3	1
GC_00004689	3	3	1
GC_00004690	3	3	1
GC_00004691	3	3	1
GC_00004692	3	3	1
GC_00004693	3	3	1
GC_00004694	3	3	1
GC_00004695	3	3	1
GC_00004696	3	3	1
GC_00004697	3	3	1
GC_00004698	3	3	1
GC_00004699	3	3	1
GC_00004700	3	3	1
GC_00004701	3	3	1
GC_00004702	3	3	1
GC_00004703	3	3	1
GC_00004704	3	3	1
GC_00004705	3	3	1
GC_00004706	3	3	1
GC_00004707	3	3	1
GC_00004708	3	3	1
GC_00004709	3	3	1
GC_00004710	3	3	1
GC_00004711	3	3	1
GC_00004712	3	3	1
GC_00004713	3	3	1
GC_00004714	3	3	1
GC_00004715	3	3	1
GC_00004716	3	3	1
GC_00004717	3	3	1
GC_00004718	3	3	1
GC_00004719	3	3	1
GC_00004720	3	3	1
GC_00004721	3	3	1
GC_00004722	3	3	1
GC_00004723	3	3	1
GC_00004724	3	3	1
GC_00004725	3	3	1
GC_00004726	3	3	1
GC_00004727	3	3	1
GC_00004728	3	3	1
GC_00004729	3	3	1
GC_00004730	3	3	1
GC_00004731	3	3	1
GC_00004732	3	3	1
GC_00004733	3	3	1
GC_00004734	3	3	1
GC_00004735	3	3	1
GC_00004736	3	3	1
GC_00004737	3	3	1
GC_00004738	3	3	1
GC_00004739	3	3	1
GC_00004740	3	3	1
GC_00004741	3	3	1
GC_00004742	2	3	2
GC_00004743	3	3	1
GC_00004744	3	3	1
GC_00004745	3	3	1
GC_00004746	3	3	1
GC_00004747	3	3	1
GC_00004748	3	3	1
GC_00004749	3	3	1
GC_00004750	3	3	1
GC_00004751	3	3	1
GC_00004752	3	3	1
GC_00004753	3	3	1
GC_00004754	3	3	1
GC_00004755	3	3	1
GC_00004756	3	3	1
GC_00004757	3	3	1
GC_00004758	2	3	2
GC_00004759	2	3	2
GC_00004760	3	3	1
GC_00004761	3	3	1
GC_00004762	3	3	1
GC_00004763	3	3	1
GC_00004764	3	3	1
GC_00004765	3	3	1
GC_00004766	3	3	1
GC_00004767	3	3	1
GC_00004768	3	3	1
GC_00004769	3	3	1
GC_00004770	3	3	1
GC_00004771	3	3	1
GC_00004772	3	3	1
GC_00004773	3	3	1
GC_00004774	3	3	1
GC_00004775	3	3	1
GC_00004776	3	3	1
GC_00004777	3	3	1
GC_00004778	3	3	1
GC_00004779	3	3	1
GC_00004780	3	3	1
GC_00004781	3	3	1
GC_00004782	3	3	1
GC_00004783	3	3	1
GC_00004784	3	3	1
GC_00004785	3	3	1
GC_00004786	3	3	1
GC_00004787	3	3	1
GC_00004788	2	3	2
GC_00004789	3	3	1
GC_00004790	3	3	1
GC_00004791	3	3	1
GC_00004792	3	3	1
GC_00004793	3	3	1
GC_00004794	3	3	1
GC_00004795	3	3	1
GC_00004796	3	3	1
GC_00004797	3	3	1
GC_00004798	3	3	1
GC_00004799	3	3	1
GC_00004800	2	3	2
GC_00004801	3	3	1
GC_00004802	3	3	1
GC_00004803	3	3	1
GC_00004804	3	3	1
GC_00004805	2	3	2
GC_00004806	3	3	1
GC_00004807	3	3	1
GC_00004808	3	3	1
GC_00004809	3	3	1
GC_00004810	3	3	1
GC_00004811	3	3	1
GC_00004812	3	3	1
GC_00004813	3	3	1
GC_00004814	3	3	1
GC_00004815	3	3	1
GC_00004816	3	3	1
GC_00004817	3	3	1
GC_00004818	3	3	1
GC_00004819	3	3	1
GC_00004820	3	3	1
GC_00004821	3	3	1
GC_00004822	3	3	1
GC_00004823	3	3	1
GC_00004824	3	3	1
GC_00004825	3	3	1
GC_00004826	3	3	1
GC_00004827	3	3	1
GC_00004828	3	3	1
GC_00004829	3	3	1
GC_00004830	3	3	1
GC_00004831	3	3	1
GC_00004832	3	3	1
GC_00004833	3	3	1
GC_00004834	3	3	1
GC_00004835	3	3	1
GC_00004836	3	3	1
GC_00004837	3	3	1
GC_00004838	3	3	1
GC_00004839	3	3	1
GC_00004840	3	3	1
GC_00004841	2	3	2
GC_00004842	3	3	1
GC_00004843	3	3	1
GC_00004844	3	3	1
GC_00004845	3	3	1
GC_00004846	3	3	1
GC_00004847	3	3	1
GC_00004848	3	3	1
GC_00004849	3	3	1
GC_00004850	3	3	1
GC_00004851	2	3	2
GC_00004852	3	3	1
GC_00004853	3	3	1
GC_00004854	3	3	1
GC_00004855	3	3	1
GC_00004856	3	3	1
GC_00004857	3	3	1
GC_00004858	3	3	1
GC_00004859	3	3	1
GC_00004860	3	3	1
GC_00004861	3	3	1
GC_00004862	3	3	1
GC_00004863	3	3	1
GC_00004864	3	3	1
GC_00004865	3	3	1
GC_00004866	3	3	1
GC_00004867	3	3	1
GC_00004868	3	3	1
GC_00004869	3	3	1
GC_00004870	3	3	1
GC_00004871	3	3	1
GC_00004872	3	3	1
GC_00004873	3	3	1
GC_00004874	3	3	1
GC_00004875	3	3	1
GC_00004876	3	3	1
GC_00004877	3	3	1
GC_00004878	3	3	1
GC_00004879	3	3	1
GC_00004880	3	3	1
GC_00004881	3	3	1
GC_00004882	3	3	1
GC_00004883	3	3	1
GC_00004884	3	3	1
GC_00004885	3	3	1
GC_00004886	3	3	1
GC_00004887	3	3	1
GC_00004888	3	3	1
GC_00004889	3	3	1
GC_00004890	3	3	1
GC_00004891	2	3	2
GC_00004892	3	3	1
GC_00004893	2	3	2
GC_00004894	3	3	1
GC_00004895	3	3	1
GC_00004896	2	3	2
GC_00004897	3	3	1
GC_00004898	3	3	1
GC_00004899	3	3	1
GC_00004900	3	3	1
GC_00004901	1	3	3
GC_00004902	1	3	3
GC_00004903	3	3	1
GC_00004904	3	3	1
GC_00004905	3	3	1
GC_00004906	3	3	1
GC_00004907	3	3	1
GC_00004908	3	3	1
GC_00004909	3	3	1
GC_00004910	3	3	1
GC_00004911	3	3	1
GC_00004912	3	3	1
GC_00004913	2	3	2
GC_00004914	3	3	1
GC_00004915	2	3	2
GC_00004916	2	3	2
GC_00004917	3	3	1
GC_00004918	3	3	1
GC_00004919	1	3	3
GC_00004920	3	3	1
GC_00004921	1	3	3
GC_00004922	3	3	1
GC_00004923	3	3	1
GC_00004924	3	3	1
GC_00004925	3	3	1
GC_00004926	3	3	1
GC_00004927	3	3	1
GC_00004928	3	3	1
GC_00004929	3	3	1
GC_00004930	1	3	3
GC_00004931	3	3	1
GC_00004932	2	3	2
GC_00004933	3	3	1
GC_00004934	2	3	2
GC_00004935	3	3	1
GC_00004936	3	3	1
GC_00004937	3	3	1
GC_00004938	3	3	1
GC_00004939	3	3	1
GC_00004940	3	3	1
GC_00004941	3	3	1
GC_00004942	3	3	1
GC_00004943	1	3	3
GC_00004944	3	3	1
GC_00004945	3	3	1
GC_00004946	2	3	2
GC_00004947	3	3	1
GC_00004948	3	3	1
GC_00004949	1	3	3
GC_00004950	3	3	1
GC_00004951	3	3	1
GC_00004952	1	3	3
GC_00004953	1	3	3
GC_00004954	3	3	1
GC_00004955	3	3	1
GC_00004956	3	3	1
GC_00004957	3	3	1
GC_00004958	1	3	3
GC_00004959	3	3	1
GC_00004960	3	3	1
GC_00004961	2	3	2
GC_00004962	3	3	1
GC_00004963	3	3	1
GC_00004964	3	3	1
GC_00004965	3	3	1
GC_00004966	3	3	1
GC_00004967	3	3	1
GC_00004968	3	3	1
GC_00004969	1	3	3
GC_00004970	3	3	1
GC_00004971	2	3	2
GC_00004972	3	3	1
GC_00004973	2	3	2
GC_00004974	3	3	1
GC_00004975	3	3	1
GC_00004976	2	3	2
GC_00004977	3	3	1
GC_00004978	3	3	1
GC_00004979	1	3	3
GC_00004980	3	3	1
GC_00004981	3	3	1
GC_00004982	3	3	1
GC_00004983	2	3	2
GC_00004984	3	3	1
GC_00004985	3	3	1
GC_00004986	3	3	1
GC_00004987	3	3	1
GC_00004988	3	3	1
GC_00004989	2	3	2
GC_00004990	2	3	2
GC_00004991	2	3	2
GC_00004992	3	3	1
GC_00004993	3	3	1
GC_00004994	3	3	1
GC_00004995	3	3	1
GC_00004996	3	3	1
GC_00004997	3	3	1
GC_00004998	3	3	1
GC_00004999	3	3	1
GC_00005000	3	3	1
GC_00005001	3	3	1
GC_00005002	3	3	1
GC_00005003	3	3	1
GC_00005004	3	3	1
GC_00005005	2	3	2
GC_00005006	3	3	1
GC_00005007	2	3	2
GC_00005008	3	3	1
GC_00005009	3	3	1
GC_00005010	1	3	3
GC_00005011	3	3	1
GC_00005012	3	3	1
GC_00005013	3	3	1
GC_00005014	3	3	1
GC_00005015	1	3	3
GC_00005016	3	3	1
GC_00005017	2	3	2
GC_00005018	2	3	2
GC_00005019	3	3	1
GC_00005020	3	3	1
GC_00005021	3	3	1
GC_00005022	3	3	1
GC_00005023	2	2	1
GC_00005024	2	2	1
GC_00005025	2	2	1
GC_00005026	2	2	1
GC_00005027	2	2	1
GC_00005028	2	2	1
GC_00005029	2	2	1
GC_00005030	2	2	1
GC_00005031	2	2	1
GC_00005032	2	2	1
GC_00005033	2	2	1
GC_00005034	1	2	2
GC_00005035	2	2	1
GC_00005036	1	2	2
GC_00005037	2	2	1
GC_00005038	2	2	1
GC_00005039	2	2	1
GC_00005040	1	2	2
GC_00005041	2	2	1
GC_00005042	2	2	1
GC_00005043	2	2	1
GC_00005044	2	2	1
GC_00005045	2	2	1
GC_00005046	2	2	1
GC_00005047	2	2	1
GC_00005048	1	2	2
GC_00005049	2	2	1
GC_00005050	2	2	1
GC_00005051	2	2	1
GC_00005052	2	2	1
GC_00005053	2	2	1
GC_00005054	2	2	1
GC_00005055	2	2	1
GC_00005056	2	2	1
GC_00005057	2	2	1
GC_00005058	2	2	1
GC_00005059	2	2	1
GC_00005060	2	2	1
GC_00005061	1	2	2
GC_00005062	2	2	1
GC_00005063	2	2	1
GC_00005064	2	2	1
GC_00005065	2	2	1
GC_00005066	2	2	1
GC_00005067	2	2	1
GC_00005068	2	2	1
GC_00005069	2	2	1
GC_00005070	1	2	2
GC_00005071	2	2	1
GC_00005072	2	2	1
GC_00005073	2	2	1
GC_00005074	2	2	1
GC_00005075	2	2	1
GC_00005076	2	2	1
GC_00005077	2	2	1
GC_00005078	2	2	1
GC_00005079	2	2	1
GC_00005080	2	2	1
GC_00005081	2	2	1
GC_00005082	2	2	1
GC_00005083	2	2	1
GC_00005084	2	2	1
GC_00005085	2	2	1
GC_00005086	2	2	1
GC_00005087	2	2	1
GC_00005088	1	2	2
GC_00005089	2	2	1
GC_00005090	1	2	2
GC_00005091	2	2	1
GC_00005092	1	2	2
GC_00005093	2	2	1
GC_00005094	2	2	1
GC_00005095	2	2	1
GC_00005096	2	2	1
GC_00005097	2	2	1
GC_00005098	1	2	2
GC_00005099	2	2	1
GC_00005100	1	2	2
GC_00005101	2	2	1
GC_00005102	2	2	1
GC_00005103	2	2	1
GC_00005104	2	2	1
GC_00005105	1	2	2
GC_00005106	2	2	1
GC_00005107	2	2	1
GC_00005108	2	2	1
GC_00005109	2	2	1
GC_00005110	1	2	2
GC_00005111	2	2	1
GC_00005112	1	2	2
GC_00005113	2	2	1
GC_00005114	2	2	1
GC_00005115	2	2	1
GC_00005116	2	2	1
GC_00005117	2	2	1
GC_00005118	2	2	1
GC_00005119	2	2	1
GC_00005120	2	2	1
GC_00005121	2	2	1
GC_00005122	2	2	1
GC_00005123	2	2	1
GC_00005124	2	2	1
GC_00005125	2	2	1
GC_00005126	2	2	1
GC_00005127	2	2	1
GC_00005128	2	2	1
GC_00005129	2	2	1
GC_00005130	2	2	1
GC_00005131	2	2	1
GC_00005132	2	2	1
GC_00005133	2	2	1
GC_00005134	2	2	1
GC_00005135	2	2	1
GC_00005136	2	2	1
GC_00005137	2	2	1
GC_00005138	2	2	1
GC_00005139	2	2	1
GC_00005140	1	2	2
GC_00005141	2	2	1
GC_00005142	2	2	1
GC_00005143	2	2	1
GC_00005144	2	2	1
GC_00005145	1	2	2
GC_00005146	2	2	1
GC_00005147	2	2	1
GC_00005148	2	2	1
GC_00005149	2	2	1
GC_00005150	1	2	2
GC_00005151	2	2	1
GC_00005152	2	2	1
GC_00005153	2	2	1
GC_00005154	2	2	1
GC_00005155	2	2	1
GC_00005156	2	2	1
GC_00005157	2	2	1
GC_00005158	2	2	1
GC_00005159	2	2	1
GC_00005160	2	2	1
GC_00005161	2	2	1
GC_00005162	2	2	1
GC_00005163	1	2	2
GC_00005164	2	2	1
GC_00005165	2	2	1
GC_00005166	2	2	1
GC_00005167	2	2	1
GC_00005168	2	2	1
GC_00005169	2	2	1
GC_00005170	2	2	1
GC_00005171	2	2	1
GC_00005172	2	2	1
GC_00005173	2	2	1
GC_00005174	1	2	2
GC_00005175	2	2	1
GC_00005176	2	2	1
GC_00005177	2	2	1
GC_00005178	2	2	1
GC_00005179	2	2	1
GC_00005180	2	2	1
GC_00005181	2	2	1
GC_00005182	2	2	1
GC_00005183	2	2	1
GC_00005184	1	2	2
GC_00005185	2	2	1
GC_00005186	1	2	2
GC_00005187	2	2	1
GC_00005188	2	2	1
GC_00005189	1	2	2
GC_00005190	2	2	1
GC_00005191	2	2	1
GC_00005192	2	2	1
GC_00005193	2	2	1
GC_00005194	2	2	1
GC_00005195	2	2	1
GC_00005196	2	2	1
GC_00005197	2	2	1
GC_00005198	2	2	1
GC_00005199	1	2	2
GC_00005200	2	2	1
GC_00005201	1	2	2
GC_00005202	2	2	1
GC_00005203	2	2	1
GC_00005204	2	2	1
GC_00005205	2	2	1
GC_00005206	2	2	1
GC_00005207	2	2	1
GC_00005208	2	2	1
GC_00005209	1	2	2
GC_00005210	2	2	1
GC_00005211	1	2	2
GC_00005212	2	2	1
GC_00005213	1	2	2
GC_00005214	2	2	1
GC_00005215	2	2	1
GC_00005216	2	2	1
GC_00005217	2	2	1
GC_00005218	2	2	1
GC_00005219	2	2	1
GC_00005220	2	2	1
GC_00005221	2	2	1
GC_00005222	2	2	1
GC_00005223	1	2	2
GC_00005224	2	2	1
GC_00005225	2	2	1
GC_00005226	2	2	1
GC_00005227	2	2	1
GC_00005228	2	2	1
GC_00005229	2	2	1
GC_00005230	2	2	1
GC_00005231	2	2	1
GC_00005232	2	2	1
GC_00005233	2	2	1
GC_00005234	2	2	1
GC_00005235	2	2	1
GC_00005236	1	2	2
GC_00005237	1	2	2
GC_00005238	1	2	2
GC_00005239	2	2	1
GC_00005240	2	2	1
GC_00005241	2	2	1
GC_00005242	2	2	1
GC_00005243	2	2	1
GC_00005244	2	2	1
GC_00005245	2	2	1
GC_00005246	2	2	1
GC_00005247	2	2	1
GC_00005248	2	2	1
GC_00005249	2	2	1
GC_00005250	2	2	1
GC_00005251	2	2	1
GC_00005252	2	2	1
GC_00005253	2	2	1
GC_00005254	2	2	1
GC_00005255	2	2	1
GC_00005256	2	2	1
GC_00005257	2	2	1
GC_00005258	2	2	1
GC_00005259	1	2	2
GC_00005260	2	2	1
GC_00005261	1	2	2
GC_00005262	2	2	1
GC_00005263	2	2	1
GC_00005264	2	2	1
GC_00005265	2	2	1
GC_00005266	1	2	2
GC_00005267	2	2	1
GC_00005268	2	2	1
GC_00005269	2	2	1
GC_00005270	1	2	2
GC_00005271	2	2	1
GC_00005272	2	2	1
GC_00005273	2	2	1
GC_00005274	2	2	1
GC_00005275	2	2	1
GC_00005276	2	2	1
GC_00005277	2	2	1
GC_00005278	2	2	1
GC_00005279	2	2	1
GC_00005280	2	2	1
GC_00005281	2	2	1
GC_00005282	1	2	2
GC_00005283	2	2	1
GC_00005284	2	2	1
GC_00005285	2	2	1
GC_00005286	2	2	1
GC_00005287	2	2	1
GC_00005288	2	2	1
GC_00005289	2	2	1
GC_00005290	2	2	1
GC_00005291	2	2	1
GC_00005292	2	2	1
GC_00005293	2	2	1
GC_00005294	2	2	1
GC_00005295	2	2	1
GC_00005296	2	2	1
GC_00005297	2	2	1
GC_00005298	2	2	1
GC_00005299	2	2	1
GC_00005300	2	2	1
GC_00005301	2	2	1
GC_00005302	2	2	1
GC_00005303	2	2	1
GC_00005304	2	2	1
GC_00005305	2	2	1
GC_00005306	2	2	1
GC_00005307	2	2	1
GC_00005308	2	2	1
GC_00005309	2	2	1
GC_00005310	1	2	2
GC_00005311	2	2	1
GC_00005312	1	2	2
GC_00005313	2	2	1
GC_00005314	2	2	1
GC_00005315	2	2	1
GC_00005316	2	2	1
GC_00005317	2	2	1
GC_00005318	2	2	1
GC_00005319	2	2	1
GC_00005320	2	2	1
GC_00005321	1	2	2
GC_00005322	2	2	1
GC_00005323	2	2	1
GC_00005324	1	2	2
GC_00005325	2	2	1
GC_00005326	2	2	1
GC_00005327	1	2	2
GC_00005328	2	2	1
GC_00005329	2	2	1
GC_00005330	2	2	1
GC_00005331	2	2	1
GC_00005332	2	2	1
GC_00005333	2	2	1
GC_00005334	2	2	1
GC_00005335	1	2	2
GC_00005336	2	2	1
GC_00005337	2	2	1
GC_00005338	2	2	1
GC_00005339	1	2	2
GC_00005340	2	2	1
GC_00005341	2	2	1
GC_00005342	2	2	1
GC_00005343	2	2	1
GC_00005344	2	2	1
GC_00005345	2	2	1
GC_00005346	2	2	1
GC_00005347	1	2	2
GC_00005348	2	2	1
GC_00005349	2	2	1
GC_00005350	2	2	1
GC_00005351	2	2	1
GC_00005352	1	2	2
GC_00005353	2	2	1
GC_00005354	2	2	1
GC_00005355	2	2	1
GC_00005356	2	2	1
GC_00005357	2	2	1
GC_00005358	2	2	1
GC_00005359	2	2	1
GC_00005360	2	2	1
GC_00005361	2	2	1
GC_00005362	2	2	1
GC_00005363	2	2	1
GC_00005364	2	2	1
GC_00005365	2	2	1
GC_00005366	2	2	1
GC_00005367	1	2	2
GC_00005368	2	2	1
GC_00005369	2	2	1
GC_00005370	2	2	1
GC_00005371	2	2	1
GC_00005372	2	2	1
GC_00005373	2	2	1
GC_00005374	2	2	1
GC_00005375	2	2	1
GC_00005376	2	2	1
GC_00005377	2	2	1
GC_00005378	2	2	1
GC_00005379	2	2	1
GC_00005380	2	2	1
GC_00005381	2	2	1
GC_00005382	1	2	2
GC_00005383	2	2	1
GC_00005384	2	2	1
GC_00005385	1	2	2
GC_00005386	2	2	1
GC_00005387	2	2	1
GC_00005388	2	2	1
GC_00005389	2	2	1
GC_00005390	2	2	1
GC_00005391	2	2	1
GC_00005392	2	2	1
GC_00005393	2	2	1
GC_00005394	1	2	2
GC_00005395	2	2	1
GC_00005396	2	2	1
GC_00005397	2	2	1
GC_00005398	1	2	2
GC_00005399	2	2	1
GC_00005400	2	2	1
GC_00005401	2	2	1
GC_00005402	2	2	1
GC_00005403	1	2	2
GC_00005404	1	2	2
GC_00005405	2	2	1
GC_00005406	2	2	1
GC_00005407	2	2	1
GC_00005408	2	2	1
GC_00005409	2	2	1
GC_00005410	2	2	1
GC_00005411	1	2	2
GC_00005412	2	2	1
GC_00005413	2	2	1
GC_00005414	2	2	1
GC_00005415	2	2	1
GC_00005416	2	2	1
GC_00005417	2	2	1
GC_00005418	2	2	1
GC_00005419	2	2	1
GC_00005420	2	2	1
GC_00005421	1	2	2
GC_00005422	2	2	1
GC_00005423	2	2	1
GC_00005424	1	2	2
GC_00005425	2	2	1
GC_00005426	1	2	2
GC_00005427	2	2	1
GC_00005428	2	2	1
GC_00005429	2	2	1
GC_00005430	2	2	1
GC_00005431	2	2	1
GC_00005432	2	2	1
GC_00005433	2	2	1
GC_00005434	2	2	1
GC_00005435	2	2	1
GC_00005436	1	2	2
GC_00005437	2	2	1
GC_00005438	2	2	1
GC_00005439	2	2	1
GC_00005440	2	2	1
GC_00005441	2	2	1
GC_00005442	2	2	1
GC_00005443	2	2	1
GC_00005444	2	2	1
GC_00005445	2	2	1
GC_00005446	2	2	1
GC_00005447	2	2	1
GC_00005448	2	2	1
GC_00005449	1	2	2
GC_00005450	2	2	1
GC_00005451	2	2	1
GC_00005452	2	2	1
GC_00005453	2	2	1
GC_00005454	1	2	2
GC_00005455	2	2	1
GC_00005456	2	2	1
GC_00005457	2	2	1
GC_00005458	1	2	2
GC_00005459	1	2	2
GC_00005460	2	2	1
GC_00005461	2	2	1
GC_00005462	2	2	1
GC_00005463	2	2	1
GC_00005464	2	2	1
GC_00005465	2	2	1
GC_00005466	2	2	1
GC_00005467	1	2	2
GC_00005468	2	2	1
GC_00005469	1	2	2
GC_00005470	2	2	1
GC_00005471	2	2	1
GC_00005472	2	2	1
GC_00005473	2	2	1
GC_00005474	1	2	2
GC_00005475	1	2	2
GC_00005476	2	2	1
GC_00005477	2	2	1
GC_00005478	2	2	1
GC_00005479	2	2	1
GC_00005480	1	2	2
GC_00005481	2	2	1
GC_00005482	2	2	1
GC_00005483	2	2	1
GC_00005484	2	2	1
GC_00005485	2	2	1
GC_00005486	2	2	1
GC_00005487	2	2	1
GC_00005488	1	2	2
GC_00005489	2	2	1
GC_00005490	2	2	1
GC_00005491	2	2	1
GC_00005492	2	2	1
GC_00005493	2	2	1
GC_00005494	2	2	1
GC_00005495	2	2	1
GC_00005496	2	2	1
GC_00005497	2	2	1
GC_00005498	2	2	1
GC_00005499	2	2	1
GC_00005500	2	2	1
GC_00005501	1	2	2
GC_00005502	2	2	1
GC_00005503	2	2	1
GC_00005504	2	2	1
GC_00005505	1	2	2
GC_00005506	2	2	1
GC_00005507	2	2	1
GC_00005508	2	2	1
GC_00005509	2	2	1
GC_00005510	2	2	1
GC_00005511	2	2	1
GC_00005512	2	2	1
GC_00005513	2	2	1
GC_00005514	2	2	1
GC_00005515	2	2	1
GC_00005516	1	2	2
GC_00005517	2	2	1
GC_00005518	1	2	2
GC_00005519	2	2	1
GC_00005520	2	2	1
GC_00005521	1	2	2
GC_00005522	2	2	1
GC_00005523	2	2	1
GC_00005524	1	2	2
GC_00005525	2	2	1
GC_00005526	2	2	1
GC_00005527	2	2	1
GC_00005528	2	2	1
GC_00005529	2	2	1
GC_00005530	2	2	1
GC_00005531	2	2	1
GC_00005532	2	2	1
GC_00005533	2	2	1
GC_00005534	2	2	1
GC_00005535	2	2	1
GC_00005536	2	2	1
GC_00005537	2	2	1
GC_00005538	2	2	1
GC_00005539	2	2	1
GC_00005540	2	2	1
GC_00005541	1	2	2
GC_00005542	2	2	1
GC_00005543	2	2	1
GC_00005544	2	2	1
GC_00005545	2	2	1
GC_00005546	2	2	1
GC_00005547	2	2	1
GC_00005548	1	2	2
GC_00005549	1	2	2
GC_00005550	2	2	1
GC_00005551	2	2	1
GC_00005552	1	2	2
GC_00005553	1	2	2
GC_00005554	2	2	1
GC_00005555	2	2	1
GC_00005556	1	2	2
GC_00005557	2	2	1
GC_00005558	2	2	1
GC_00005559	2	2	1
GC_00005560	2	2	1
GC_00005561	2	2	1
GC_00005562	2	2	1
GC_00005563	2	2	1
GC_00005564	1	2	2
GC_00005565	2	2	1
GC_00005566	2	2	1
GC_00005567	2	2	1
GC_00005568	1	2	2
GC_00005569	2	2	1
GC_00005570	2	2	1
GC_00005571	2	2	1
GC_00005572	2	2	1
GC_00005573	2	2	1
GC_00005574	2	2	1
GC_00005575	2	2	1
GC_00005576	1	2	2
GC_00005577	2	2	1
GC_00005578	1	2	2
GC_00005579	2	2	1
GC_00005580	2	2	1
GC_00005581	2	2	1
GC_00005582	1	2	2
GC_00005583	2	2	1
GC_00005584	2	2	1
GC_00005585	2	2	1
GC_00005586	1	2	2
GC_00005587	2	2	1
GC_00005588	2	2	1
GC_00005589	2	2	1
GC_00005590	2	2	1
GC_00005591	2	2	1
GC_00005592	2	2	1
GC_00005593	2	2	1
GC_00005594	2	2	1
GC_00005595	2	2	1
GC_00005596	2	2	1
GC_00005597	2	2	1
GC_00005598	2	2	1
GC_00005599	2	2	1
GC_00005600	2	2	1
GC_00005601	2	2	1
GC_00005602	2	2	1
GC_00005603	1	2	2
GC_00005604	2	2	1
GC_00005605	1	2	2
GC_00005606	2	2	1
GC_00005607	2	2	1
GC_00005608	2	2	1
GC_00005609	2	2	1
GC_00005610	1	2	2
GC_00005611	2	2	1
GC_00005612	2	2	1
GC_00005613	2	2	1
GC_00005614	2	2	1
GC_00005615	2	2	1
GC_00005616	2	2	1
GC_00005617	2	2	1
GC_00005618	2	2	1
GC_00005619	2	2	1
GC_00005620	2	2	1
GC_00005621	1	2	2
GC_00005622	2	2	1
GC_00005623	2	2	1
GC_00005624	2	2	1
GC_00005625	2	2	1
GC_00005626	2	2	1
GC_00005627	2	2	1
GC_00005628	2	2	1
GC_00005629	2	2	1
GC_00005630	2	2	1
GC_00005631	2	2	1
GC_00005632	2	2	1
GC_00005633	2	2	1
GC_00005634	2	2	1
GC_00005635	2	2	1
GC_00005636	2	2	1
GC_00005637	2	2	1
GC_00005638	2	2	1
GC_00005639	2	2	1
GC_00005640	2	2	1
GC_00005641	2	2	1
GC_00005642	2	2	1
GC_00005643	2	2	1
GC_00005644	2	2	1
GC_00005645	2	2	1
GC_00005646	2	2	1
GC_00005647	1	2	2
GC_00005648	2	2	1
GC_00005649	2	2	1
GC_00005650	2	2	1
GC_00005651	2	2	1
GC_00005652	1	2	2
GC_00005653	1	2	2
GC_00005654	2	2	1
GC_00005655	2	2	1
GC_00005656	2	2	1
GC_00005657	1	2	2
GC_00005658	2	2	1
GC_00005659	1	2	2
GC_00005660	2	2	1
GC_00005661	2	2	1
GC_00005662	2	2	1
GC_00005663	2	2	1
GC_00005664	2	2	1
GC_00005665	2	2	1
GC_00005666	2	2	1
GC_00005667	2	2	1
GC_00005668	2	2	1
GC_00005669	2	2	1
GC_00005670	2	2	1
GC_00005671	2	2	1
GC_00005672	2	2	1
GC_00005673	2	2	1
GC_00005674	2	2	1
GC_00005675	2	2	1
GC_00005676	2	2	1
GC_00005677	2	2	1
GC_00005678	2	2	1
GC_00005679	2	2	1
GC_00005680	2	2	1
GC_00005681	2	2	1
GC_00005682	2	2	1
GC_00005683	1	2	2
GC_00005684	2	2	1
GC_00005685	2	2	1
GC_00005686	2	2	1
GC_00005687	2	2	1
GC_00005688	2	2	1
GC_00005689	2	2	1
GC_00005690	2	2	1
GC_00005691	1	2	2
GC_00005692	2	2	1
GC_00005693	2	2	1
GC_00005694	2	2	1
GC_00005695	2	2	1
GC_00005696	1	2	2
GC_00005697	2	2	1
GC_00005698	2	2	1
GC_00005699	2	2	1
GC_00005700	2	2	1
GC_00005701	2	2	1
GC_00005702	2	2	1
GC_00005703	2	2	1
GC_00005704	2	2	1
GC_00005705	2	2	1
GC_00005706	2	2	1
GC_00005707	2	2	1
GC_00005708	2	2	1
GC_00005709	2	2	1
GC_00005710	2	2	1
GC_00005711	2	2	1
GC_00005712	2	2	1
GC_00005713	2	2	1
GC_00005714	2	2	1
GC_00005715	2	2	1
GC_00005716	1	2	2
GC_00005717	2	2	1
GC_00005718	2	2	1
GC_00005719	2	2	1
GC_00005720	1	2	2
GC_00005721	2	2	1
GC_00005722	2	2	1
GC_00005723	2	2	1
GC_00005724	2	2	1
GC_00005725	2	2	1
GC_00005726	2	2	1
GC_00005727	2	2	1
GC_00005728	2	2	1
GC_00005729	1	2	2
GC_00005730	1	2	2
GC_00005731	2	2	1
GC_00005732	2	2	1
GC_00005733	2	2	1
GC_00005734	2	2	1
GC_00005735	2	2	1
GC_00005736	2	2	1
GC_00005737	2	2	1
GC_00005738	2	2	1
GC_00005739	2	2	1
GC_00005740	1	2	2
GC_00005741	1	2	2
GC_00005742	2	2	1
GC_00005743	1	2	2
GC_00005744	2	2	1
GC_00005745	2	2	1
GC_00005746	2	2	1
GC_00005747	2	2	1
GC_00005748	1	2	2
GC_00005749	2	2	1
GC_00005750	2	2	1
GC_00005751	2	2	1
GC_00005752	2	2	1
GC_00005753	2	2	1
GC_00005754	2	2	1
GC_00005755	2	2	1
GC_00005756	2	2	1
GC_00005757	2	2	1
GC_00005758	2	2	1
GC_00005759	2	2	1
GC_00005760	2	2	1
GC_00005761	2	2	1
GC_00005762	2	2	1
GC_00005763	2	2	1
GC_00005764	2	2	1
GC_00005765	2	2	1
GC_00005766	2	2	1
GC_00005767	2	2	1
GC_00005768	2	2	1
GC_00005769	2	2	1
GC_00005770	2	2	1
GC_00005771	2	2	1
GC_00005772	2	2	1
GC_00005773	2	2	1
GC_00005774	2	2	1
GC_00005775	2	2	1
GC_00005776	2	2	1
GC_00005777	2	2	1
GC_00005778	2	2	1
GC_00005779	2	2	1
GC_00005780	2	2	1
GC_00005781	2	2	1
GC_00005782	2	2	1
GC_00005783	2	2	1
GC_00005784	2	2	1
GC_00005785	2	2	1
GC_00005786	2	2	1
GC_00005787	2	2	1
GC_00005788	2	2	1
GC_00005789	2	2	1
GC_00005790	2	2	1
GC_00005791	2	2	1
GC_00005792	2	2	1
GC_00005793	1	2	2
GC_00005794	1	2	2
GC_00005795	2	2	1
GC_00005796	2	2	1
GC_00005797	2	2	1
GC_00005798	2	2	1
GC_00005799	2	2	1
GC_00005800	2	2	1
GC_00005801	1	2	2
GC_00005802	2	2	1
GC_00005803	2	2	1
GC_00005804	2	2	1
GC_00005805	2	2	1
GC_00005806	2	2	1
GC_00005807	2	2	1
GC_00005808	2	2	1
GC_00005809	2	2	1
GC_00005810	2	2	1
GC_00005811	2	2	1
GC_00005812	2	2	1
GC_00005813	1	2	2
GC_00005814	2	2	1
GC_00005815	2	2	1
GC_00005816	2	2	1
GC_00005817	2	2	1
GC_00005818	2	2	1
GC_00005819	2	2	1
GC_00005820	2	2	1
GC_00005821	2	2	1
GC_00005822	2	2	1
GC_00005823	2	2	1
GC_00005824	2	2	1
GC_00005825	1	2	2
GC_00005826	2	2	1
GC_00005827	2	2	1
GC_00005828	1	2	2
GC_00005829	2	2	1
GC_00005830	2	2	1
GC_00005831	2	2	1
GC_00005832	2	2	1
GC_00005833	2	2	1
GC_00005834	2	2	1
GC_00005835	1	2	2
GC_00005836	2	2	1
GC_00005837	2	2	1
GC_00005838	2	2	1
GC_00005839	2	2	1
GC_00005840	2	2	1
GC_00005841	2	2	1
GC_00005842	1	2	2
GC_00005843	2	2	1
GC_00005844	2	2	1
GC_00005845	2	2	1
GC_00005846	2	2	1
GC_00005847	2	2	1
GC_00005848	2	2	1
GC_00005849	1	2	2
GC_00005850	1	2	2
GC_00005851	2	2	1
GC_00005852	2	2	1
GC_00005853	2	2	1
GC_00005854	2	2	1
GC_00005855	2	2	1
GC_00005856	1	2	2
GC_00005857	2	2	1
GC_00005858	1	2	2
GC_00005859	2	2	1
GC_00005860	2	2	1
GC_00005861	2	2	1
GC_00005862	2	2	1
GC_00005863	2	2	1
GC_00005864	2	2	1
GC_00005865	2	2	1
GC_00005866	1	2	2
GC_00005867	2	2	1
GC_00005868	2	2	1
GC_00005869	2	2	1
GC_00005870	2	2	1
GC_00005871	1	2	2
GC_00005872	2	2	1
GC_00005873	2	2	1
GC_00005874	2	2	1
GC_00005875	2	2	1
GC_00005876	1	2	2
GC_00005877	2	2	1
GC_00005878	2	2	1
GC_00005879	2	2	1
GC_00005880	2	2	1
GC_00005881	2	2	1
GC_00005882	2	2	1
GC_00005883	2	2	1
GC_00005884	2	2	1
GC_00005885	2	2	1
GC_00005886	2	2	1
GC_00005887	2	2	1
GC_00005888	2	2	1
GC_00005889	2	2	1
GC_00005890	1	2	2
GC_00005891	2	2	1
GC_00005892	2	2	1
GC_00005893	2	2	1
GC_00005894	2	2	1
GC_00005895	2	2	1
GC_00005896	2	2	1
GC_00005897	2	2	1
GC_00005898	2	2	1
GC_00005899	2	2	1
GC_00005900	1	2	2
GC_00005901	2	2	1
GC_00005902	2	2	1
GC_00005903	2	2	1
GC_00005904	2	2	1
GC_00005905	2	2	1
GC_00005906	2	2	1
GC_00005907	2	2	1
GC_00005908	1	2	2
GC_00005909	2	2	1
GC_00005910	2	2	1
GC_00005911	1	2	2
GC_00005912	2	2	1
GC_00005913	2	2	1
GC_00005914	2	2	1
GC_00005915	2	2	1
GC_00005916	2	2	1
GC_00005917	2	2	1
GC_00005918	2	2	1
GC_00005919	2	2	1
GC_00005920	2	2	1
GC_00005921	2	2	1
GC_00005922	2	2	1
GC_00005923	2	2	1
GC_00005924	1	2	2
GC_00005925	2	2	1
GC_00005926	1	2	2
GC_00005927	2	2	1
GC_00005928	2	2	1
GC_00005929	1	2	2
GC_00005930	2	2	1
GC_00005931	2	2	1
GC_00005932	1	2	2
GC_00005933	2	2	1
GC_00005934	1	2	2
GC_00005935	2	2	1
GC_00005936	2	2	1
GC_00005937	2	2	1
GC_00005938	2	2	1
GC_00005939	2	2	1
GC_00005940	2	2	1
GC_00005941	1	2	2
GC_00005942	1	2	2
GC_00005943	1	2	2
GC_00005944	2	2	1
GC_00005945	2	2	1
GC_00005946	2	2	1
GC_00005947	2	2	1
GC_00005948	2	2	1
GC_00005949	1	2	2
GC_00005950	2	2	1
GC_00005951	2	2	1
GC_00005952	2	2	1
GC_00005953	2	2	1
GC_00005954	1	2	2
GC_00005955	2	2	1
GC_00005956	2	2	1
GC_00005957	2	2	1
GC_00005958	2	2	1
GC_00005959	2	2	1
GC_00005960	2	2	1
GC_00005961	2	2	1
GC_00005962	2	2	1
GC_00005963	2	2	1
GC_00005964	1	2	2
GC_00005965	1	2	2
GC_00005966	2	2	1
GC_00005967	2	2	1
GC_00005968	1	2	2
GC_00005969	2	2	1
GC_00005970	2	2	1
GC_00005971	2	2	1
GC_00005972	2	2	1
GC_00005973	2	2	1
GC_00005974	2	2	1
GC_00005975	2	2	1
GC_00005976	2	2	1
GC_00005977	2	2	1
GC_00005978	1	2	2
GC_00005979	2	2	1
GC_00005980	2	2	1
GC_00005981	2	2	1
GC_00005982	2	2	1
GC_00005983	2	2	1
GC_00005984	2	2	1
GC_00005985	2	2	1
GC_00005986	2	2	1
GC_00005987	2	2	1
GC_00005988	2	2	1
GC_00005989	2	2	1
GC_00005990	2	2	1
GC_00005991	2	2	1
GC_00005992	2	2	1
GC_00005993	2	2	1
GC_00005994	2	2	1
GC_00005995	2	2	1
GC_00005996	1	1	1
GC_00005997	1	1	1
GC_00005998	1	1	1
GC_00005999	1	1	1
GC_00006000	1	1	1
GC_00006001	1	1	1
GC_00006002	1	1	1
GC_00006003	1	1	1
GC_00006004	1	1	1
GC_00006005	1	1	1
GC_00006006	1	1	1
GC_00006007	1	1	1
GC_00006008	1	1	1
GC_00006009	1	1	1
GC_00006010	1	1	1
GC_00006011	1	1	1
GC_00006012	1	1	1
GC_00006013	1	1	1
GC_00006014	1	1	1
GC_00006015	1	1	1
GC_00006016	1	1	1
GC_00006017	1	1	1
GC_00006018	1	1	1
GC_00006019	1	1	1
GC_00006020	1	1	1
GC_00006021	1	1	1
GC_00006022	1	1	1
GC_00006023	1	1	1
GC_00006024	1	1	1
GC_00006025	1	1	1
GC_00006026	1	1	1
GC_00006027	1	1	1
GC_00006028	1	1	1
GC_00006029	1	1	1
GC_00006030	1	1	1
GC_00006031	1	1	1
GC_00006032	1	1	1
GC_00006033	1	1	1
GC_00006034	1	1	1
GC_00006035	1	1	1
GC_00006036	1	1	1
GC_00006037	1	1	1
GC_00006038	1	1	1
GC_00006039	1	1	1
GC_00006040	1	1	1
GC_00006041	1	1	1
GC_00006042	1	1	1
GC_00006043	1	1	1
GC_00006044	1	1	1
GC_00006045	1	1	1
GC_00006046	1	1	1
GC_00006047	1	1	1
GC_00006048	1	1	1
GC_00006049	1	1	1
GC_00006050	1	1	1
GC_00006051	1	1	1
GC_00006052	1	1	1
GC_00006053	1	1	1
GC_00006054	1	1	1
GC_00006055	1	1	1
GC_00006056	1	1	1
GC_00006057	1	1	1
GC_00006058	1	1	1
GC_00006059	1	1	1
GC_00006060	1	1	1
GC_00006061	1	1	1
GC_00006062	1	1	1
GC_00006063	1	1	1
GC_00006064	1	1	1
GC_00006065	1	1	1
GC_00006066	1	1	1
GC_00006067	1	1	1
GC_00006068	1	1	1
GC_00006069	1	1	1
GC_00006070	1	1	1
GC_00006071	1	1	1
GC_00006072	1	1	1
GC_00006073	1	1	1
GC_00006074	1	1	1
GC_00006075	1	1	1
GC_00006076	1	1	1
GC_00006077	1	1	1
GC_00006078	1	1	1
GC_00006079	1	1	1
GC_00006080	1	1	1
GC_00006081	1	1	1
GC_00006082	1	1	1
GC_00006083	1	1	1
GC_00006084	1	1	1
GC_00006085	1	1	1
GC_00006086	1	1	1
GC_00006087	1	1	1
GC_00006088	1	1	1
GC_00006089	1	1	1
GC_00006090	1	1	1
GC_00006091	1	1	1
GC_00006092	1	1	1
GC_00006093	1	1	1
GC_00006094	1	1	1
GC_00006095	1	1	1
GC_00006096	1	1	1
GC_00006097	1	1	1
GC_00006098	1	1	1
GC_00006099	1	1	1
GC_00006100	1	1	1
GC_00006101	1	1	1
GC_00006102	1	1	1
GC_00006103	1	1	1
GC_00006104	1	1	1
GC_00006105	1	1	1
GC_00006106	1	1	1
GC_00006107	1	1	1
GC_00006108	1	1	1
GC_00006109	1	1	1
GC_00006110	1	1	1
GC_00006111	1	1	1
GC_00006112	1	1	1
GC_00006113	1	1	1
GC_00006114	1	1	1
GC_00006115	1	1	1
GC_00006116	1	1	1
GC_00006117	1	1	1
GC_00006118	1	1	1
GC_00006119	1	1	1
GC_00006120	1	1	1
GC_00006121	1	1	1
GC_00006122	1	1	1
GC_00006123	1	1	1
GC_00006124	1	1	1
GC_00006125	1	1	1
GC_00006126	1	1	1
GC_00006127	1	1	1
GC_00006128	1	1	1
GC_00006129	1	1	1
GC_00006130	1	1	1
GC_00006131	1	1	1
GC_00006132	1	1	1
GC_00006133	1	1	1
GC_00006134	1	1	1
GC_00006135	1	1	1
GC_00006136	1	1	1
GC_00006137	1	1	1
GC_00006138	1	1	1
GC_00006139	1	1	1
GC_00006140	1	1	1
GC_00006141	1	1	1
GC_00006142	1	1	1
GC_00006143	1	1	1
GC_00006144	1	1	1
GC_00006145	1	1	1
GC_00006146	1	1	1
GC_00006147	1	1	1
GC_00006148	1	1	1
GC_00006149	1	1	1
GC_00006150	1	1	1
GC_00006151	1	1	1
GC_00006152	1	1	1
GC_00006153	1	1	1
GC_00006154	1	1	1
GC_00006155	1	1	1
GC_00006156	1	1	1
GC_00006157	1	1	1
GC_00006158	1	1	1
GC_00006159	1	1	1
GC_00006160	1	1	1
GC_00006161	1	1	1
GC_00006162	1	1	1
GC_00006163	1	1	1
GC_00006164	1	1	1
GC_00006165	1	1	1
GC_00006166	1	1	1
GC_00006167	1	1	1
GC_00006168	1	1	1
GC_00006169	1	1	1
GC_00006170	1	1	1
GC_00006171	1	1	1
GC_00006172	1	1	1
GC_00006173	1	1	1
GC_00006174	1	1	1
GC_00006175	1	1	1
GC_00006176	1	1	1
GC_00006177	1	1	1
GC_00006178	1	1	1
GC_00006179	1	1	1
GC_00006180	1	1	1
GC_00006181	1	1	1
GC_00006182	1	1	1
GC_00006183	1	1	1
GC_00006184	1	1	1
GC_00006185	1	1	1
GC_00006186	1	1	1
GC_00006187	1	1	1
GC_00006188	1	1	1
GC_00006189	1	1	1
GC_00006190	1	1	1
GC_00006191	1	1	1
GC_00006192	1	1	1
GC_00006193	1	1	1
GC_00006194	1	1	1
GC_00006195	1	1	1
GC_00006196	1	1	1
GC_00006197	1	1	1
GC_00006198	1	1	1
GC_00006199	1	1	1
GC_00006200	1	1	1
GC_00006201	1	1	1
GC_00006202	1	1	1
GC_00006203	1	1	1
GC_00006204	1	1	1
GC_00006205	1	1	1
GC_00006206	1	1	1
GC_00006207	1	1	1
GC_00006208	1	1	1
GC_00006209	1	1	1
GC_00006210	1	1	1
GC_00006211	1	1	1
GC_00006212	1	1	1
GC_00006213	1	1	1
GC_00006214	1	1	1
GC_00006215	1	1	1
GC_00006216	1	1	1
GC_00006217	1	1	1
GC_00006218	1	1	1
GC_00006219	1	1	1
GC_00006220	1	1	1
GC_00006221	1	1	1
GC_00006222	1	1	1
GC_00006223	1	1	1
GC_00006224	1	1	1
GC_00006225	1	1	1
GC_00006226	1	1	1
GC_00006227	1	1	1
GC_00006228	1	1	1
GC_00006229	1	1	1
GC_00006230	1	1	1
GC_00006231	1	1	1
GC_00006232	1	1	1
GC_00006233	1	1	1
GC_00006234	1	1	1
GC_00006235	1	1	1
GC_00006236	1	1	1
GC_00006237	1	1	1
GC_00006238	1	1	1
GC_00006239	1	1	1
GC_00006240	1	1	1
GC_00006241	1	1	1
GC_00006242	1	1	1
GC_00006243	1	1	1
GC_00006244	1	1	1
GC_00006245	1	1	1
GC_00006246	1	1	1
GC_00006247	1	1	1
GC_00006248	1	1	1
GC_00006249	1	1	1
GC_00006250	1	1	1
GC_00006251	1	1	1
GC_00006252	1	1	1
GC_00006253	1	1	1
GC_00006254	1	1	1
GC_00006255	1	1	1
GC_00006256	1	1	1
GC_00006257	1	1	1
GC_00006258	1	1	1
GC_00006259	1	1	1
GC_00006260	1	1	1
GC_00006261	1	1	1
GC_00006262	1	1	1
GC_00006263	1	1	1
GC_00006264	1	1	1
GC_00006265	1	1	1
GC_00006266	1	1	1
GC_00006267	1	1	1
GC_00006268	1	1	1
GC_00006269	1	1	1
GC_00006270	1	1	1
GC_00006271	1	1	1
GC_00006272	1	1	1
GC_00006273	1	1	1
GC_00006274	1	1	1
GC_00006275	1	1	1
GC_00006276	1	1	1
GC_00006277	1	1	1
GC_00006278	1	1	1
GC_00006279	1	1	1
GC_00006280	1	1	1
GC_00006281	1	1	1
GC_00006282	1	1	1
GC_00006283	1	1	1
GC_00006284	1	1	1
GC_00006285	1	1	1
GC_00006286	1	1	1
GC_00006287	1	1	1
GC_00006288	1	1	1
GC_00006289	1	1	1
GC_00006290	1	1	1
GC_00006291	1	1	1
GC_00006292	1	1	1
GC_00006293	1	1	1
GC_00006294	1	1	1
GC_00006295	1	1	1
GC_00006296	1	1	1
GC_00006297	1	1	1
GC_00006298	1	1	1
GC_00006299	1	1	1
GC_00006300	1	1	1
GC_00006301	1	1	1
GC_00006302	1	1	1
GC_00006303	1	1	1
GC_00006304	1	1	1
GC_00006305	1	1	1
GC_00006306	1	1	1
GC_00006307	1	1	1
GC_00006308	1	1	1
GC_00006309	1	1	1
GC_00006310	1	1	1
GC_00006311	1	1	1
GC_00006312	1	1	1
GC_00006313	1	1	1
GC_00006314	1	1	1
GC_00006315	1	1	1
GC_00006316	1	1	1
GC_00006317	1	1	1
GC_00006318	1	1	1
GC_00006319	1	1	1
GC_00006320	1	1	1
GC_00006321	1	1	1
GC_00006322	1	1	1
GC_00006323	1	1	1
GC_00006324	1	1	1
GC_00006325	1	1	1
GC_00006326	1	1	1
GC_00006327	1	1	1
GC_00006328	1	1	1
GC_00006329	1	1	1
GC_00006330	1	1	1
GC_00006331	1	1	1
GC_00006332	1	1	1
GC_00006333	1	1	1
GC_00006334	1	1	1
GC_00006335	1	1	1
GC_00006336	1	1	1
GC_00006337	1	1	1
GC_00006338	1	1	1
GC_00006339	1	1	1
GC_00006340	1	1	1
GC_00006341	1	1	1
GC_00006342	1	1	1
GC_00006343	1	1	1
GC_00006344	1	1	1
GC_00006345	1	1	1
GC_00006346	1	1	1
GC_00006347	1	1	1
GC_00006348	1	1	1
GC_00006349	1	1	1
GC_00006350	1	1	1
GC_00006351	1	1	1
GC_00006352	1	1	1
GC_00006353	1	1	1
GC_00006354	1	1	1
GC_00006355	1	1	1
GC_00006356	1	1	1
GC_00006357	1	1	1
GC_00006358	1	1	1
GC_00006359	1	1	1
GC_00006360	1	1	1
GC_00006361	1	1	1
GC_00006362	1	1	1
GC_00006363	1	1	1
GC_00006364	1	1	1
GC_00006365	1	1	1
GC_00006366	1	1	1
GC_00006367	1	1	1
GC_00006368	1	1	1
GC_00006369	1	1	1
GC_00006370	1	1	1
GC_00006371	1	1	1
GC_00006372	1	1	1
GC_00006373	1	1	1
GC_00006374	1	1	1
GC_00006375	1	1	1
GC_00006376	1	1	1
GC_00006377	1	1	1
GC_00006378	1	1	1
GC_00006379	1	1	1
GC_00006380	1	1	1
GC_00006381	1	1	1
GC_00006382	1	1	1
GC_00006383	1	1	1
GC_00006384	1	1	1
GC_00006385	1	1	1
GC_00006386	1	1	1
GC_00006387	1	1	1
GC_00006388	1	1	1
GC_00006389	1	1	1
GC_00006390	1	1	1
GC_00006391	1	1	1
GC_00006392	1	1	1
GC_00006393	1	1	1
GC_00006394	1	1	1
GC_00006395	1	1	1
GC_00006396	1	1	1
GC_00006397	1	1	1
GC_00006398	1	1	1
GC_00006399	1	1	1
GC_00006400	1	1	1
GC_00006401	1	1	1
GC_00006402	1	1	1
GC_00006403	1	1	1
GC_00006404	1	1	1
GC_00006405	1	1	1
GC_00006406	1	1	1
GC_00006407	1	1	1
GC_00006408	1	1	1
GC_00006409	1	1	1
GC_00006410	1	1	1
GC_00006411	1	1	1
GC_00006412	1	1	1
GC_00006413	1	1	1
GC_00006414	1	1	1
GC_00006415	1	1	1
GC_00006416	1	1	1
GC_00006417	1	1	1
GC_00006418	1	1	1
GC_00006419	1	1	1
GC_00006420	1	1	1
GC_00006421	1	1	1
GC_00006422	1	1	1
GC_00006423	1	1	1
GC_00006424	1	1	1
GC_00006425	1	1	1
GC_00006426	1	1	1
GC_00006427	1	1	1
GC_00006428	1	1	1
GC_00006429	1	1	1
GC_00006430	1	1	1
GC_00006431	1	1	1
GC_00006432	1	1	1
GC_00006433	1	1	1
GC_00006434	1	1	1
GC_00006435	1	1	1
GC_00006436	1	1	1
GC_00006437	1	1	1
GC_00006438	1	1	1
GC_00006439	1	1	1
GC_00006440	1	1	1
GC_00006441	1	1	1
GC_00006442	1	1	1
GC_00006443	1	1	1
GC_00006444	1	1	1
GC_00006445	1	1	1
GC_00006446	1	1	1
GC_00006447	1	1	1
GC_00006448	1	1	1
GC_00006449	1	1	1
GC_00006450	1	1	1
GC_00006451	1	1	1
GC_00006452	1	1	1
GC_00006453	1	1	1
GC_00006454	1	1	1
GC_00006455	1	1	1
GC_00006456	1	1	1
GC_00006457	1	1	1
GC_00006458	1	1	1
GC_00006459	1	1	1
GC_00006460	1	1	1
GC_00006461	1	1	1
GC_00006462	1	1	1
GC_00006463	1	1	1
GC_00006464	1	1	1
GC_00006465	1	1	1
GC_00006466	1	1	1
GC_00006467	1	1	1
GC_00006468	1	1	1
GC_00006469	1	1	1
GC_00006470	1	1	1
GC_00006471	1	1	1
GC_00006472	1	1	1
GC_00006473	1	1	1
GC_00006474	1	1	1
GC_00006475	1	1	1
GC_00006476	1	1	1
GC_00006477	1	1	1
GC_00006478	1	1	1
GC_00006479	1	1	1
GC_00006480	1	1	1
GC_00006481	1	1	1
GC_00006482	1	1	1
GC_00006483	1	1	1
GC_00006484	1	1	1
GC_00006485	1	1	1
GC_00006486	1	1	1
GC_00006487	1	1	1
GC_00006488	1	1	1
GC_00006489	1	1	1
GC_00006490	1	1	1
GC_00006491	1	1	1
GC_00006492	1	1	1
GC_00006493	1	1	1
GC_00006494	1	1	1
GC_00006495	1	1	1
GC_00006496	1	1	1
GC_00006497	1	1	1
GC_00006498	1	1	1
GC_00006499	1	1	1
GC_00006500	1	1	1
GC_00006501	1	1	1
GC_00006502	1	1	1
GC_00006503	1	1	1
GC_00006504	1	1	1
GC_00006505	1	1	1
GC_00006506	1	1	1
GC_00006507	1	1	1
GC_00006508	1	1	1
GC_00006509	1	1	1
GC_00006510	1	1	1
GC_00006511	1	1	1
GC_00006512	1	1	1
GC_00006513	1	1	1
GC_00006514	1	1	1
GC_00006515	1	1	1
GC_00006516	1	1	1
GC_00006517	1	1	1
GC_00006518	1	1	1
GC_00006519	1	1	1
GC_00006520	1	1	1
GC_00006521	1	1	1
GC_00006522	1	1	1
GC_00006523	1	1	1
GC_00006524	1	1	1
GC_00006525	1	1	1
GC_00006526	1	1	1
GC_00006527	1	1	1
GC_00006528	1	1	1
GC_00006529	1	1	1
GC_00006530	1	1	1
GC_00006531	1	1	1
GC_00006532	1	1	1
GC_00006533	1	1	1
GC_00006534	1	1	1
GC_00006535	1	1	1
GC_00006536	1	1	1
GC_00006537	1	1	1
GC_00006538	1	1	1
GC_00006539	1	1	1
GC_00006540	1	1	1
GC_00006541	1	1	1
GC_00006542	1	1	1
GC_00006543	1	1	1
GC_00006544	1	1	1
GC_00006545	1	1	1
GC_00006546	1	1	1
GC_00006547	1	1	1
GC_00006548	1	1	1
GC_00006549	1	1	1
GC_00006550	1	1	1
GC_00006551	1	1	1
GC_00006552	1	1	1
GC_00006553	1	1	1
GC_00006554	1	1	1
GC_00006555	1	1	1
GC_00006556	1	1	1
GC_00006557	1	1	1
GC_00006558	1	1	1
GC_00006559	1	1	1
GC_00006560	1	1	1
GC_00006561	1	1	1
GC_00006562	1	1	1
GC_00006563	1	1	1
GC_00006564	1	1	1
GC_00006565	1	1	1
GC_00006566	1	1	1
GC_00006567	1	1	1
GC_00006568	1	1	1
GC_00006569	1	1	1
GC_00006570	1	1	1
GC_00006571	1	1	1
GC_00006572	1	1	1
GC_00006573	1	1	1
GC_00006574	1	1	1
GC_00006575	1	1	1
GC_00006576	1	1	1
GC_00006577	1	1	1
GC_00006578	1	1	1
GC_00006579	1	1	1
GC_00006580	1	1	1
GC_00006581	1	1	1
GC_00006582	1	1	1
GC_00006583	1	1	1
GC_00006584	1	1	1
GC_00006585	1	1	1
GC_00006586	1	1	1
GC_00006587	1	1	1
GC_00006588	1	1	1
GC_00006589	1	1	1
GC_00006590	1	1	1
GC_00006591	1	1	1
GC_00006592	1	1	1
GC_00006593	1	1	1
GC_00006594	1	1	1
GC_00006595	1	1	1
GC_00006596	1	1	1
GC_00006597	1	1	1
GC_00006598	1	1	1
GC_00006599	1	1	1
GC_00006600	1	1	1
GC_00006601	1	1	1
GC_00006602	1	1	1
GC_00006603	1	1	1
GC_00006604	1	1	1
GC_00006605	1	1	1
GC_00006606	1	1	1
GC_00006607	1	1	1
GC_00006608	1	1	1
GC_00006609	1	1	1
GC_00006610	1	1	1
GC_00006611	1	1	1
GC_00006612	1	1	1
GC_00006613	1	1	1
GC_00006614	1	1	1
GC_00006615	1	1	1
GC_00006616	1	1	1
GC_00006617	1	1	1
GC_00006618	1	1	1
GC_00006619	1	1	1
GC_00006620	1	1	1
GC_00006621	1	1	1
GC_00006622	1	1	1
GC_00006623	1	1	1
GC_00006624	1	1	1
GC_00006625	1	1	1
GC_00006626	1	1	1
GC_00006627	1	1	1
GC_00006628	1	1	1
GC_00006629	1	1	1
GC_00006630	1	1	1
GC_00006631	1	1	1
GC_00006632	1	1	1
GC_00006633	1	1	1
GC_00006634	1	1	1
GC_00006635	1	1	1
GC_00006636	1	1	1
GC_00006637	1	1	1
GC_00006638	1	1	1
GC_00006639	1	1	1
GC_00006640	1	1	1
GC_00006641	1	1	1
GC_00006642	1	1	1
GC_00006643	1	1	1
GC_00006644	1	1	1
GC_00006645	1	1	1
GC_00006646	1	1	1
GC_00006647	1	1	1
GC_00006648	1	1	1
GC_00006649	1	1	1
GC_00006650	1	1	1
GC_00006651	1	1	1
GC_00006652	1	1	1
GC_00006653	1	1	1
GC_00006654	1	1	1
GC_00006655	1	1	1
GC_00006656	1	1	1
GC_00006657	1	1	1
GC_00006658	1	1	1
GC_00006659	1	1	1
GC_00006660	1	1	1
GC_00006661	1	1	1
GC_00006662	1	1	1
GC_00006663	1	1	1
GC_00006664	1	1	1
GC_00006665	1	1	1
GC_00006666	1	1	1
GC_00006667	1	1	1
GC_00006668	1	1	1
GC_00006669	1	1	1
GC_00006670	1	1	1
GC_00006671	1	1	1
GC_00006672	1	1	1
GC_00006673	1	1	1
GC_00006674	1	1	1
GC_00006675	1	1	1
GC_00006676	1	1	1
GC_00006677	1	1	1
GC_00006678	1	1	1
GC_00006679	1	1	1
GC_00006680	1	1	1
GC_00006681	1	1	1
GC_00006682	1	1	1
GC_00006683	1	1	1
GC_00006684	1	1	1
GC_00006685	1	1	1
GC_00006686	1	1	1
GC_00006687	1	1	1
GC_00006688	1	1	1
GC_00006689	1	1	1
GC_00006690	1	1	1
GC_00006691	1	1	1
GC_00006692	1	1	1
GC_00006693	1	1	1
GC_00006694	1	1	1
GC_00006695	1	1	1
GC_00006696	1	1	1
GC_00006697	1	1	1
GC_00006698	1	1	1
GC_00006699	1	1	1
GC_00006700	1	1	1
GC_00006701	1	1	1
GC_00006702	1	1	1
GC_00006703	1	1	1
GC_00006704	1	1	1
GC_00006705	1	1	1
GC_00006706	1	1	1
GC_00006707	1	1	1
GC_00006708	1	1	1
GC_00006709	1	1	1
GC_00006710	1	1	1
GC_00006711	1	1	1
GC_00006712	1	1	1
GC_00006713	1	1	1
GC_00006714	1	1	1
GC_00006715	1	1	1
GC_00006716	1	1	1
GC_00006717	1	1	1
GC_00006718	1	1	1
GC_00006719	1	1	1
GC_00006720	1	1	1
GC_00006721	1	1	1
GC_00006722	1	1	1
GC_00006723	1	1	1
GC_00006724	1	1	1
GC_00006725	1	1	1
GC_00006726	1	1	1
GC_00006727	1	1	1
GC_00006728	1	1	1
GC_00006729	1	1	1
GC_00006730	1	1	1
GC_00006731	1	1	1
GC_00006732	1	1	1
GC_00006733	1	1	1
GC_00006734	1	1	1
GC_00006735	1	1	1
GC_00006736	1	1	1
GC_00006737	1	1	1
GC_00006738	1	1	1
GC_00006739	1	1	1
GC_00006740	1	1	1
GC_00006741	1	1	1
GC_00006742	1	1	1
GC_00006743	1	1	1
GC_00006744	1	1	1
GC_00006745	1	1	1
GC_00006746	1	1	1
GC_00006747	1	1	1
GC_00006748	1	1	1
GC_00006749	1	1	1
GC_00006750	1	1	1
GC_00006751	1	1	1
GC_00006752	1	1	1
GC_00006753	1	1	1
GC_00006754	1	1	1
GC_00006755	1	1	1
GC_00006756	1	1	1
GC_00006757	1	1	1
GC_00006758	1	1	1
GC_00006759	1	1	1
GC_00006760	1	1	1
GC_00006761	1	1	1
GC_00006762	1	1	1
GC_00006763	1	1	1
GC_00006764	1	1	1
GC_00006765	1	1	1
GC_00006766	1	1	1
GC_00006767	1	1	1
GC_00006768	1	1	1
GC_00006769	1	1	1
GC_00006770	1	1	1
GC_00006771	1	1	1
GC_00006772	1	1	1
GC_00006773	1	1	1
GC_00006774	1	1	1
GC_00006775	1	1	1
GC_00006776	1	1	1
GC_00006777	1	1	1
GC_00006778	1	1	1
GC_00006779	1	1	1
GC_00006780	1	1	1
GC_00006781	1	1	1
GC_00006782	1	1	1
GC_00006783	1	1	1
GC_00006784	1	1	1
GC_00006785	1	1	1
GC_00006786	1	1	1
GC_00006787	1	1	1
GC_00006788	1	1	1
GC_00006789	1	1	1
GC_00006790	1	1	1
GC_00006791	1	1	1
GC_00006792	1	1	1
GC_00006793	1	1	1
GC_00006794	1	1	1
GC_00006795	1	1	1
GC_00006796	1	1	1
GC_00006797	1	1	1
GC_00006798	1	1	1
GC_00006799	1	1	1
GC_00006800	1	1	1
GC_00006801	1	1	1
GC_00006802	1	1	1
GC_00006803	1	1	1
GC_00006804	1	1	1
GC_00006805	1	1	1
GC_00006806	1	1	1
GC_00006807	1	1	1
GC_00006808	1	1	1
GC_00006809	1	1	1
GC_00006810	1	1	1
GC_00006811	1	1	1
GC_00006812	1	1	1
GC_00006813	1	1	1
GC_00006814	1	1	1
GC_00006815	1	1	1
GC_00006816	1	1	1
GC_00006817	1	1	1
GC_00006818	1	1	1
GC_00006819	1	1	1
GC_00006820	1	1	1
GC_00006821	1	1	1
GC_00006822	1	1	1
GC_00006823	1	1	1
GC_00006824	1	1	1
GC_00006825	1	1	1
GC_00006826	1	1	1
GC_00006827	1	1	1
GC_00006828	1	1	1
GC_00006829	1	1	1
GC_00006830	1	1	1
GC_00006831	1	1	1
GC_00006832	1	1	1
GC_00006833	1	1	1
GC_00006834	1	1	1
GC_00006835	1	1	1
GC_00006836	1	1	1
GC_00006837	1	1	1
GC_00006838	1	1	1
GC_00006839	1	1	1
GC_00006840	1	1	1
GC_00006841	1	1	1
GC_00006842	1	1	1
GC_00006843	1	1	1
GC_00006844	1	1	1
GC_00006845	1	1	1
GC_00006846	1	1	1
GC_00006847	1	1	1
GC_00006848	1	1	1
GC_00006849	1	1	1
GC_00006850	1	1	1
GC_00006851	1	1	1
GC_00006852	1	1	1
GC_00006853	1	1	1
GC_00006854	1	1	1
GC_00006855	1	1	1
GC_00006856	1	1	1
GC_00006857	1	1	1
GC_00006858	1	1	1
GC_00006859	1	1	1
GC_00006860	1	1	1
GC_00006861	1	1	1
GC_00006862	1	1	1
GC_00006863	1	1	1
GC_00006864	1	1	1
GC_00006865	1	1	1
GC_00006866	1	1	1
GC_00006867	1	1	1
GC_00006868	1	1	1
GC_00006869	1	1	1
GC_00006870	1	1	1
GC_00006871	1	1	1
GC_00006872	1	1	1
GC_00006873	1	1	1
GC_00006874	1	1	1
GC_00006875	1	1	1
GC_00006876	1	1	1
GC_00006877	1	1	1
GC_00006878	1	1	1
GC_00006879	1	1	1
GC_00006880	1	1	1
GC_00006881	1	1	1
GC_00006882	1	1	1
GC_00006883	1	1	1
GC_00006884	1	1	1
GC_00006885	1	1	1
GC_00006886	1	1	1
GC_00006887	1	1	1
GC_00006888	1	1	1
GC_00006889	1	1	1
GC_00006890	1	1	1
GC_00006891	1	1	1
GC_00006892	1	1	1
GC_00006893	1	1	1
GC_00006894	1	1	1
GC_00006895	1	1	1
GC_00006896	1	1	1
GC_00006897	1	1	1
GC_00006898	1	1	1
GC_00006899	1	1	1
GC_00006900	1	1	1
GC_00006901	1	1	1
GC_00006902	1	1	1
GC_00006903	1	1	1
GC_00006904	1	1	1
GC_00006905	1	1	1
GC_00006906	1	1	1
GC_00006907	1	1	1
GC_00006908	1	1	1
GC_00006909	1	1	1
GC_00006910	1	1	1
GC_00006911	1	1	1
GC_00006912	1	1	1
GC_00006913	1	1	1
GC_00006914	1	1	1
GC_00006915	1	1	1
GC_00006916	1	1	1
GC_00006917	1	1	1
GC_00006918	1	1	1
GC_00006919	1	1	1
GC_00006920	1	1	1
GC_00006921	1	1	1
GC_00006922	1	1	1
GC_00006923	1	1	1
GC_00006924	1	1	1
GC_00006925	1	1	1
GC_00006926	1	1	1
GC_00006927	1	1	1
GC_00006928	1	1	1
GC_00006929	1	1	1
GC_00006930	1	1	1
GC_00006931	1	1	1
GC_00006932	1	1	1
GC_00006933	1	1	1
GC_00006934	1	1	1
GC_00006935	1	1	1
GC_00006936	1	1	1
GC_00006937	1	1	1
GC_00006938	1	1	1
GC_00006939	1	1	1
GC_00006940	1	1	1
GC_00006941	1	1	1
GC_00006942	1	1	1
GC_00006943	1	1	1
GC_00006944	1	1	1
GC_00006945	1	1	1
GC_00006946	1	1	1
GC_00006947	1	1	1
GC_00006948	1	1	1
GC_00006949	1	1	1
GC_00006950	1	1	1
GC_00006951	1	1	1
GC_00006952	1	1	1
GC_00006953	1	1	1
GC_00006954	1	1	1
GC_00006955	1	1	1
GC_00006956	1	1	1
GC_00006957	1	1	1
GC_00006958	1	1	1
GC_00006959	1	1	1
GC_00006960	1	1	1
GC_00006961	1	1	1
GC_00006962	1	1	1
GC_00006963	1	1	1
GC_00006964	1	1	1
GC_00006965	1	1	1
GC_00006966	1	1	1
GC_00006967	1	1	1
GC_00006968	1	1	1
GC_00006969	1	1	1
GC_00006970	1	1	1
GC_00006971	1	1	1
GC_00006972	1	1	1
GC_00006973	1	1	1
GC_00006974	1	1	1
GC_00006975	1	1	1
GC_00006976	1	1	1
GC_00006977	1	1	1
GC_00006978	1	1	1
GC_00006979	1	1	1
GC_00006980	1	1	1
GC_00006981	1	1	1
GC_00006982	1	1	1
GC_00006983	1	1	1
GC_00006984	1	1	1
GC_00006985	1	1	1
GC_00006986	1	1	1
GC_00006987	1	1	1
GC_00006988	1	1	1
GC_00006989	1	1	1
GC_00006990	1	1	1
GC_00006991	1	1	1
GC_00006992	1	1	1
GC_00006993	1	1	1
GC_00006994	1	1	1
GC_00006995	1	1	1
GC_00006996	1	1	1
GC_00006997	1	1	1
GC_00006998	1	1	1
GC_00006999	1	1	1
GC_00007000	1	1	1
GC_00007001	1	1	1
GC_00007002	1	1	1
GC_00007003	1	1	1
GC_00007004	1	1	1
GC_00007005	1	1	1
GC_00007006	1	1	1
GC_00007007	1	1	1
GC_00007008	1	1	1
GC_00007009	1	1	1
GC_00007010	1	1	1
GC_00007011	1	1	1
GC_00007012	1	1	1
GC_00007013	1	1	1
GC_00007014	1	1	1
GC_00007015	1	1	1
GC_00007016	1	1	1
GC_00007017	1	1	1
GC_00007018	1	1	1
GC_00007019	1	1	1
GC_00007020	1	1	1
GC_00007021	1	1	1
GC_00007022	1	1	1
GC_00007023	1	1	1
GC_00007024	1	1	1
GC_00007025	1	1	1
GC_00007026	1	1	1
GC_00007027	1	1	1
GC_00007028	1	1	1
GC_00007029	1	1	1
GC_00007030	1	1	1
GC_00007031	1	1	1
GC_00007032	1	1	1
GC_00007033	1	1	1
GC_00007034	1	1	1
GC_00007035	1	1	1
GC_00007036	1	1	1
GC_00007037	1	1	1
GC_00007038	1	1	1
GC_00007039	1	1	1
GC_00007040	1	1	1
GC_00007041	1	1	1
GC_00007042	1	1	1
GC_00007043	1	1	1
GC_00007044	1	1	1
GC_00007045	1	1	1
GC_00007046	1	1	1
GC_00007047	1	1	1
GC_00007048	1	1	1
GC_00007049	1	1	1
GC_00007050	1	1	1
GC_00007051	1	1	1
GC_00007052	1	1	1
GC_00007053	1	1	1
GC_00007054	1	1	1
GC_00007055	1	1	1
GC_00007056	1	1	1
GC_00007057	1	1	1
GC_00007058	1	1	1
GC_00007059	1	1	1
GC_00007060	1	1	1
GC_00007061	1	1	1
GC_00007062	1	1	1
GC_00007063	1	1	1
GC_00007064	1	1	1
GC_00007065	1	1	1
GC_00007066	1	1	1
GC_00007067	1	1	1
GC_00007068	1	1	1
GC_00007069	1	1	1
GC_00007070	1	1	1
GC_00007071	1	1	1
GC_00007072	1	1	1
GC_00007073	1	1	1
GC_00007074	1	1	1
GC_00007075	1	1	1
GC_00007076	1	1	1
GC_00007077	1	1	1
GC_00007078	1	1	1
GC_00007079	1	1	1
GC_00007080	1	1	1
GC_00007081	1	1	1
GC_00007082	1	1	1
GC_00007083	1	1	1
GC_00007084	1	1	1
GC_00007085	1	1	1
GC_00007086	1	1	1
GC_00007087	1	1	1
GC_00007088	1	1	1
GC_00007089	1	1	1
GC_00007090	1	1	1
GC_00007091	1	1	1
GC_00007092	1	1	1
GC_00007093	1	1	1
GC_00007094	1	1	1
GC_00007095	1	1	1
GC_00007096	1	1	1
GC_00007097	1	1	1
GC_00007098	1	1	1
GC_00007099	1	1	1
GC_00007100	1	1	1
GC_00007101	1	1	1
GC_00007102	1	1	1
GC_00007103	1	1	1
GC_00007104	1	1	1
GC_00007105	1	1	1
GC_00007106	1	1	1
GC_00007107	1	1	1
GC_00007108	1	1	1
GC_00007109	1	1	1
GC_00007110	1	1	1
GC_00007111	1	1	1
GC_00007112	1	1	1
GC_00007113	1	1	1
GC_00007114	1	1	1
GC_00007115	1	1	1
GC_00007116	1	1	1
GC_00007117	1	1	1
GC_00007118	1	1	1
GC_00007119	1	1	1
GC_00007120	1	1	1
GC_00007121	1	1	1
GC_00007122	1	1	1
GC_00007123	1	1	1
GC_00007124	1	1	1
GC_00007125	1	1	1
GC_00007126	1	1	1
GC_00007127	1	1	1
GC_00007128	1	1	1
GC_00007129	1	1	1
GC_00007130	1	1	1
GC_00007131	1	1	1
GC_00007132	1	1	1
GC_00007133	1	1	1
GC_00007134	1	1	1
GC_00007135	1	1	1
GC_00007136	1	1	1
GC_00007137	1	1	1
GC_00007138	1	1	1
GC_00007139	1	1	1
GC_00007140	1	1	1
GC_00007141	1	1	1
GC_00007142	1	1	1
GC_00007143	1	1	1
GC_00007144	1	1	1
GC_00007145	1	1	1
GC_00007146	1	1	1
GC_00007147	1	1	1
GC_00007148	1	1	1
GC_00007149	1	1	1
GC_00007150	1	1	1
GC_00007151	1	1	1
GC_00007152	1	1	1
GC_00007153	1	1	1
GC_00007154	1	1	1
GC_00007155	1	1	1
GC_00007156	1	1	1
GC_00007157	1	1	1
GC_00007158	1	1	1
GC_00007159	1	1	1
GC_00007160	1	1	1
GC_00007161	1	1	1
GC_00007162	1	1	1
GC_00007163	1	1	1
GC_00007164	1	1	1
GC_00007165	1	1	1
GC_00007166	1	1	1
GC_00007167	1	1	1
GC_00007168	1	1	1
GC_00007169	1	1	1
GC_00007170	1	1	1
GC_00007171	1	1	1
GC_00007172	1	1	1
GC_00007173	1	1	1
GC_00007174	1	1	1
GC_00007175	1	1	1
GC_00007176	1	1	1
GC_00007177	1	1	1
GC_00007178	1	1	1
GC_00007179	1	1	1
GC_00007180	1	1	1
GC_00007181	1	1	1
GC_00007182	1	1	1
GC_00007183	1	1	1
GC_00007184	1	1	1
GC_00007185	1	1	1
GC_00007186	1	1	1
GC_00007187	1	1	1
GC_00007188	1	1	1
GC_00007189	1	1	1
GC_00007190	1	1	1
GC_00007191	1	1	1
GC_00007192	1	1	1
GC_00007193	1	1	1
GC_00007194	1	1	1
GC_00007195	1	1	1
GC_00007196	1	1	1
GC_00007197	1	1	1
GC_00007198	1	1	1
GC_00007199	1	1	1
GC_00007200	1	1	1
GC_00007201	1	1	1
GC_00007202	1	1	1
GC_00007203	1	1	1
GC_00007204	1	1	1
GC_00007205	1	1	1
GC_00007206	1	1	1
GC_00007207	1	1	1
GC_00007208	1	1	1
GC_00007209	1	1	1
GC_00007210	1	1	1
GC_00007211	1	1	1
GC_00007212	1	1	1
GC_00007213	1	1	1
GC_00007214	1	1	1
GC_00007215	1	1	1
GC_00007216	1	1	1
GC_00007217	1	1	1
GC_00007218	1	1	1
GC_00007219	1	1	1
GC_00007220	1	1	1
GC_00007221	1	1	1
GC_00007222	1	1	1
GC_00007223	1	1	1
GC_00007224	1	1	1
GC_00007225	1	1	1
GC_00007226	1	1	1
GC_00007227	1	1	1
GC_00007228	1	1	1
GC_00007229	1	1	1
GC_00007230	1	1	1
GC_00007231	1	1	1
GC_00007232	1	1	1
GC_00007233	1	1	1
GC_00007234	1	1	1
GC_00007235	1	1	1
GC_00007236	1	1	1
GC_00007237	1	1	1
GC_00007238	1	1	1
GC_00007239	1	1	1
GC_00007240	1	1	1
GC_00007241	1	1	1
GC_00007242	1	1	1
GC_00007243	1	1	1
GC_00007244	1	1	1
GC_00007245	1	1	1
GC_00007246	1	1	1
GC_00007247	1	1	1
GC_00007248	1	1	1
GC_00007249	1	1	1
GC_00007250	1	1	1
GC_00007251	1	1	1
GC_00007252	1	1	1
GC_00007253	1	1	1
GC_00007254	1	1	1
GC_00007255	1	1	1
GC_00007256	1	1	1
GC_00007257	1	1	1
GC_00007258	1	1	1
GC_00007259	1	1	1
GC_00007260	1	1	1
GC_00007261	1	1	1
GC_00007262	1	1	1
GC_00007263	1	1	1
GC_00007264	1	1	1
GC_00007265	1	1	1
GC_00007266	1	1	1
GC_00007267	1	1	1
GC_00007268	1	1	1
GC_00007269	1	1	1
GC_00007270	1	1	1
GC_00007271	1	1	1
GC_00007272	1	1	1
GC_00007273	1	1	1
GC_00007274	1	1	1
GC_00007275	1	1	1
GC_00007276	1	1	1
GC_00007277	1	1	1
GC_00007278	1	1	1
GC_00007279	1	1	1
GC_00007280	1	1	1
GC_00007281	1	1	1
GC_00007282	1	1	1
GC_00007283	1	1	1
GC_00007284	1	1	1
GC_00007285	1	1	1
GC_00007286	1	1	1
GC_00007287	1	1	1
GC_00007288	1	1	1
GC_00007289	1	1	1
GC_00007290	1	1	1
GC_00007291	1	1	1
GC_00007292	1	1	1
GC_00007293	1	1	1
GC_00007294	1	1	1
GC_00007295	1	1	1
GC_00007296	1	1	1
GC_00007297	1	1	1
GC_00007298	1	1	1
GC_00007299	1	1	1
GC_00007300	1	1	1
GC_00007301	1	1	1
GC_00007302	1	1	1
GC_00007303	1	1	1
GC_00007304	1	1	1
GC_00007305	1	1	1
GC_00007306	1	1	1
GC_00007307	1	1	1
GC_00007308	1	1	1
GC_00007309	1	1	1
GC_00007310	1	1	1
GC_00007311	1	1	1
GC_00007312	1	1	1
GC_00007313	1	1	1
GC_00007314	1	1	1
GC_00007315	1	1	1
GC_00007316	1	1	1
GC_00007317	1	1	1
GC_00007318	1	1	1
GC_00007319	1	1	1
GC_00007320	1	1	1
GC_00007321	1	1	1
GC_00007322	1	1	1
GC_00007323	1	1	1
GC_00007324	1	1	1
GC_00007325	1	1	1
GC_00007326	1	1	1
GC_00007327	1	1	1
GC_00007328	1	1	1
GC_00007329	1	1	1
GC_00007330	1	1	1
GC_00007331	1	1	1
GC_00007332	1	1	1
GC_00007333	1	1	1
GC_00007334	1	1	1
GC_00007335	1	1	1
GC_00007336	1	1	1
GC_00007337	1	1	1
GC_00007338	1	1	1
GC_00007339	1	1	1
GC_00007340	1	1	1
GC_00007341	1	1	1
GC_00007342	1	1	1
GC_00007343	1	1	1
GC_00007344	1	1	1
GC_00007345	1	1	1
GC_00007346	1	1	1
GC_00007347	1	1	1
GC_00007348	1	1	1
GC_00007349	1	1	1
GC_00007350	1	1	1
GC_00007351	1	1	1
GC_00007352	1	1	1
GC_00007353	1	1	1
GC_00007354	1	1	1
GC_00007355	1	1	1
GC_00007356	1	1	1
GC_00007357	1	1	1
GC_00007358	1	1	1
GC_00007359	1	1	1
GC_00007360	1	1	1
GC_00007361	1	1	1
GC_00007362	1	1	1
GC_00007363	1	1	1
GC_00007364	1	1	1
GC_00007365	1	1	1
GC_00007366	1	1	1
GC_00007367	1	1	1
GC_00007368	1	1	1
GC_00007369	1	1	1
GC_00007370	1	1	1
GC_00007371	1	1	1
GC_00007372	1	1	1
GC_00007373	1	1	1
GC_00007374	1	1	1
GC_00007375	1	1	1
GC_00007376	1	1	1
GC_00007377	1	1	1
GC_00007378	1	1	1
GC_00007379	1	1	1
GC_00007380	1	1	1
GC_00007381	1	1	1
GC_00007382	1	1	1
GC_00007383	1	1	1
GC_00007384	1	1	1
GC_00007385	1	1	1
GC_00007386	1	1	1
GC_00007387	1	1	1
GC_00007388	1	1	1
GC_00007389	1	1	1
GC_00007390	1	1	1
GC_00007391	1	1	1
GC_00007392	1	1	1
GC_00007393	1	1	1
GC_00007394	1	1	1
GC_00007395	1	1	1
GC_00007396	1	1	1
GC_00007397	1	1	1
GC_00007398	1	1	1
GC_00007399	1	1	1
GC_00007400	1	1	1
GC_00007401	1	1	1
GC_00007402	1	1	1
GC_00007403	1	1	1
GC_00007404	1	1	1
GC_00007405	1	1	1
GC_00007406	1	1	1
GC_00007407	1	1	1
GC_00007408	1	1	1
GC_00007409	1	1	1
GC_00007410	1	1	1
GC_00007411	1	1	1
GC_00007412	1	1	1
GC_00007413	1	1	1
GC_00007414	1	1	1
GC_00007415	1	1	1
GC_00007416	1	1	1
GC_00007417	1	1	1
GC_00007418	1	1	1
GC_00007419	1	1	1
GC_00007420	1	1	1
GC_00007421	1	1	1
GC_00007422	1	1	1
GC_00007423	1	1	1
GC_00007424	1	1	1
GC_00007425	1	1	1
GC_00007426	1	1	1
GC_00007427	1	1	1
GC_00007428	1	1	1
GC_00007429	1	1	1
GC_00007430	1	1	1
GC_00007431	1	1	1
GC_00007432	1	1	1
GC_00007433	1	1	1
GC_00007434	1	1	1
GC_00007435	1	1	1
GC_00007436	1	1	1
GC_00007437	1	1	1
GC_00007438	1	1	1
GC_00007439	1	1	1
GC_00007440	1	1	1
GC_00007441	1	1	1
GC_00007442	1	1	1
GC_00007443	1	1	1
GC_00007444	1	1	1
GC_00007445	1	1	1
GC_00007446	1	1	1
GC_00007447	1	1	1
GC_00007448	1	1	1
GC_00007449	1	1	1
GC_00007450	1	1	1
GC_00007451	1	1	1
GC_00007452	1	1	1
GC_00007453	1	1	1
GC_00007454	1	1	1
GC_00007455	1	1	1
GC_00007456	1	1	1
GC_00007457	1	1	1
GC_00007458	1	1	1
GC_00007459	1	1	1
GC_00007460	1	1	1
GC_00007461	1	1	1
GC_00007462	1	1	1
GC_00007463	1	1	1
GC_00007464	1	1	1
GC_00007465	1	1	1
GC_00007466	1	1	1
GC_00007467	1	1	1
GC_00007468	1	1	1
GC_00007469	1	1	1
GC_00007470	1	1	1
GC_00007471	1	1	1
GC_00007472	1	1	1
GC_00007473	1	1	1
GC_00007474	1	1	1
GC_00007475	1	1	1
GC_00007476	1	1	1
GC_00007477	1	1	1
GC_00007478	1	1	1
GC_00007479	1	1	1
GC_00007480	1	1	1
GC_00007481	1	1	1
GC_00007482	1	1	1
GC_00007483	1	1	1
GC_00007484	1	1	1
GC_00007485	1	1	1
GC_00007486	1	1	1
GC_00007487	1	1	1
GC_00007488	1	1	1
GC_00007489	1	1	1
GC_00007490	1	1	1
GC_00007491	1	1	1
GC_00007492	1	1	1
GC_00007493	1	1	1
GC_00007494	1	1	1
GC_00007495	1	1	1
GC_00007496	1	1	1
GC_00007497	1	1	1
GC_00007498	1	1	1
GC_00007499	1	1	1
GC_00007500	1	1	1
GC_00007501	1	1	1
GC_00007502	1	1	1
GC_00007503	1	1	1
GC_00007504	1	1	1
GC_00007505	1	1	1
GC_00007506	1	1	1
GC_00007507	1	1	1
GC_00007508	1	1	1
GC_00007509	1	1	1
GC_00007510	1	1	1
GC_00007511	1	1	1
GC_00007512	1	1	1
GC_00007513	1	1	1
GC_00007514	1	1	1
GC_00007515	1	1	1
GC_00007516	1	1	1
GC_00007517	1	1	1
GC_00007518	1	1	1
GC_00007519	1	1	1
GC_00007520	1	1	1
GC_00007521	1	1	1
GC_00007522	1	1	1
GC_00007523	1	1	1
GC_00007524	1	1	1
GC_00007525	1	1	1
GC_00007526	1	1	1
GC_00007527	1	1	1
GC_00007528	1	1	1
GC_00007529	1	1	1
GC_00007530	1	1	1
GC_00007531	1	1	1
GC_00007532	1	1	1
GC_00007533	1	1	1
GC_00007534	1	1	1
GC_00007535	1	1	1
GC_00007536	1	1	1
GC_00007537	1	1	1
GC_00007538	1	1	1
GC_00007539	1	1	1
GC_00007540	1	1	1
GC_00007541	1	1	1
GC_00007542	1	1	1
GC_00007543	1	1	1
GC_00007544	1	1	1
GC_00007545	1	1	1
GC_00007546	1	1	1
GC_00007547	1	1	1
GC_00007548	1	1	1
GC_00007549	1	1	1
GC_00007550	1	1	1
GC_00007551	1	1	1
GC_00007552	1	1	1
GC_00007553	1	1	1
GC_00007554	1	1	1
GC_00007555	1	1	1
GC_00007556	1	1	1
GC_00007557	1	1	1
GC_00007558	1	1	1
GC_00007559	1	1	1
GC_00007560	1	1	1
GC_00007561	1	1	1
GC_00007562	1	1	1
GC_00007563	1	1	1
GC_00007564	1	1	1
GC_00007565	1	1	1
GC_00007566	1	1	1
GC_00007567	1	1	1
GC_00007568	1	1	1
GC_00007569	1	1	1
GC_00007570	1	1	1
GC_00007571	1	1	1
GC_00007572	1	1	1
GC_00007573	1	1	1
GC_00007574	1	1	1
GC_00007575	1	1	1
GC_00007576	1	1	1
GC_00007577	1	1	1
GC_00007578	1	1	1
GC_00007579	1	1	1
GC_00007580	1	1	1
GC_00007581	1	1	1
GC_00007582	1	1	1
GC_00007583	1	1	1
GC_00007584	1	1	1
GC_00007585	1	1	1
GC_00007586	1	1	1
GC_00007587	1	1	1
GC_00007588	1	1	1
GC_00007589	1	1	1
GC_00007590	1	1	1
GC_00007591	1	1	1
GC_00007592	1	1	1
GC_00007593	1	1	1
GC_00007594	1	1	1
GC_00007595	1	1	1
GC_00007596	1	1	1
GC_00007597	1	1	1
GC_00007598	1	1	1
GC_00007599	1	1	1
GC_00007600	1	1	1
GC_00007601	1	1	1
GC_00007602	1	1	1
GC_00007603	1	1	1
GC_00007604	1	1	1
GC_00007605	1	1	1
GC_00007606	1	1	1
GC_00007607	1	1	1
GC_00007608	1	1	1
GC_00007609	1	1	1
GC_00007610	1	1	1
GC_00007611	1	1	1
GC_00007612	1	1	1
GC_00007613	1	1	1
GC_00007614	1	1	1
GC_00007615	1	1	1
GC_00007616	1	1	1
GC_00007617	1	1	1
GC_00007618	1	1	1
GC_00007619	1	1	1
GC_00007620	1	1	1
GC_00007621	1	1	1
GC_00007622	1	1	1
GC_00007623	1	1	1
GC_00007624	1	1	1
GC_00007625	1	1	1
GC_00007626	1	1	1
GC_00007627	1	1	1
GC_00007628	1	1	1
GC_00007629	1	1	1
GC_00007630	1	1	1
GC_00007631	1	1	1
GC_00007632	1	1	1
GC_00007633	1	1	1
GC_00007634	1	1	1
GC_00007635	1	1	1
GC_00007636	1	1	1
GC_00007637	1	1	1
GC_00007638	1	1	1
GC_00007639	1	1	1
GC_00007640	1	1	1
GC_00007641	1	1	1
GC_00007642	1	1	1
GC_00007643	1	1	1
GC_00007644	1	1	1
GC_00007645	1	1	1
GC_00007646	1	1	1
GC_00007647	1	1	1
GC_00007648	1	1	1
GC_00007649	1	1	1
GC_00007650	1	1	1
GC_00007651	1	1	1
GC_00007652	1	1	1
GC_00007653	1	1	1
GC_00007654	1	1	1
GC_00007655	1	1	1
GC_00007656	1	1	1
GC_00007657	1	1	1
GC_00007658	1	1	1
GC_00007659	1	1	1
GC_00007660	1	1	1
GC_00007661	1	1	1
GC_00007662	1	1	1
GC_00007663	1	1	1
GC_00007664	1	1	1
GC_00007665	1	1	1
GC_00007666	1	1	1
GC_00007667	1	1	1
GC_00007668	1	1	1
GC_00007669	1	1	1
GC_00007670	1	1	1
GC_00007671	1	1	1
GC_00007672	1	1	1
GC_00007673	1	1	1
GC_00007674	1	1	1
GC_00007675	1	1	1
GC_00007676	1	1	1
GC_00007677	1	1	1
GC_00007678	1	1	1
GC_00007679	1	1	1
GC_00007680	1	1	1
GC_00007681	1	1	1
GC_00007682	1	1	1
GC_00007683	1	1	1
GC_00007684	1	1	1
GC_00007685	1	1	1
GC_00007686	1	1	1
GC_00007687	1	1	1
GC_00007688	1	1	1
GC_00007689	1	1	1
GC_00007690	1	1	1
GC_00007691	1	1	1
GC_00007692	1	1	1
GC_00007693	1	1	1
GC_00007694	1	1	1
GC_00007695	1	1	1
GC_00007696	1	1	1
GC_00007697	1	1	1
GC_00007698	1	1	1
GC_00007699	1	1	1
GC_00007700	1	1	1
GC_00007701	1	1	1
GC_00007702	1	1	1
GC_00007703	1	1	1
GC_00007704	1	1	1
GC_00007705	1	1	1
GC_00007706	1	1	1
GC_00007707	1	1	1
GC_00007708	1	1	1
GC_00007709	1	1	1
GC_00007710	1	1	1
GC_00007711	1	1	1
GC_00007712	1	1	1
GC_00007713	1	1	1
GC_00007714	1	1	1
GC_00007715	1	1	1
GC_00007716	1	1	1
GC_00007717	1	1	1
GC_00007718	1	1	1
GC_00007719	1	1	1
GC_00007720	1	1	1
GC_00007721	1	1	1
GC_00007722	1	1	1
GC_00007723	1	1	1
GC_00007724	1	1	1
GC_00007725	1	1	1
GC_00007726	1	1	1
GC_00007727	1	1	1
GC_00007728	1	1	1
GC_00007729	1	1	1
GC_00007730	1	1	1
GC_00007731	1	1	1
GC_00007732	1	1	1
GC_00007733	1	1	1
GC_00007734	1	1	1
GC_00007735	1	1	1
GC_00007736	1	1	1
GC_00007737	1	1	1
GC_00007738	1	1	1
GC_00007739	1	1	1
GC_00007740	1	1	1
GC_00007741	1	1	1
GC_00007742	1	1	1
GC_00007743	1	1	1
GC_00007744	1	1	1
GC_00007745	1	1	1
GC_00007746	1	1	1
GC_00007747	1	1	1
GC_00007748	1	1	1
GC_00007749	1	1	1
GC_00007750	1	1	1
GC_00007751	1	1	1
GC_00007752	1	1	1
GC_00007753	1	1	1
GC_00007754	1	1	1
GC_00007755	1	1	1
GC_00007756	1	1	1
GC_00007757	1	1	1
GC_00007758	1	1	1
GC_00007759	1	1	1
GC_00007760	1	1	1
GC_00007761	1	1	1
GC_00007762	1	1	1
GC_00007763	1	1	1
GC_00007764	1	1	1
GC_00007765	1	1	1
GC_00007766	1	1	1
GC_00007767	1	1	1
GC_00007768	1	1	1
GC_00007769	1	1	1
GC_00007770	1	1	1
GC_00007771	1	1	1
GC_00007772	1	1	1
GC_00007773	1	1	1
GC_00007774	1	1	1
GC_00007775	1	1	1
GC_00007776	1	1	1
GC_00007777	1	1	1
GC_00007778	1	1	1
GC_00007779	1	1	1
GC_00007780	1	1	1
GC_00007781	1	1	1
GC_00007782	1	1	1
GC_00007783	1	1	1
GC_00007784	1	1	1
GC_00007785	1	1	1
GC_00007786	1	1	1
GC_00007787	1	1	1
GC_00007788	1	1	1
GC_00007789	1	1	1
GC_00007790	1	1	1
GC_00007791	1	1	1
GC_00007792	1	1	1
GC_00007793	1	1	1
GC_00007794	1	1	1
GC_00007795	1	1	1
GC_00007796	1	1	1
GC_00007797	1	1	1
GC_00007798	1	1	1
GC_00007799	1	1	1
GC_00007800	1	1	1
GC_00007801	1	1	1
GC_00007802	1	1	1
GC_00007803	1	1	1
GC_00007804	1	1	1
GC_00007805	1	1	1
GC_00007806	1	1	1
GC_00007807	1	1	1
GC_00007808	1	1	1
GC_00007809	1	1	1
GC_00007810	1	1	1
GC_00007811	1	1	1
GC_00007812	1	1	1
GC_00007813	1	1	1
GC_00007814	1	1	1
GC_00007815	1	1	1
GC_00007816	1	1	1
GC_00007817	1	1	1
GC_00007818	1	1	1
GC_00007819	1	1	1
GC_00007820	1	1	1
GC_00007821	1	1	1
GC_00007822	1	1	1
GC_00007823	1	1	1
GC_00007824	1	1	1
GC_00007825	1	1	1
GC_00007826	1	1	1
GC_00007827	1	1	1
GC_00007828	1	1	1
GC_00007829	1	1	1
GC_00007830	1	1	1
GC_00007831	1	1	1
GC_00007832	1	1	1
GC_00007833	1	1	1
GC_00007834	1	1	1
GC_00007835	1	1	1
GC_00007836	1	1	1
GC_00007837	1	1	1
GC_00007838	1	1	1
GC_00007839	1	1	1
GC_00007840	1	1	1
GC_00007841	1	1	1
GC_00007842	1	1	1
GC_00007843	1	1	1
GC_00007844	1	1	1
GC_00007845	1	1	1
GC_00007846	1	1	1
GC_00007847	1	1	1
GC_00007848	1	1	1
GC_00007849	1	1	1
GC_00007850	1	1	1
GC_00007851	1	1	1
GC_00007852	1	1	1
GC_00007853	1	1	1
GC_00007854	1	1	1
GC_00007855	1	1	1
GC_00007856	1	1	1
GC_00007857	1	1	1
GC_00007858	1	1	1
GC_00007859	1	1	1
GC_00007860	1	1	1
GC_00007861	1	1	1
GC_00007862	1	1	1
GC_00007863	1	1	1
GC_00007864	1	1	1
GC_00007865	1	1	1
GC_00007866	1	1	1
GC_00007867	1	1	1
GC_00007868	1	1	1
GC_00007869	1	1	1
GC_00007870	1	1	1
GC_00007871	1	1	1
GC_00007872	1	1	1
GC_00007873	1	1	1
GC_00007874	1	1	1
GC_00007875	1	1	1
GC_00007876	1	1	1
GC_00007877	1	1	1
GC_00007878	1	1	1
GC_00007879	1	1	1
GC_00007880	1	1	1
GC_00007881	1	1	1
GC_00007882	1	1	1
GC_00007883	1	1	1
GC_00007884	1	1	1
GC_00007885	1	1	1
GC_00007886	1	1	1
GC_00007887	1	1	1
GC_00007888	1	1	1
GC_00007889	1	1	1
GC_00007890	1	1	1
GC_00007891	1	1	1
GC_00007892	1	1	1
GC_00007893	1	1	1
GC_00007894	1	1	1
GC_00007895	1	1	1
GC_00007896	1	1	1
GC_00007897	1	1	1
GC_00007898	1	1	1
GC_00007899	1	1	1
GC_00007900	1	1	1
GC_00007901	1	1	1
GC_00007902	1	1	1
GC_00007903	1	1	1
GC_00007904	1	1	1
GC_00007905	1	1	1
GC_00007906	1	1	1
GC_00007907	1	1	1
GC_00007908	1	1	1
GC_00007909	1	1	1
GC_00007910	1	1	1
GC_00007911	1	1	1
GC_00007912	1	1	1
GC_00007913	1	1	1
GC_00007914	1	1	1
GC_00007915	1	1	1
GC_00007916	1	1	1
GC_00007917	1	1	1
GC_00007918	1	1	1
GC_00007919	1	1	1
GC_00007920	1	1	1
GC_00007921	1	1	1
GC_00007922	1	1	1
GC_00007923	1	1	1
GC_00007924	1	1	1
GC_00007925	1	1	1
GC_00007926	1	1	1
GC_00007927	1	1	1
GC_00007928	1	1	1
GC_00007929	1	1	1
GC_00007930	1	1	1
GC_00007931	1	1	1
GC_00007932	1	1	1
GC_00007933	1	1	1
GC_00007934	1	1	1
GC_00007935	1	1	1
GC_00007936	1	1	1
GC_00007937	1	1	1
GC_00007938	1	1	1
GC_00007939	1	1	1
GC_00007940	1	1	1
GC_00007941	1	1	1
GC_00007942	1	1	1
GC_00007943	1	1	1
GC_00007944	1	1	1
GC_00007945	1	1	1
GC_00007946	1	1	1
GC_00007947	1	1	1
GC_00007948	1	1	1
GC_00007949	1	1	1
GC_00007950	1	1	1
GC_00007951	1	1	1
GC_00007952	1	1	1
GC_00007953	1	1	1
GC_00007954	1	1	1
GC_00007955	1	1	1
GC_00007956	1	1	1
GC_00007957	1	1	1
GC_00007958	1	1	1
GC_00007959	1	1	1
GC_00007960	1	1	1
GC_00007961	1	1	1
GC_00007962	1	1	1
GC_00007963	1	1	1
GC_00007964	1	1	1
GC_00007965	1	1	1
GC_00007966	1	1	1
GC_00007967	1	1	1
GC_00007968	1	1	1
GC_00007969	1	1	1
GC_00007970	1	1	1
GC_00007971	1	1	1
GC_00007972	1	1	1
GC_00007973	1	1	1
GC_00007974	1	1	1
GC_00007975	1	1	1
GC_00007976	1	1	1
GC_00007977	1	1	1
GC_00007978	1	1	1
GC_00007979	1	1	1
GC_00007980	1	1	1
GC_00007981	1	1	1
GC_00007982	1	1	1
GC_00007983	1	1	1
GC_00007984	1	1	1
GC_00007985	1	1	1
GC_00007986	1	1	1
GC_00007987	1	1	1
GC_00007988	1	1	1
GC_00007989	1	1	1
GC_00007990	1	1	1
GC_00007991	1	1	1
GC_00007992	1	1	1
GC_00007993	1	1	1
GC_00007994	1	1	1
GC_00007995	1	1	1
GC_00007996	1	1	1
GC_00007997	1	1	1
GC_00007998	1	1	1
GC_00007999	1	1	1
GC_00008000	1	1	1
GC_00008001	1	1	1
GC_00008002	1	1	1
GC_00008003	1	1	1
GC_00008004	1	1	1
GC_00008005	1	1	1
GC_00008006	1	1	1
GC_00008007	1	1	1
GC_00008008	1	1	1
GC_00008009	1	1	1
GC_00008010	1	1	1
GC_00008011	1	1	1
GC_00008012	1	1	1
GC_00008013	1	1	1
GC_00008014	1	1	1
GC_00008015	1	1	1
GC_00008016	1	1	1
GC_00008017	1	1	1
GC_00008018	1	1	1
GC_00008019	1	1	1
GC_00008020	1	1	1
GC_00008021	1	1	1
GC_00008022	1	1	1
GC_00008023	1	1	1
GC_00008024	1	1	1
GC_00008025	1	1	1
GC_00008026	1	1	1
GC_00008027	1	1	1
GC_00008028	1	1	1
GC_00008029	1	1	1
GC_00008030	1	1	1
GC_00008031	1	1	1
GC_00008032	1	1	1
GC_00008033	1	1	1
GC_00008034	1	1	1
GC_00008035	1	1	1
GC_00008036	1	1	1
GC_00008037	1	1	1
GC_00008038	1	1	1
GC_00008039	1	1	1
GC_00008040	1	1	1
GC_00008041	1	1	1
GC_00008042	1	1	1
GC_00008043	1	1	1
GC_00008044	1	1	1
GC_00008045	1	1	1
GC_00008046	1	1	1
GC_00008047	1	1	1
GC_00008048	1	1	1
GC_00008049	1	1	1
GC_00008050	1	1	1
GC_00008051	1	1	1
GC_00008052	1	1	1
GC_00008053	1	1	1
GC_00008054	1	1	1
GC_00008055	1	1	1
GC_00008056	1	1	1
GC_00008057	1	1	1
GC_00008058	1	1	1
GC_00008059	1	1	1
GC_00008060	1	1	1
GC_00008061	1	1	1
GC_00008062	1	1	1
GC_00008063	1	1	1
GC_00008064	1	1	1
GC_00008065	1	1	1
GC_00008066	1	1	1
GC_00008067	1	1	1
GC_00008068	1	1	1
GC_00008069	1	1	1
GC_00008070	1	1	1
GC_00008071	1	1	1
GC_00008072	1	1	1
GC_00008073	1	1	1
GC_00008074	1	1	1
GC_00008075	1	1	1
GC_00008076	1	1	1
GC_00008077	1	1	1
GC_00008078	1	1	1
GC_00008079	1	1	1
GC_00008080	1	1	1
GC_00008081	1	1	1
GC_00008082	1	1	1
GC_00008083	1	1	1
GC_00008084	1	1	1
GC_00008085	1	1	1
GC_00008086	1	1	1
GC_00008087	1	1	1
GC_00008088	1	1	1
GC_00008089	1	1	1
GC_00008090	1	1	1
GC_00008091	1	1	1
GC_00008092	1	1	1
GC_00008093	1	1	1
GC_00008094	1	1	1
GC_00008095	1	1	1
GC_00008096	1	1	1
GC_00008097	1	1	1
GC_00008098	1	1	1
GC_00008099	1	1	1
GC_00008100	1	1	1
GC_00008101	1	1	1
GC_00008102	1	1	1
GC_00008103	1	1	1
GC_00008104	1	1	1
GC_00008105	1	1	1
GC_00008106	1	1	1
GC_00008107	1	1	1
GC_00008108	1	1	1
GC_00008109	1	1	1
GC_00008110	1	1	1
GC_00008111	1	1	1
GC_00008112	1	1	1
GC_00008113	1	1	1
GC_00008114	1	1	1
GC_00008115	1	1	1
GC_00008116	1	1	1
GC_00008117	1	1	1
GC_00008118	1	1	1
GC_00008119	1	1	1
GC_00008120	1	1	1
GC_00008121	1	1	1
GC_00008122	1	1	1
GC_00008123	1	1	1
GC_00008124	1	1	1
GC_00008125	1	1	1
GC_00008126	1	1	1
GC_00008127	1	1	1
GC_00008128	1	1	1
GC_00008129	1	1	1
GC_00008130	1	1	1
GC_00008131	1	1	1
GC_00008132	1	1	1
GC_00008133	1	1	1
GC_00008134	1	1	1
GC_00008135	1	1	1
GC_00008136	1	1	1
GC_00008137	1	1	1
GC_00008138	1	1	1
GC_00008139	1	1	1
GC_00008140	1	1	1
GC_00008141	1	1	1
GC_00008142	1	1	1
GC_00008143	1	1	1
GC_00008144	1	1	1
GC_00008145	1	1	1
GC_00008146	1	1	1
GC_00008147	1	1	1
GC_00008148	1	1	1
GC_00008149	1	1	1
GC_00008150	1	1	1
GC_00008151	1	1	1
GC_00008152	1	1	1
GC_00008153	1	1	1
GC_00008154	1	1	1
GC_00008155	1	1	1
GC_00008156	1	1	1
GC_00008157	1	1	1
GC_00008158	1	1	1
GC_00008159	1	1	1
GC_00008160	1	1	1
GC_00008161	1	1	1
GC_00008162	1	1	1
GC_00008163	1	1	1
GC_00008164	1	1	1
GC_00008165	1	1	1
GC_00008166	1	1	1
GC_00008167	1	1	1
GC_00008168	1	1	1
GC_00008169	1	1	1
GC_00008170	1	1	1
GC_00008171	1	1	1
GC_00008172	1	1	1
GC_00008173	1	1	1
GC_00008174	1	1	1
GC_00008175	1	1	1
GC_00008176	1	1	1
GC_00008177	1	1	1
GC_00008178	1	1	1
GC_00008179	1	1	1
GC_00008180	1	1	1
GC_00008181	1	1	1
GC_00008182	1	1	1
GC_00008183	1	1	1
GC_00008184	1	1	1
GC_00008185	1	1	1
GC_00008186	1	1	1
GC_00008187	1	1	1
GC_00008188	1	1	1
GC_00008189	1	1	1
GC_00008190	1	1	1
GC_00008191	1	1	1
GC_00008192	1	1	1
GC_00008193	1	1	1
GC_00008194	1	1	1
GC_00008195	1	1	1
GC_00008196	1	1	1
GC_00008197	1	1	1
GC_00008198	1	1	1
GC_00008199	1	1	1
GC_00008200	1	1	1
GC_00008201	1	1	1
GC_00008202	1	1	1
GC_00008203	1	1	1
GC_00008204	1	1	1
GC_00008205	1	1	1
GC_00008206	1	1	1
GC_00008207	1	1	1
GC_00008208	1	1	1
GC_00008209	1	1	1
GC_00008210	1	1	1
GC_00008211	1	1	1
GC_00008212	1	1	1
GC_00008213	1	1	1
GC_00008214	1	1	1
GC_00008215	1	1	1
GC_00008216	1	1	1
GC_00008217	1	1	1
GC_00008218	1	1	1
GC_00008219	1	1	1
GC_00008220	1	1	1
GC_00008221	1	1	1
GC_00008222	1	1	1
GC_00008223	1	1	1
GC_00008224	1	1	1
GC_00008225	1	1	1
GC_00008226	1	1	1
GC_00008227	1	1	1
GC_00008228	1	1	1
GC_00008229	1	1	1
GC_00008230	1	1	1
GC_00008231	1	1	1
GC_00008232	1	1	1
GC_00008233	1	1	1
GC_00008234	1	1	1
GC_00008235	1	1	1
GC_00008236	1	1	1
GC_00008237	1	1	1
GC_00008238	1	1	1
GC_00008239	1	1	1
GC_00008240	1	1	1
GC_00008241	1	1	1
GC_00008242	1	1	1
GC_00008243	1	1	1
GC_00008244	1	1	1
GC_00008245	1	1	1
GC_00008246	1	1	1
GC_00008247	1	1	1
GC_00008248	1	1	1
GC_00008249	1	1	1
GC_00008250	1	1	1
GC_00008251	1	1	1
GC_00008252	1	1	1
GC_00008253	1	1	1
GC_00008254	1	1	1
GC_00008255	1	1	1
GC_00008256	1	1	1
GC_00008257	1	1	1
GC_00008258	1	1	1
GC_00008259	1	1	1
GC_00008260	1	1	1
GC_00008261	1	1	1
GC_00008262	1	1	1
GC_00008263	1	1	1
GC_00008264	1	1	1
GC_00008265	1	1	1
GC_00008266	1	1	1
GC_00008267	1	1	1
GC_00008268	1	1	1
GC_00008269	1	1	1
GC_00008270	1	1	1
GC_00008271	1	1	1
GC_00008272	1	1	1
GC_00008273	1	1	1
GC_00008274	1	1	1
GC_00008275	1	1	1
GC_00008276	1	1	1
GC_00008277	1	1	1
GC_00008278	1	1	1
GC_00008279	1	1	1
GC_00008280	1	1	1
GC_00008281	1	1	1
GC_00008282	1	1	1
GC_00008283	1	1	1
GC_00008284	1	1	1
GC_00008285	1	1	1
GC_00008286	1	1	1
GC_00008287	1	1	1
GC_00008288	1	1	1
GC_00008289	1	1	1
GC_00008290	1	1	1
GC_00008291	1	1	1
GC_00008292	1	1	1
GC_00008293	1	1	1
GC_00008294	1	1	1
GC_00008295	1	1	1
GC_00008296	1	1	1
GC_00008297	1	1	1
GC_00008298	1	1	1
GC_00008299	1	1	1
GC_00008300	1	1	1
GC_00008301	1	1	1
GC_00008302	1	1	1
GC_00008303	1	1	1
GC_00008304	1	1	1
GC_00008305	1	1	1
GC_00008306	1	1	1
GC_00008307	1	1	1
GC_00008308	1	1	1
GC_00008309	1	1	1
GC_00008310	1	1	1
GC_00008311	1	1	1
GC_00008312	1	1	1
GC_00008313	1	1	1
GC_00008314	1	1	1
GC_00008315	1	1	1
GC_00008316	1	1	1
GC_00008317	1	1	1
GC_00008318	1	1	1
GC_00008319	1	1	1
GC_00008320	1	1	1
GC_00008321	1	1	1
GC_00008322	1	1	1
GC_00008323	1	1	1
GC_00008324	1	1	1
GC_00008325	1	1	1
GC_00008326	1	1	1
GC_00008327	1	1	1
GC_00008328	1	1	1
GC_00008329	1	1	1
GC_00008330	1	1	1
GC_00008331	1	1	1
GC_00008332	1	1	1
GC_00008333	1	1	1
GC_00008334	1	1	1
GC_00008335	1	1	1
GC_00008336	1	1	1
GC_00008337	1	1	1
GC_00008338	1	1	1
GC_00008339	1	1	1
GC_00008340	1	1	1
GC_00008341	1	1	1
GC_00008342	1	1	1
GC_00008343	1	1	1
GC_00008344	1	1	1
GC_00008345	1	1	1
GC_00008346	1	1	1
GC_00008347	1	1	1
GC_00008348	1	1	1
GC_00008349	1	1	1
GC_00008350	1	1	1
GC_00008351	1	1	1
GC_00008352	1	1	1
GC_00008353	1	1	1
GC_00008354	1	1	1
GC_00008355	1	1	1
GC_00008356	1	1	1
GC_00008357	1	1	1
GC_00008358	1	1	1
GC_00008359	1	1	1
GC_00008360	1	1	1
GC_00008361	1	1	1
GC_00008362	1	1	1
GC_00008363	1	1	1
GC_00008364	1	1	1
GC_00008365	1	1	1
GC_00008366	1	1	1
GC_00008367	1	1	1
GC_00008368	1	1	1
GC_00008369	1	1	1
GC_00008370	1	1	1
GC_00008371	1	1	1
GC_00008372	1	1	1
GC_00008373	1	1	1
GC_00008374	1	1	1
GC_00008375	1	1	1
GC_00008376	1	1	1
GC_00008377	1	1	1
GC_00008378	1	1	1
GC_00008379	1	1	1
GC_00008380	1	1	1
GC_00008381	1	1	1
GC_00008382	1	1	1
GC_00008383	1	1	1
GC_00008384	1	1	1
GC_00008385	1	1	1
GC_00008386	1	1	1
GC_00008387	1	1	1
GC_00008388	1	1	1
GC_00008389	1	1	1
GC_00008390	1	1	1
GC_00008391	1	1	1
GC_00008392	1	1	1
GC_00008393	1	1	1
GC_00008394	1	1	1
GC_00008395	1	1	1
GC_00008396	1	1	1
GC_00008397	1	1	1
GC_00008398	1	1	1
GC_00008399	1	1	1
GC_00008400	1	1	1
GC_00008401	1	1	1
GC_00008402	1	1	1
GC_00008403	1	1	1
GC_00008404	1	1	1
GC_00008405	1	1	1
GC_00008406	1	1	1
GC_00008407	1	1	1
GC_00008408	1	1	1
GC_00008409	1	1	1
GC_00008410	1	1	1
GC_00008411	1	1	1
GC_00008412	1	1	1
GC_00008413	1	1	1
GC_00008414	1	1	1
GC_00008415	1	1	1
GC_00008416	1	1	1
GC_00008417	1	1	1
GC_00008418	1	1	1
GC_00008419	1	1	1
GC_00008420	1	1	1
GC_00008421	1	1	1
GC_00008422	1	1	1
GC_00008423	1	1	1
GC_00008424	1	1	1
GC_00008425	1	1	1
GC_00008426	1	1	1
GC_00008427	1	1	1
GC_00008428	1	1	1
GC_00008429	1	1	1
GC_00008430	1	1	1
GC_00008431	1	1	1
GC_00008432	1	1	1
GC_00008433	1	1	1
GC_00008434	1	1	1
GC_00008435	1	1	1
GC_00008436	1	1	1
GC_00008437	1	1	1
GC_00008438	1	1	1
GC_00008439	1	1	1
GC_00008440	1	1	1
GC_00008441	1	1	1
GC_00008442	1	1	1
GC_00008443	1	1	1
GC_00008444	1	1	1
GC_00008445	1	1	1
GC_00008446	1	1	1
GC_00008447	1	1	1
GC_00008448	1	1	1
GC_00008449	1	1	1
GC_00008450	1	1	1
GC_00008451	1	1	1
GC_00008452	1	1	1
GC_00008453	1	1	1
GC_00008454	1	1	1
GC_00008455	1	1	1
GC_00008456	1	1	1
GC_00008457	1	1	1
GC_00008458	1	1	1
GC_00008459	1	1	1
GC_00008460	1	1	1
GC_00008461	1	1	1
GC_00008462	1	1	1
GC_00008463	1	1	1
GC_00008464	1	1	1
GC_00008465	1	1	1
GC_00008466	1	1	1
GC_00008467	1	1	1
GC_00008468	1	1	1
GC_00008469	1	1	1
GC_00008470	1	1	1
GC_00008471	1	1	1
GC_00008472	1	1	1
GC_00008473	1	1	1
GC_00008474	1	1	1
GC_00008475	1	1	1
GC_00008476	1	1	1
GC_00008477	1	1	1
GC_00008478	1	1	1
GC_00008479	1	1	1
GC_00008480	1	1	1
GC_00008481	1	1	1
GC_00008482	1	1	1
GC_00008483	1	1	1
GC_00008484	1	1	1
GC_00008485	1	1	1
GC_00008486	1	1	1
GC_00008487	1	1	1
GC_00008488	1	1	1
GC_00008489	1	1	1
GC_00008490	1	1	1
GC_00008491	1	1	1
GC_00008492	1	1	1
GC_00008493	1	1	1
GC_00008494	1	1	1
GC_00008495	1	1	1
GC_00008496	1	1	1
