items	functional_homogeneity_index	geometric_homogeneity_index	combined_homogeneity_index
GC_00000001	0.657416061902749	0.729060596319469	0.691387256003838
GC_00000002	0.644881465211444	0.749371564147458	0.693211091673098
GC_00000003	0.998852947923836	0.80687813771987	0.892660721061333
GC_00000004	0.81843273215744	0.600997442544721	0.693061184252646
GC_00000005	0.966975715140483	0.755181066088144	0.84805490348
GC_00000006	0.739806947282731	0.95863707128505	0.835124805417481
GC_00000007	0.873050883583476	0.606261073251817	0.715598577080517
GC_00000008	0.757354768761356	0.913628259838786	0.828184018174875
GC_00000009	0.951979542094721	0.794040385327766	0.865866638240416
GC_00000010	0.772358056498717	0.917783555869391	0.838814355330336
GC_00000011	0.771455386925643	0.948900844636491	0.851026845281229
GC_00000012	0.75308577074362	0.96154798348118	0.844644639081285
GC_00000013	0.756709037322729	0.98940216598395	0.857550835398015
GC_00000014	0.770374598881579	0.916327085723997	0.837036113204599
GC_00000015	0.591406123124586	0.739249197342309	0.657114573697079
GC_00000016	1.0	1.0	1.0
GC_00000017	0.930589294660871	0.814384348118595	0.868617539565113
GC_00000018	0.781539584490854	0.927228218251383	0.848173233668653
GC_00000019	0.814876539468988	0.997723707281061	0.89707771296301
GC_00000020	0.880761557015699	0.707915254214325	0.784935661085439
GC_00000021	0.780670051460837	0.880330423392134	0.827510415965307
GC_00000022	0.99484495455777	0.850920544772807	0.917271463795154
GC_00000023	0.951847277635705	0.708344644316305	0.812238527853524
GC_00000024	0.834317605144998	0.98830661642876	0.904807035490646
GC_00000025	0.795303554156528	0.847964553067121	0.820790253140656
GC_00000026	0.794917243494845	0.952934676120036	0.866783046631204
GC_00000027	0.86058082414088	0.955830855716018	0.905708452189845
GC_00000028	0.823628801387404	0.916557508925747	0.86761188500936
GC_00000029	0.912241315679978	0.94915293016933	0.930331142615204
GC_00000030	0.81566807803105	0.945603322218575	0.875842807990278
GC_00000031	0.856654270268793	0.965112712630823	0.907654968309907
GC_00000032	0.901404936706272	0.951898222699834	0.925963734350422
GC_00000033	0.790892576502716	0.856948267517329	0.82259646092141
GC_00000034	0.82225704708876	0.945663192074092	0.879653059714474
GC_00000035	0.889057750759878	1.0	0.941271118262269
GC_00000036	0.831678486997636	1.0	0.908105317501291
GC_00000037	0.810939326320264	0.988865365842184	0.891107593051127
GC_00000038	0.854634943408258	0.767480183562788	0.808716190781014
GC_00000039	0.835604921536396	0.979078211409053	0.901669891750793
GC_00000040	0.806968926715635	0.954854362020389	0.87470497707195
GC_00000041	0.885234679316595	0.995105905945187	0.9369603192528
GC_00000042	0.897391202655132	0.998111702127662	0.945075482075446
GC_00000043	0.824927963294729	0.989756288293966	0.8998564222351
GC_00000044	0.804021389844425	1.0	0.891365694853277
GC_00000045	0.85627460697668	0.990797414201671	0.918637342465735
GC_00000046	0.881853410296524	0.967494089834514	0.92269080040592
GC_00000047	0.807127125060224	0.990816055709672	0.88958819506856
GC_00000048	0.923282082152382	0.964571923617504	0.943475471409786
GC_00000049	0.810906508277779	0.956062766358454	0.877522355018578
GC_00000050	0.842261163512976	0.966252605432273	0.9000064668277
GC_00000051	0.847347151262527	0.978692215133713	0.908295928025916
GC_00000052	0.841620098026776	0.902214684232291	0.87086462399965
GC_00000053	0.702509188218756	0.698625648596046	0.700562036384342
GC_00000054	0.910702208540311	0.97324130652171	0.940933738411791
GC_00000055	0.832665860374545	0.930800348391362	0.879002579213135
GC_00000056	0.888093653807661	1.0	0.940730510922135
GC_00000057	0.8233931784989	0.919511938816385	0.868802151589241
GC_00000058	0.862663784310568	0.9679532850557	0.912280627003076
GC_00000059	0.804033103146537	0.939780715796824	0.866623256440585
GC_00000060	0.803266274626525	0.957967826508725	0.873822789049711
GC_00000061	0.833106912238492	0.977184312087667	0.899412198426009
GC_00000062	0.826818914641542	0.932954630968587	0.876686136476499
GC_00000063	0.825338709171925	0.999740666146911	0.904206887725336
GC_00000064	0.649124348672284	0.702470815694468	0.674744809275194
GC_00000065	0.944571205683921	0.984275956955435	0.964014926008861
GC_00000066	0.788362592049	0.682113398506553	0.731399479313923
GC_00000067	0.756842430411027	0.671086961748749	0.711389638641521
GC_00000068	0.718103620490791	0.69430023888848	0.706001349320238
GC_00000069	0.683742159710473	0.7175980529091	0.700261132994829
GC_00000070	0.678941116154606	0.716138501114754	0.697043906669392
GC_00000071	0.740436768538046	0.685220470406096	0.711759344369995
GC_00000072	0.927142497897174	0.702676855436351	0.79945249592391
GC_00000073	0.831188277984475	0.768442391707371	0.798584723830739
GC_00000074	0.743054008587911	0.681019136422784	0.710685404070627
GC_00000075	0.848242793478874	0.903089044117235	0.874807112047526
GC_00000076	0.966031713865951	0.811070737541326	0.881795029918621
GC_00000077	0.699381537019827	0.693681358266754	0.696519785557563
GC_00000078	0.783569662411061	0.857917310046576	0.819059777249801
GC_00000079	0.901676114785379	0.995827174399516	0.946415832560662
GC_00000080	0.830603416146496	0.925954615633216	0.875691042398782
GC_00000081	0.806747915748944	0.994776627560313	0.890949805708286
GC_00000082	0.746925277174388	0.644409248545835	0.691890480234693
GC_00000083	0.811927608188465	0.985233550028313	0.890224358704984
GC_00000084	0.829559841254223	0.961905739318001	0.890844212764932
GC_00000085	0.815202871709721	0.942242606531431	0.874131104721846
GC_00000086	0.807178492623279	0.896293535278402	0.849405042060094
GC_00000087	0.904808839373413	0.933921024907071	0.919134468883238
GC_00000088	0.954404263592488	0.663443126921388	0.782759798850723
GC_00000089	0.701966811034012	0.921677845561817	0.796956717618516
GC_00000090	0.81857938000601	0.971447888989546	0.888486141469149
GC_00000091	0.806859158948816	0.930478843394694	0.8642709432343
GC_00000092	0.995456831403251	0.938570100963002	0.966176843888467
GC_00000093	0.853233474037949	0.946139505269438	0.897288006754804
GC_00000094	0.910898295130429	0.913269043607481	0.912082128817214
GC_00000095	0.894181929148858	0.828960115702214	0.860336682818427
GC_00000096	0.959593870757154	0.749104455143346	0.841384383441236
GC_00000097	0.760011205079636	0.87428962944137	0.813154959998674
GC_00000098	0.663188351854806	0.692086449801907	0.677329308305741
GC_00000099	0.906177601007057	0.647560410913208	0.755345798540699
GC_00000100	0.818194931961341	0.921320548072151	0.866700885156785
GC_00000101	0.987033956607009	0.732924782938891	0.841208142691264
GC_00000102	0.821822517458695	0.856240681756572	0.838678630174126
GC_00000103	0.95764576965578	0.708109863718799	0.814187149489711
GC_00000104	0.937509605201758	0.955399403032804	0.946369966280268
GC_00000105	0.990485349746746	0.791549908531943	0.879913665402523
GC_00000106	0.916141148024763	0.991095867793064	0.952145641671275
GC_00000107	0.540032311889186	0.727867143864821	0.62003619398313
GC_00000108	0.945616927089379	0.685060071350394	0.794522030005707
GC_00000109	0.658929246727053	0.660193471159383	0.659560753137786
GC_00000110	0.986819505387598	0.830765828178158	0.902093462701271
GC_00000111	0.967028724658549	0.833002319701826	0.895025864562364
GC_00000112	0.971236664611475	0.839242444414859	0.900427989972474
GC_00000113	0.827325374594282	0.735648455833486	0.778798240179839
GC_00000114	0.787065333431126	0.694205241331679	0.737724611623836
GC_00000115	0.977714431949045	0.829729281416903	0.897663686069949
GC_00000116	0.996727880262602	0.99941985813901	0.998072054018305
GC_00000117	0.851461469369204	0.983308491612658	0.912647700710864
GC_00000118	0.951256461063947	0.911821790145608	0.931121780474634
GC_00000119	0.901678904330193	0.887974081449778	0.894774018423797
GC_00000120	0.966989211067904	0.845254490813385	0.902033178401719
GC_00000121	0.689574148603921	0.698995025103137	0.694252628447821
GC_00000122	0.835943365395656	0.880712344283812	0.857744085636804
GC_00000123	0.935513295692034	0.749652375829137	0.832333314863005
GC_00000124	0.899005863493884	0.977788198586215	0.936743504835976
GC_00000125	0.915000107450626	0.992357934553134	0.952110297856504
GC_00000126	0.839391871538088	0.720988129213797	0.775697682418252
GC_00000127	0.929474019704341	0.965875848693357	0.947325369937432
GC_00000128	0.925343320848939	0.736965405892699	0.820480582299832
GC_00000129	0.998392348392348	1.0	0.999195527540453
GC_00000130	0.93364663757413	0.934295235931227	0.933970824147507
GC_00000131	0.986012396199775	0.998177009994828	0.992057413857595
GC_00000132	0.949272115174704	0.866414964985206	0.905952986522422
GC_00000133	0.887843626308084	0.718915883610503	0.794499588986495
GC_00000134	0.99128243569204	0.866917765566437	0.924938393197236
GC_00000135	0.909527509588679	0.984911138244471	0.945719488734313
GC_00000136	0.907702612190221	0.79875241070687	0.849749498185966
GC_00000137	0.909095725798333	0.936741362692799	0.922711515888604
GC_00000138	0.964455517052365	0.82237853346071	0.887768523858014
GC_00000139	0.934987110179548	0.82027627001711	0.8738833703307
GC_00000140	0.950823479117758	0.698903168780745	0.805628669880609
GC_00000141	0.953957093610509	1.0	0.976436070914733
GC_00000142	0.976371365260254	1.0	0.988044435800336
GC_00000143	0.980138469687425	1.0	0.989969625550626
GC_00000144	0.984575878442545	1.0	0.992228001093332
GC_00000145	0.946024090861548	0.995225203997129	0.970001144425322
GC_00000146	0.92953375442696	0.957121410985581	0.943125882149553
GC_00000147	0.990191537607951	0.940478070232469	0.964694759443295
GC_00000148	0.944766858225331	0.983255091266023	0.963626813122676
GC_00000149	0.921354783204932	0.97904620339403	0.949324809697203
GC_00000150	0.920119178739868	0.981938985588619	0.950024462907459
GC_00000151	0.963403322371195	0.997908327022256	0.980352304512583
GC_00000152	0.902757062146893	0.938008734560458	0.920045353944121
GC_00000153	0.894871882825095	0.937530971302901	0.915704866543571
GC_00000154	0.950457245215424	0.810607114760438	0.874979271351319
GC_00000155	0.927014451424478	0.947153353524514	0.936975701016568
GC_00000156	0.991550488862873	0.85627604315284	0.918961725550703
GC_00000157	0.993231677089119	1.0	0.996604347106923
GC_00000158	0.992267557725313	0.850688326783569	0.916039754937386
GC_00000159	0.919624132042803	0.946718094328942	0.932974449684938
GC_00000160	0.948180028563709	0.780948255006286	0.856477273288051
GC_00000161	0.965024873518511	0.882840308572693	0.922104994860341
GC_00000162	0.948365118961401	0.827800918961286	0.883991136217468
GC_00000163	0.974710838959544	0.842194714608507	0.903620240723322
GC_00000164	0.965326165274139	0.880996590603198	0.92123552907461
GC_00000165	0.978459070793804	0.92530710062358	0.951141100696196
GC_00000166	0.950782626402132	0.838245409748713	0.890974491339065
GC_00000167	0.967231783904259	0.855575588419301	0.907983932056253
GC_00000168	0.977726561580001	0.859242525848503	0.914663448732497
GC_00000169	0.992382861438236	1.0	0.996176870063887
GC_00000170	0.947092614660678	0.997037205442703	0.97142337312278
GC_00000171	0.96394792209547	0.957623811166413	0.960775459947092
GC_00000172	0.978755231537735	0.918371065946317	0.947602156461489
GC_00000173	0.967242258652095	0.932675167969286	0.94964425655022
GC_00000174	0.985865693797091	0.884673261590601	0.932532323167774
GC_00000175	0.94841591887526	0.997741556688925	0.972453655131723
GC_00000176	0.992470611865195	0.91050800077116	0.949724213013202
GC_00000177	0.957902680037833	0.862154662313815	0.907510156323365
GC_00000178	0.983141450161318	1.0	0.991499068391057
GC_00000179	0.991027718904542	0.901668079520905	0.944238435780349
GC_00000180	0.988538767207403	0.901404974175309	0.942963266487454
GC_00000181	0.995172447708347	0.909811611021585	0.950579553403167
GC_00000182	0.871583231583232	0.750538319875337	0.806544507932584
GC_00000183	0.979528900478053	1.0	0.989658600328087
GC_00000184	0.991490388424335	0.910364615602004	0.949197246288604
GC_00000185	0.956474363706024	0.925807703058431	0.940891218518695
GC_00000186	0.982214350882842	0.927483944148518	0.954064882946482
GC_00000187	0.995227524642436	0.886620938388518	0.937790240971219
GC_00000188	0.991987907909641	0.895034849239082	0.941020710258368
GC_00000189	0.984710016889191	0.839466072505124	0.906305762081216
GC_00000190	0.991262679531753	0.899987456712026	0.943422512748294
GC_00000191	0.957985862917957	0.898280779118816	0.927173141874201
GC_00000192	0.983942953360518	0.856498168498168	0.915807984782325
GC_00000193	0.950560724242709	0.982002207489459	0.966025700102257
GC_00000194	0.827183135780092	0.989005588948644	0.900885170391931
GC_00000195	0.962712974151835	0.901378036788442	0.931036441395667
GC_00000196	0.937776463189759	0.987047920374396	0.961781568927903
GC_00000197	0.993992888657939	0.941508491926561	0.967039088655617
GC_00000198	0.948682460853755	0.939934445635664	0.944288192976469
GC_00000199	0.950981215195743	0.89901610496527	0.924268828568905
GC_00000200	0.958826829890334	0.881811255755409	0.918707808461921
GC_00000201	0.667162904614539	0.695482454184686	0.68102840001038
GC_00000202	0.960037227761022	0.876800579170037	0.916532961320144
GC_00000203	0.977574999038379	0.894248694101453	0.934057165191566
GC_00000204	0.955255507030562	0.84244964434428	0.895313295998907
GC_00000205	0.987111787111787	0.884939681011165	0.933237579076746
GC_00000206	0.966944026353903	0.874210851242193	0.91824209974783
GC_00000207	0.987038790921892	0.895674756791335	0.939139923942629
GC_00000208	0.94967353401651	0.82715854863056	0.884192254002631
GC_00000209	0.92252923274067	0.881771732619193	0.901690145450155
GC_00000210	0.9750217261927	0.849852321829646	0.908144294930615
GC_00000211	0.940195085203658	0.989220945632233	0.964085149495731
GC_00000212	0.977137355623193	0.885972875753354	0.929324715615864
GC_00000213	0.91409490039799	0.941344809037116	0.927519751874797
GC_00000214	0.947530022022121	0.846564149225322	0.894206067679125
GC_00000215	0.995505115724645	0.888536340455089	0.938984086076196
GC_00000216	0.973840285824643	0.839189405062573	0.901514690238999
GC_00000217	0.946331287238673	0.836811135632429	0.888207861583625
GC_00000218	0.982208485024495	0.900772995747317	0.939729772744553
GC_00000219	0.983088267761734	0.902798966807886	0.941234508773577
GC_00000220	0.976599654415575	0.898487287581852	0.935916468613996
GC_00000221	0.947688731899017	0.787177983307015	0.860008089659448
GC_00000222	0.914583955038297	0.872298143706449	0.892940711425832
GC_00000223	0.985917922061254	0.900935343726042	0.941512854341958
GC_00000224	0.992431370546775	0.898167806348718	0.94294964044081
GC_00000225	0.979240454826503	0.898368807546695	0.937062995302921
GC_00000226	0.95181515402385	0.847832231418721	0.896819646406167
GC_00000227	0.939505067303455	0.775929534357875	0.849918415652379
GC_00000228	0.96667642450775	0.934986277163689	0.950567301528288
GC_00000229	0.953442758335914	0.798970769213204	0.86939855468224
GC_00000230	0.954979927572083	0.882572414309006	0.917349586277499
GC_00000231	0.927519956662923	0.988401427794222	0.956993389092551
GC_00000232	0.973684210526316	0.936560734640903	0.954761745948708
GC_00000233	0.969587940878867	0.874303267418316	0.919483645179529
GC_00000234	0.991115016598321	0.896323854238351	0.941339129332563
GC_00000235	0.971518515972318	0.8950346979989	0.931709607885876
GC_00000236	0.95352008213579	0.806239111082474	0.873716342989545
GC_00000237	0.972138769670958	0.89886305940475	0.934066033600921
GC_00000238	0.976273186078521	0.892663240374081	0.932597998990612
GC_00000239	0.973083445864535	0.882208368554523	0.925420305928933
GC_00000240	0.978266845693696	0.91074378088295	0.943298500521552
GC_00000241	0.968840423911778	0.89454914397771	0.930213828386832
GC_00000242	0.985882383440317	0.894460108936533	0.937948770147669
GC_00000243	1.0	1.0	1.0
GC_00000244	0.996214578316465	0.942396686879448	0.968558611910848
GC_00000245	0.999655913978495	0.951086219384782	0.974766421097637
GC_00000246	0.994626865671642	0.847425474254743	0.915144618943872
GC_00000247	0.99682855365678	0.94470432541617	0.970066751367667
GC_00000248	0.998278291424093	0.940423972697346	0.968487894250232
GC_00000249	0.981090450677592	0.76415850482374	0.859142312646485
GC_00000250	0.999430570778736	0.942699334435163	0.970236369212906
GC_00000251	0.996004047276887	0.943171307892138	0.968867964861407
GC_00000252	0.998103652851937	0.94043668122271	0.968412439303101
GC_00000253	0.995117920985429	0.947816317626526	0.9708913299571
GC_00000254	0.989600862998921	1.0	0.99477325467913
GC_00000255	0.995640686922061	0.94609100064085	0.97023363197117
GC_00000256	0.992344681669552	0.944919796822384	0.968051750694266
GC_00000257	0.997594878262248	0.950201752598328	0.973321738716731
GC_00000258	0.992306377502287	0.99560379874459	0.993952353345233
GC_00000259	0.998131016806388	0.937852908078653	0.967053563537166
GC_00000260	0.995920124592229	0.936499326436345	0.965296147654262
GC_00000261	0.99483266398929	1.0	0.997409639362745
GC_00000262	0.976128149448196	0.939824934223841	0.957632607674254
GC_00000263	0.991366152584459	0.940210439720828	0.965110894342896
GC_00000264	0.99559688270596	0.941403901895207	0.967742292667248
GC_00000265	0.968685185185185	0.968249603384453	0.968467345307563
GC_00000266	0.995586537923741	0.944162202975791	0.969192719736691
GC_00000267	0.990052334150868	0.920448169675651	0.953982327695865
GC_00000268	0.992994011976048	0.844369405635806	0.912670575298517
GC_00000269	0.996940143739684	0.948376331185159	0.972052052319739
GC_00000270	0.995932079116479	0.947706750584513	0.971221134378713
GC_00000271	0.994534572676712	0.91305939908762	0.952057044361688
GC_00000272	0.988133162225409	0.942577851224172	0.964818065764967
GC_00000273	0.99073883161512	0.940710098025421	0.965076538243963
GC_00000274	0.99137422750202	0.940769258853595	0.965409043210131
GC_00000275	0.997389638631778	0.948236430468728	0.972192144978744
GC_00000276	0.995496838784578	0.934560332133005	0.964066630056939
GC_00000277	0.994735601775832	0.957590536851683	0.975809707285528
GC_00000278	0.992385346937891	0.952277321509552	0.971917726833128
GC_00000279	0.992823297093212	0.942078720787209	0.966785597461831
GC_00000280	0.980225988700565	1.0	0.990014265335235
GC_00000281	0.99750167000668	1.0	0.9987492726385
GC_00000282	0.966957033419673	0.926278935851664	0.94618097951623
GC_00000283	0.984009691705248	0.934312209229222	0.95851720038461
GC_00000284	0.99512359812362	0.95259186351706	0.973393353840162
GC_00000285	0.993003584229391	1.0	0.996489511696832
GC_00000286	0.966225351684745	0.951183114848709	0.958645229436041
GC_00000287	0.987404113969129	0.932764419796281	0.959306862158379
GC_00000288	0.99626734164237	0.941423206372718	0.968069123456426
GC_00000289	0.997586550596028	0.940200998336108	0.96804406789994
GC_00000290	0.994342291371994	0.931066846421752	0.961664846519156
GC_00000291	0.994575973251712	0.919126452106716	0.955363878450659
GC_00000292	0.996273652581524	0.939953325554247	0.967294375587835
GC_00000293	0.996611582989936	0.936036457906945	0.965374715220284
GC_00000294	0.992907091907682	0.939429735286164	0.965428421575093
GC_00000295	0.988856403951913	0.943988736290879	0.965901807345469
GC_00000296	0.984711605281445	0.946042153875223	0.964989640536337
GC_00000297	0.991315373205064	0.94005489466682	0.965004882017477
GC_00000298	0.991050532353232	0.939902449149025	0.964799072284567
GC_00000299	0.975746081818637	0.954744557729402	0.96513108352624
GC_00000300	0.993497864261984	0.94016741039435	0.96609721084381
GC_00000301	0.990905678199058	0.921240722882959	0.954804153883167
GC_00000302	0.994826119561689	0.951936977283761	0.972909103026488
GC_00000303	0.990167995983242	0.94138547869904	0.965160721780667
GC_00000304	0.983223498399548	0.92993144950288	0.955835233371402
GC_00000305	0.991447733777607	0.939106498640969	0.964567577764414
GC_00000306	0.883967265891464	0.916272919536082	0.899830227154206
GC_00000307	0.99449128637908	0.844102514624636	0.913146335146568
GC_00000308	0.993972979400621	0.922513407971417	0.956910945676721
GC_00000309	0.993599164217304	0.952692954684653	0.972716186164723
GC_00000310	0.98170631279264	0.940893650323619	0.960866799031924
GC_00000311	0.996260323613686	0.940841590951209	0.967758217389202
GC_00000312	0.992851636154225	0.909875749953296	0.949554448665652
GC_00000313	0.982482275100956	0.961573407202213	0.971915400761943
GC_00000314	0.992230850478273	0.970291878435848	0.981138736961545
GC_00000315	0.986739736108921	0.941330856005309	0.963500573313897
GC_00000316	0.996581601998545	0.944362314658315	0.969769502696683
GC_00000317	0.982945537629395	0.941660716149911	0.9618603255423
GC_00000318	0.980767276878298	0.93671901672926	0.958237211186762
GC_00000319	0.96263846089781	0.946953405017923	0.954731515795659
GC_00000320	0.965735359335247	0.939230570115835	0.952298577214797
GC_00000321	0.961520812848247	0.861214953271027	0.908607947787465
GC_00000322	0.993625720300639	0.950016343544295	0.971331801478124
GC_00000323	0.973500929768735	0.917635828135825	0.944743237785886
GC_00000324	0.991928668018932	0.945626299546935	0.968224232555999
GC_00000325	0.982698724911683	0.937007311827956	0.95930926188064
GC_00000326	0.973264931598265	0.940178430265385	0.95643562162318
GC_00000327	0.995441687167379	0.947956635548663	0.971119035786007
GC_00000328	0.929324138054291	0.93420007989384	0.93175572998296
GC_00000329	0.934752331270707	0.990327229190709	0.961737587598711
GC_00000330	0.986453049873729	0.926983679953785	0.955794214691399
GC_00000331	0.976576732471003	0.941081221779548	0.958500469302373
GC_00000332	0.99071155947611	0.934624553561651	0.961851120657358
GC_00000333	0.980958414070651	0.945780257025844	0.963048196321732
GC_00000334	0.993392732946108	0.931074214483072	0.961224467623678
GC_00000335	0.978129226210473	0.946669111921905	0.962142067121678
GC_00000336	0.989485886363734	0.932739251481524	0.960274950969597
GC_00000337	0.986175555173665	0.927068574836016	0.955709051586992
GC_00000338	0.985665366443955	0.958021911138158	0.971647063799272
GC_00000339	0.992156817520755	0.948883582913476	0.970037837038853
GC_00000340	0.996328098275332	0.940204607804653	0.967453083485411
GC_00000341	0.996332465277778	0.952238622067538	0.973786648091769
GC_00000342	0.99208142963611	0.940235745304834	0.965463055955605
GC_00000343	0.962796943905051	0.925217599234816	0.943633278914269
GC_00000344	0.974418859649123	0.943017247302961	0.958460923328559
GC_00000345	0.989157556058964	0.936202044741367	0.961951550420852
GC_00000346	0.991116152797074	0.939060868132772	0.964386566386194
GC_00000347	0.963192100987377	0.869596218148278	0.914004306579087
GC_00000348	0.978370951752167	0.938951025043747	0.958255753742405
GC_00000349	0.991591714527671	0.94995481727575	0.970326809640073
GC_00000350	0.975039688287198	0.938448433123876	0.956394197035247
GC_00000351	0.950930703548784	0.943013222743119	0.946955413948946
GC_00000352	0.810733976567884	0.973921568627451	0.884866895826827
GC_00000353	0.987885619234179	0.945039544379971	0.965987709275802
GC_00000354	0.924129460946787	0.811136766358597	0.863954326839061
GC_00000355	0.991557474594541	0.951017052872064	0.970864236001239
GC_00000356	0.987230056207475	0.936155138189037	0.961014457619613
GC_00000357	0.995330070369681	0.931813951028612	0.96252530703524
GC_00000358	0.986321640669133	0.942103479205026	0.963705605899011
GC_00000359	0.821813566771475	0.925562958027985	0.870608234702971
GC_00000360	0.971526452118805	0.899331128544328	0.93403580221748
GC_00000361	0.982182007241202	0.938979528992786	0.960095006224618
GC_00000362	0.99123234291281	0.943135319927856	0.966585877974239
GC_00000363	0.99282724096491	0.9406733937397	0.966046923794638
GC_00000364	0.986322033632674	0.93105463489708	0.957891807058425
GC_00000365	0.992959537689874	0.958237612004743	0.975289633200004
GC_00000366	0.983979629727866	0.922556353109357	0.952278548013263
GC_00000367	0.992836084458794	0.944325789464992	0.9679735409688
GC_00000368	0.982226661082294	0.930647196221844	0.955741524408571
GC_00000369	0.962928073614531	0.936141806413653	0.94934603066481
GC_00000370	0.992446201141853	0.941624007621464	0.966367368706263
GC_00000371	0.988917313855875	0.943024610546911	0.965425878472322
GC_00000372	0.969650767975285	0.904860916368288	0.936136157267628
GC_00000373	0.992871729945525	0.949676236805032	0.970793724802624
GC_00000374	0.95356706657773	0.922647712647711	0.937852619621024
GC_00000375	0.962305870290936	0.94472469404346	0.953434240529999
GC_00000376	0.976798792419075	0.939440667859272	0.957755571718591
GC_00000377	0.966570881226054	0.950822252951815	0.958631890917914
GC_00000378	0.868291271172852	0.702541338236545	0.77667156637172
GC_00000379	0.986206140350877	0.94681062672936	0.966106936817065
GC_00000380	0.970623356148881	0.858376593336281	0.911055651038402
GC_00000381	0.976940267428198	0.934422948736567	0.955208719838683
GC_00000382	0.957410377638701	0.916529751542964	0.936524152375187
GC_00000383	0.988606965174129	1.0	0.994270846363614
GC_00000384	0.979442998223214	0.932790128198973	0.955547466731322
GC_00000385	0.920825042423616	0.97614223520651	0.947677090422409
GC_00000386	0.982345225160306	0.943584027476849	0.96257457293427
GC_00000387	0.992240915024327	0.947936035417145	0.969582613537202
GC_00000388	0.975701284074949	0.938909222980409	0.95695174670355
GC_00000389	0.952613722281241	0.930306505563523	0.941327975579415
GC_00000390	0.984135704404584	0.940925365859669	0.962045580814051
GC_00000391	0.989783614815735	0.915043091855768	0.950947039955967
GC_00000392	0.985726806059847	0.915809495533151	0.949482761107333
GC_00000393	0.986491571234486	0.899031824638184	0.940733293703475
GC_00000394	0.95420871732373	0.780650544093772	0.858748108188501
GC_00000395	0.984287292033964	0.960176983256169	0.972082660229423
GC_00000396	0.981792226591554	0.940267290062903	0.960581197723676
GC_00000397	0.970501084919234	0.928339870080332	0.948952410905787
GC_00000398	0.95187244095491	0.940941491812206	0.946375403416091
GC_00000399	0.953665612026653	0.793274667176633	0.866107193227307
GC_00000400	0.986625381671182	0.938538221600902	0.96198123580369
GC_00000401	0.977728242862613	0.940314300074732	0.958656367384535
GC_00000402	0.985499808810803	0.952256249780245	0.968592871054857
GC_00000403	0.984296697919537	0.948650309637435	0.966144817841264
GC_00000404	0.979968011453242	0.938465260684717	0.958767707678722
GC_00000405	0.992556678340125	0.95054515451545	0.971096753886168
GC_00000406	0.992780108185918	0.939525660656056	0.965419036748574
GC_00000407	0.991349886276359	0.933023183726937	0.96130260966427
GC_00000408	0.983453167613483	0.943628790570956	0.963129481023835
GC_00000409	0.986244431223178	0.94131610695269	0.963256665734946
GC_00000410	0.974914398422091	0.943573607618419	0.958988008412755
GC_00000411	0.978245322245322	0.942620619029961	0.960102619765175
GC_00000412	0.978733596379543	0.936331850491927	0.957063311787884
GC_00000413	0.984821108146484	0.940987401427214	0.962405400971633
GC_00000414	0.988571330365889	0.926742458511207	0.956658935405145
GC_00000415	0.907153309361511	0.92865623975929	0.917778842102997
GC_00000416	0.979071429436632	0.937340721442881	0.95775172328256
GC_00000417	0.976777185321718	0.941395130069825	0.958759834084539
GC_00000418	0.986353715870275	0.945464998837013	0.965476633732142
GC_00000419	0.969065170940171	1.0	0.984289585984064
GC_00000420	0.962129609525877	0.897865053443395	0.928887131210759
GC_00000421	0.973444718125253	0.934029716468249	0.953329992348556
GC_00000422	0.984325416218682	0.925351035166335	0.953927606090433
GC_00000423	0.968700513460339	0.926914904941348	0.947347162968113
GC_00000424	0.985145016650855	0.936810846235766	0.960370167218641
GC_00000425	0.966871217817882	0.93991406363154	0.95320208750173
GC_00000426	0.930553932452962	0.725208883003449	0.815148125841512
GC_00000427	0.995648473349212	0.942478525891301	0.968334176073919
GC_00000428	0.968127206468512	0.909202673119022	0.937740195381981
GC_00000429	0.983627178477957	0.938486303477995	0.960526673785042
GC_00000430	0.989727400708161	0.957705774635726	0.973453322018132
GC_00000431	0.984924426956467	0.955903308401043	0.970196891873313
GC_00000432	0.931428679223927	0.944171758733979	0.937756929888134
GC_00000433	0.978198916119387	0.961442000316501	0.96974807517404
GC_00000434	0.962561052001941	0.926087420666255	0.943972046447503
GC_00000435	0.953943460181011	0.868019635180667	0.908955462816254
GC_00000436	0.987782592466365	0.940381965464555	0.963499647303934
GC_00000437	0.990532892173373	0.940789337474115	0.96502051192586
GC_00000438	0.977209146749377	0.79152206100089	0.874618590405059
GC_00000439	0.974610041440444	0.94143696621681	0.95773633631254
GC_00000440	0.985159320785181	0.894232498603609	0.937496345211155
GC_00000441	0.972142963959922	0.868020667726551	0.917136030917856
GC_00000442	0.972220340322708	0.953049004408969	0.962539220754945
GC_00000443	0.963536952775333	0.936895695459848	0.950029588588707
GC_00000444	0.991145615876204	0.93933718387802	0.964546207558783
GC_00000445	0.992680640822041	0.945962525070683	0.96875866802273
GC_00000446	0.980281793117437	0.943264238911297	0.961416825079347
GC_00000447	0.97608379040005	0.928454034618374	0.951673336615149
GC_00000448	0.988317232082678	0.954634546800346	0.971183930757782
GC_00000449	0.98423838874642	0.961366449706501	0.972667981445184
GC_00000450	0.934181821739173	0.9288708918863	0.931518786985083
GC_00000451	0.985619047619048	1.0	0.992757446400307
GC_00000452	0.987422548647322	0.938642174261014	0.962414644692896
GC_00000453	0.952641791237661	0.949224875691576	0.950930264029717
GC_00000454	0.969107113110112	0.937782037495908	0.953187281804349
GC_00000455	0.974964102886592	0.941443246057934	0.957910509283989
GC_00000456	0.968006080696981	0.866928846223549	0.914683548025742
GC_00000457	0.984203492553957	0.937226384649378	0.960140666104591
GC_00000458	0.992395368100563	0.943241574428305	0.967194362636599
GC_00000459	0.962692707382335	0.902478671522273	0.931613733160361
GC_00000460	0.968282521512284	0.927993585591421	0.947710057240673
GC_00000461	0.974600971772028	0.886142155890263	0.928268919465334
GC_00000462	0.984695315961174	0.933931894998589	0.958642051127607
GC_00000463	0.984928642682207	0.941985432733505	0.962978521487485
GC_00000464	0.979351499788762	0.931224239389006	0.954681708538555
GC_00000465	0.992057765649836	0.884420212503477	0.935151864425522
GC_00000466	0.956981366459627	0.92287909736407	0.939620909815915
GC_00000467	0.978539992068328	0.937398083163537	0.957527307089719
GC_00000468	0.957199077023258	0.948313957535676	0.952735802294349
GC_00000469	0.969286794498659	0.935292047610834	0.951986035657824
GC_00000470	0.986543982286075	0.94946795008913	0.967650949738457
GC_00000471	0.983734924591485	0.939771825396823	0.96125097122281
GC_00000472	0.987332122944592	0.933690199016961	0.959762222259513
GC_00000473	0.980206074025362	0.941669117094484	0.960551228886282
GC_00000474	1.0	1.0	1.0
GC_00000475	1.0	1.0	1.0
GC_00000476	1.0	1.0	1.0
GC_00000477	1.0	1.0	1.0
GC_00000478	1.0	1.0	1.0
GC_00000479	1.0	1.0	1.0
GC_00000480	1.0	1.0	1.0
GC_00000481	1.0	1.0	1.0
GC_00000482	1.0	1.0	1.0
GC_00000483	1.0	1.0	1.0
GC_00000484	1.0	1.0	1.0
GC_00000485	1.0	1.0	1.0
GC_00000486	1.0	1.0	1.0
GC_00000487	1.0	1.0	1.0
GC_00000488	1.0	1.0	1.0
GC_00000489	1.0	1.0	1.0
GC_00000490	1.0	1.0	1.0
GC_00000491	1.0	1.0	1.0
GC_00000492	1.0	1.0	1.0
GC_00000493	1.0	1.0	1.0
GC_00000494	1.0	1.0	1.0
GC_00000495	1.0	1.0	1.0
GC_00000496	1.0	1.0	1.0
GC_00000497	1.0	1.0	1.0
GC_00000498	1.0	1.0	1.0
GC_00000499	1.0	1.0	1.0
GC_00000500	1.0	1.0	1.0
GC_00000501	1.0	1.0	1.0
GC_00000502	1.0	1.0	1.0
GC_00000503	1.0	1.0	1.0
GC_00000504	1.0	1.0	1.0
GC_00000505	1.0	1.0	1.0
GC_00000506	1.0	1.0	1.0
GC_00000507	1.0	1.0	1.0
GC_00000508	1.0	1.0	1.0
GC_00000509	1.0	1.0	1.0
GC_00000510	1.0	1.0	1.0
GC_00000511	1.0	1.0	1.0
GC_00000512	1.0	1.0	1.0
GC_00000513	1.0	1.0	1.0
GC_00000514	1.0	1.0	1.0
GC_00000515	1.0	1.0	1.0
GC_00000516	1.0	1.0	1.0
GC_00000517	1.0	1.0	1.0
GC_00000518	1.0	1.0	1.0
GC_00000519	1.0	1.0	1.0
GC_00000520	1.0	1.0	1.0
GC_00000521	1.0	1.0	1.0
GC_00000522	1.0	1.0	1.0
GC_00000523	1.0	1.0	1.0
GC_00000524	1.0	1.0	1.0
GC_00000525	1.0	1.0	1.0
GC_00000526	1.0	1.0	1.0
GC_00000527	1.0	1.0	1.0
GC_00000528	1.0	1.0	1.0
GC_00000529	1.0	1.0	1.0
GC_00000530	1.0	1.0	1.0
GC_00000531	1.0	1.0	1.0
GC_00000532	1.0	1.0	1.0
GC_00000533	1.0	1.0	1.0
GC_00000534	1.0	1.0	1.0
GC_00000535	1.0	1.0	1.0
GC_00000536	1.0	1.0	1.0
GC_00000537	1.0	1.0	1.0
GC_00000538	1.0	1.0	1.0
GC_00000539	1.0	1.0	1.0
GC_00000540	1.0	1.0	1.0
GC_00000541	1.0	1.0	1.0
GC_00000542	1.0	1.0	1.0
GC_00000543	1.0	1.0	1.0
GC_00000544	1.0	1.0	1.0
GC_00000545	1.0	1.0	1.0
GC_00000546	1.0	1.0	1.0
GC_00000547	1.0	1.0	1.0
GC_00000548	1.0	1.0	1.0
GC_00000549	1.0	1.0	1.0
GC_00000550	1.0	1.0	1.0
GC_00000551	1.0	1.0	1.0
GC_00000552	1.0	1.0	1.0
GC_00000553	1.0	1.0	1.0
GC_00000554	1.0	1.0	1.0
GC_00000555	1.0	1.0	1.0
GC_00000556	1.0	1.0	1.0
GC_00000557	1.0	1.0	1.0
GC_00000558	1.0	1.0	1.0
GC_00000559	1.0	1.0	1.0
GC_00000560	1.0	1.0	1.0
GC_00000561	1.0	1.0	1.0
GC_00000562	1.0	1.0	1.0
GC_00000563	1.0	1.0	1.0
GC_00000564	1.0	1.0	1.0
GC_00000565	1.0	1.0	1.0
GC_00000566	1.0	1.0	1.0
GC_00000567	1.0	1.0	1.0
GC_00000568	1.0	1.0	1.0
GC_00000569	1.0	1.0	1.0
GC_00000570	1.0	1.0	1.0
GC_00000571	1.0	1.0	1.0
GC_00000572	1.0	1.0	1.0
GC_00000573	1.0	1.0	1.0
GC_00000574	1.0	1.0	1.0
GC_00000575	1.0	1.0	1.0
GC_00000576	1.0	1.0	1.0
GC_00000577	1.0	1.0	1.0
GC_00000578	1.0	1.0	1.0
GC_00000579	1.0	1.0	1.0
GC_00000580	1.0	1.0	1.0
GC_00000581	1.0	1.0	1.0
GC_00000582	1.0	1.0	1.0
GC_00000583	1.0	1.0	1.0
GC_00000584	1.0	1.0	1.0
GC_00000585	1.0	1.0	1.0
GC_00000586	1.0	1.0	1.0
GC_00000587	0.999322493224932	1.0	0.999661131819722
GC_00000588	0.999249249249249	1.0	0.999624483665039
GC_00000589	0.999863163656267	1.0	0.999931577146767
GC_00000590	0.999088007295942	0.998641385936469	0.998864646691866
GC_00000591	0.999299719887955	1.0	0.999649737302977
GC_00000592	0.999937154348919	1.0	0.999968576187034
GC_00000593	0.999813153961136	1.0	0.999906568251892
GC_00000594	0.999905517762661	1.0	0.999952756649502
GC_00000595	0.999819624819625	1.0	0.999909804275277
GC_00000596	0.999198717948718	1.0	0.999599198396794
GC_00000597	0.998677248677249	1.0	0.99933818663137
GC_00000598	0.999870801033592	1.0	0.999935396343433
GC_00000599	0.998888888888889	1.0	0.999444135630906
GC_00000600	0.999281609195402	1.0	0.999640675530004
GC_00000601	0.996953405017921	1.0	0.998474378533609
GC_00000602	0.999691358024691	1.0	0.999845655193703
GC_00000603	0.995305164319249	1.0	0.997647058823529
GC_00000604	0.999856073690271	1.0	0.999928031666067
GC_00000605	0.999824191279888	1.0	0.999912087912088
GC_00000606	0.999728555917481	1.0	0.999864259535768
GC_00000607	0.999007936507937	1.0	0.999503722084367
GC_00000608	0.999837239583333	1.0	0.999918613168389
GC_00000609	0.999941397093296	1.0	0.999970697688048
GC_00000610	0.999605988967691	1.0	0.999802955665025
GC_00000611	1.0	0.998958333333334	0.999478895257947
GC_00000612	0.999868972746331	1.0	0.999934482080849
GC_00000613	0.999658469945355	1.0	0.999829205807003
GC_00000614	0.999485596707819	1.0	0.999742732184204
GC_00000615	0.999617737003058	1.0	0.999808831963296
GC_00000616	0.999818049490539	1.0	0.999909016468019
GC_00000617	0.999745158002039	1.0	0.999872562762839
GC_00000618	0.999166666666667	1.0	0.999583159649854
GC_00000619	0.999814814814815	1.0	0.999907398833225
GC_00000620	0.998826291079812	1.0	0.999412800939519
GC_00000621	0.998759920634921	1.0	0.999379575629731
GC_00000622	0.999921309411394	1.0	0.999960653157584
GC_00000623	0.999228395061728	1.0	0.999614048629873
GC_00000624	0.999936724879777	1.0	0.999968361438922
GC_00000625	0.999826388888889	1.0	0.999913186908586
GC_00000626	0.997497497497497	1.0	0.998747181157605
GC_00000627	0.999595469255663	1.0	0.999797693708274
GC_00000628	0.999255952380952	1.0	0.999627837737253
GC_00000629	0.997652582159624	1.0	0.99882491186839
GC_00000630	0.999691358024691	1.0	0.999845655193703
GC_00000631	0.999883286647993	1.0	0.999941639918296
GC_00000632	0.999671916010499	1.0	0.999835931091058
GC_00000633	0.9997591522158	1.0	0.999879561604239
GC_00000634	0.999720357941834	1.0	0.999860159418263
GC_00000635	0.999603174603175	1.0	0.999801547926176
GC_00000636	0.999781277340333	1.0	0.999890626708958
GC_00000637	0.99971363115693	1.0	0.999856795073751
GC_00000638	0.997455057396578	1.0	0.998725907452086
GC_00000639	0.999506903353057	1.0	0.999753390875462
GC_00000640	1.0	0.977654822844524	0.988701174291206
GC_00000641	0.999905517762661	1.0	0.999952756649502
GC_00000642	0.999845679012346	1.0	0.999922833551972
GC_00000643	0.999074074074074	1.0	0.999536822603057
GC_00000644	0.999839434810533	1.0	0.999919710959454
GC_00000645	0.99904214559387	1.0	0.999520843315764
GC_00000646	0.998888888888889	1.0	0.999444135630906
GC_00000647	0.997967479674797	1.0	0.998982706002035
GC_00000648	0.997390007457122	1.0	0.99869329848796
GC_00000649	0.997815230961298	1.0	0.998906420871739
GC_00000650	0.999778663125277	1.0	0.99988931931378
GC_00000651	0.999915311653117	1.0	0.999957654033453
GC_00000652	0.998995983935743	1.0	0.999497739829232
GC_00000653	0.999888888888889	1.0	0.999944441357853
GC_00000654	0.987646566164154	0.950222678999658	0.968573259880579
GC_00000655	0.999324845679012	1.0	0.999662308842684
GC_00000656	0.999751984126984	1.0	0.999875976683616
GC_00000657	0.999440715883669	1.0	0.99972027972028
GC_00000658	0.999482401656315	1.0	0.999741133833808
GC_00000659	0.999221183800623	1.0	0.999610440202571
GC_00000660	0.999779541446208	1.0	0.999889758571271
GC_00000661	0.998198710656049	1.0	0.999098543435973
GC_00000662	0.999886156648452	1.0	0.999943075083964
GC_00000663	0.999574829931973	1.0	0.99978736976398
GC_00000664	0.999610591900312	1.0	0.999805258033106
GC_00000665	0.998188405797101	1.0	0.99909338168631
GC_00000666	0.999704491725768	1.0	0.999852224028373
GC_00000667	0.999829584185412	1.0	0.9999147848317
GC_00000668	0.997852925389157	1.0	0.99892530897367
GC_00000669	0.999568221070812	1.0	0.999784063917081
GC_00000670	0.999716553287982	1.0	0.999858256555634
GC_00000671	0.999854566608493	1.0	0.999927278016144
GC_00000672	0.999691358024691	1.0	0.999845655193703
GC_00000673	0.999732905982906	1.0	0.999866435154267
GC_00000674	0.999425287356322	1.0	0.99971256108077
GC_00000675	1.0	0.996491228070177	0.998242530755712
GC_00000676	0.999821937321937	1.0	0.999910960733684
GC_00000677	0.999935098650052	1.0	0.999967548271945
GC_00000678	0.999804381846635	1.0	0.999902181355766
GC_00000679	0.999917204835238	1.0	0.999958600703788
GC_00000680	0.999510954616588	1.0	0.999755417502324
GC_00000681	0.999748047367095	1.0	0.999874007811516
GC_00000682	0.997379454926625	1.0	0.998688008396746
GC_00000683	0.997967479674797	1.0	0.998982706002035
GC_00000684	0.994379412857674	1.0	0.997181786421335
GC_00000685	0.99599591230026	1.0	0.997993939929904
GC_00000686	0.999858637263217	1.0	0.9999293136354
GC_00000687	0.999264164827079	1.0	0.999631947000368
GC_00000688	0.998686868686869	1.0	0.999343002981756
GC_00000689	0.999616502964947	1.0	0.999808214707928
GC_00000690	0.999468367889421	1.0	0.999734113267748
GC_00000691	0.99905303030303	1.0	0.999526290857414
GC_00000692	0.998228663446055	1.0	0.999113546619389
GC_00000693	0.99953314659197	1.0	0.999766518795237
GC_00000694	1.0	0.991527313266445	0.995745633676669
GC_00000695	0.998267170762445	1.0	0.999132834055972
GC_00000696	0.999624624624625	1.0	0.999812277079031
GC_00000697	0.999772778913883	1.0	0.999886376548119
GC_00000698	0.999190938511327	1.0	0.999595305544314
GC_00000699	0.998307477716541	1.0	0.99915302209378
GC_00000700	0.999514798641436	1.0	0.999757340451347
GC_00000701	0.999632082413539	1.0	0.999816007359706
GC_00000702	0.999621022821922	1.0	0.999810475498231
GC_00000703	0.999521072796935	1.0	0.999760479041916
GC_00000704	0.999342537804076	1.0	0.999671160802368
GC_00000705	0.998510090749018	1.0	0.999254490003389
GC_00000706	0.993545163036688	0.988677536231884	0.991105373062956
GC_00000707	0.999074074074074	1.0	0.999536822603057
GC_00000708	0.999211977935382	1.0	0.999605833661805
GC_00000709	0.998572170301142	0.91476289217454	0.954831994107451
GC_00000710	0.999358974358974	1.0	0.999679384418083
GC_00000711	0.999465811965812	1.0	0.999732834624633
GC_00000712	0.99904214559387	1.0	0.999520843315764
GC_00000713	0.999574286930609	1.0	0.999787098147754
GC_00000714	0.999365079365079	1.0	0.999682438869482
GC_00000715	0.999553770638108	1.0	0.999776835527784
GC_00000716	0.999255952380952	1.0	0.999627837737253
GC_00000717	0.999497991967871	1.0	0.999748932965102
GC_00000718	0.999515503875969	1.0	0.999757693239641
GC_00000719	0.9994708994709	1.0	0.999735379730087
GC_00000720	0.999519692603266	1.0	0.99975978861398
GC_00000721	0.999416042894304	1.0	0.999707936170778
GC_00000722	0.999638074556641	1.0	0.999819004524887
GC_00000723	0.99724342663274	1.0	0.998619811020278
GC_00000724	0.999553770638108	1.0	0.999776835527784
GC_00000725	0.998703900082479	1.0	0.999351529800153
GC_00000726	0.999249249249249	1.0	0.999624483665039
GC_00000727	0.999766573295985	1.0	0.999883273024396
GC_00000728	0.999025341130604	1.0	0.999512432959532
GC_00000729	0.999820788530466	1.0	0.999910386235326
GC_00000730	0.998931623931624	1.0	0.99946552645644
GC_00000731	0.999368686868687	1.0	0.999684243763814
GC_00000732	0.999657064471879	1.0	0.999828502829703
GC_00000733	0.998834498834499	1.0	0.999416909620991
GC_00000734	0.999529190207156	1.0	0.999764539675065
GC_00000735	0.999142661179698	1.0	0.999571146753581
GC_00000736	0.998810136351942	1.0	0.999404714021398
GC_00000737	0.999565972222222	1.0	0.999782939005861
GC_00000738	0.999777656499505	1.0	0.99988881588922
GC_00000739	0.999119133094003	1.0	0.999559372479902
GC_00000740	0.99986125301144	1.0	0.999930621692705
GC_00000741	0.999708777447726	0.999825296995104	0.999767033826423
GC_00000742	0.999649859943978	1.0	0.999824899317107
GC_00000743	0.99939152561124	1.0	0.999695670217181
GC_00000744	0.997101449275362	1.0	0.998548621190131
GC_00000745	0.998765432098765	1.0	0.999382334774552
GC_00000746	0.999634502923977	1.0	0.999817218058856
GC_00000747	0.999145299145299	1.0	0.999572466866182
GC_00000748	0.999889331562638	1.0	0.999944662719274
GC_00000749	0.999058380414313	1.0	0.999528968440885
GC_00000750	0.999465811965812	1.0	0.999732834624633
GC_00000751	0.999646142958245	1.0	0.999823040169881
GC_00000752	0.991269841269841	0.99056603773585	0.990917814533008
GC_00000753	0.99960334375296	1.0	0.999801632534633
GC_00000754	0.999202551834131	1.0	0.999601116872756
GC_00000755	0.998498498498498	1.0	0.999248685199098
GC_00000756	0.999343832020997	1.0	0.999671808336068
GC_00000757	0.998373262348418	1.0	0.999185969066825
GC_00000758	0.999463231347289	1.0	0.999731543624161
GC_00000759	0.998719515744136	1.0	0.999359347699476
GC_00000760	0.992831541218638	1.0	0.996402877697842
GC_00000761	0.999429223744292	1.0	0.999714530402512
GC_00000762	0.998886451269778	1.0	0.9994429154645
GC_00000763	0.998753561253561	1.0	0.999376391982183
GC_00000764	0.999098124098124	1.0	0.999548858612289
GC_00000765	0.999457812661365	1.0	0.999728832818977
GC_00000766	0.998628257887517	1.0	0.999313658201785
GC_00000767	0.99910214848716	1.0	0.999550872618731
GC_00000768	0.99757060572278	1.0	0.998783825577799
GC_00000769	0.998394430235862	1.0	0.999196570136583
GC_00000770	0.997607992120445	1.0	0.998802563921955
GC_00000771	0.998745519713262	1.0	0.999372366179503
GC_00000772	0.995614035087719	1.0	0.997802197802198
GC_00000773	0.998482789855072	1.0	0.999240819008985
GC_00000774	0.999633855771963	0.845652675276751	0.916218733738168
GC_00000775	0.998484848484849	1.0	0.999241849886278
GC_00000776	0.997384155455904	1.0	0.998690364826941
GC_00000777	0.99897759601707	0.994078634425635	0.996522094361452
GC_00000778	0.999264164827079	1.0	0.999631947000368
GC_00000779	0.997635933806147	1.0	0.998816568047337
GC_00000780	0.998563218390805	1.0	0.999281092739037
GC_00000781	0.999338545985863	1.0	0.999669163576391
GC_00000782	0.998007721860854	1.0	0.999002867647934
GC_00000783	0.99929644061617	1.0	0.999648096515586
GC_00000784	0.998202614379085	1.0	0.999100498814294
GC_00000785	0.998792270531401	1.0	0.999395770392749
GC_00000786	0.998035914702581	1.0	0.999016991995506
GC_00000787	0.998940357250984	1.0	0.999469897765998
GC_00000788	0.997549019607843	1.0	0.998773006134969
GC_00000789	0.999120956399437	1.0	0.999560284935362
GC_00000790	0.998980572437795	1.0	0.999490026278264
GC_00000791	0.996941171158969	1.0	0.998468242888069
GC_00000792	0.998870822041554	1.0	0.999435092079991
GC_00000793	0.996265328874025	1.0	0.998129170971435
GC_00000794	0.999386985800029	1.0	0.999693398924608
GC_00000795	0.998731884057971	1.0	0.999365539744403
GC_00000796	0.999510954616588	1.0	0.999755417502324
GC_00000797	0.988497113232002	1.0	0.994215286161868
GC_00000798	0.996307031669351	1.0	0.998150100023662
GC_00000799	0.997181964573269	1.0	0.998588994154404
GC_00000800	0.996723585402018	1.0	0.998359104574146
GC_00000801	0.998835662009315	1.0	0.999417491886494
GC_00000802	0.997058823529412	1.0	0.998527245949926
GC_00000803	0.998154008438819	1.0	0.999076151511152
GC_00000804	0.999148232901093	1.0	0.999573934996471
GC_00000805	0.996980676328502	1.0	0.998488055639553
GC_00000806	0.999550061570522	1.0	0.999774980162725
GC_00000807	0.997126436781609	1.0	0.998561151079137
GC_00000808	0.997358578775129	1.0	0.998677542804312
GC_00000809	0.998482789855072	1.0	0.999240819008985
GC_00000810	0.99975845410628	1.0	0.999879212465274
GC_00000811	0.993684884465398	1.0	0.996832440480535
GC_00000812	0.998876043673732	1.0	0.999437705839826
GC_00000813	0.997417643774428	1.0	0.998707152590936
GC_00000814	0.999847855707969	1.0	0.999923922066573
GC_00000815	0.998523985239852	0.999262536873157	0.998893124540789
GC_00000816	0.999493634259259	1.0	0.99974675301183
GC_00000817	0.998053786270347	1.0	0.999025945275835
GC_00000818	0.995884773662551	1.0	0.997938144329897
GC_00000819	0.998767871956278	1.0	0.999383556209298
GC_00000820	0.998735834574924	1.0	0.999367517506212
GC_00000821	0.999502699630577	1.0	0.999751287972997
GC_00000822	0.999172185430464	1.0	0.999585921325052
GC_00000823	0.998488067996077	1.0	0.999243462081093
GC_00000824	0.999249249249249	1.0	0.999624483665039
GC_00000825	0.998882503192848	1.0	0.999440939222107
GC_00000826	0.997698477805123	1.0	0.998847913125806
GC_00000827	0.998771669602299	0.969072685500768	0.98369806692653
GC_00000828	0.990663322185061	1.0	0.995309765488274
GC_00000829	0.998863733813567	1.0	0.999431543948088
GC_00000830	0.997317803266056	1.0	0.998657100672934
GC_00000831	0.996649524700016	1.0	0.998321951219512
GC_00000832	0.998393412993272	1.0	0.999196060697417
GC_00000833	0.999546848574596	1.0	0.99977337293911
GC_00000834	0.997576268943154	1.0	0.998786664071591
GC_00000835	0.998954502848078	1.0	0.999476978015041
GC_00000836	0.998929735674168	1.0	0.999464581317327
GC_00000837	0.999584541062802	1.0	0.999792227370903
GC_00000838	0.999639320611188	1.0	0.999819627777322
GC_00000839	0.9996273672163	1.0	0.999813648887883
GC_00000840	0.996003508730524	0.97228522944676	0.984001464045985
GC_00000841	0.998171631776704	1.0	0.99908497939105
GC_00000842	0.998736870097062	1.0	0.999368035922169
GC_00000843	0.99903593524875	1.0	0.999517735157107
GC_00000844	0.995376121463078	1.0	0.99768270328226
GC_00000845	0.998285657420977	1.0	0.999142093337529
GC_00000846	0.998608040612462	1.0	0.999303535581138
GC_00000847	0.998488969477183	0.999097496706192	0.998793140403488
GC_00000848	0.997575725519236	1.0	0.998786391699802
GC_00000849	0.999392055098577	1.0	0.999695935121942
GC_00000850	0.998418347172796	0.99651722391084	0.997466879680569
GC_00000851	0.999137931034483	1.0	0.999568779646399
GC_00000852	0.994579260757218	1.0	0.997282264310357
GC_00000853	0.999436936936937	1.0	0.999718389186145
GC_00000854	0.998167582875229	1.0	0.999082951229679
GC_00000855	0.999382565271671	1.0	0.999691187299993
GC_00000856	0.998409669211196	1.0	0.99920420181442
GC_00000857	0.996787688629912	1.0	0.998391260428748
GC_00000858	0.999223422387623	1.0	0.99961156036705
GC_00000859	0.996894409937888	1.0	0.998444790046656
GC_00000860	0.999394629368607	1.0	0.999697223038163
GC_00000861	0.99965998607303	1.0	0.999829964129233
GC_00000862	0.997601471849745	1.0	0.998799295963657
GC_00000863	0.998042309490416	1.0	0.999020195668387
GC_00000864	0.999082809224319	0.986171484459898	0.992585161715139
GC_00000865	0.999233128834356	1.0	0.999616417337936
GC_00000866	0.998598171152519	1.0	0.999298593950643
GC_00000867	0.997543601080816	1.0	0.99877029021151
GC_00000868	0.99841337501184	0.901842488316861	0.947674068388087
GC_00000869	0.998992950654582	1.0	0.999496221662469
GC_00000870	0.99649346058678	0.975705329153605	0.985989835324083
GC_00000871	0.997997997997998	1.0	0.998997995991984
GC_00000872	0.999687154414761	1.0	0.999843552735462
GC_00000873	0.99342057826808	1.0	0.996699431217051
GC_00000874	0.99951548316304	1.0	0.999757682878157
GC_00000875	0.999013533945495	1.0	0.999506523573876
GC_00000876	0.998743637129981	1.0	0.999371423705031
GC_00000877	0.999574829931973	1.0	0.99978736976398
GC_00000878	0.978260869565217	1.0	0.989010989010989
GC_00000879	0.998575498575499	1.0	0.999287241625089
GC_00000880	0.999372990624316	1.0	0.999686396996146
GC_00000881	0.998630701371722	1.0	0.999314881620032
GC_00000882	0.998921251348436	1.0	0.999460334592553
GC_00000883	0.994546346618358	1.0	0.99726571739439
GC_00000884	0.999768301300988	1.0	0.999884137227867
GC_00000885	0.999447895100069	1.0	0.999723871324037
GC_00000886	0.996770025839793	0.73723404255319	0.847579090545913
GC_00000887	0.998583320796349	1.0	0.999291158297525
GC_00000888	0.981895451645247	1.0	0.990865033602189
GC_00000889	0.988633134413186	1.0	0.994284081166047
GC_00000890	0.994946970958965	1.0	0.997467086035572
GC_00000891	0.998726734823803	1.0	0.999362961852657
GC_00000892	0.998734759604325	1.0	0.999366979340508
GC_00000893	0.998943017605856	1.0	0.999471229352295
GC_00000894	0.998463768115942	1.0	0.999231293602332
GC_00000895	0.999651324965133	1.0	0.999825632083697
GC_00000896	0.996410359634997	1.0	0.998201952645818
GC_00000897	0.99572936899248	1.0	0.99786011516698
GC_00000898	0.998744722127125	1.0	0.999371966885527
GC_00000899	0.998992045330718	1.0	0.999495768544134
GC_00000900	0.997569301574239	1.0	0.998783171916065
GC_00000901	0.999316114405629	0.964174723756902	0.98143094923177
GC_00000902	0.997089285093664	1.0	0.998542521394481
GC_00000903	0.996980676328502	1.0	0.998488055639553
GC_00000904	0.999016964386024	1.0	0.999508240484453
GC_00000905	0.999245169082126	1.0	0.999622442044854
GC_00000906	0.997993352143987	1.0	0.99899566840207
GC_00000907	0.996885536823425	0.968823529411766	0.982654229757984
GC_00000908	0.998035043324898	1.0	0.999016555449482
GC_00000909	0.994862643305213	1.0	0.997424706552089
GC_00000910	0.999416224699131	1.0	0.999708027126289
GC_00000911	0.998973742834973	1.0	0.999486607981368
GC_00000912	0.995169082125604	1.0	0.997578692493947
GC_00000913	0.999119241192412	1.0	0.999559426576744
GC_00000914	0.997643250134192	1.0	0.99882023486143
GC_00000915	0.998212560386473	1.0	0.99910548074366
GC_00000916	0.998400574487531	1.0	0.999199647191415
GC_00000917	0.990297906602254	1.0	0.995125305932563
GC_00000918	0.991917797714899	1.0	0.995942502098042
GC_00000919	0.998859057414457	1.0	0.999429203083974
GC_00000920	0.998947720859042	1.0	0.999473583460949
GC_00000921	0.997529810120116	1.0	0.99876337771413
GC_00000922	0.999020655270655	1.0	0.999510087738832
GC_00000923	0.997853832092963	1.0	0.998925763300316
GC_00000924	0.997584541062802	1.0	0.998790810157195
GC_00000925	0.983195307108351	1.0	0.991526455901032
GC_00000926	0.99142202403072	1.0	0.995692537359852
GC_00000927	0.999819663005042	0.975313213142684	0.987414406255622
GC_00000928	0.998846463520377	1.0	0.999422898906606
GC_00000929	0.997888070955704	1.0	0.99894291923807
GC_00000930	0.998971193415638	1.0	0.999485331960885
GC_00000931	0.997087813620072	1.0	0.998541783510937
GC_00000932	0.994602492992187	1.0	0.997293943516677
GC_00000933	0.996376811594203	1.0	0.998185117967332
GC_00000934	0.997146078500458	1.0	0.998571000123494
GC_00000935	0.997888584845107	1.0	0.998943176726215
GC_00000936	0.998602999495277	1.0	0.999301011503998
GC_00000937	0.998058160462252	1.0	0.999028136629767
GC_00000938	0.99673781768536	1.0	0.998366244037777
GC_00000939	0.992307288384793	1.0	0.996138792614947
GC_00000940	0.993053849722973	0.994541624106231	0.993797180092893
GC_00000941	0.999472351203039	1.0	0.999736105979839
GC_00000942	0.997065727699531	1.0	0.998530708198648
GC_00000943	0.996947738252086	1.0	0.998471536490692
GC_00000944	0.998232031006043	1.0	0.999115233383049
GC_00000945	0.999303015937514	1.0	0.999651386479723
GC_00000946	0.998878536922015	1.0	0.999438953864745
GC_00000947	0.998509485094851	1.0	0.999254186724524
GC_00000948	0.995390393808331	1.0	0.997689872515187
GC_00000949	0.992772793497431	1.0	0.996373291262229
GC_00000950	0.997760083136726	1.0	0.998878785855128
GC_00000951	0.997111951270741	1.0	0.998553887413562
GC_00000952	0.996976971636881	1.0	0.998486197684773
GC_00000953	0.998195267896355	1.0	0.999096818948258
GC_00000954	0.998282028236528	1.0	0.999140275627165
GC_00000955	0.999243378969277	1.0	0.999621546311629
GC_00000956	0.997919856615509	1.0	0.998958845432361
GC_00000957	0.997719616069158	1.0	0.998858506512877
GC_00000958	0.998306041784303	1.0	0.999152302910427
GC_00000959	0.993030807000871	1.0	0.996503218628308
GC_00000960	0.997603711371827	1.0	0.998800418414057
GC_00000961	0.997576435495899	1.0	0.998786747550163
GC_00000962	0.998787361062016	1.0	0.999393312684677
GC_00000963	0.998304215472173	1.0	0.99915138820471
GC_00000964	0.998821372446307	1.0	0.999410338727642
GC_00000965	0.999379249567405	1.0	0.999689528421019
GC_00000966	0.997685551163812	1.0	0.998841434862038
GC_00000967	0.994486793399837	1.0	0.997235776833215
GC_00000968	0.997670807453416	1.0	0.998834045860863
GC_00000969	0.995166490431465	1.0	0.9975773903623
GC_00000970	0.99517759850793	0.990116652888765	0.992640674974344
GC_00000971	0.990240036231884	1.0	0.995096087109877
GC_00000972	0.992069728188115	1.0	0.996019079202063
GC_00000973	0.997448284404806	1.0	0.998722512309772
GC_00000974	0.996797320845406	0.999826026443976	0.998309376501964
GC_00000975	0.999262432854943	1.0	0.999631080375975
GC_00000976	0.998508098891731	1.0	0.999253492588248
GC_00000977	0.999578253201442	1.0	0.999789082123751
GC_00000978	0.995603196865469	1.0	0.997796754815067
GC_00000979	0.998758501426046	0.999821937321937	0.999289936449201
GC_00000980	0.998126786946663	1.0	0.999062515419154
GC_00000981	0.997453582445725	1.0	0.998725168095693
GC_00000982	0.981600424535207	0.736261620185924	0.841411824848606
GC_00000983	0.999154137038846	1.0	0.999576889572704
GC_00000984	0.995551013666956	1.0	0.997770547431474
GC_00000985	0.997226118123734	1.0	0.998611132785069
GC_00000986	0.996328502415459	1.0	0.998160875036298
GC_00000987	0.997506262300948	1.0	0.998751574527642
GC_00000988	0.998874043880837	1.0	0.99943670481759
GC_00000989	0.998401071203529	1.0	0.999199895947059
GC_00000990	0.997360248447205	1.0	0.99867837984918
GC_00000991	0.998776786820265	1.0	0.999388019118593
GC_00000992	0.996951116516334	1.0	0.998473230787449
GC_00000993	0.997759428890896	0.992373171607812	0.995059011346214
GC_00000994	0.99904084124977	1.0	0.999520190518154
GC_00000995	0.997911375068479	1.0	0.998954595805608
GC_00000996	0.998047779763086	1.0	0.999022936159642
GC_00000997	0.998806346632434	1.0	0.999402816901409
GC_00000998	0.998126243250924	1.0	0.999062243061265
GC_00000999	0.993914175724638	1.0	0.996947800286765
GC_00001000	0.996388313779618	1.0	0.998190889920837
GC_00001001	0.996792587312901	1.0	0.998393717651258
GC_00001002	0.998351186725478	1.0	0.999174913155668
GC_00001003	0.997222222222222	1.0	0.998609179415855
GC_00001004	0.997955167037293	1.0	0.998976537113323
GC_00001005	0.998546251565575	1.0	0.999272597052339
GC_00001006	0.997730932513541	1.0	0.998864177627963
GC_00001007	0.996965947920349	0.901949116682536	0.94708033324005
GC_00001008	0.998984993318943	1.0	0.999492238969052
GC_00001009	0.996169514745115	1.0	0.998081082179349
GC_00001010	0.996502057613169	0.913949603966382	0.953442245331907
GC_00001011	0.994423887347107	1.0	0.9972041486826
GC_00001012	0.994665861513688	1.0	0.99732579847621
GC_00001013	0.998612395929695	1.0	0.999305716269382
GC_00001014	0.996760394348361	0.950383408242107	0.973019598779765
GC_00001015	0.997943595769683	1.0	0.998970739597118
GC_00001016	0.995575925395461	0.998569794050344	0.997070612332094
GC_00001017	0.997402123590982	1.0	0.99869937236056
GC_00001018	0.998606831754726	0.977350014850016	0.987864085718103
GC_00001019	0.998521642188939	1.0	0.99926027430484
GC_00001020	0.99644785450412	1.0	0.998220767205181
GC_00001021	0.998792270531401	1.0	0.999395770392749
GC_00001022	0.999328880430496	0.998163218938285	0.998745709566221
GC_00001023	0.994468949100329	1.0	0.997226805209394
GC_00001024	0.998782411515331	1.0	0.999390834901461
GC_00001025	0.996675102972557	0.986633372502937	0.991628816490354
GC_00001026	0.998580606603915	1.0	0.999289799274848
GC_00001027	0.997367149758454	1.0	0.998681839619789
GC_00001028	0.996279637958798	1.0	0.998136352257239
GC_00001029	0.998541887592789	1.0	0.999270411885654
GC_00001030	0.998651520104609	1.0	0.999325305146082
GC_00001031	0.994993121540775	0.993421052631579	0.994206465636006
GC_00001032	0.997523390203632	1.0	0.998760159801626
GC_00001033	0.998764346150624	0.888478695585295	0.940399115366485
GC_00001034	0.989349254171389	0.981015972767741	0.98516499146274
GC_00001035	0.998447204968944	1.0	0.999222999222999
GC_00001036	0.992650482404182	0.979268246373508	0.985913955762575
GC_00001037	0.998019980939236	1.0	0.999009009379459
GC_00001038	0.996618357487923	1.0	0.998306315025405
GC_00001039	0.997549192883233	1.0	0.998773092985395
GC_00001040	0.990351291745432	1.0	0.995152258651734
GC_00001041	0.996027995319111	1.0	0.99801004560547
GC_00001042	0.998851264101102	1.0	0.999425301962418
GC_00001043	0.99726204109571	0.967434282286212	0.982121741153342
GC_00001044	0.998957402442657	1.0	0.999478429327174
GC_00001045	0.998771750855964	1.0	0.999385498047233
GC_00001046	0.998869910282954	1.0	0.999434635685278
GC_00001047	0.990727754402369	1.0	0.995342283455321
GC_00001048	0.996239569609135	1.0	0.998116242935911
GC_00001049	0.995018811638728	1.0	0.997503187272114
GC_00001050	0.996601325405673	1.0	0.998297770039977
GC_00001051	0.99635823114084	1.0	0.99817579390194
GC_00001052	0.99801395598497	0.994475138121547	0.996241404443368
GC_00001053	0.986519127823476	0.991071428571428	0.98879003862902
GC_00001054	0.995899209486166	1.0	0.997945391984553
GC_00001055	0.999038992408558	1.0	0.999519265209387
GC_00001056	0.995845410628019	1.0	0.997918381178293
GC_00001057	0.999317666966893	1.0	0.999658717049131
GC_00001058	0.997388002499971	0.994516141763361	0.995950001855314
GC_00001059	0.994796836741447	1.0	0.997391632489726
GC_00001060	0.988633923778851	1.0	0.994284480373567
GC_00001061	0.997851761031993	1.0	0.998924725542751
GC_00001062	0.99724170172978	1.0	0.998618946185717
GC_00001063	0.99610053361119	1.0	0.998046457919754
GC_00001064	0.996809431105343	1.0	0.998402166553825
GC_00001065	0.998692090206817	1.0	0.99934561716655
GC_00001066	0.993088539763732	1.0	0.996532286399536
GC_00001067	0.998631450158298	1.0	0.999315256526363
GC_00001068	0.999399124695078	1.0	0.99969947205763
GC_00001069	0.99692247249869	1.0	0.998458864806374
GC_00001070	0.999235532942748	1.0	0.999617620313037
GC_00001071	0.995753467352345	1.0	0.997872215823687
GC_00001072	0.996799132175215	0.999016333365502	0.997906501198301
GC_00001073	0.99595663613245	1.0	0.997974222588631
GC_00001074	0.999276370861194	1.0	0.999638054473432
GC_00001075	0.997513498152884	1.0	0.998755201479532
GC_00001076	0.991101875532822	1.0	0.995531055152667
GC_00001077	0.998941841463741	1.0	0.999470640658818
GC_00001078	0.999634621338114	1.0	0.999817277287567
GC_00001079	0.974702380952381	1.0	0.987189148455162
GC_00001080	0.997937067502285	1.0	0.998967468729987
GC_00001081	0.997994242799937	1.0	0.998996114624809
GC_00001082	0.997980294222004	0.817857142857144	0.898985003165307
GC_00001083	0.998000062133992	1.0	0.998999030128221
GC_00001084	0.993117596452915	1.0	0.996546915465834
GC_00001085	0.998942867604503	1.0	0.999471154272276
GC_00001086	0.98415589502546	0.875672911283377	0.9267505211558
GC_00001087	0.998204726465596	1.0	0.99910155675711
GC_00001088	0.997714184339092	1.0	0.998855784436619
GC_00001089	0.997650588768116	1.0	0.998823912827852
GC_00001090	0.998926818641961	1.0	0.99946312123684
GC_00001091	0.996125854821507	1.0	0.99805916787805
GC_00001092	0.995900456146429	1.0	0.997946017878323
GC_00001093	0.998875043267567	0.979033806966514	0.98885490722017
GC_00001094	0.997248211337369	1.0	0.9986222099752
GC_00001095	0.999154090310217	1.0	0.999576866188613
GC_00001096	0.997758129090399	1.0	0.998877806638874
GC_00001097	0.997259654773003	1.0	0.998627947437656
GC_00001098	0.999074367925526	1.0	0.999536969664898
GC_00001099	0.995072463768116	1.0	0.997530146738341
GC_00001100	0.982959554286117	1.0	0.991406559111581
GC_00001101	0.998567632850242	1.0	0.9992833031386
GC_00001102	0.998147542769968	1.0	0.999072912690189
GC_00001103	0.996841519338992	1.0	0.998418261724619
GC_00001104	0.995264816778603	1.0	0.997626789596259
GC_00001105	0.99846927311538	1.0	0.999234050327812
GC_00001106	0.998161231884058	1.0	0.999079769897143
GC_00001107	0.997011987833244	1.0	0.998503758522753
GC_00001108	0.996790195506274	1.0	0.998392517901505
GC_00001109	0.988734182236503	0.953181016399695	0.970632140306833
GC_00001110	0.998833273692372	1.0	0.999416296334975
GC_00001111	0.99844977263332	0.996931696643214	0.997690157166052
GC_00001112	0.995583160800552	1.0	0.997786692488588
GC_00001113	0.995866503368034	1.0	0.997928971389123
GC_00001114	0.995383218556206	1.0	0.997686268281271
GC_00001115	0.998762813715094	1.0	0.999381023963215
GC_00001116	0.996045422410746	1.0	0.998018793788531
GC_00001117	0.99810143947634	1.0	0.999049817748914
GC_00001118	0.996567505720824	1.0	0.998280802292264
GC_00001119	0.997961144875591	1.0	0.998979532144737
GC_00001120	0.994628782100178	1.0	0.997307159132555
GC_00001121	0.994220958056797	1.0	0.997102105501472
GC_00001122	0.998123495255629	1.0	0.999060866483565
GC_00001123	0.992434916800859	1.0	0.99620309645482
GC_00001124	0.997513743128436	1.0	0.998755324272428
GC_00001125	0.998669378760912	1.0	0.999334246447548
GC_00001126	0.998044845501777	1.0	0.999021466158468
GC_00001127	0.998557759954974	1.0	0.999278359588137
GC_00001128	0.993642951251647	1.0	0.996811340393543
GC_00001129	0.998147147958112	0.981975367345419	0.989995219695487
GC_00001130	0.997886473429952	1.0	0.998942118784948
GC_00001131	0.997608106515848	1.0	0.998802621256717
GC_00001132	0.996913580246914	1.0	0.998454404945904
GC_00001133	0.998626387008154	0.999775985663085	0.999200855677218
GC_00001134	0.994331287809549	1.0	0.997157587495567
GC_00001135	0.997599414578425	1.0	0.998798264855278
GC_00001136	0.990762501632067	1.0	0.995359818983751
GC_00001137	0.997061191626409	1.0	0.99852843348721
GC_00001138	0.994490895577852	1.0	0.997237839272988
GC_00001139	0.997388481084133	1.0	0.998692533305064
GC_00001140	0.995838333487184	1.0	0.997914827848033
GC_00001141	0.992516663609124	1.0	0.996244279143281
GC_00001142	0.997356051703878	1.0	0.99867627592293
GC_00001143	0.998228479200522	1.0	0.999113454333217
GC_00001144	0.99377756773787	1.0	0.9968790739936
GC_00001145	0.989016371443908	1.0	0.994477859149988
GC_00001146	0.996124712724544	0.943770684093671	0.969241231370117
GC_00001147	0.993352712572542	0.999281609195404	0.996308340445928
GC_00001148	0.997704368007467	1.0	0.998850865008208
GC_00001149	0.993859940258878	1.0	0.99692051602164
GC_00001150	0.995548654244306	1.0	0.997769362452664
GC_00001151	0.997393444627897	1.0	0.998695021564673
GC_00001152	0.998113369350828	1.0	0.999055793991416
GC_00001153	0.996812737615413	1.0	0.998403825093587
GC_00001154	0.991012610577828	1.0	0.995486020844658
GC_00001155	0.998492439781656	1.0	0.999245651277766
GC_00001156	0.958572339069471	0.97307089698394	0.965767206275696
GC_00001157	0.99753022518723	1.0	0.998763585761242
GC_00001158	0.996267540832758	1.0	0.998130281091639
GC_00001159	0.995077587468892	1.0	0.997532721252534
GC_00001160	0.999122509057971	1.0	0.999561061946903
GC_00001161	0.994164332399627	1.0	0.997073627531312
GC_00001162	0.994549733680168	1.0	0.997267420196249
GC_00001163	0.996576253157825	1.0	0.998285191043037
GC_00001164	0.994772514240392	1.0	0.997379407565379
GC_00001165	0.993085748792271	1.0	0.996530881216767
GC_00001166	0.995283608195902	1.0	0.997636229864905
GC_00001167	0.996729378581931	1.0	0.998362010669472
GC_00001168	0.997057410521259	1.0	0.998526537362803
GC_00001169	0.997695454993592	1.0	0.9988463982332
GC_00001170	0.987195388042904	0.972158511722731	0.979619250339745
GC_00001171	0.996120626555409	1.0	0.998056543581093
GC_00001172	0.996688137412775	1.0	0.998341322049664
GC_00001173	0.998617083399692	1.0	0.99930806325444
GC_00001174	0.99606135986733	1.0	0.998026794059612
GC_00001175	0.994786143513609	1.0	0.997386257918753
GC_00001176	0.998190745224644	0.821014492753622	0.900974833683677
GC_00001177	0.995055857487923	1.0	0.997521802463064
GC_00001178	0.998077984817115	1.0	0.999038067984588
GC_00001179	0.992149758454106	1.0	0.996059411943013
GC_00001180	0.998525589151279	1.0	0.999262250702856
GC_00001181	0.99712770426381	1.0	0.998561786644861
GC_00001182	0.998603234614577	1.0	0.999301129228037
GC_00001183	0.995397372451985	1.0	0.997693377964932
GC_00001184	0.994541443189167	1.0	0.997263252248043
GC_00001185	0.998118188967532	1.0	0.999058208346804
GC_00001186	0.995759527643586	1.0	0.997875258868777
GC_00001187	0.998832528180354	1.0	0.999415923143542
GC_00001188	0.997855664004732	1.0	0.998926681224324
GC_00001189	0.992595232438426	1.0	0.99628385763399
GC_00001190	0.997359187921456	0.999801113762925	0.998578657972086
GC_00001191	0.991304347826087	0.815709617180206	0.894975363482014
GC_00001192	0.997532657696609	1.0	0.998764805023896
GC_00001193	0.999321709360073	1.0	0.999660739621467
GC_00001194	0.999647113913987	1.0	0.999823525819352
GC_00001195	0.998395702646189	1.0	0.999197207364044
GC_00001196	0.997653853095109	0.991457313671206	0.9945459315594
GC_00001197	0.99603694802515	1.0	0.998014539771535
GC_00001198	0.99742788996018	1.0	0.998712288912782
GC_00001199	0.997496439217068	1.0	0.998746650690445
GC_00001200	0.998602950776864	1.0	0.999300987110725
GC_00001201	0.995597017764084	1.0	0.997793651625693
GC_00001202	0.990562858105831	1.0	0.99525905858449
GC_00001203	0.992992890347279	1.0	0.996484127120243
GC_00001204	0.998008130744992	0.999625048298865	0.998815935141934
GC_00001205	0.99729431150058	0.988590480400823	0.992923322166532
GC_00001206	0.996132885937983	1.0	0.998062697083316
GC_00001207	0.99030237967436	1.0	0.995127564321545
GC_00001208	0.996541244244857	1.0	0.998267626193492
GC_00001209	0.990835464620631	1.0	0.995396638475538
GC_00001210	0.997501249375312	1.0	0.998749061796347
GC_00001211	0.993105877616747	1.0	0.996541015477062
GC_00001212	0.997805833108291	1.0	0.998901711640167
GC_00001213	0.992416659994128	0.885728008186591	0.93604209136802
GC_00001214	0.998062225106352	1.0	0.999030172899873
GC_00001215	0.997008376545672	1.0	0.998501947468291
GC_00001216	0.992998163452709	0.99588477366255	0.994439373784139
GC_00001217	0.997640126937926	1.0	0.998818669574038
GC_00001218	0.990370514147688	1.0	0.995161963170242
GC_00001219	0.996482030449422	1.0	0.998237915745334
GC_00001220	0.997982296277011	1.0	0.998990129328599
GC_00001221	0.995503134957344	1.0	0.997746500637418
GC_00001222	0.964231954071273	1.0	0.981790314603838
GC_00001223	0.997653335779368	1.0	0.998825289564209
GC_00001224	0.998584692028985	1.0	0.999291844885704
GC_00001225	0.994865008394148	1.0	0.997425895193788
GC_00001226	0.998228898920082	0.999791144527986	0.999009410966563
GC_00001227	0.997883191556396	1.0	0.9989404743718
GC_00001228	0.99614882184758	1.0	0.998070695876846
GC_00001229	0.996883940715726	1.0	0.998439539113547
GC_00001230	0.99798220808295	1.0	0.998990085142457
GC_00001231	0.987808364062545	1.0	0.993866795130825
GC_00001232	0.99717318906396	1.0	0.998584593989385
GC_00001233	0.997258884114317	0.965222236691086	0.980979068262156
GC_00001234	0.992578307620383	1.0	0.996275332140658
GC_00001235	0.998288511715622	1.0	0.999143522932577
GC_00001236	0.990583210810054	1.0	0.995269331551272
GC_00001237	0.997473627132012	1.0	0.998735215907899
GC_00001238	0.998479525159367	1.0	0.999239184179026
GC_00001239	0.996774159817638	1.0	0.99838447419479
GC_00001240	0.991873222267371	1.0	0.995920032639739
GC_00001241	0.998652710681696	1.0	0.999325901237817
GC_00001242	0.998643894133335	0.99982674982675	0.999234971925466
GC_00001243	0.996859903381643	1.0	0.998427482762792
GC_00001244	0.997991831562751	1.0	0.998994906582937
GC_00001245	0.99089766970618	0.993377926421405	0.992136247958206
GC_00001246	0.994945428520308	1.0	0.997466310903832
GC_00001247	0.996642093211583	1.0	0.998318222980557
GC_00001248	0.995006038647343	1.0	0.997496768803746
GC_00001249	0.998327131479305	1.0	0.999162865531703
GC_00001250	0.991888627758193	1.0	0.99592779830721
GC_00001251	0.995104669887279	1.0	0.997546329179312
GC_00001252	0.996030390174919	1.0	0.998011247802328
GC_00001253	0.997742696112261	1.0	0.998870072761557
GC_00001254	0.996246077991932	0.982217613396322	0.989182110685148
GC_00001255	0.985817990349673	0.96867816091954	0.97717292231371
GC_00001256	0.997991933060583	1.0	0.998994957433917
GC_00001257	0.999028263645955	1.0	0.999513895640338
GC_00001258	0.998856002957185	1.0	0.999427674109029
GC_00001259	0.998118327667442	1.0	0.999058277827442
GC_00001260	0.998277347114556	1.0	0.999137931034483
GC_00001261	0.973045450064084	0.988696456901111	0.980808520699227
GC_00001262	0.99837459742351	1.0	0.999186637691159
GC_00001263	0.998641666377043	1.0	0.999320371607473
GC_00001264	0.996077991931869	1.0	0.998035142873182
GC_00001265	0.996643382512948	1.0	0.998318869800962
GC_00001266	0.997615708274895	1.0	0.998806431229376
GC_00001267	0.99692304608415	1.0	0.998459152483676
GC_00001268	0.99557695567421	1.0	0.997783576166675
GC_00001269	0.998413069450938	1.0	0.999205904638375
GC_00001270	0.995284531376728	0.89694412906194	0.943558921634308
GC_00001271	0.995845410628019	0.785211267605634	0.878073164964038
GC_00001272	0.99679004684693	0.983188081290352	0.989942342980066
GC_00001273	0.98001495284104	1.0	0.989906618063523
GC_00001274	0.998259891341972	1.0	0.999129188017251
GC_00001275	0.993018476142046	1.0	0.996497009966777
GC_00001276	0.99909496728429	1.0	0.999547278778387
GC_00001277	0.968727005150846	0.956929149609912	0.962791936609603
GC_00001278	0.996845327336332	0.884971088770614	0.937582738802718
GC_00001279	0.994668534464999	0.997040950767655	0.995853329669521
GC_00001280	0.995616098876968	1.0	0.997803234236535
GC_00001281	0.996744729180663	1.0	0.998369711074348
GC_00001282	0.994926223482462	1.0	0.997456659570758
GC_00001283	0.997181964573269	1.0	0.998588994154404
GC_00001284	0.997889997932292	1.0	0.99894388476348
GC_00001285	0.997324050393104	1.0	0.998660232621557
GC_00001286	0.998164007221978	1.0	0.999081160119297
GC_00001287	0.99907935376574	1.0	0.999539464887912
GC_00001288	0.995849949745485	1.0	0.99792066019039
GC_00001289	0.998663313791427	1.0	0.999331209914472
GC_00001290	0.998025987006497	1.0	0.99901201835895
GC_00001291	0.99809252755238	1.0	0.999045353295046
GC_00001292	0.995671720979587	1.0	0.997831166832244
GC_00001293	0.995457164384169	1.0	0.997723411107533
GC_00001294	0.998027744537517	1.0	0.999012898860952
GC_00001295	0.998015018893194	1.0	0.999006523430486
GC_00001296	0.996516164994426	1.0	0.998255042925944
GC_00001297	0.996109451635505	1.0	0.998050934350665
GC_00001298	0.997448890289155	1.0	0.998722816026359
GC_00001299	0.99163453441475	1.0	0.99579969846842
GC_00001300	0.994616803825893	1.0	0.997301137660236
GC_00001301	0.99776178690378	0.994348737580895	0.996052338482451
GC_00001302	0.996183386171498	0.905333701386331	0.948588259514952
GC_00001303	0.996058105206656	1.0	0.998025160298159
GC_00001304	0.997592664803622	1.0	0.99879488184013
GC_00001305	0.998436350257542	1.0	0.999217563400377
GC_00001306	0.985653006829918	1.0	0.992774672553194
GC_00001307	0.997356455930961	1.0	0.99867647857187
GC_00001308	0.998832337385809	1.0	0.999415827634789
GC_00001309	0.996833790312051	1.0	0.998414384961177
GC_00001310	0.995552713839159	1.0	0.997771401311527
GC_00001311	0.996271317152669	1.0	0.998132176315267
GC_00001312	0.998215854194115	1.0	0.999107130592453
GC_00001313	0.995873590982287	1.0	0.997932529877465
GC_00001314	0.985998922994076	0.965660410961953	0.975723691753629
GC_00001315	0.99291896710375	1.0	0.996446903756182
GC_00001316	0.995204190540389	1.0	0.997596331502134
GC_00001317	0.996286980476704	1.0	0.998140037199256
GC_00001318	0.993247293628125	1.0	0.996612208433213
GC_00001319	0.998224148569537	1.0	0.999111285172019
GC_00001320	0.997216471129515	1.0	0.998606295856898
GC_00001321	0.990411678218862	1.0	0.995182744411087
GC_00001322	0.995550784278643	1.0	0.997770432225324
GC_00001323	0.996132762634227	1.0	0.998062635192326
GC_00001324	0.997266952943281	1.0	0.998631606529768
GC_00001325	0.991845325266687	0.999448123620309	0.995632210625146
GC_00001326	0.998990626099754	1.0	0.999495058212346
GC_00001327	0.995335420679331	0.999790092359364	0.997557783373636
GC_00001328	0.999216035257225	0.995642345019574	0.997425989093644
GC_00001329	0.995286195286195	1.0	0.997637529530881
GC_00001330	0.995295068293192	1.0	0.997641987001535
GC_00001331	0.96490480250071	1.0	0.982138983295972
GC_00001332	0.997452929518147	1.0	0.998724840798893
GC_00001333	0.997130959407174	1.0	0.99856341889884
GC_00001334	0.99777967639179	1.0	0.998888604366914
GC_00001335	0.991326306543698	0.988853618065075	0.99008841845773
GC_00001336	0.97217931555281	0.965022670161294	0.968587773385454
GC_00001337	0.99188617955374	0.956657439070726	0.973953349888447
GC_00001338	0.995531400966184	1.0	0.99776069720995
GC_00001339	0.99621667067019	1.0	0.998104750157938
GC_00001340	0.996857209561266	1.0	0.998426131611371
GC_00001341	0.995360964377624	1.0	0.997675089517539
GC_00001342	0.996927589318894	1.0	0.998461431101689
GC_00001343	0.997528597190959	1.0	0.99876276974832
GC_00001344	0.998757629773673	0.962661899622231	0.980377632353077
GC_00001345	0.997286529895226	1.0	0.998641421716835
GC_00001346	0.996909544392382	1.0	0.99845238077193
GC_00001347	0.995230303435072	1.0	0.997609450619953
GC_00001348	0.998164942750165	1.0	0.999081628743166
GC_00001349	0.994990667545015	1.0	0.997489044667488
GC_00001350	0.991728575488166	0.843281148075669	0.911500359892252
GC_00001351	0.996931381248151	1.0	0.998463332901339
GC_00001352	0.973959873804594	1.0	0.986808178554706
GC_00001353	0.992507147786651	1.0	0.996239485403266
GC_00001354	0.958888400917386	1.0	0.979012791610099
GC_00001355	0.998728224271702	1.0	0.999363707525189
GC_00001356	0.994930938286725	0.83607884212531	0.908614160095008
GC_00001357	0.993597624178611	0.998059241295685	0.995823435383526
GC_00001358	0.998062511140561	0.998954849498328	0.998508480955193
GC_00001359	0.995926993986	1.0	0.997959341185187
GC_00001360	0.991596745486906	1.0	0.995780644584735
GC_00001361	0.987571284952981	0.991345534564192	0.989454810577462
GC_00001362	0.993938565308541	1.0	0.996960069484126
GC_00001363	0.996568106805541	1.0	0.998281103868803
GC_00001364	0.99406061809278	1.0	0.997021463714127
GC_00001365	0.994313118521645	1.0	0.997148451050369
GC_00001366	0.997486903882564	1.0	0.998741871041782
GC_00001367	0.976254810447883	0.973497267759563	0.974874089101525
GC_00001368	0.995785355039375	1.0	0.997888227333675
GC_00001369	0.997833755080132	1.0	0.998915703113755
GC_00001370	0.993408662900188	1.0	0.996693434104865
GC_00001371	0.997239875808422	1.0	0.998618030700764
GC_00001372	0.988450328239492	0.996357381830026	0.992388105021252
GC_00001373	0.988010011058728	0.881569498981968	0.931759773532447
GC_00001374	0.99661934743011	1.0	0.998306811674323
GC_00001375	0.998913500951544	1.0	0.999456455195316
GC_00001376	0.996139579020014	1.0	0.998066056592154
GC_00001377	0.998368280398808	1.0	0.999183474028688
GC_00001378	0.998307851568721	1.0	0.999153209336614
GC_00001379	0.99217298402081	1.0	0.996071116292626
GC_00001380	0.997374206155349	1.0	0.998685377113333
GC_00001381	0.987616520378308	1.0	0.993769683691634
GC_00001382	0.992522089559711	1.0	0.996247012527755
GC_00001383	0.996203550826556	0.99579831932773	0.996000893859168
GC_00001384	0.997874810806328	1.0	0.998936275094827
GC_00001385	0.966467746518897	0.982916355489171	0.9746226555635
GC_00001386	0.996187722636998	1.0	0.998090221014902
GC_00001387	0.996018705763397	1.0	0.998005382301726
GC_00001388	0.992277287929462	0.950893008553619	0.971144461549654
GC_00001389	0.991510414005688	0.972195042400522	0.981757733411746
GC_00001390	0.993547895721809	1.0	0.99676350676498
GC_00001391	0.997057336216821	1.0	0.998526500101017
GC_00001392	0.994820027365893	1.0	0.997403288235006
GC_00001393	0.996447594273681	1.0	0.998220636626522
GC_00001394	0.995188405797101	1.0	0.997588401080861
GC_00001395	0.997534488009383	0.994101500942935	0.995815035752711
GC_00001396	0.997324279748745	0.966054466064041	0.981440363068133
GC_00001397	0.999558022407236	1.0	0.999778962356775
GC_00001398	0.988309647765114	1.0	0.994120456917751
GC_00001399	0.994740809264399	0.843963856222178	0.913170347676458
GC_00001400	0.996959413485745	1.0	0.998477391932094
GC_00001401	0.996845792453143	1.0	0.998420405041402
GC_00001402	0.993223960077167	1.0	0.996600462337122
GC_00001403	0.99112826764188	1.0	0.995544369239142
GC_00001404	0.992570633874982	1.0	0.996271466617688
GC_00001405	0.988047642845244	1.0	0.993987891991537
GC_00001406	0.989786602761611	1.0	0.994867089152066
GC_00001407	0.997224269221322	1.0	0.998610205763341
GC_00001408	0.994405008380164	1.0	0.997194656252703
GC_00001409	0.996126026240068	1.0	0.99805925392034
GC_00001410	0.995865375135562	1.0	0.997928404933545
GC_00001411	0.998737786495224	1.0	0.999368494700353
GC_00001412	0.998064791133845	1.0	0.999031458401778
GC_00001413	0.98708254568368	1.0	0.993499286507056
GC_00001414	0.994766505636071	1.0	0.997376387487386
GC_00001415	0.99361777444611	1.0	0.996798671422528
GC_00001416	0.992256662737212	0.991040397201537	0.991648157029313
GC_00001417	0.992900149190111	1.0	0.996437427729244
GC_00001418	0.998333035128526	1.0	0.999165822291795
GC_00001419	0.991070721469866	1.0	0.995515338338388
GC_00001420	0.986547161649289	0.937575100178877	0.961437921346729
GC_00001421	0.998723688950646	0.991623679685583	0.995161020666443
GC_00001422	0.998431241081713	1.0	0.999215004806751
GC_00001423	0.991460242054066	0.92115264310291	0.955014189841764
GC_00001424	0.992024340393906	1.0	0.995996203738897
GC_00001425	0.996198562365404	0.925655329845077	0.95963227233358
GC_00001426	0.997228965889306	1.0	0.998612560623734
GC_00001427	0.996726417493008	1.0	0.998360525268603
GC_00001428	0.994034040078726	1.0	0.997008095247442
GC_00001429	0.995346076961519	1.0	0.997667611101545
GC_00001430	0.996857856382543	1.0	0.998426456040717
GC_00001431	0.974045722382541	0.998466356933179	0.986104870142066
GC_00001432	0.982641142115509	1.0	0.991244579003355
GC_00001433	0.997752281266774	1.0	0.998874876152412
GC_00001434	0.996734082047936	1.0	0.998364370107454
GC_00001435	0.999125717724752	1.0	0.999562667686431
GC_00001436	0.999545893719807	1.0	0.999772895295067
GC_00001437	0.997980900154813	1.0	0.998989429856396
GC_00001438	0.996194419796904	1.0	0.998093582385887
GC_00001439	0.997226599919656	1.0	0.998611374352587
GC_00001440	0.971907162360849	1.0	0.985753468431284
GC_00001441	0.996457072096863	1.0	0.998225392395031
GC_00001442	0.995734865300083	1.0	0.99786287508723
GC_00001443	0.994568639798489	0.972192840839504	0.983253455850599
GC_00001444	0.996084244678768	0.999022018553702	0.997550968695017
GC_00001445	0.984952676722863	1.0	0.992419303767997
GC_00001446	0.999292669345493	1.0	0.999646209549331
GC_00001447	0.996353405984346	1.0	0.998173372507732
GC_00001448	0.994281237759499	1.0	0.997132419373846
GC_00001449	0.988718708827404	1.0	0.994327357045257
GC_00001450	0.996914127970029	1.0	0.998454679654599
GC_00001451	0.993976640371797	1.0	0.996979222571494
GC_00001452	0.992070993488763	1.0	0.99601971689907
GC_00001453	0.993987049028677	1.0	0.996984458362329
GC_00001454	0.988945062352545	1.0	0.99444180844574
GC_00001455	0.993726219486127	1.0	0.996853238698195
GC_00001456	0.995010907461231	0.991054641598122	0.99302883406568
GC_00001457	0.992149758454106	1.0	0.996059411943013
GC_00001458	0.9974301986387	1.0	0.998713446225529
GC_00001459	0.998050965715875	0.979521669364689	0.988699510406835
GC_00001460	0.995261437908497	1.0	0.997625092130047
GC_00001461	0.993308336142007	1.0	0.996642935898746
GC_00001462	0.994327122153209	0.986068008806135	0.990180343423272
GC_00001463	0.997621948612714	1.0	0.998809558841233
GC_00001464	0.995784695201038	1.0	0.997887896019496
GC_00001465	0.992178782081938	0.985707166408798	0.988932386726544
GC_00001466	0.988138903799129	1.0	0.994034070668702
GC_00001467	0.997164742049653	1.0	0.998580358499901
GC_00001468	0.997555606164124	0.951124407203065	0.973786848591406
GC_00001469	0.993719806763285	1.0	0.996850012115338
GC_00001470	0.99917979743254	1.0	0.999589730464207
GC_00001471	0.995727276417814	1.0	0.997859064395885
GC_00001472	0.997123072379385	1.0	0.998559464030834
GC_00001473	0.997815685458706	1.0	0.998906648617692
GC_00001474	0.985657042279894	1.0	0.992776719536805
GC_00001475	0.997676851595434	1.0	0.998837074974008
GC_00001476	0.99225845410628	1.0	0.996114185949236
GC_00001477	0.984264476401387	0.97357781245567	0.978891978446432
GC_00001478	0.995021283064761	1.0	0.997504429161984
GC_00001479	0.989490634799559	1.0	0.994717559853455
GC_00001480	0.996269546147979	1.0	0.998131287501119
GC_00001481	0.997164698312995	1.0	0.998580336569438
GC_00001482	0.995600821636426	0.998438850636384	0.997017816515453
GC_00001483	0.994634294169029	1.0	0.997309930022432
GC_00001484	0.992761233639372	0.990396167873142	0.991577290496014
GC_00001485	0.998394150608173	0.997274090227615	0.997833806103312
GC_00001486	0.99567141208157	1.0	0.997831011712537
GC_00001487	0.993479197093959	1.0	0.996728933557197
GC_00001488	0.993615136876006	1.0	0.996797344178476
GC_00001489	0.995777453313144	1.0	0.997884259750582
GC_00001490	0.994718742323753	1.0	0.99735237977957
GC_00001491	0.992399433296172	1.0	0.996185219400884
GC_00001492	0.993653040973886	0.952321350147438	0.972548261555578
GC_00001493	0.988753656961208	0.966488294314381	0.977494201973422
GC_00001494	0.989816443532363	0.988910256410257	0.989363142470421
GC_00001495	0.994145582575944	1.0	0.997064197581556
GC_00001496	0.996860808047911	1.0	0.998427936519442
GC_00001497	0.991938333297279	0.950278857104576	0.970661808928716
GC_00001498	0.993363604610548	0.962463663550619	0.977669541370289
GC_00001499	0.997895387664269	0.998185589874482	0.998040467673708
GC_00001500	0.994102607565613	1.0	0.99704258325925
GC_00001501	0.996201354528547	1.0	0.998097062972713
GC_00001502	0.963796644984594	1.0	0.981564611026367
GC_00001503	0.997544424174859	1.0	0.998770702771151
GC_00001504	0.993942330991035	0.951931097980983	0.972483205107458
GC_00001505	0.995337490617241	0.99212492419014	0.993728610981496
GC_00001506	0.997322585630892	0.999835958005256	0.998577690311009
GC_00001507	0.995982672336486	1.0	0.997987293317125
GC_00001508	0.994399375037558	0.729628384547702	0.841682514182297
GC_00001509	0.997156901445516	1.0	0.998576427043651
GC_00001510	0.997544283413849	1.0	0.998770632217497
GC_00001511	0.997872219112189	1.0	0.998934976487757
GC_00001512	0.996358393062002	1.0	0.998175875158161
GC_00001513	0.995306920814955	1.0	0.997647941208399
GC_00001514	0.996622830560029	1.0	0.998308559138821
GC_00001515	0.99251497005988	0.919684607131276	0.954712835625924
GC_00001516	0.996757329098008	1.0	0.998376031551387
GC_00001517	0.992230649991723	1.0	0.996100175444892
GC_00001518	0.982793880837359	1.0	0.991322285524013
GC_00001519	0.994201443454979	1.0	0.99709229147133
GC_00001520	0.98935097668557	1.0	0.994646986158183
GC_00001521	0.993330449203259	1.0	0.996654066665461
GC_00001522	0.988693661771055	0.913311031769536	0.949508517410871
GC_00001523	0.994819859146732	1.0	0.997403203688034
GC_00001524	0.998693551774837	1.0	0.999346348906763
GC_00001525	0.996252587991718	1.0	0.998122776631162
GC_00001526	0.997100782021512	1.0	0.998548286593953
GC_00001527	0.990222719522592	1.0	0.995087343551302
GC_00001528	0.995661120057255	1.0	0.997825843326236
GC_00001529	0.995612598597123	1.0	0.997801476395789
GC_00001530	0.997228161875346	1.0	0.998612157500297
GC_00001531	0.997892658264288	1.0	0.998945217738803
GC_00001532	0.993430567094372	1.0	0.996704458628221
GC_00001533	0.990190349298365	0.993612969156449	0.991898706735447
GC_00001534	0.975298138778191	0.978572827896953	0.976932739146935
GC_00001535	0.99358503115592	1.0	0.996782194517
GC_00001536	0.997191633440921	1.0	0.998593842217214
GC_00001537	0.983341662502082	1.0	0.991600873509155
GC_00001538	0.99123530902952	0.999627976190475	0.9954139525801
GC_00001539	0.986087885544407	1.0	0.992995217101493
GC_00001540	0.995830275790375	1.0	0.997910782164093
GC_00001541	0.997886473429952	1.0	0.998942118784948
GC_00001542	0.992442196092729	1.0	0.996206763778597
GC_00001543	0.981167383341296	1.0	0.990494181957033
GC_00001544	0.993806274554033	1.0	0.996893516925383
GC_00001545	0.997260920638057	0.995629913057754	0.996444749429078
GC_00001546	0.996505235315977	1.0	0.998249558968239
GC_00001547	0.988610266801756	0.97357412291897	0.981034584162804
GC_00001548	0.995917189853117	1.0	0.997954419067264
GC_00001549	0.995987585823038	0.999524654582331	0.997752985454835
GC_00001550	0.996084913233212	1.0	0.998038617124536
GC_00001551	0.98492286115007	1.0	0.992404168874757
GC_00001552	0.996356534067866	0.992980392156864	0.99466559825472
GC_00001553	0.995994292296319	1.0	0.997993126674189
GC_00001554	0.987522848935892	1.0	0.993722260314749
GC_00001555	0.998200785711928	1.0	0.999099582834249
GC_00001556	0.997780054644809	1.0	0.99888879391401
GC_00001557	0.989495360233552	1.0	0.994719947592532
GC_00001558	0.99568065312322	1.0	0.997835652277322
GC_00001559	0.99689879636453	1.0	0.998446990082263
GC_00001560	0.998748813998798	1.0	0.999374015387807
GC_00001561	0.988595364764875	1.0	0.994264979473854
GC_00001562	0.997275513679192	1.0	0.998635898601796
GC_00001563	0.99417370069544	1.0	0.997078339112321
GC_00001564	0.996436014019134	1.0	0.99821482584173
GC_00001565	0.995388753682592	0.985262212196099	0.99029959578299
GC_00001566	0.997174222717701	1.0	0.998585112280063
GC_00001567	0.98261154855643	0.996148459383754	0.989333700235932
GC_00001568	0.981368398197905	1.0	0.990596598886385
GC_00001569	0.990819227458856	0.826862019575078	0.901446047030878
GC_00001570	0.988505747126437	1.0	0.994219653179191
GC_00001571	0.992934218249131	1.0	0.996454583555158
GC_00001572	0.998415402845263	0.940435819215731	0.968558697654266
GC_00001573	0.995008645738631	1.0	0.997498078881999
GC_00001574	0.995306415911331	1.0	0.997647687567563
GC_00001575	0.988260413601624	0.994261409667836	0.991251829274737
GC_00001576	0.996357842021398	0.999790619765497	0.998071279218443
GC_00001577	0.99469696969697	1.0	0.997341435624763
GC_00001578	0.987275425468094	1.0	0.993596974848663
GC_00001579	0.992163933682611	1.0	0.996066555475229
GC_00001580	0.992092892268365	1.0	0.996030753504355
GC_00001581	0.997524154589372	1.0	0.998760542942652
GC_00001582	0.991655255049641	1.0	0.995810145892869
GC_00001583	0.987089424719954	0.990149846252696	0.988617266986949
GC_00001584	0.995039736254745	1.0	0.997513701779912
GC_00001585	0.996427529892097	1.0	0.998210568600957
GC_00001586	0.995070264274	0.99836616684443	0.996715490873947
GC_00001587	0.996753581898509	1.0	0.998374151857835
GC_00001588	0.997472323695374	0.999671053775097	0.998570478403013
GC_00001589	0.986325598585043	0.984038070328392	0.985180506583694
GC_00001590	0.988091225704977	1.0	0.994009945750452
GC_00001591	0.997148416532475	1.0	0.998572172481564
GC_00001592	0.980491202087521	1.0	0.990149515487917
GC_00001593	0.991609815701049	0.999531835205995	0.995555066054132
GC_00001594	0.99302871712292	1.0	0.996502166367606
GC_00001595	0.993772644927536	1.0	0.996876597194616
GC_00001596	0.995114942528736	1.0	0.997551490710068
GC_00001597	0.992290192113246	1.0	0.996130178265559
GC_00001598	0.986102359448295	1.0	0.993002555741606
GC_00001599	0.990707469956482	1.0	0.99533204642884
GC_00001600	0.995881840500515	1.0	0.997936671692723
GC_00001601	0.993119601815254	1.0	0.996547925082629
GC_00001602	0.996807710047824	1.0	0.998401303272161
GC_00001603	0.962527403113737	0.970874623287617	0.96668299416385
GC_00001604	0.99916071041802	1.0	0.999580179033328
GC_00001605	0.9962979913552	1.0	0.998145563106895
GC_00001606	0.991118466829685	1.0	0.995539425042621
GC_00001607	0.995336457676959	1.0	0.997662778973893
GC_00001608	0.996662211641538	1.0	0.998328315957
GC_00001609	0.998279040106228	1.0	0.999138778989705
GC_00001610	0.996744910500249	1.0	0.998369802029977
GC_00001611	0.995483772198408	1.0	0.997736775480456
GC_00001612	0.996181853725289	0.993563925615488	0.994871167453495
GC_00001613	0.979831027443865	0.998416281454829	0.989036352001089
GC_00001614	0.995788631658197	1.0	0.997889872567164
GC_00001615	0.997157236287671	1.0	0.998576594941712
GC_00001616	0.989762605676328	1.0	0.994854966972207
GC_00001617	0.997811635492795	1.0	0.998904619200165
GC_00001618	0.989649758454106	1.0	0.994797958031601
GC_00001619	0.972148436731401	0.775716520798043	0.862894584380768
GC_00001620	0.99788599341029	1.0	0.998941878266987
GC_00001621	0.998339689804221	1.0	0.999169155172041
GC_00001622	0.989629496546493	1.0	0.994787721296096
GC_00001623	0.996381510930657	1.0	0.998187476166489
GC_00001624	0.995570514931928	1.0	0.997780341493859
GC_00001625	0.998284553790306	1.0	0.999141540574669
GC_00001626	0.994124751349815	1.0	0.997053720612912
GC_00001627	0.989685004436557	1.0	0.99481576453537
GC_00001628	0.997774520979211	1.0	0.99888602092107
GC_00001629	0.991909250723253	1.0	0.995938193833977
GC_00001630	0.998729319381493	1.0	0.999364255776815
GC_00001631	0.995701364110245	1.0	0.997846052537188
GC_00001632	0.987663327173102	1.0	0.993793379060606
GC_00001633	0.996968835843516	1.0	0.998482117446163
GC_00001634	0.992367149758454	1.0	0.996168953978953
GC_00001635	0.993626436081679	1.0	0.996803029994502
GC_00001636	0.986431914251208	1.0	0.993169619531658
GC_00001637	0.992785405542843	1.0	0.996379643067894
GC_00001638	0.993155483349666	1.0	0.996565989604167
GC_00001639	0.99819212388397	0.997966577935529	0.998079338167532
GC_00001640	0.994443575574323	1.0	0.997214047820793
GC_00001641	0.995447099057732	1.0	0.997718355478119
GC_00001642	0.998478957121587	1.0	0.999238899727719
GC_00001643	0.997128561569555	1.0	0.998562216531425
GC_00001644	0.994122383252818	1.0	0.997052529575645
GC_00001645	0.997375989840131	1.0	0.998686271301339
GC_00001646	0.995312766981997	1.0	0.997650878050015
GC_00001647	0.997817222887027	1.0	0.998907419013128
GC_00001648	0.985696694136592	1.0	0.99279683251443
GC_00001649	0.982676630434783	1.0	0.991262634915196
GC_00001650	0.993995017589927	1.0	0.996988466692695
GC_00001651	0.994776762361919	1.0	0.997381542768777
GC_00001652	0.994474021492655	1.0	0.997229355485308
GC_00001653	0.940361373287259	0.97093262015172	0.955402502377422
GC_00001654	0.995135061577193	1.0	0.997561599454344
GC_00001655	0.987893248497702	1.0	0.993909757723939
GC_00001656	0.997417105841019	1.0	0.998706882928244
GC_00001657	0.99588602113286	1.0	0.997938770639415
GC_00001658	0.979939279372172	0.999211991273605	0.989481797770007
GC_00001659	0.996142613104094	1.0	0.9980675795053
GC_00001660	0.994791136695109	0.983368864959074	0.98904702364337
GC_00001661	0.997232045859048	1.0	0.998614104882459
GC_00001662	0.994768155539716	1.0	0.99737721677291
GC_00001663	0.9939970490945	1.0	0.996989488571096
GC_00001664	0.993480532461042	1.0	0.996729605615506
GC_00001665	0.986626605396489	1.0	0.993268289789745
GC_00001666	0.997364263360982	1.0	0.99868039261172
GC_00001667	0.973518015297907	1.0	0.986581331157448
GC_00001668	0.992892008856683	0.989741911934902	0.991314457888771
GC_00001669	0.992162657588568	0.871545392755261	0.927950912618104
GC_00001670	0.997382605588953	1.0	0.998689587861773
GC_00001671	0.993982393240081	1.0	0.99698211640167
GC_00001672	0.845381683375104	0.964590484363081	0.90106040520776
GC_00001673	0.995374348398923	1.0	0.997681812635915
GC_00001674	0.99844927590936	0.977507896620316	0.987867616914736
GC_00001675	0.996366605429679	1.0	0.998179996319094
GC_00001676	0.953839869281046	1.0	0.97637466025507
GC_00001677	0.995931040202359	1.0	0.997961372554621
GC_00001678	0.995431841630748	1.0	0.997710691854291
GC_00001679	0.994916034046469	1.0	0.997451538878447
GC_00001680	0.985001891789633	0.979418242669924	0.982202131774184
GC_00001681	0.99344375431332	1.0	0.996711095724425
GC_00001682	0.989093708008819	0.934454607247922	0.960998135703608
GC_00001683	0.984391243196967	1.0	0.99213423418565
GC_00001684	0.993230823612584	0.960383612258206	0.976531078674252
GC_00001685	0.99774572300316	1.0	0.998871589626806
GC_00001686	0.993013852189927	1.0	0.996494681759288
GC_00001687	0.984226002940559	0.95967553688142	0.971795740098169
GC_00001688	0.993508187219244	0.955951560332575	0.974368106823584
GC_00001689	0.995388331475288	1.0	0.997688836577839
GC_00001690	0.991510959396335	1.0	0.99573738695054
GC_00001691	0.991189514532351	1.0	0.995575265235505
GC_00001692	0.994170096021948	0.879518912529552	0.93333674663395
GC_00001693	0.990769496204279	1.0	0.995363348788837
GC_00001694	0.996023458430901	1.0	0.998007768119005
GC_00001695	0.997898136053575	1.0	0.998947962406844
GC_00001696	0.994362346940558	0.957542658874772	0.975605229493943
GC_00001697	0.997003724600804	1.0	0.998499614516345
GC_00001698	0.998817102352251	1.0	0.999408201157396
GC_00001699	0.994130378126027	0.987897985705003	0.991004383187101
GC_00001700	0.99280303030303	0.991030057206527	0.991915751492158
GC_00001701	0.971233556713825	0.976804202316516	0.974010914553432
GC_00001702	0.985173768836974	1.0	0.992531519710886
GC_00001703	0.989009450472524	0.771686505807282	0.866935877626603
GC_00001704	0.99295681937862	0.975159399680662	0.983977639650668
GC_00001705	0.998871226210946	1.0	0.999435294393029
GC_00001706	0.984786668290505	0.992051820728292	0.98840589429383
GC_00001707	0.99586295379862	1.0	0.997927189242375
GC_00001708	0.997284635087378	1.0	0.998640471736016
GC_00001709	0.992285689118835	0.998133305142304	0.995200907327805
GC_00001710	0.997878644293036	1.0	0.99893819591444
GC_00001711	0.9893292978678	1.0	0.994636030272295
GC_00001712	0.994388867513146	1.0	0.997186540409318
GC_00001713	0.982928580754668	1.0	0.99139080478691
GC_00001714	0.996549344375431	1.0	0.998271690286899
GC_00001715	0.988180354267311	1.0	0.994055043493755
GC_00001716	0.995243240952623	1.0	0.997615950301325
GC_00001717	0.992404867085174	1.0	0.996187957056169
GC_00001718	0.995154079275062	1.0	0.997571154641501
GC_00001719	0.993918046652422	0.982313147210843	0.988081523567274
GC_00001720	0.996793346027716	1.0	0.99839409822821
GC_00001721	0.995349267570516	1.0	0.9976692138539
GC_00001722	0.989588254851523	0.993066416432073	0.991324284780709
GC_00001723	0.989566559312936	1.0	0.99475592277211
GC_00001724	0.993333713720568	1.0	0.996655709862555
GC_00001725	0.982676658677396	0.985730743048645	0.984201331579269
GC_00001726	0.998484456364891	1.0	0.999241653528862
GC_00001727	0.986572490908104	1.0	0.993240866289376
GC_00001728	0.994795870002434	0.947667398778788	0.970659913721403
GC_00001729	0.996473429951691	1.0	0.998233600309725
GC_00001730	0.992953064752028	1.0	0.996464073654013
GC_00001731	0.99533228881055	1.0	0.997660684781364
GC_00001732	0.99314182194617	1.0	0.996559111861326
GC_00001733	0.976144230290353	0.99853811347024	0.987214192975193
GC_00001734	0.996174190314703	1.0	0.998083428939288
GC_00001735	0.991778149386845	1.0	0.995872105226335
GC_00001736	0.987227154311152	0.994791666666668	0.99099497524577
GC_00001737	0.997134875725235	0.97048626198083	0.983630110176082
GC_00001738	0.993451228657633	1.0	0.996714857505304
GC_00001739	0.996359050866723	1.0	0.998176205261425
GC_00001740	0.994685990338164	1.0	0.997335916686849
GC_00001741	0.987210231814548	1.0	0.993563958165728
GC_00001742	0.996180861727223	1.0	0.998086777432846
GC_00001743	0.998017977074181	1.0	0.999008005459129
GC_00001744	0.989438791242677	1.0	0.99469136280854
GC_00001745	0.994965675057208	1.0	0.997476485432439
GC_00001746	0.990765514678558	1.0	0.995361339518214
GC_00001747	0.995777726791837	1.0	0.997884397069131
GC_00001748	0.983441393338419	1.0	0.991651577547391
GC_00001749	0.997040285293691	1.0	0.998517949423402
GC_00001750	0.99803846036879	0.999767063002363	0.998902013848254
GC_00001751	0.989050326384502	0.999368686868687	0.994182734461781
GC_00001752	0.992824666098323	0.969687769861831	0.981119832610576
GC_00001753	0.987582130843472	0.997849737981317	0.992689385086278
GC_00001754	0.998149625493064	1.0	0.999073955982411
GC_00001755	0.99530998389694	1.0	0.997649479960051
GC_00001756	0.978498359390079	0.995471014492755	0.98691171949191
GC_00001757	0.997769508639074	1.0	0.998883509157948
GC_00001758	0.995385980479148	1.0	0.997687655638563
GC_00001759	0.983537261423933	1.0	0.991700312922658
GC_00001760	0.994311043763194	1.0	0.997147407745348
GC_00001761	0.997091300288231	1.0	0.998543531929988
GC_00001762	0.996179549114332	1.0	0.998086118612244
GC_00001763	0.997000521648409	1.0	0.998498008228303
GC_00001764	0.994967345577397	1.0	0.997477324912731
GC_00001765	0.99360970677452	0.998161144914228	0.995880225550093
GC_00001766	0.989404184806661	0.99867406722171	0.99401751451074
GC_00001767	0.996717453239192	1.0	0.998356028412792
GC_00001768	0.9929788228163	0.999709639953541	0.996332863853021
GC_00001769	0.989887144947582	1.0	0.994917875077441
GC_00001770	0.977373943236715	0.931755468004941	0.954019680943554
GC_00001771	0.984614576769586	1.0	0.992247651805794
GC_00001772	0.989422235191129	1.0	0.994682996589784
GC_00001773	0.997020933977456	1.0	0.998508244970366
GC_00001774	0.994619804033953	1.0	0.997302645870072
GC_00001775	0.988838519129061	1.0	0.994387940115004
GC_00001776	0.995548549994892	1.0	0.997769310095152
GC_00001777	0.993458132045089	1.0	0.996718331902863
GC_00001778	0.995733299175328	1.0	0.997862088673655
GC_00001779	0.99233613645852	0.851870316654581	0.916753867080043
GC_00001780	0.992549577570423	0.995454545454548	0.99399993907262
GC_00001781	0.991222394755003	1.0	0.995591850881088
GC_00001782	0.968802936194241	0.806864331493115	0.880449336072986
GC_00001783	0.996280960049076	1.0	0.998137015768145
GC_00001784	0.983537624361018	0.979781647318961	0.981656043107074
GC_00001785	0.99377145808647	1.0	0.996876000060956
GC_00001786	0.965521401341505	0.771298780162288	0.857550467234319
GC_00001787	0.985610977742213	1.0	0.992753352787086
GC_00001788	0.991375477905219	1.0	0.995669062820914
GC_00001789	0.99220819697678	1.0	0.996088861076345
GC_00001790	0.997647409172126	1.0	0.99882231928564
GC_00001791	0.99432715533259	1.0	0.997155509489884
GC_00001792	0.996862712054825	1.0	0.998428891517561
GC_00001793	0.995533503396593	1.0	0.997761753137292
GC_00001794	0.988988348962774	0.955230237538941	0.971816216614615
GC_00001795	0.99605730644378	1.0	0.998024759337574
GC_00001796	0.921859747099821	0.985311731515808	0.952530209070636
GC_00001797	0.990764421710713	1.0	0.995360787952323
GC_00001798	0.990894103212944	1.0	0.995426227456116
GC_00001799	0.991545893719807	1.0	0.995755003032141
GC_00001800	0.983991505365885	1.0	0.991931167754087
GC_00001801	0.989434132836116	0.994186046511627	0.991804397887759
GC_00001802	0.998267080149888	1.0	0.999132788671081
GC_00001803	0.995227285955416	0.99051912162702	0.992867622310305
GC_00001804	0.991202713761516	1.0	0.99558192333825
GC_00001805	0.996402963216554	1.0	0.998198241111779
GC_00001806	0.995493849713799	1.0	0.997741837046079
GC_00001807	0.995423121772447	1.0	0.997706311920708
GC_00001808	0.992913587356432	0.997797356828191	0.995349481467625
GC_00001809	0.796913099870298	0.990624678795354	0.883272838212259
GC_00001810	0.994068158664432	1.0	0.997025256478925
GC_00001811	0.97521918053319	1.0	0.987454141944834
GC_00001812	0.996254730637088	1.0	0.998123851978692
GC_00001813	0.996790521563019	0.959281774606578	0.977676522803821
GC_00001814	0.993496472663139	1.0	0.996737627868399
GC_00001815	0.977904301817345	1.0	0.988828732430405
GC_00001816	0.991167715805397	0.887415045547283	0.936426290884411
GC_00001817	0.996238102071077	1.0	0.998115506399252
GC_00001818	0.98950204384987	1.0	0.994723324772356
GC_00001819	0.988971672223356	0.99532710280374	0.992139209737305
GC_00001820	0.993386589837611	1.0	0.996682324343856
GC_00001821	0.980832725124248	1.0	0.990323627718464
GC_00001822	0.992092520090666	1.0	0.996030565935274
GC_00001823	0.990777643585615	1.0	0.995367460326822
GC_00001824	0.997972047844171	1.0	0.998984994731024
GC_00001825	0.988762517196148	1.0	0.994349509955721
GC_00001826	0.99602605188055	1.0	0.998009070014038
GC_00001827	0.991969989222393	0.945200910375138	0.968020877324371
GC_00001828	0.995383411580595	0.994412840042383	0.994897889101547
GC_00001829	0.972826086956522	1.0	0.986225895316804
GC_00001830	0.996570184009119	1.0	0.998282146043074
GC_00001831	0.982145795007553	1.0	0.990992486507594
GC_00001832	0.987267080745342	1.0	0.99359274886701
GC_00001833	0.996028490696251	1.0	0.998010294280738
GC_00001834	0.993868835078665	1.0	0.996924990845201
GC_00001835	0.979231932855121	0.92836101447649	0.953118171111714
GC_00001836	0.991336250113937	1.0	0.995649278274542
GC_00001837	0.992251399052949	1.0	0.996110630942092
GC_00001838	0.991619089445176	1.0	0.995791910913468
GC_00001839	0.996040015576816	1.0	0.99801607964155
GC_00001840	0.987248451438902	1.0	0.993583314380311
GC_00001841	0.993979514002397	1.0	0.996980668078421
GC_00001842	0.992272915077549	1.0	0.996121472683801
GC_00001843	0.979712910720212	1.0	0.989752509482596
GC_00001844	0.996867188988646	1.0	0.998431137018711
GC_00001845	0.995057255322956	1.0	0.997522504848492
GC_00001846	0.990290310819433	1.0	0.995121470909151
GC_00001847	0.984088455838227	0.965789286195223	0.97485300419482
GC_00001848	0.99511760513186	1.0	0.997552828537235
GC_00001849	0.812789387631727	0.792717193531406	0.802627818353446
GC_00001850	0.99407967750359	1.0	0.997031050181595
GC_00001851	0.97621498904464	1.0	0.987964360615006
GC_00001852	0.995993488762865	1.0	0.997992723293091
GC_00001853	0.998133930475581	1.0	0.999066093870908
GC_00001854	0.995547977645164	1.0	0.997769022642047
GC_00001855	0.99247325741891	1.0	0.996222412244147
GC_00001856	0.989655875525441	1.0	0.994801048461796
GC_00001857	0.992983825766675	1.0	0.996479562883243
GC_00001858	0.994602856656586	0.991977146914764	0.993288266554364
GC_00001859	0.989722946260109	0.999645390070923	0.994659422901057
GC_00001860	0.992086415999459	0.866708267150745	0.925168880962634
GC_00001861	0.99492134274743	1.0	0.997454206768084
GC_00001862	0.963468424854381	0.994860975873634	0.978913084813751
GC_00001863	0.998101397330009	1.0	0.999049796635682
GC_00001864	0.993507539159713	1.0	0.99674319724769
GC_00001865	0.980363612836439	0.995645645645645	0.987945535255075
GC_00001866	0.996752094762412	1.0	0.998373405869408
GC_00001867	0.995173162292728	1.0	0.997580742464616
GC_00001868	0.988235820361424	1.0	0.994083106481586
GC_00001869	0.988007403463401	0.795566992121671	0.881405429583415
GC_00001870	0.99653892293227	1.0	0.99826646151098
GC_00001871	0.996851199025112	1.0	0.998423116866983
GC_00001872	0.994067995435689	1.0	0.997025174378261
GC_00001873	0.987686055620838	1.0	0.993804884657544
GC_00001874	0.954972199434874	1.0	0.976967549421858
GC_00001875	0.9930199226649	0.961328752995416	0.976917390273274
GC_00001876	0.992390893275849	0.997971752759982	0.995173498817475
GC_00001877	0.988252086078173	0.963630110062895	0.975785801376887
GC_00001878	0.996232694231255	0.998931666622266	0.997580354899974
GC_00001879	0.991272091697422	1.0	0.995616918281048
GC_00001880	0.992661730728838	1.0	0.996317353237633
GC_00001881	0.97436839012926	0.980016501650164	0.977184284456443
GC_00001882	0.982765194844811	0.979793487598983	0.981277091341668
GC_00001883	0.990369636028891	0.815216720368385	0.894297726359494
GC_00001884	0.995142342727775	1.0	0.997565257792292
GC_00001885	0.995409379720131	1.0	0.997699409290883
GC_00001886	0.995099114397236	0.990612145702441	0.992850560609867
GC_00001887	0.997711962061783	1.0	0.998854670752506
GC_00001888	0.995769552242409	0.993447773539252	0.994607307921648
GC_00001889	0.987797226927662	1.0	0.993861158016002
GC_00001890	0.989373601789709	1.0	0.994658420016868
GC_00001891	0.991147115121684	0.973084809537903	0.982032915394524
GC_00001892	0.997279105999978	1.0	0.998637699662582
GC_00001893	0.989392352016763	1.0	0.99466789546442
GC_00001894	0.995332896495015	1.0	0.997660990046732
GC_00001895	0.986399604352127	0.99759481961147	0.991965625994663
GC_00001896	0.992181540808543	1.0	0.996075428352637
GC_00001897	0.992283344806856	0.999744044775102	0.99599972358649
GC_00001898	0.890889950603288	0.957250053778545	0.922878625108285
GC_00001899	0.993882157282015	1.0	0.996931692930978
GC_00001900	0.998863457837477	1.0	0.999431405803099
GC_00001901	0.995683069318054	1.0	0.997836865608415
GC_00001902	0.997091110735164	1.0	0.998543436877166
GC_00001903	0.992364215088717	1.0	0.996167475377516
GC_00001904	0.997580908793723	0.998500393991829	0.998040439614571
GC_00001905	0.994948156003299	1.0	0.997467681562802
GC_00001906	0.997677853494151	1.0	0.998837577088925
GC_00001907	0.993295430677283	1.0	0.996636439727131
GC_00001908	0.991865583900692	0.996338878369013	0.994097198864837
GC_00001909	0.986433629776021	1.0	0.993170489051019
GC_00001910	0.97661993278723	1.0	0.988171693088311
GC_00001911	0.99280193236715	1.0	0.996387966352331
GC_00001912	0.987322591292346	1.0	0.993620860164725
GC_00001913	0.991998018084975	0.921987111347327	0.9557121140515
GC_00001914	0.994848469185576	0.967402333374386	0.9809334557932
GC_00001915	0.994119381127626	0.996893247318073	0.995504381956441
GC_00001916	0.993943943943944	0.987292520199011	0.990607066963567
GC_00001917	0.979868114105178	1.0	0.989831703560759
GC_00001918	0.986257680221378	1.0	0.99308130062103
GC_00001919	0.997840064295761	1.0	0.998918864556357
GC_00001920	0.99192610484881	1.0	0.995946689422095
GC_00001921	0.991735737482429	1.0	0.995850723385615
GC_00001922	0.994467974438995	0.886302501189658	0.937274871675858
GC_00001923	0.991442754288604	1.0	0.995702991867093
GC_00001924	0.997260623329112	1.0	0.998628433045297
GC_00001925	0.994118137009926	1.0	0.997050393915532
GC_00001926	0.990579710144928	1.0	0.995267564615945
GC_00001927	0.995352564102564	1.0	0.997670869809654
GC_00001928	0.991684423886492	0.991241794471755	0.991463059777185
GC_00001929	0.986462005483745	1.0	0.993184871153396
GC_00001930	0.996745840042942	1.0	0.99837026831768
GC_00001931	0.99529412482311	1.0	0.997641513038933
GC_00001932	0.996792587312901	1.0	0.998393717651258
GC_00001933	0.994088777618821	0.829868444498629	0.904585806698215
GC_00001934	0.992037059464697	1.0	0.996002614259876
GC_00001935	0.989730785778267	0.897251476809089	0.941224967282234
GC_00001936	0.9906881593217	1.0	0.995322300665377
GC_00001937	0.995765612470418	1.0	0.997878314215295
GC_00001938	0.966359578433518	0.89256271798438	0.927996327268708
GC_00001939	0.986869959461428	0.970568010036311	0.978651101740774
GC_00001940	0.977649059242309	1.0	0.988698226991671
GC_00001941	0.996248763168617	1.0	0.998120857029146
GC_00001942	0.988660311902214	1.0	0.994297825511015
GC_00001943	0.995048771910341	1.0	0.997518242080409
GC_00001944	0.976689033602052	0.993884334330894	0.985211660531171
GC_00001945	0.992829311956193	0.959796590707145	0.976033542799899
GC_00001946	0.990348761453265	0.998590156927269	0.994452384608757
GC_00001947	0.995279965476319	1.0	0.997634399881044
GC_00001948	0.992050091459125	1.0	0.996009182412149
GC_00001949	0.993071446732774	1.0	0.996523680433743
GC_00001950	0.993287196789612	0.987076173681646	0.990171945404893
GC_00001951	0.997758152173913	1.0	0.998877818206549
GC_00001952	0.994295926361144	1.0	0.997139805801407
GC_00001953	0.993253324381283	0.970868793870364	0.981933504122614
GC_00001954	0.993135660061126	1.0	0.996556009670379
GC_00001955	0.987027143208057	1.0	0.993471223160546
GC_00001956	0.996246315401621	1.0	0.998119628540116
GC_00001957	0.993326912493121	1.0	0.99665228645384
GC_00001958	0.995047470477724	1.0	0.997517588129825
GC_00001959	0.995892228782728	1.0	0.997941887263233
GC_00001960	0.995187381056946	0.910678194475637	0.9510591502159
GC_00001961	0.991022099447514	1.0	0.995490808185918
GC_00001962	0.995525518043271	0.994317595984259	0.994921190382926
GC_00001963	0.993227610141714	1.0	0.996602299795654
GC_00001964	0.989613526570048	0.873194538478899	0.927766142759429
GC_00001965	0.984554671021297	1.0	0.992217231803065
GC_00001966	0.991597014543874	1.0	0.995780780250843
GC_00001967	0.989387302617348	1.0	0.99466534376253
GC_00001968	0.996058988049835	1.0	0.998025603464747
GC_00001969	0.983012723134571	0.953914477183281	0.968245030272225
GC_00001970	0.99345247788091	0.99441340782123	0.993932710595374
GC_00001971	0.996758199847445	1.0	0.998376468341133
GC_00001972	0.991540642722117	1.0	0.995752355188534
GC_00001973	0.995941237031757	1.0	0.997966491751892
GC_00001974	0.991402603782854	1.0	0.995682743308252
GC_00001975	0.990279250618593	1.0	0.995115886688571
GC_00001976	0.980298003608638	1.0	0.990050994165797
GC_00001977	0.9641570457709	1.0	0.981751482496639
GC_00001978	0.997133198864485	1.0	0.998564541845709
GC_00001979	0.992264146928004	1.0	0.996117054516127
GC_00001980	0.99302871712292	1.0	0.996502166367606
GC_00001981	0.996340443329151	1.0	0.998166867438328
GC_00001982	0.984703624106831	1.0	0.992292866447476
GC_00001983	0.987125403656046	0.80643019484665	0.887675556055227
GC_00001984	0.990071522680218	1.0	0.99501099472726
GC_00001985	0.963431942165255	0.815955797544893	0.883582438168007
GC_00001986	0.997536710192758	1.0	0.998766836276564
GC_00001987	0.980193236714976	1.0	0.989997560380581
GC_00001988	0.99540599968588	0.997571484528004	0.99648756564493
GC_00001989	0.987235739928201	1.0	0.993576876756323
GC_00001990	0.993021282151717	1.0	0.996498422816264
GC_00001991	0.995025725619575	1.0	0.997506661534963
GC_00001992	0.986683808633318	0.96384899068323	0.975132736458404
GC_00001993	0.989578571876709	1.0	0.994761992177338
GC_00001994	0.993900586394434	1.0	0.996940964034423
GC_00001995	0.987471494903426	0.999039306104526	0.993221719776965
GC_00001996	0.991753847138241	1.0	0.995859853428371
GC_00001997	0.988979468599034	1.0	0.994459203036053
GC_00001998	0.995124742407351	1.0	0.997556414649659
GC_00001999	0.99525462962963	1.0	0.997621671790707
GC_00002000	0.992963829266801	1.0	0.996469494011947
GC_00002001	0.979508065034381	0.933018940265316	0.955698480897004
GC_00002002	0.841403780918885	0.912043443778326	0.87530071181912
GC_00002003	0.99280033095791	1.0	0.996387159852272
GC_00002004	0.982896692679301	1.0	0.991374584775978
GC_00002005	0.987503697131026	1.0	0.993712563711448
GC_00002006	0.995452184302114	1.0	0.997720909709758
GC_00002007	0.992523579480101	1.0	0.996247763089534
GC_00002008	0.995078199473285	1.0	0.997533028766484
GC_00002009	0.996654558164501	1.0	0.998324476398875
GC_00002010	0.994778284823152	0.958243585911215	0.976169212561979
GC_00002011	0.963228729346007	0.999439713133122	0.981000177210922
GC_00002012	0.974936143039591	0.858769246104772	0.913173055513652
GC_00002013	0.9620548744892	0.765239668924497	0.852434295527082
GC_00002014	0.994755817764667	1.0	0.997371015445284
GC_00002015	0.996920418064146	1.0	0.998457834419441
GC_00002016	0.991218145574053	0.962063705410479	0.976423347731836
GC_00002017	0.994319496811125	0.983573417433797	0.988917264889365
GC_00002018	0.966190192574945	0.711747198879552	0.819676784905548
GC_00002019	0.989863581923875	0.996258022868814	0.993050508747934
GC_00002020	0.984768851228145	0.848266734149555	0.911435286894753
GC_00002021	0.994490491654953	1.0	0.997237636194257
GC_00002022	0.986158043603414	1.0	0.993030788037656
GC_00002023	0.992152707172827	0.980966867710839	0.986528080543259
GC_00002024	0.992856946051689	1.0	0.996415671499922
GC_00002025	0.991337940301372	1.0	0.995650130737068
GC_00002026	0.933958898753721	0.922718805998303	0.928304829323754
GC_00002027	0.9868177613321	0.997011398387544	0.991888390549137
GC_00002028	0.997428898107741	1.0	0.998712794285346
GC_00002029	0.972893635625507	0.890838671573305	0.930059827363712
GC_00002030	0.992009324794967	1.0	0.995988635642629
GC_00002031	0.994215417697655	1.0	0.99709931923552
GC_00002032	0.988000903624926	1.0	0.993964239979371
GC_00002033	0.994826892109501	1.0	0.997406738443841
GC_00002034	0.988810365135454	1.0	0.994373704471424
GC_00002035	0.991364588085295	1.0	0.995663570615661
GC_00002036	0.984578917009157	1.0	0.992229544081783
GC_00002037	0.991523528359277	1.0	0.995743725082823
GC_00002038	0.99368173056329	1.0	0.996830853520975
GC_00002039	0.898746852405425	0.952128822452384	0.924668030260113
GC_00002040	0.985259622561041	0.934151509256556	0.959025138666754
GC_00002041	0.976086956521739	1.0	0.987898789878988
GC_00002042	0.982355077397975	0.981964771338533	0.982159885591774
GC_00002043	0.995281589243401	1.0	0.997635215609648
GC_00002044	0.98529445594663	1.0	0.992592764257553
GC_00002045	0.987872383252818	1.0	0.993899197529302
GC_00002046	0.995197422347791	1.0	0.997592931106257
GC_00002047	0.996495257916868	1.0	0.998244552763532
GC_00002048	0.985507246376812	1.0	0.992700729927007
GC_00002049	0.985727889260498	1.0	0.992812655340799
GC_00002050	0.994678350200407	1.0	0.997332076222185
GC_00002051	0.994408820769471	1.0	0.997196573153757
GC_00002052	0.963377379937482	1.0	0.981347131510864
GC_00002053	0.99121258325977	0.966616499122069	0.978760041658669
GC_00002054	0.979548522307474	1.0	0.989668615109931
GC_00002055	0.982844381942003	1.0	0.991347975557621
GC_00002056	0.994802999822091	1.0	0.997394730117023
GC_00002057	0.990279354392558	0.992650019701093	0.991463269937855
GC_00002058	0.993305097831602	1.0	0.996641305851432
GC_00002059	0.991602167852752	1.0	0.99578337868737
GC_00002060	0.988270946326428	1.0	0.994100877601595
GC_00002061	0.983414348726258	1.0	0.991637828331537
GC_00002062	0.993188488235973	1.0	0.996582605305906
GC_00002063	0.984562586693452	1.0	0.992221251468683
GC_00002064	0.989009122670807	0.975143592790652	0.982027417310429
GC_00002065	0.994690547807857	1.0	0.997338207574113
GC_00002066	0.983383146299742	0.968984962406015	0.976130963007422
GC_00002067	0.952035886818495	1.0	0.975428672441223
GC_00002068	0.993193613849829	1.0	0.996585185652374
GC_00002069	0.986258206366902	1.0	0.993081567346557
GC_00002070	0.982602380726848	1.0	0.991224857065503
GC_00002071	0.991470226373117	0.985015252700141	0.988232198936771
GC_00002072	0.997773705192313	0.994230752465448	0.995999078104499
GC_00002073	0.985047158960202	1.0	0.992467261559856
GC_00002074	0.997704436724334	1.0	0.99885089944565
GC_00002075	0.993481569717424	1.0	0.99673012764121
GC_00002076	0.995987744382842	1.0	0.997989839552648
GC_00002077	0.988529943594311	1.0	0.994231891532417
GC_00002078	0.996647716657325	0.992373006817254	0.994505768234567
GC_00002079	0.988491367171422	1.0	0.994212379787724
GC_00002080	0.990911433172303	1.0	0.995434971804238
GC_00002081	0.99444110290046	1.0	0.997212804583973
GC_00002082	0.995522148200094	1.0	0.997756050062413
GC_00002083	0.98281397107623	1.0	0.991332505633677
GC_00002084	0.992286545493367	1.0	0.996128340813182
GC_00002085	0.988213618251701	1.0	0.994071873545126
GC_00002086	0.993259515768173	0.999411771265443	0.996326146153156
GC_00002087	0.9664001332667	1.0	0.982913006277373
GC_00002088	0.992906233883784	1.0	0.9964404917825
GC_00002089	0.997126772635188	1.0	0.998561319489488
GC_00002090	0.991950483091787	1.0	0.995958977406045
GC_00002091	0.992680729674949	0.991886201899754	0.992283306741472
GC_00002092	0.989546543254983	1.0	0.99474580940041
GC_00002093	0.977736968654181	1.0	0.988743178845988
GC_00002094	0.979720605576477	1.0	0.989756436152455
GC_00002095	0.985816031308107	0.999537037037036	0.992629120440169
GC_00002096	0.991272366139811	1.0	0.995617056707763
GC_00002097	0.985819844063589	0.985100906564618	0.985460244189824
GC_00002098	0.994387820926332	1.0	0.997186014166963
GC_00002099	0.980656848994857	1.0	0.990233971616558
GC_00002100	0.973757878235275	1.0	0.98670448789383
GC_00002101	0.990463893323317	0.976083657390362	0.983221198142164
GC_00002102	0.99679059021214	1.0	0.998392715889392
GC_00002103	0.985213624074813	0.98654360345537	0.985878165219721
GC_00002104	0.992174676489674	0.968908629441626	0.980403640229627
GC_00002105	0.996882173570425	1.0	0.998438652780399
GC_00002106	0.993177489780751	1.0	0.996577068397456
GC_00002107	0.910666978338788	0.984126984126984	0.945972981432037
GC_00002108	0.9848273986627	1.0	0.992355707429511
GC_00002109	0.992029925374537	1.0	0.995999018627211
GC_00002110	0.993156199677939	1.0	0.996566350232276
GC_00002111	0.995194318263754	1.0	0.997591371581076
GC_00002112	0.980676328502415	1.0	0.990243902439024
GC_00002113	0.968984935540119	0.988370026373123	0.978581488723757
GC_00002114	0.988184380032206	1.0	0.994057080376216
GC_00002115	0.986282688913846	0.989752947782144	0.988014771161904
GC_00002116	0.96236307062785	0.863528431017591	0.910270814776935
GC_00002117	0.990143369175627	0.902649961736945	0.944374496363599
GC_00002118	0.986517347386913	1.0	0.993212919770964
GC_00002119	0.988207170519424	1.0	0.99406861133214
GC_00002120	0.997287445140893	1.0	0.998641880583735
GC_00002121	0.994994890375325	1.0	0.997491166694801
GC_00002122	0.991545893719807	0.930782839451568	0.96020403428136
GC_00002123	0.976947198915162	1.0	0.988339192317586
GC_00002124	0.974622770919067	1.0	0.987148315387287
GC_00002125	0.983110367892977	1.0	0.991483261657813
GC_00002126	0.987814483863059	0.981283089522672	0.984537954545031
GC_00002127	0.992723429951691	1.0	0.996348429521659
GC_00002128	0.990639006609812	1.0	0.995297493237546
GC_00002129	0.995107794361526	1.0	0.997547899089813
GC_00002130	0.988261702763769	0.90320377689943	0.94382024107597
GC_00002131	0.990001384056622	0.899625460620322	0.942652199989209
GC_00002132	0.995721223148598	0.927735725201803	0.960526984343303
GC_00002133	0.993346235784799	1.0	0.996662012802517
GC_00002134	0.994641334794787	1.0	0.997313469288069
GC_00002135	0.98478402939617	0.958305398985259	0.97136430101513
GC_00002136	0.992729707753384	1.0	0.996351591378234
GC_00002137	0.987825307776219	1.0	0.993875371152508
GC_00002138	0.981944484107719	0.960418565025192	0.971062245837241
GC_00002139	0.996522351931856	1.0	0.998258147190399
GC_00002140	0.991124098754643	1.0	0.995542266174716
GC_00002141	0.990507925421493	1.0	0.995231330427133
GC_00002142	0.975163303992949	0.930899852076547	0.952517625186618
GC_00002143	0.993203348275812	1.0	0.996590086139446
GC_00002144	0.992083125104115	1.0	0.996025831052872
GC_00002145	0.99175995517923	1.0	0.995862932779955
GC_00002146	0.990093904358682	1.0	0.995022297380228
GC_00002147	0.991186481886701	1.0	0.99557373546201
GC_00002148	0.992125603864734	1.0	0.996047239129908
GC_00002149	0.991566157637065	1.0	0.995765221089647
GC_00002150	0.768445580538021	0.678122793529257	0.720464339040525
GC_00002151	0.995022330104789	1.0	0.997504955297944
GC_00002152	0.983174132630654	1.0	0.991515688364175
GC_00002153	0.991791677260785	1.0	0.995878925073879
GC_00002154	0.995286357389165	1.0	0.997637610965775
GC_00002155	0.986665709946304	0.881100892686702	0.930900077762944
GC_00002156	0.988035311237824	0.997965235173823	0.992975448592972
GC_00002157	0.956470957310746	0.989151575162921	0.972536798099933
GC_00002158	0.982980444052345	0.968758406407594	0.975817608268207
GC_00002159	0.982044691939744	1.0	0.990941017559658
GC_00002160	0.975826071169208	0.98559937830974	0.980688375730317
GC_00002161	0.946336831584208	0.990877478209817	0.968095113149283
GC_00002162	0.995185910403843	0.999751429697556	0.99746344583488
GC_00002163	0.996844107464887	1.0	0.998419559882859
GC_00002164	0.989304521913218	1.0	0.994623508885157
GC_00002165	0.994259892525647	0.940545192094161	0.966656919646056
GC_00002166	0.978909364176959	0.931665313712497	0.954703221419745
GC_00002167	0.996349725313245	1.0	0.99817152543942
GC_00002168	0.986402865982739	1.0	0.993154896093782
GC_00002169	0.994212596516149	0.965589887640451	0.979692226254
GC_00002170	0.981290938160813	0.989508162046482	0.985382419294023
GC_00002171	0.994619987511424	0.996772518177771	0.995695089490749
GC_00002172	0.99470639598341	1.0	0.997346173839293
GC_00002173	0.981325730577334	1.0	0.990574861500827
GC_00002174	0.991221429086452	1.0	0.995591363780383
GC_00002175	0.992278969685463	1.0	0.996124523506989
GC_00002176	0.969547964113182	1.0	0.984538565984845
GC_00002177	0.988606325767934	1.0	0.994270522986662
GC_00002178	0.995355077423643	1.0	0.997672132329272
GC_00002179	0.99195059126566	0.9883444216857	0.990144223010602
GC_00002180	0.957794793646016	0.988501189532115	0.9729057666766
GC_00002181	0.978680629197596	1.0	0.989225461407054
GC_00002182	0.989215009675368	1.0	0.994578268175046
GC_00002183	0.978364984174579	1.0	0.989064193918471
GC_00002184	0.989416346248644	1.0	0.994680020714964
GC_00002185	0.984734734734735	1.0	0.992308662211575
GC_00002186	0.989095771556414	0.999837872892352	0.994437813528836
GC_00002187	0.994125080792198	0.996322215324419	0.995222435416265
GC_00002188	0.985604217356042	0.953343531468532	0.969205493829426
GC_00002189	0.97473931722539	0.999242424242425	0.986838791755446
GC_00002190	0.981378496798113	1.0	0.990601743567935
GC_00002191	0.993278329624202	1.0	0.996627831509579
GC_00002192	0.987176516029355	0.941220735785952	0.963651038076414
GC_00002193	0.980899010780612	0.846587613903085	0.908807694458923
GC_00002194	0.96946513463056	1.0	0.984495858884464
GC_00002195	0.996923882908194	1.0	0.998459572185933
GC_00002196	0.997284961415396	1.0	0.998640635343952
GC_00002197	0.784277370909428	0.713799423932966	0.747380558174532
GC_00002198	0.982194163012249	0.936859362843642	0.958991279139026
GC_00002199	0.986537902727834	1.0	0.993223337317813
GC_00002200	0.982275970182679	1.0	0.991058747579083
GC_00002201	0.976037050516295	0.995554311253701	0.985699077837815
GC_00002202	0.991552820706373	0.999227257308611	0.995375246570645
GC_00002203	0.99327132809959	0.999384243979957	0.996318409672607
GC_00002204	0.996272736055812	0.965618284369221	0.980706023054866
GC_00002205	0.966655288646158	0.971108374384236	0.96887671479922
GC_00002206	0.988011408608313	1.0	0.993969556039883
GC_00002207	0.969653187890171	0.998107289638765	0.983674513546494
GC_00002208	0.988852913968548	1.0	0.994395218493453
GC_00002209	0.989651158720157	1.0	0.994798665467317
GC_00002210	0.990476312551272	0.976251135600585	0.983312279311818
GC_00002211	0.995373398064726	0.995707468854884	0.995540405433999
GC_00002212	0.972762184714584	0.980229798252238	0.97648171460659
GC_00002213	0.991895030852322	1.0	0.99593102597168
GC_00002214	0.991752343201619	1.0	0.995859095220079
GC_00002215	0.989798279099152	0.98121043268979	0.985485646919338
GC_00002216	0.991347565596287	1.0	0.995654985320896
GC_00002217	0.98587104880887	0.95521287944913	0.970299851118118
GC_00002218	0.875334301881689	0.933819767110478	0.903631689458407
GC_00002219	0.978412673426644	0.983200848419207	0.980800917106214
GC_00002220	0.986588217067365	1.0	0.993248835960362
GC_00002221	0.987212581120027	1.0	0.993565147985946
GC_00002222	0.983309815680395	1.0	0.991584681229504
GC_00002223	0.984683984420708	1.0	0.992282894556756
GC_00002224	0.992115272861747	0.967516223613783	0.979661353591376
GC_00002225	0.992586765827613	1.0	0.99627959278887
GC_00002226	0.987293819471126	0.995483609064494	0.991371800454737
GC_00002227	0.983762165905243	0.994249754911057	0.988978157359544
GC_00002228	0.983101297120469	1.0	0.991478648668089
GC_00002229	0.981770959559239	1.0	0.990801641151904
GC_00002230	0.993623188405797	1.0	0.99680139575458
GC_00002231	0.993594223153972	1.0	0.996786820120348
GC_00002232	0.978910812331451	1.0	0.989343032774831
GC_00002233	0.99655485074079	1.0	0.998274452986888
GC_00002234	0.995893414824574	1.0	0.997942482727322
GC_00002235	0.982616015224711	0.992481203007518	0.98752397186558
GC_00002236	0.996790056517597	0.987940618703326	0.992345608850634
GC_00002237	0.978475414751149	0.97383162756181	0.976147998265102
GC_00002238	0.992051864171132	1.0	0.996010075856045
GC_00002239	0.983590291926154	0.971823152055709	0.977671316286538
GC_00002240	0.985697299299241	0.94207642009448	0.963393341945411
GC_00002241	0.991191011845985	0.999765917602994	0.995459998978784
GC_00002242	0.927287759003772	0.974291346973571	0.95020863124971
GC_00002243	0.997219729722381	1.0	0.998607929695344
GC_00002244	0.960724144730356	1.0	0.979968699128227
GC_00002245	0.989002426590084	0.935585318928517	0.961552574422145
GC_00002246	0.981266279302745	1.0	0.99054457197755
GC_00002247	0.980426453439947	0.994285714285716	0.987307449151826
GC_00002248	0.989976527743661	1.0	0.994963019856468
GC_00002249	0.974478078558623	0.917729674802295	0.945252917972787
GC_00002250	0.982836216930984	0.892795972961928	0.935654891492577
GC_00002251	0.995017116165979	1.0	0.997502335296452
GC_00002252	0.98501705029838	1.0	0.992451979342259
GC_00002253	0.996470416335625	1.0	0.998232088171458
GC_00002254	0.984395092621555	1.0	0.992136189291907
GC_00002255	0.994938546870914	1.0	0.997462852609157
GC_00002256	0.994755805928708	1.0	0.997371009496147
GC_00002257	0.991576618735642	1.0	0.995770496005468
GC_00002258	0.979227053140097	1.0	0.989504515499146
GC_00002259	0.969488939740656	0.996952160493827	0.983028775114663
GC_00002260	0.975873995940886	1.0	0.987789705158994
GC_00002261	0.991755106698619	1.0	0.995860488433718
GC_00002262	0.971880523153058	1.0	0.985739766422573
GC_00002263	0.903260340632603	0.771155648765339	0.8319967300778
GC_00002264	0.996235935399517	0.99974593495935	0.997987848954781
GC_00002265	0.995360659443489	0.9924539690128	0.993905189067896
GC_00002266	0.992935204891727	1.0	0.99645508038047
GC_00002267	0.990284487385937	1.0	0.995118530704712
GC_00002268	0.996296669052305	1.0	0.998144899500607
GC_00002269	0.987334791723635	1.0	0.993627038418937
GC_00002270	0.993551952837141	1.0	0.996765548470566
GC_00002271	0.997412008281574	1.0	0.998704327545996
GC_00002272	0.992023285309165	1.0	0.995995671963444
GC_00002273	0.977384464110128	1.0	0.988562904027847
GC_00002274	0.995595088992835	1.0	0.997792682978896
GC_00002275	0.975171931460543	0.986906984033423	0.981004364495178
GC_00002276	0.990504175174726	1.0	0.995229437373855
GC_00002277	0.986779560308972	1.0	0.993345794392523
GC_00002278	0.979715740585306	1.0	0.989753953560678
GC_00002279	0.992841793591037	1.0	0.996408040802846
GC_00002280	0.967319622350423	0.992527173913044	0.979761288354328
GC_00002281	0.989238913477393	1.0	0.994590349882209
GC_00002282	0.983593824003031	1.0	0.991729064792176
GC_00002283	0.986873309756605	0.970741252302026	0.978740811540694
GC_00002284	0.973480273752013	1.0	0.986561950174669
GC_00002285	0.967690361168622	1.0	0.98357991711044
GC_00002286	0.982940821256039	1.0	0.991397030833651
GC_00002287	0.983822042467139	1.0	0.99184505606524
GC_00002288	0.997051138909776	0.981837184046938	0.989385678030887
GC_00002289	0.983732250036598	0.98048125708093	0.982104063180361
GC_00002290	0.982571670369195	1.0	0.991209230974455
GC_00002291	0.987334013060471	1.0	0.993626644108997
GC_00002292	0.986059839577067	1.0	0.992980996773037
GC_00002293	0.994335445161167	0.998726858499409	0.996526313920537
GC_00002294	0.958454106280193	0.993969849246233	0.975888951610297
GC_00002295	0.991332103099589	1.0	0.995647186681258
GC_00002296	0.985104669887279	0.975031863982878	0.980042385722971
GC_00002297	0.974810213940649	1.0	0.987244452210379
GC_00002298	0.994765638612999	0.999686454849502	0.997219976284005
GC_00002299	0.98504471168671	1.0	0.992466019417476
GC_00002300	0.981339794270169	0.99120967901822	0.986250044075958
GC_00002301	0.98849104859335	0.996913580246914	0.992684449286137
GC_00002302	0.991784362595772	1.0	0.995875237521435
GC_00002303	0.996806825729321	1.0	0.998400859697826
GC_00002304	0.992317953580281	0.999210494870347	0.995752296922575
GC_00002305	0.962224906065486	0.858709761163033	0.907525057480738
GC_00002306	0.992995210400274	0.968012148696136	0.980344538541105
GC_00002307	0.993343302801836	0.998870935607405	0.996099450670824
GC_00002308	0.985360969633651	0.879816683919944	0.929602624302842
GC_00002309	0.962860831489017	1.0	0.981079061788192
GC_00002310	0.986159635955832	1.0	0.99303159534933
GC_00002311	0.984647107340639	1.0	0.992264169986404
GC_00002312	0.975221638265117	1.0	0.987455401837008
GC_00002313	0.988761546702242	1.0	0.994349019209269
GC_00002314	0.985481820493262	1.0	0.992687830552318
GC_00002315	0.991393016571883	1.0	0.995677908199691
GC_00002316	0.993316360605193	0.997979057670332	0.995642250192867
GC_00002317	0.972286512970032	0.976611347481193	0.974444131566348
GC_00002318	0.99625733418551	1.0	0.998125158640423
GC_00002319	0.995617924868412	1.0	0.997804151247099
GC_00002320	0.99355152253703	1.0	0.996765331926429
GC_00002321	0.981221626083368	0.869958492854706	0.922246385698664
GC_00002322	0.990040983150134	0.959037777307792	0.974292802514403
GC_00002323	0.980878763222132	0.919622720690936	0.949263554422521
GC_00002324	0.971962214221976	0.970618419781705	0.971289852211997
GC_00002325	0.97349399795052	1.0	0.98656899789054
GC_00002326	0.987069074537775	1.0	0.993492463031144
GC_00002327	0.98917909787475	1.0	0.994560116715075
GC_00002328	0.973375582750583	0.941615506553413	0.957232174643207
GC_00002329	0.995970364176886	1.0	0.997981114401578
GC_00002330	0.990735390887059	1.0	0.995346137334298
GC_00002331	0.990722188828781	1.0	0.99533947467744
GC_00002332	0.987822553746323	0.784793826736172	0.874681121788867
GC_00002333	0.991964614020289	0.997092205529488	0.99452180056332
GC_00002334	0.965943031250626	1.0	0.98267652306908
GC_00002335	0.989147178266349	0.995132936870669	0.992131029280165
GC_00002336	0.979712584785049	1.0	0.989752343157856
GC_00002337	0.929733426459461	1.0	0.96358741960051
GC_00002338	0.993398119192531	1.0	0.996688127301864
GC_00002339	0.984353393315734	0.982032565974173	0.983191610066534
GC_00002340	0.9920505521049	1.0	0.996009414577004
GC_00002341	0.981312961090514	1.0	0.990568355794129
GC_00002342	0.997773796595032	0.993637196399195	0.995701200181275
GC_00002343	0.990863822967286	0.999410383964682	0.995118753304828
GC_00002344	0.990797441654759	1.0	0.995377451189815
GC_00002345	0.994830196841878	1.0	0.997408399388426
GC_00002346	0.98887993189335	0.99982674982675	0.994323212529923
GC_00002347	0.942912550059096	0.993209559152285	0.967407741183029
GC_00002348	0.978703521542396	0.958333333333335	0.968411319365392
GC_00002349	0.994539924627564	1.0	0.997262488805053
GC_00002350	0.98179347826087	1.0	0.990813108460167
GC_00002351	0.992719919110212	1.0	0.996346661254313
GC_00002352	0.987296624820254	1.0	0.993607710584777
GC_00002353	0.990751057080998	0.997751976284581	0.994239192620701
GC_00002354	0.971791354507404	0.896696629691018	0.932734959731077
GC_00002355	0.992612460003764	1.0	0.996292535480672
GC_00002356	0.996253693541579	1.0	0.998123331483097
GC_00002357	0.982129852439477	0.898324025926668	0.938359460103076
GC_00002358	0.994666802112962	0.984865779876169	0.98974202768166
GC_00002359	0.988646033803333	1.0	0.994290604761395
GC_00002360	0.987532506725326	0.993043011966578	0.990280093476177
GC_00002361	0.994281866607441	0.993280249410182	0.99378080563003
GC_00002362	0.994661336808307	0.884005982313162	0.936074804905145
GC_00002363	0.996817693623454	1.0	0.998406311008407
GC_00002364	0.960269738484355	1.0	0.97973224769242
GC_00002365	0.786213904248783	0.952125483118037	0.861252179933525
GC_00002366	0.976076300085251	1.0	0.987893331895273
GC_00002367	0.996976352714653	1.0	0.998485887285928
GC_00002368	0.992272897013077	0.996918900913963	0.994590473304649
GC_00002369	0.98721163353491	0.963042441583217	0.974977275062204
GC_00002370	0.980329106280193	1.0	0.990066856232419
GC_00002371	0.982173023917489	1.0	0.991006347141543
GC_00002372	0.997404616419476	1.0	0.998700622017598
GC_00002373	0.992093787901094	0.994374325236353	0.993232747498997
GC_00002374	0.990046643344994	1.0	0.994998430469813
GC_00002375	0.992708143836032	1.0	0.99634073048453
GC_00002376	0.990973811339944	1.0	0.995466445310006
GC_00002377	0.976849075462269	1.0	0.988288977228918
GC_00002378	0.979328416149068	1.0	0.989556263790145
GC_00002379	0.982421550987073	0.996245141840108	0.98928505842634
GC_00002380	0.992525849648275	1.0	0.996248906706508
GC_00002381	0.995324406912904	1.0	0.997656725357091
GC_00002382	0.977609509851816	0.983076096602203	0.98033518253285
GC_00002383	0.99164994425864	1.0	0.995807468192174
GC_00002384	0.985466747664092	0.982625133487201	0.984043889154367
GC_00002385	0.99578478734489	1.0	0.997887942286243
GC_00002386	0.983182594166576	1.0	0.99151999120863
GC_00002387	0.991924019237168	0.95016623883594	0.970596202366748
GC_00002388	0.980371365285829	0.981183623775157	0.98077732635681
GC_00002389	0.976534241254582	0.997493734335838	0.986902717753535
GC_00002390	0.985790842770248	1.0	0.992844585177999
GC_00002391	0.98833260137608	1.0	0.994132068942668
GC_00002392	0.97179728037216	1.0	0.985696947699148
GC_00002393	0.991059664972708	1.0	0.995509760363001
GC_00002394	0.983622721650447	1.0	0.991743753400885
GC_00002395	0.986133615386924	1.0	0.993018402938427
GC_00002396	0.977830778855177	0.996415770609316	0.987035797836669
GC_00002397	0.990582867607591	1.0	0.995269158322593
GC_00002398	0.976447200225775	1.0	0.988083263862786
GC_00002399	0.983827530679105	1.0	0.991847845102059
GC_00002400	0.986647195109928	1.0	0.993278723608832
GC_00002401	0.973988148148148	0.982435539258481	0.978193606749574
GC_00002402	0.971141331921558	0.747086613117488	0.844505748633015
GC_00002403	0.992506334573292	0.999572064361522	0.996026668701181
GC_00002404	0.980394408463859	0.957678588643594	0.968903374447752
GC_00002405	0.985168285123572	0.978776865437252	0.981962175232937
GC_00002406	0.98796553260013	1.0	0.993946340013184
GC_00002407	0.952350209536754	0.987376530668553	0.969547128864494
GC_00002408	0.969814783283198	0.961150405658414	0.96546315563264
GC_00002409	0.973819108964036	1.0	0.986735921788849
GC_00002410	0.986091968425009	0.990832152416941	0.98845637751589
GC_00002411	0.969786004101787	0.994199372263544	0.981840952698233
GC_00002412	0.989403850518974	0.964617666446929	0.976853555781876
GC_00002413	0.981571624859319	0.996737891737893	0.98909662390429
GC_00002414	0.983931836055193	1.0	0.991900848782811
GC_00002415	0.985090207200819	0.994374265569917	0.989710464400827
GC_00002416	0.985005546068859	1.0	0.992446140031782
GC_00002417	0.976155535589498	0.987678007767614	0.981882968567914
GC_00002418	0.992859797207623	1.0	0.99641710731363
GC_00002419	0.988247472902204	1.0	0.994089001868243
GC_00002420	0.994306495770734	0.996274692933695	0.995289621319792
GC_00002421	0.967441164738732	0.932399830272169	0.949597340166383
GC_00002422	0.988443686653405	1.0	0.994188262195122
GC_00002423	0.980155604564867	1.0	0.989978365644909
GC_00002424	0.980566534914361	1.0	0.990187926159987
GC_00002425	0.9815265064836	1.0	0.990677140348134
GC_00002426	0.96138801596457	0.990607923497269	0.975779269738015
GC_00002427	0.989265523053721	0.998348181143284	0.993786099907622
GC_00002428	0.976314237263142	0.989080043668844	0.982655681656743
GC_00002429	0.99573597554964	1.0	0.997863432586976
GC_00002430	0.98410679412067	1.0	0.991989742726337
GC_00002431	0.977905020703934	1.0	0.988829099949297
GC_00002432	0.961912538920645	0.778683737646001	0.86065408869281
GC_00002433	0.990346709506882	1.0	0.995149945259783
GC_00002434	0.982483517920731	0.993438865925877	0.987930821385753
GC_00002435	0.990477326494503	1.0	0.995215884462112
GC_00002436	0.982622702616555	0.996209597389275	0.989369505396001
GC_00002437	0.988657583095402	1.0	0.994296445501219
GC_00002438	0.994167410765391	1.0	0.997075175733431
GC_00002439	0.980898309931223	0.996894409937889	0.988831672868806
GC_00002440	0.995428064453265	1.0	0.997708794604937
GC_00002441	0.989439128569563	0.97882921413752	0.984105575078884
GC_00002442	0.979076479076479	1.0	0.989427633977397
GC_00002443	0.979312304631998	1.0	0.98954803882157
GC_00002444	0.99136557122395	0.997765700483092	0.994555339485676
GC_00002445	0.988314143323595	1.0	0.994122731201383
GC_00002446	0.981811107868884	1.0	0.990822085889571
GC_00002447	0.98704804272524	1.0	0.993481809701493
GC_00002448	0.987651812722922	0.990795684745633	0.989221250833446
GC_00002449	0.984038420208633	0.993960002106856	0.988974327976279
GC_00002450	0.978018639972385	0.962387268173714	0.970139993075229
GC_00002451	0.994671049355048	1.0	0.99732840628199
GC_00002452	0.966025184129247	1.0	0.982719033232628
GC_00002453	0.984147139825726	1.0	0.992010239635924
GC_00002454	0.983695985616616	0.970238740570087	0.976921021359972
GC_00002455	0.983653089020835	0.967000861951639	0.975255897613551
GC_00002456	0.970702820632694	0.993068653338364	0.981758372249039
GC_00002457	0.957500515145271	1.0	0.978288902339535
GC_00002458	0.996227685574149	0.998970309383268	0.997597112456426
GC_00002459	0.980536373855789	0.727469550569048	0.83525512997934
GC_00002460	0.978423033432906	0.993984879096281	0.986142566569564
GC_00002461	0.763657678780774	0.819744862462486	0.790707912302628
GC_00002462	0.994534907578386	1.0	0.997259966521093
GC_00002463	0.973052536231884	1.0	0.986342247216802
GC_00002464	0.971008124816922	0.997929817958895	0.984284918466309
GC_00002465	0.983049016032524	0.999071516749317	0.990995507329861
GC_00002466	0.989819052462073	1.0	0.994883480723873
GC_00002467	0.970444488984135	0.99577806435765	0.982948072856524
GC_00002468	0.95212965463438	1.0	0.975477886291018
GC_00002469	0.957035964277094	0.951233234314517	0.954125776726369
GC_00002470	0.990761234733805	0.985861082586615	0.98830508479095
GC_00002471	0.995531400966184	1.0	0.99776069720995
GC_00002472	0.992601296949123	1.0	0.996286912458501
GC_00002473	0.995993249303687	1.0	0.997992603082345
GC_00002474	0.987702163411048	1.0	0.993813038585294
GC_00002475	0.98282781388631	0.990735625648955	0.986765876981528
GC_00002476	0.985676871302177	1.0	0.992786777695391
GC_00002477	0.991541194383353	1.0	0.995752633367312
GC_00002478	0.978621830581721	0.967641010575792	0.973100443671256
GC_00002479	0.983436463875395	0.938426152092494	0.960404233845044
GC_00002480	0.992719465183233	1.0	0.996346432629393
GC_00002481	0.979091183574879	1.0	0.989435142453946
GC_00002482	0.962359893834374	1.0	0.980818958701771
GC_00002483	0.984730987478944	0.99433982550995	0.98951207994956
GC_00002484	0.94306546965849	0.987797891855861	0.964913521462342
GC_00002485	0.974618120945805	0.945108574434764	0.959636541099174
GC_00002486	0.977735769796261	1.0	0.98874256584537
GC_00002487	0.993004978052429	1.0	0.996490213509448
GC_00002488	0.989498711033123	1.0	0.994721640728571
GC_00002489	0.979604604604605	1.0	0.989697237848429
GC_00002490	0.9805834262356	1.0	0.99019653829917
GC_00002491	0.991032875892437	1.0	0.995496245081567
GC_00002492	0.980879398059083	0.978715728715727	0.979796368889377
GC_00002493	0.989439997209578	1.0	0.994691972210656
GC_00002494	0.985176636876806	0.972917318319257	0.979008600764505
GC_00002495	0.994067917021881	1.0	0.997025134937742
GC_00002496	0.980698448089752	1.0	0.990255178960299
GC_00002497	0.983073263981506	1.0	0.991464391999059
GC_00002498	0.974360670558597	0.974972140281876	0.974666309516853
GC_00002499	0.985021771892516	0.991872513063901	0.98843527217868
GC_00002500	0.99181871415073	1.0	0.995892554984474
GC_00002501	0.987991326306544	1.0	0.993959393315982
GC_00002502	0.973499412940407	1.0	0.986571778595004
GC_00002503	0.988589096555931	0.965199812626144	0.976754455177545
GC_00002504	0.987793140466804	1.0	0.993859089618183
GC_00002505	0.992593765044945	0.991707676217832	0.992150522790125
GC_00002506	0.997024815741429	1.0	0.998510191643529
GC_00002507	0.989163982823403	1.0	0.994552476683588
GC_00002508	0.986102359448295	0.934457031155148	0.959585303879213
GC_00002509	0.98863495602626	1.0	0.994285002413691
GC_00002510	0.97448742820191	0.998440073011528	0.986318350131277
GC_00002511	0.991246402854278	1.0	0.995603960849258
GC_00002512	0.991995281429053	1.0	0.995981557463728
GC_00002513	0.979758083782577	0.983490000171377	0.981620494997854
GC_00002514	0.995315375606492	0.995286510142161	0.995300942665039
GC_00002515	0.979692985929622	1.0	0.989742341759703
GC_00002516	0.991651071361216	1.0	0.995808036478459
GC_00002517	0.99282958101662	1.0	0.996401890532093
GC_00002518	0.97702709110739	0.935518478008594	0.955822346934647
GC_00002519	0.981005391024295	1.0	0.990411631860384
GC_00002520	0.993503816919754	1.0	0.99674132398187
GC_00002521	0.992028490536153	1.0	0.995998295455251
GC_00002522	0.979148181011535	1.0	0.989464245684824
GC_00002523	0.976130798755873	1.0	0.987921244252074
GC_00002524	0.971009737913196	0.984669562332219	0.977791945265593
GC_00002525	0.988501492831939	0.984708054234172	0.98660112714476
GC_00002526	0.989488088573739	1.0	0.994716273253087
GC_00002527	0.95194089785832	0.991322588630767	0.971232693507109
GC_00002528	0.977267594378138	0.936870230312017	0.956642624592325
GC_00002529	0.982683707154799	0.981888943071717	0.982286164353118
GC_00002530	0.976007201513788	0.940068400379248	0.957700758549623
GC_00002531	0.989580151376303	0.989221014492754	0.989400550344265
GC_00002532	0.975693356996207	0.991639589751715	0.983601847216118
GC_00002533	0.988693369477161	0.972995920564588	0.980781839482909
GC_00002534	0.985744056076537	0.904824561403511	0.943552563973503
GC_00002535	0.991744634012108	1.0	0.995855208621166
GC_00002536	0.978460703503952	0.963426229252115	0.970885266435437
GC_00002537	0.995404181739585	1.0	0.997696798321627
GC_00002538	0.97203374289382	0.920935441370226	0.945794925221357
GC_00002539	0.993003220611916	1.0	0.996489328609346
GC_00002540	0.974481765264908	0.997973945315458	0.986087957973208
GC_00002541	0.989414394158931	0.975039187012847	0.982174194132994
GC_00002542	0.989015754239596	1.0	0.994477547130036
GC_00002543	0.987683402880603	1.0	0.993803541800698
GC_00002544	0.977517651430695	1.0	0.988631025086912
GC_00002545	0.978668623887413	1.0	0.989219328666223
GC_00002546	0.987104679249522	1.0	0.993510497516745
GC_00002547	0.953062563368521	1.0	0.975967264176871
GC_00002548	0.975566657767947	0.989700812759067	0.982582909017128
GC_00002549	0.99026712134129	1.0	0.995109762627164
GC_00002550	0.968750676978402	0.911540107303907	0.939275034931025
GC_00002551	0.947258264410552	1.0	0.972914873926385
GC_00002552	0.969431781350103	0.979360629348442	0.97437091224416
GC_00002553	0.986456465189925	1.0	0.993182063112176
GC_00002554	0.986955376971862	1.0	0.993434868654162
GC_00002555	0.993529573952864	0.99565545665307	0.99459137931582
GC_00002556	0.987254599650529	1.0	0.993586428054205
GC_00002557	0.978265444298053	1.0	0.989013326920008
GC_00002558	0.988145754450102	1.0	0.994037536974659
GC_00002559	0.975705627124709	1.0	0.987703445016428
GC_00002560	0.983474726051608	1.0	0.99166852305636
GC_00002561	0.996150694843474	1.0	0.998071635990975
GC_00002562	0.981717167737105	0.959042518716646	0.970247384862301
GC_00002563	0.995221592102499	1.0	0.997605074084796
GC_00002564	0.994750679533288	1.0	0.997368432796855
GC_00002565	0.992635189669088	1.0	0.996303984608374
GC_00002566	0.990406998573252	0.987838586851748	0.989121125392017
GC_00002567	0.987722529158993	0.989333279055967	0.988527247951184
GC_00002568	0.987121899813232	1.0	0.993519219838512
GC_00002569	0.985697127061089	1.0	0.99279705210629
GC_00002570	0.992499158308474	1.0	0.996235460546998
GC_00002571	0.989045645556217	1.0	0.994492658090449
GC_00002572	0.978737682336736	0.97390685834082	0.9763162946325
GC_00002573	0.983415508740475	1.0	0.991638418079096
GC_00002574	0.989208977038342	0.999061055469952	0.994110607233281
GC_00002575	0.988960673612324	1.0	0.994449701025196
GC_00002576	0.965864780209243	0.942541658882038	0.95406070064157
GC_00002577	0.989862073794021	1.0	0.994905211602606
GC_00002578	0.99246351584869	1.0	0.996217504565899
GC_00002579	0.959714196691593	0.986433256184112	0.972890310700492
GC_00002580	0.972358774549074	1.0	0.985985701076496
GC_00002581	0.986590574526757	1.0	0.993250030657959
GC_00002582	0.990211342901516	1.0	0.995081599181214
GC_00002583	0.991873413575698	1.0	0.995920129076017
GC_00002584	0.98327812284334	1.0	0.991568566725938
GC_00002585	0.965596794646377	0.998566742319845	0.981805055920961
GC_00002586	0.993363778180354	1.0	0.99667084257661
GC_00002587	0.994532537652742	1.0	0.997258775054283
GC_00002588	0.985843604677412	1.0	0.992871344304635
GC_00002589	0.988628900943693	1.0	0.994281940159418
GC_00002590	0.977822532875252	0.999456822593324	0.988521322558447
GC_00002591	0.988614993098689	1.0	0.994274906434467
GC_00002592	0.974964973931418	0.892871839764166	0.932114372729825
GC_00002593	0.994168717528028	0.990721294643385	0.992442012286435
GC_00002594	0.988856682769726	1.0	0.994397124072935
GC_00002595	0.986708239457022	0.923971646618373	0.95430997456687
GC_00002596	0.990677321156773	1.0	0.995316830736882
GC_00002597	0.993678257193226	0.996094074510424	0.99488469930884
GC_00002598	0.945883572754486	0.937613309146295	0.941730283962501
GC_00002599	0.993370222424549	0.991813893256874	0.992591447781307
GC_00002600	0.978237732985359	0.954553354188393	0.966250429662583
GC_00002601	0.989615258081831	1.0	0.994780527604025
GC_00002602	0.970336469192304	1.0	0.984944941500344
GC_00002603	0.988953570634488	1.0	0.994446109990396
GC_00002604	0.982365544141076	0.971807251136335	0.977057874687346
GC_00002605	0.988931619366402	1.0	0.99443501198039
GC_00002606	0.95955219722426	0.997289027667051	0.97805674327892
GC_00002607	0.947280617932792	0.958245151672458	0.952731339440698
GC_00002608	0.952329491912267	0.968626402974418	0.960408817977415
GC_00002609	0.984503832043878	1.0	0.992191414445311
GC_00002610	0.993161567364466	1.0	0.99656905253066
GC_00002611	0.992996971663422	1.0	0.99648618214872
GC_00002612	0.978941234683646	1.0	0.989358569649634
GC_00002613	0.982340426476924	0.989524441495245	0.985919347371321
GC_00002614	0.991964573268921	1.0	0.995966079498145
GC_00002615	0.916764623565631	0.955724058926634	0.93583904170605
GC_00002616	0.986309523809524	0.848217418292716	0.912066101318241
GC_00002617	0.983046426708399	1.0	0.991450743127713
GC_00002618	0.973535438054474	0.972563946031275	0.973049449558662
GC_00002619	0.981375596403034	0.982452662437526	0.981913834060633
GC_00002620	0.976063197909242	1.0	0.987886621178875
GC_00002621	0.982846194529543	0.994907546791107	0.988840092517693
GC_00002622	0.984550561797753	1.0	0.992215145081387
GC_00002623	0.978702914338038	0.952393892339544	0.965369187921904
GC_00002624	0.995266225582861	0.958689239909784	0.976635382087734
GC_00002625	0.990369043697848	1.0	0.995161220813473
GC_00002626	0.960845632349412	0.994153055747259	0.977215613818705
GC_00002627	0.99457232789525	0.976649692304291	0.985529532502819
GC_00002628	0.993598907087205	1.0	0.996789177155927
GC_00002629	0.975497730932514	1.0	0.987596913585965
GC_00002630	0.911484960441348	0.928305177526413	0.919818179860238
GC_00002631	0.983250121350808	0.99243725410392	0.987822327210191
GC_00002632	0.987385666468761	0.915331783736175	0.949994423215112
GC_00002633	0.961949978872173	0.939189950534038	0.950433725680943
GC_00002634	0.984715386017683	1.0	0.992298838367457
GC_00002635	0.980416833514482	0.984660701546896	0.982534184908488
GC_00002636	0.965306997039115	1.0	0.982347285684551
GC_00002637	0.991110859827997	1.0	0.995535587519838
GC_00002638	0.987947103889133	0.970180305131764	0.978983102212398
GC_00002639	0.989771176752591	1.0	0.994859296703602
GC_00002640	0.98872136512389	1.0	0.994328700302665
GC_00002641	0.979704253564275	1.0	0.989748091716637
GC_00002642	0.899736005603146	0.955667337357478	0.926858643498369
GC_00002643	0.988289095152798	1.0	0.994110059308905
GC_00002644	0.98181475562836	0.974194439288675	0.977989753657868
GC_00002645	0.965384863123994	0.987821948488242	0.976474534967492
GC_00002646	0.970964774902429	0.986141753998897	0.978494417195521
GC_00002647	0.967811998044556	0.985525826830174	0.976588593578474
GC_00002648	0.977672612547021	0.974636297508637	0.976152093923763
GC_00002649	0.987437134013546	0.985519610519612	0.986477440442716
GC_00002650	0.97442883785989	0.998669408818068	0.986400219126691
GC_00002651	0.96594994234552	0.998449714923882	0.98193098435606
GC_00002652	0.992290482094253	1.0	0.996130324380387
GC_00002653	0.953145128824477	0.834573680080378	0.889927245662341
GC_00002654	0.978314073506565	1.0	0.989038178121537
GC_00002655	0.980803076722508	1.0	0.990308515014397
GC_00002656	0.996044829086247	1.0	0.998018495949531
GC_00002657	0.989136403791514	0.981644743710198	0.985376334480594
GC_00002658	0.941139016816268	0.951304926222345	0.946194666690957
GC_00002659	0.984092088529994	0.987438066470979	0.985762238191041
GC_00002660	0.989246376811594	1.0	0.994594122018389
GC_00002661	0.985772073802456	1.0	0.992835065823894
GC_00002662	0.994178743961353	1.0	0.9970808754951
GC_00002663	0.973545585363347	1.0	0.986595488428111
GC_00002664	0.982404132861799	1.0	0.991123975759272
GC_00002665	0.992935956277701	0.988082862532838	0.990503464858284
GC_00002666	0.98586665112484	1.0	0.992883032268478
GC_00002667	0.990125521045802	0.981484519329988	0.985786084670951
GC_00002668	0.980253920658718	1.0	0.990028511427104
GC_00002669	0.975757430335605	1.0	0.987729986843437
GC_00002670	0.99675535366645	1.0	0.998375040623984
GC_00002671	0.979105685252612	1.0	0.989442547256024
GC_00002672	0.96956100438153	1.0	0.984545289254431
GC_00002673	0.975674620602157	1.0	0.987687557888237
GC_00002674	0.951983298538622	0.997929852320675	0.974415247267541
GC_00002675	0.996490445971224	1.0	0.99824213833036
GC_00002676	0.98463423609643	1.0	0.99225763436703
GC_00002677	0.9909996844124	1.0	0.995479499239471
GC_00002678	0.990434355093839	1.0	0.995194192221572
GC_00002679	0.969983561890608	0.996322327558025	0.982976540183038
GC_00002680	0.988602785985648	1.0	0.994268732753131
GC_00002681	0.978061350109948	0.965581580660367	0.971781400246893
GC_00002682	0.979435282358821	1.0	0.989610815860232
GC_00002683	0.994299295306475	1.0	0.997141499920829
GC_00002684	0.984715663391775	1.0	0.992298979198811
GC_00002685	0.993590558521909	1.0	0.996784976006887
GC_00002686	0.981304740583638	1.0	0.990564167624787
GC_00002687	0.994945836753746	0.994831953830026	0.994888892032899
GC_00002688	0.974321815564143	0.937623788367076	0.955620609623582
GC_00002689	0.983056473712462	1.0	0.991455852865441
GC_00002690	0.995414315742892	1.0	0.997701888664961
GC_00002691	0.994151737278044	0.999393506068498	0.996765730397504
GC_00002692	0.990355604387938	1.0	0.99515443592552
GC_00002693	0.981531803542673	1.0	0.990679838484394
GC_00002694	0.976445362631859	0.989981108543339	0.983166649452784
GC_00002695	0.986489699882356	1.0	0.993198907541054
GC_00002696	0.979115041565311	0.999204942983057	0.989057985485058
GC_00002697	0.994394761043986	1.0	0.997189503770517
GC_00002698	0.980302636424688	1.0	0.990053356889493
GC_00002699	0.988897364183405	1.0	0.994417692930498
GC_00002700	0.963915571284125	1.0	0.98162628310326
GC_00002701	0.978095427172259	1.0	0.988926432705497
GC_00002702	0.989934216333559	0.990914869135725	0.990424299990274
GC_00002703	0.98420692431562	1.0	0.99204061053772
GC_00002704	0.9790850283013	1.0	0.989431999434278
GC_00002705	0.986445316534132	1.0	0.993176412482616
GC_00002706	0.983447594342536	0.942582528180354	0.962581539061321
GC_00002707	0.994279472540342	1.0	0.997131531694316
GC_00002708	0.989298894901619	1.0	0.994620665036407
GC_00002709	0.981253649731911	1.0	0.990538137168542
GC_00002710	0.977388879562793	1.0	0.988565162537878
GC_00002711	0.983397611556548	0.995181956608254	0.989254690525757
GC_00002712	0.974614449117788	0.884228565241294	0.927224009074261
GC_00002713	0.996959341629748	1.0	0.998477355894602
GC_00002714	0.97921568627451	0.995042907884162	0.987065855303111
GC_00002715	0.974641363261459	1.0	0.98715785194702
GC_00002716	0.981179549114332	0.918588643352644	0.948853017415661
GC_00002717	0.987724610402516	0.999731182795699	0.993691629684108
GC_00002718	0.994059760243335	0.999431824091701	0.996738553845014
GC_00002719	0.959742655329104	0.956954560022991	0.958346579845211
GC_00002720	0.989277718864145	0.988850184589737	0.989063905525289
GC_00002721	0.991926880933876	1.0	0.995947080616564
GC_00002722	0.989925317953268	1.0	0.994937155703364
GC_00002723	0.954617767730051	0.90628720415258	0.929824876415034
GC_00002724	0.99328086852631	1.0	0.996629109535046
GC_00002725	0.990915494316756	0.994722188065411	0.992815192258193
GC_00002726	0.994582679334964	0.969627337447708	0.98194647924135
GC_00002727	0.981575307563515	0.977729308857578	0.979648533476918
GC_00002728	0.960658215672129	0.982272281096285	0.971345025909719
GC_00002729	0.98400766532885	0.978589628973481	0.98129116851099
GC_00002730	0.991094113437109	1.0	0.995527139323657
GC_00002731	0.940260153727202	0.966363273742612	0.953133027984821
GC_00002732	0.991235011719309	1.0	0.995598215062961
GC_00002733	0.993386410326525	1.0	0.996682233991757
GC_00002734	0.937536024530328	0.86754329180728	0.901182658897442
GC_00002735	0.995535766253419	1.0	0.997762889634916
GC_00002736	0.991622819163667	1.0	0.995793791497202
GC_00002737	0.971854050948094	0.933737084599156	0.952414346666814
GC_00002738	0.991039154082632	1.0	0.99549941250578
GC_00002739	0.983997584541063	1.0	0.991934256581951
GC_00002740	0.986182535972157	1.0	0.993043205356209
GC_00002741	0.979554102005045	1.0	0.989671462894474
GC_00002742	0.991469038208169	1.0	0.995716246836804
GC_00002743	0.976885399892646	0.977769779240367	0.977327389498781
GC_00002744	0.95570849022456	0.937626631276266	0.946581217445598
GC_00002745	0.989725248011255	1.0	0.994836095084477
GC_00002746	0.994541195337402	1.0	0.997263127642909
GC_00002747	0.986495779393814	1.0	0.993201988775276
GC_00002748	0.985918869529031	1.0	0.992909513733404
GC_00002749	0.978716413423795	0.992906104584598	0.985760197674403
GC_00002750	0.977773881876266	1.0	0.988762052969044
GC_00002751	0.983252189009662	1.0	0.991555380055473
GC_00002752	0.982722141864488	0.999608763693272	0.991093527855551
GC_00002753	0.987386539667908	0.998281689436114	0.992804224289698
GC_00002754	0.962961856176226	0.97369520432724	0.968298787050192
GC_00002755	0.984589371980676	1.0	0.992234853095105
GC_00002756	0.985784482130402	0.991593936326739	0.988680675263158
GC_00002757	0.997661026308524	0.984737043768219	0.991156906939271
GC_00002758	0.96270905579944	0.882598631239937	0.92091492481031
GC_00002759	0.985299802303878	0.981022690110782	0.983156594455447
GC_00002760	0.97802213234468	1.0	0.988888967774457
GC_00002761	0.866446586363118	0.98562083560774	0.922199481865437
GC_00002762	0.991821111030356	0.997032993523275	0.994420223289446
GC_00002763	0.983417135061223	0.962379172851659	0.972784422665008
GC_00002764	0.993195292849443	1.0	0.99658603089473
GC_00002765	0.993932972591163	0.917200637182826	0.954026396810054
GC_00002766	0.977394720148343	1.0	0.98856814998982
GC_00002767	0.985708534621578	1.0	0.992802838317283
GC_00002768	0.988753019323672	1.0	0.994344707177288
GC_00002769	0.977404276256933	1.0	0.988573037888924
GC_00002770	0.984459481076239	1.0	0.992168890787665
GC_00002771	0.967200859692566	0.978828444061719	0.972979914291742
GC_00002772	0.986969894522174	1.0	0.993442222998069
GC_00002773	0.972955776026975	1.0	0.986292534124873
GC_00002774	0.981409661835749	0.998403779638703	0.989833784562067
GC_00002775	0.990439958592133	0.986086831283901	0.988258601247018
GC_00002776	0.990305219367997	0.995787237453908	0.993038662669944
GC_00002777	0.929686302444478	0.937837533579029	0.933744129063702
GC_00002778	0.963672137441213	1.0	0.981500036657787
GC_00002779	0.982739194968768	0.998953868136355	0.99078019544057
GC_00002780	0.979940585262924	1.0	0.989868678440968
GC_00002781	0.98190322828004	1.0	0.990868993267817
GC_00002782	0.978632850241546	1.0	0.989201053770109
GC_00002783	0.979006329254763	0.987828057359311	0.983397409514542
GC_00002784	0.980196979045269	0.986722358847776	0.983448844765595
GC_00002785	0.988603841838954	0.988395766218443	0.988499793078908
GC_00002786	0.969352026524896	0.994221517655208	0.981629280767429
GC_00002787	0.981999928694939	1.0	0.990918228076369
GC_00002788	0.990990338164251	1.0	0.995474783748044
GC_00002789	0.946830625091495	1.0	0.97268926519686
GC_00002790	0.940007993605116	0.994165931896392	0.9663287366571
GC_00002791	0.958952158032465	0.98843840951892	0.973472051969703
GC_00002792	0.989602469891815	1.0	0.99477406654569
GC_00002793	0.977750832419116	1.0	0.988750267619066
GC_00002794	0.988185868779415	0.97499987124419	0.981548587260697
GC_00002795	0.971243651678434	1.0	0.985412078158334
GC_00002796	0.965833344022439	0.915064881696532	0.939763951713684
GC_00002797	0.974774640171323	1.0	0.987226208340164
GC_00002798	0.99069387699792	1.0	0.995325186303323
GC_00002799	0.983766609900485	1.0	0.991816885102059
GC_00002800	0.993885463013556	1.0	0.996933355952552
GC_00002801	0.991710312335581	1.0	0.995837904933726
GC_00002802	0.964354818444528	0.99446729922236	0.979179603028852
GC_00002803	0.975446327376257	0.966019123178858	0.970709837366018
GC_00002804	0.982163276160085	1.0	0.991001385176266
GC_00002805	0.983720468532857	1.0	0.991793434747798
GC_00002806	0.986138839593809	1.0	0.993021051635531
GC_00002807	0.962796065960242	0.987047615841022	0.974771024279508
GC_00002808	0.987563650607129	1.0	0.993742917672563
GC_00002809	0.97253517401883	1.0	0.986076382138619
GC_00002810	0.985191856885953	0.998139192201606	0.991623263950962
GC_00002811	0.9596856487801	0.978638864771402	0.969069593139218
GC_00002812	0.979904525055027	1.0	0.98985028081371
GC_00002813	0.980802104838259	0.981780337769126	0.98129097750765
GC_00002814	0.996630458052926	1.0	0.998312385783016
GC_00002815	0.990372118379181	0.997281433313409	0.99381476705512
GC_00002816	0.977774919246491	1.0	0.988762583377295
GC_00002817	0.924817190676064	1.0	0.960940285816167
GC_00002818	0.971489052060594	0.910196977829827	0.939844782959684
GC_00002819	0.987753908478831	1.0	0.993839231572413
GC_00002820	0.970921590486808	1.0	0.985246288003771
GC_00002821	0.949452575042507	0.987060041407867	0.967891135926694
GC_00002822	0.97377408965768	1.0	0.98671281050869
GC_00002823	0.976573202662062	0.986793358287743	0.981656680352671
GC_00002824	0.989597575426123	1.0	0.994771593661774
GC_00002825	0.980010844917677	0.986664096982889	0.983326216990083
GC_00002826	0.980975473801561	1.0	0.990396384786163
GC_00002827	0.974129560961385	0.997158571033996	0.985509551084239
GC_00002828	0.993713889157871	1.0	0.99684703463405
GC_00002829	0.979629164223283	1.0	0.989709771837641
GC_00002830	0.968896567282917	0.980684070357986	0.97475468417522
GC_00002831	0.991743119266055	1.0	0.995854444956241
GC_00002832	0.972216243363467	1.0	0.985912418716748
GC_00002833	0.979340741553937	0.998431766206702	0.988794113044894
GC_00002834	0.990520989685715	0.978207581556406	0.984325778530247
GC_00002835	0.97061191626409	1.0	0.98508682328907
GC_00002836	0.977093667931135	0.987789047545709	0.982412248839403
GC_00002837	0.983615289946915	1.0	0.991739975923697
GC_00002838	0.988088696567988	0.985265124283814	0.986674890372436
GC_00002839	0.973147100551335	0.983082003154995	0.978089324161389
GC_00002840	0.962680007433861	0.99160407814752	0.976927999737068
GC_00002841	0.97371069582168	1.0	0.986680264623395
GC_00002842	0.98965744400527	1.0	0.994801840876734
GC_00002843	0.98904039104708	0.974064857605561	0.981495503954906
GC_00002844	0.988793664065403	0.911334056399132	0.948485021411279
GC_00002845	0.975201288244766	1.0	0.987444969835317
GC_00002846	0.982631165037636	1.0	0.991239502702948
GC_00002847	0.985549380495457	0.965681110309251	0.97551409175545
GC_00002848	0.99009779091037	1.0	0.995024260046487
GC_00002849	0.990988040295767	0.986761549460379	0.988870278829916
GC_00002850	0.9675929855535	0.975233046101056	0.971397993760397
GC_00002851	0.995786775823284	1.0	0.997888940728662
GC_00002852	0.993542447890274	1.0	0.996760765181318
GC_00002853	0.923446807094606	0.994408788756307	0.957614976758876
GC_00002854	0.992841321386333	1.0	0.996407803001251
GC_00002855	0.977581194972499	1.0	0.988663522345128
GC_00002856	0.979414479081214	0.99882840889156	0.989026182511425
GC_00002857	0.974730451275074	1.0	0.987203545320016
GC_00002858	0.968423551756885	1.0	0.983958509226873
GC_00002859	0.985475410229633	0.999460120932911	0.992418501479143
GC_00002860	0.991768815747889	1.0	0.995867399777007
GC_00002861	0.962317625429598	0.967770470058797	0.965036345112743
GC_00002862	0.982572900490522	0.960862276399361	0.971596320906916
GC_00002863	0.990146402625659	1.0	0.995048807785527
GC_00002864	0.964728766990055	0.993451312496362	0.978879388887088
GC_00002865	0.979347234062707	1.0	0.98956587021121
GC_00002866	0.92615556211659	0.764702316218848	0.837720677301092
GC_00002867	0.973194179802529	1.0	0.986415011522002
GC_00002868	0.994888798330431	0.997968488812243	0.996426263949493
GC_00002869	0.986273668331253	0.829417124377598	0.901070020425912
GC_00002870	0.959366612989801	0.932493367519542	0.945739127471605
GC_00002871	0.991400702198992	1.0	0.995681784288058
GC_00002872	0.995975456884608	1.0	0.997983671040888
GC_00002873	0.989511483117621	1.0	0.994728094322963
GC_00002874	0.970597176981542	0.985298100456287	0.9778923910905
GC_00002875	0.985230062564346	1.0	0.99256008776304
GC_00002876	0.987324456958569	0.999655647382918	0.993451788512001
GC_00002877	0.985226710791586	1.0	0.992558386844128
GC_00002878	0.975379554966432	0.943192968237805	0.959016275361643
GC_00002879	0.977087117140492	1.0	0.988410787435281
GC_00002880	0.963204508856683	1.0	0.981257433457737
GC_00002881	0.951188302498332	0.992278057455092	0.971298809720247
GC_00002882	0.987919034403771	1.0	0.99392280802832
GC_00002883	0.949203852021358	1.0	0.973940053562912
GC_00002884	0.992195025213893	0.989600278234593	0.990895953084663
GC_00002885	0.993040338804956	1.0	0.996508017896308
GC_00002886	0.981714172751646	1.0	0.990772722171652
GC_00002887	0.903371062237355	0.928250502926408	0.915641810295036
GC_00002888	0.98465560354626	0.996156523882286	0.990372675598675
GC_00002889	0.983724040475409	0.958881407245015	0.971143876260319
GC_00002890	0.992240127022736	1.0	0.996104950968505
GC_00002891	0.971545988629785	0.984410074526354	0.977935728811389
GC_00002892	0.987972000394361	1.0	0.99394961317199
GC_00002893	0.987917476018928	0.982482240554552	0.985192361892911
GC_00002894	0.980527257291856	0.993787898475393	0.987113044820075
GC_00002895	0.987126526970061	1.0	0.993521563496227
GC_00002896	0.973622369606157	1.0	0.986634915169153
GC_00002897	0.98993367528429	1.0	0.994941376770122
GC_00002898	0.980530464138575	0.766228587222933	0.860233667236863
GC_00002899	0.992974411231884	1.0	0.996474822391837
GC_00002900	0.991285822182321	1.0	0.995623843789472
GC_00002901	0.972305958132045	1.0	0.985958546769192
GC_00002902	0.986910390958367	1.0	0.993412078822881
GC_00002903	0.974260265700483	1.0	0.986962339896769
GC_00002904	0.956692366465236	0.978405277840446	0.967427006460032
GC_00002905	0.871340430996975	0.971237259665101	0.918580851950753
GC_00002906	0.954426661482969	0.945240589094141	0.949811415102559
GC_00002907	0.981693363844394	0.981475329967223	0.981584334798145
GC_00002908	0.985153236252865	0.998169984936385	0.991618895482816
GC_00002909	0.974587737459591	1.0	0.987130345206588
GC_00002910	0.990325876418127	0.995473111568927	0.992892823119521
GC_00002911	0.967411517393326	1.0	0.983435858579372
GC_00002912	0.989754428341385	1.0	0.994850836106868
GC_00002913	0.978102755950144	0.926321472645003	0.95150814790698
GC_00002914	0.985730818801126	1.0	0.992814141240206
GC_00002915	0.990603427829582	1.0	0.995279535823636
GC_00002916	0.968308192842354	1.0	0.98389896090821
GC_00002917	0.982558245941544	0.953943701226312	0.968039563476528
GC_00002918	0.966914366595895	1.0	0.983178915174957
GC_00002919	0.979643142686621	1.0	0.989716905600596
GC_00002920	0.946817101589719	0.964475655046475	0.955564804077546
GC_00002921	0.99301168504067	1.0	0.996493590573611
GC_00002922	0.970345148710785	0.916446084329295	0.94262576209992
GC_00002923	0.946453886973699	0.943779980608285	0.945115042550079
GC_00002924	0.983087354194791	0.938684041648077	0.960372719590768
GC_00002925	0.994800514345036	0.995173602367872	0.994987023382463
GC_00002926	0.985906149723192	0.991021197508544	0.98845705634845
GC_00002927	0.990934104251461	1.0	0.995446410943898
GC_00002928	0.983084467867077	1.0	0.991470089949765
GC_00002929	0.981961320125571	1.0	0.990898571182365
GC_00002930	0.985631650127911	0.980791197807693	0.983205466454978
GC_00002931	0.984244369443893	1.0	0.992059631969361
GC_00002932	0.985947782932355	0.97646838500581	0.981185188982148
GC_00002933	0.97356712590207	0.97414706904541	0.973857011133031
GC_00002934	0.988627669573961	1.0	0.99428131741299
GC_00002935	0.967767547134037	0.999185018835118	0.983225372630875
GC_00002936	0.972076948025622	0.997985562967058	0.984860891275804
GC_00002937	0.979895688813525	0.986294826455011	0.983084844359909
GC_00002938	0.989491234466624	1.0	0.994717862862968
GC_00002939	0.916766042757643	0.941642991969798	0.929038014029271
GC_00002940	0.974584542337114	0.977972046005464	0.976275355669744
GC_00002941	0.985206560667929	0.977712746191007	0.981445348904769
GC_00002942	0.978213853332863	1.0	0.988986960823052
GC_00002943	0.96322417873414	0.879681242865629	0.919559118743632
GC_00002944	0.985867242660721	1.0	0.992883332261252
GC_00002945	0.980238744683971	0.984354738541885	0.982292429930745
GC_00002946	0.975489645358199	1.0	0.987592769873842
GC_00002947	0.992648906760493	1.0	0.996310893898786
GC_00002948	0.983856822139695	0.989104889136188	0.986473875723673
GC_00002949	0.991991028295376	1.0	0.995979413767
GC_00002950	0.982096848984004	0.995666165664194	0.988834958178978
GC_00002951	0.910825567871111	0.837808455395275	0.872792536344662
GC_00002952	0.984924948240166	1.0	0.992405228332084
GC_00002953	0.988971973823963	1.0	0.994455413992167
GC_00002954	0.980291420798716	0.995297059335686	0.987737252189876
GC_00002955	0.986129210381005	0.88565396618385	0.933194888466211
GC_00002956	0.982047722244797	1.0	0.990942560285647
GC_00002957	0.989382482671708	1.0	0.994662908002471
GC_00002958	0.96677837752338	0.962577195135335	0.964673212280461
GC_00002959	0.979316780638549	0.981448318930598	0.98038139119207
GC_00002960	0.979082628326872	0.999294966615538	0.989085546549809
GC_00002961	0.974016711718454	0.989651855750764	0.981772038574463
GC_00002962	0.982882849987981	0.999790224709711	0.991264447975255
GC_00002963	0.980829560208527	1.0	0.990322014484954
GC_00002964	0.965207532288278	1.0	0.982295779382033
GC_00002965	0.992281303602058	1.0	0.996125699526474
GC_00002966	0.983316116276228	0.990438603641021	0.986864508861741
GC_00002967	0.980749235319652	0.965811181970393	0.973222890763727
GC_00002968	0.974860415587406	0.920732878031487	0.947023857010144
GC_00002969	0.990649130673043	0.994935731401586	0.992787803950818
GC_00002970	0.962498026211906	0.92611933428204	0.943958315674929
GC_00002971	0.97648518633977	0.997916987130186	0.987084767453301
GC_00002972	0.958642739273927	0.967449359918189	0.963025916455175
GC_00002973	0.988682718137499	1.0	0.99430915662952
GC_00002974	0.98797362139616	1.0	0.993950433509578
GC_00002975	0.971761959467421	1.0	0.98567877811163
GC_00002976	0.968354094180765	0.988883399209486	0.978511081588979
GC_00002977	0.991006682597317	1.0	0.995483030026323
GC_00002978	0.930470799392517	0.79647544801449	0.8582747122828
GC_00002979	0.963883061773806	0.950911924004772	0.957353558573534
GC_00002980	0.987464601032817	1.0	0.993692768685959
GC_00002981	0.968753405252261	1.0	0.98412874123068
GC_00002982	0.977647901342461	1.0	0.98869763488113
GC_00002983	0.936222048203254	0.788967705973315	0.856310397003391
GC_00002984	0.988230127360562	1.0	0.994080226188372
GC_00002985	0.991822904438755	0.99223562761164	0.992029223097931
GC_00002986	0.986040168398939	0.944643842839817	0.964898210632777
GC_00002987	0.985009180046096	1.0	0.992447984571257
GC_00002988	0.939982626549791	0.982156771076827	0.960607022050951
GC_00002989	0.980304719435154	1.0	0.990054419215613
GC_00002990	0.980955502148423	1.0	0.990386206135917
GC_00002991	0.971931914048931	0.974685075793779	0.973306547979652
GC_00002992	0.984864422627396	1.0	0.992374503165023
GC_00002993	0.990112544460371	1.0	0.995031710358717
GC_00002994	0.973121366901401	0.92709482057308	0.94955067217098
GC_00002995	0.992175112916635	0.999410558095979	0.995779692293915
GC_00002996	0.986211755233494	1.0	0.993058018748416
GC_00002997	0.943873232105996	0.999864498644988	0.971062423776134
GC_00002998	0.990421183298149	1.0	0.995187542826499
GC_00002999	0.989989466419672	1.0	0.994969554487975
GC_00003000	0.991688743441899	1.0	0.995827030410516
GC_00003001	0.977043920787698	0.998916621476343	0.987859212278571
GC_00003002	0.990410551821881	1.0	0.995182175773063
GC_00003003	0.992038119595664	1.0	0.996003148571297
GC_00003004	0.986129990434476	0.938848511583984	0.961908585240769
GC_00003005	0.98512053497061	0.931758200326757	0.957696613632425
GC_00003006	0.991941281343455	1.0	0.995954339250849
GC_00003007	0.951544915080827	0.983881456707544	0.967443051121916
GC_00003008	0.985734672973564	0.978802044205374	0.982256126356491
GC_00003009	0.975897522808801	0.971485522184275	0.973686524571358
GC_00003010	0.983418953347534	0.96973486401531	0.976528972287681
GC_00003011	0.981117105680736	1.0	0.99046856227473
GC_00003012	0.9788462174589	0.952664899529987	0.965578116748842
GC_00003013	0.982438016528926	0.996807442381401	0.989570568062447
GC_00003014	0.976806166205287	1.0	0.988267016670007
GC_00003015	0.963681909919778	0.992696710832174	0.977974152976724
GC_00003016	0.979745319481259	0.75807830904622	0.854774515544639
GC_00003017	0.980973064524941	0.959059279024748	0.969892407344694
GC_00003018	0.981500976710999	0.988148237390951	0.984813390313946
GC_00003019	0.9728445581131	0.999218765402889	0.985855298554575
GC_00003020	0.991946957758924	0.997665702451367	0.99479811140974
GC_00003021	0.985803754809222	1.0	0.992851133876448
GC_00003022	0.979889497848877	0.95982633466366	0.969754156079069
GC_00003023	0.983475639441261	1.0	0.991668987392558
GC_00003024	0.983551527358174	1.0	0.991707564731765
GC_00003025	0.955016677515326	0.99220399184277	0.973255239756154
GC_00003026	0.95950654433974	0.990105637853913	0.974565965257329
GC_00003027	0.965936022485024	0.975600793642802	0.970744352944083
GC_00003028	0.988223625084939	0.911635432872653	0.94838579573138
GC_00003029	0.954821578665852	0.993294755212637	0.973678265265033
GC_00003030	0.933531146053825	0.993388776250906	0.962530255706037
GC_00003031	0.976295834323275	1.0	0.988005760440799
GC_00003032	0.964630054205068	0.98093473184652	0.972714072886856
GC_00003033	0.991414824182693	0.987779945707497	0.989594047137788
GC_00003034	0.986546685673557	1.0	0.993227788491725
GC_00003035	0.991640166540996	0.992715094548537	0.992177339399767
GC_00003036	0.991052356128559	0.999786592305942	0.995400314736354
GC_00003037	0.932979949165287	0.878157385171246	0.904738936184895
GC_00003038	0.988091867975172	0.993033754451071	0.990556647484364
GC_00003039	0.933886197364413	0.98710195958359	0.959756979356986
GC_00003040	0.987189440993789	0.974041620570587	0.980571460201911
GC_00003041	0.975598997310749	1.0	0.987648807919792
GC_00003042	0.959543449619064	1.0	0.979354093736069
GC_00003043	0.990284252326914	0.941267239287786	0.965153793046135
GC_00003044	0.967643726989521	0.995872136328217	0.981555019345126
GC_00003045	0.989931618297207	0.991615267158171	0.990772727459857
GC_00003046	0.984917071271249	1.0	0.992401229780804
GC_00003047	0.888484669230011	1.0	0.940949835290187
GC_00003048	0.995201613559102	1.0	0.997595036808166
GC_00003049	0.9606261418125	0.913941858794801	0.936702687094375
GC_00003050	0.983048573041114	0.996754472926401	0.989854080968743
GC_00003051	0.991969693352116	0.977908723356363	0.984889024831352
GC_00003052	0.981091259870264	0.989345362807597	0.985201023237777
GC_00003053	0.988802241511061	0.967368023825063	0.977967702785819
GC_00003054	0.982874781111804	0.973247704832845	0.978037553096474
GC_00003055	0.989053345667592	1.0	0.994496550654988
GC_00003056	0.986322175885409	0.999593498267826	0.992913492797535
GC_00003057	0.984613336376431	1.0	0.992247021955591
GC_00003058	0.990279250618593	0.93925493391273	0.964092452521994
GC_00003059	0.986004359297924	1.0	0.992952865064695
GC_00003060	0.994079011115264	1.0	0.997030715005909
GC_00003061	0.996933902990701	0.979991486968506	0.988390096018073
GC_00003062	0.968205819570835	0.989623811069298	0.978797662542151
GC_00003063	0.968659157843704	0.965599805235976	0.967127062102072
GC_00003064	0.991153381642512	1.0	0.995557038227668
GC_00003065	0.978309251951767	0.797070722710819	0.878439177659503
GC_00003066	0.982555214351394	0.923756524083161	0.952249069477352
GC_00003067	0.975089655129457	0.967760330032007	0.97141116778551
GC_00003068	0.985857149306966	1.0	0.992878213471715
GC_00003069	0.954367130448544	0.968483823980266	0.961373658056032
GC_00003070	0.98877857659097	1.0	0.99435763058738
GC_00003071	0.987963175966397	1.0	0.993945147385463
GC_00003072	0.971234443484659	1.0	0.98540733873111
GC_00003073	0.989061759969688	1.0	0.994500804223154
GC_00003074	0.985272910808278	1.0	0.99258183138875
GC_00003075	0.994810441648888	1.0	0.99739847042969
GC_00003076	0.9793494082653	0.99912969596767	0.989140673189548
GC_00003077	0.98377548982223	0.985490784141178	0.984632389943418
GC_00003078	0.959923115613997	0.949733034979543	0.954800887746984
GC_00003079	0.987203850015507	1.0	0.993560726050127
GC_00003080	0.929493827693992	0.836695997378879	0.880657055294551
GC_00003081	0.986880657144352	0.996402877697841	0.991618908187236
GC_00003082	0.979071942786777	1.0	0.9894253176144
GC_00003083	0.987328350260565	1.0	0.993623776494824
GC_00003084	0.982415042478761	1.0	0.991129527800974
GC_00003085	0.99456271864068	0.995889985186746	0.995225909392149
GC_00003086	0.984902497506737	0.994375061711873	0.989616112381002
GC_00003087	0.974429326386961	0.982386200273869	0.978391586066593
GC_00003088	0.980295165655943	1.0	0.990049546812114
GC_00003089	0.984113712374582	1.0	0.991993257479983
GC_00003090	0.973035488278562	0.99930797017462	0.985996748722556
GC_00003091	0.970073034348967	1.0	0.98480921004996
GC_00003092	0.978394511760513	1.0	0.989079282159825
GC_00003093	0.81171148896243	0.894469324987857	0.851083333818649
GC_00003094	0.986512254313678	0.998960997442461	0.992697599614344
GC_00003095	0.93076777118661	0.892638135829741	0.911304284981641
GC_00003096	0.98076222502452	0.954295113032801	0.967347664568636
GC_00003097	0.920538949275362	1.0	0.958625649974649
GC_00003098	0.966768249861997	0.993970934894552	0.98018089158657
GC_00003099	0.98233911001548	0.970078564555546	0.976170341174529
GC_00003100	0.99369196582783	1.0	0.996836003615257
GC_00003101	0.987707026026129	0.948799671978352	0.967862495151707
GC_00003102	0.9867413126251	1.0	0.993326414822783
GC_00003103	0.987796438332011	0.990964687562787	0.989378026561613
GC_00003104	0.994378104375042	1.0	0.997181128486808
GC_00003105	0.975575216239708	0.999657317993508	0.987469462217734
GC_00003106	0.985414476261158	0.993223344151939	0.989303501015158
GC_00003107	0.972799248523886	1.0	0.98621210369151
GC_00003108	0.990933680625125	1.0	0.995446197197273
GC_00003109	0.981382721213318	0.999477424749164	0.990347427495966
GC_00003110	0.983983134377396	1.0	0.991926914425293
GC_00003111	0.995139929589191	0.993135141556485	0.994136524853769
GC_00003112	0.965806138835863	0.996467391304346	0.980897218343184
GC_00003113	0.954813596796819	0.992394070140504	0.973241188024954
GC_00003114	0.98423383977699	0.991489992987001	0.987848591706114
GC_00003115	0.988341293368467	1.0	0.994136466073296
GC_00003116	0.911081606137035	0.994871442095041	0.951134732520914
GC_00003117	0.996555827861991	1.0	0.998274943234772
GC_00003118	0.952386128364389	1.0	0.975612471865133
GC_00003119	0.972004266797953	1.0	0.985803411446211
GC_00003120	0.952747437607392	0.995218697729602	0.973520069902867
GC_00003121	0.980991426021547	0.997139588100685	0.988999595567723
GC_00003122	0.971197383528194	0.997464419517474	0.984155666452342
GC_00003123	0.972022322172247	1.0	0.985812697192528
GC_00003124	0.98953371878794	1.0	0.994739329565907
GC_00003125	0.987575931506194	1.0	0.99374913516668
GC_00003126	0.989765558397272	1.0	0.994856458561394
GC_00003127	0.986495726495726	1.0	0.993201961965407
GC_00003128	0.980746341804943	1.0	0.990279594217242
GC_00003129	0.983087726414708	0.999759877057056	0.991353710467508
GC_00003130	0.974408477026693	1.0	0.987038384776465
GC_00003131	0.993799996088326	1.0	0.996890358148341
GC_00003132	0.988727974897417	0.981347040699194	0.985023681373117
GC_00003133	0.984443484659436	1.0	0.99216076675359
GC_00003134	0.970265468227425	1.0	0.984908362729756
GC_00003135	0.971498371335505	1.0	0.985543163981826
GC_00003136	0.973016010468383	0.98464634056293	0.978796628041717
GC_00003137	0.973838889434139	1.0	0.986746076031889
GC_00003138	0.972283318012098	0.970741224851711	0.971511659486131
GC_00003139	0.974549310710498	0.998488402943601	0.986373628955079
GC_00003140	0.986730263560203	1.0	0.993320816276278
GC_00003141	0.969897545634342	1.0	0.984718771576537
GC_00003142	0.98518135112338	1.0	0.992535367679011
GC_00003143	0.98525770656711	0.99910994839863	0.992135478427371
GC_00003144	0.988458850179791	0.999420800116753	0.993909600897422
GC_00003145	0.950011424328107	0.991130381272334	0.970135394014798
GC_00003146	0.982844126459977	1.0	0.991347845596592
GC_00003147	0.982913885380961	1.0	0.991383329984723
GC_00003148	0.977212658047003	0.759483243883044	0.854699592107409
GC_00003149	0.989598470863936	1.0	0.994772046074428
GC_00003150	0.97898364392036	0.999594815753352	0.989181874881521
GC_00003151	0.986650658891462	1.0	0.993280478855811
GC_00003152	0.979673450234285	0.997212931995539	0.988365383552672
GC_00003153	0.964323671497585	1.0	0.981837856448975
GC_00003154	0.947242123236309	0.94499568668047	0.946117571490372
GC_00003155	0.963352624029282	0.96482553651382	0.964088517701341
GC_00003156	0.952032313735455	0.99486785499299	0.972978852293802
GC_00003157	0.984015610354027	1.0	0.991943415383148
GC_00003158	0.98482114874766	0.973299319727892	0.979026336286629
GC_00003159	0.954296087752496	0.883951830691929	0.917778026921201
GC_00003160	0.964432874599115	0.919023234109443	0.941180647000355
GC_00003161	0.971905108898065	0.994444444444442	0.983045597796112
GC_00003162	0.98609477124183	0.985646599777034	0.985870634575353
GC_00003163	0.973422247218093	0.997708429133157	0.985415723885947
GC_00003164	0.97276119074646	1.0	0.98619254607131
GC_00003165	0.993521192725002	1.0	0.996750068522652
GC_00003166	0.988322041668789	0.9930780515233	0.990694338604556
GC_00003167	0.982576558328505	0.999089832931299	0.990764392868925
GC_00003168	0.985216314469804	0.994979514462177	0.990073846120654
GC_00003169	0.977661215882064	1.0	0.988704443441303
GC_00003170	0.940545739243786	0.849309635722679	0.892602352514236
GC_00003171	0.964730116024886	0.979747362031622	0.972180749753456
GC_00003172	0.976561465460163	0.975035790980675	0.975798031867199
GC_00003173	0.980622351766389	1.0	0.990216384149997
GC_00003174	0.978609640693662	0.973168668320306	0.975881570607668
GC_00003175	0.979157965424334	0.966243747835714	0.97265799221421
GC_00003176	0.986550818441912	1.0	0.993229882954297
GC_00003177	0.954951690821256	1.0	0.976956817198987
GC_00003178	0.989380806022723	0.999209503621272	0.99427086543066
GC_00003179	0.980574624968218	1.0	0.990192050939715
GC_00003180	0.927191526656349	0.970514827107732	0.948358656652849
GC_00003181	0.983401707435524	1.0	0.991631401494588
GC_00003182	0.971549690595059	1.0	0.985569570201219
GC_00003183	0.983518518518519	1.0	0.99169078517412
GC_00003184	0.970318010728787	1.0	0.984935432194403
GC_00003185	0.987172623509005	0.983854684080767	0.985510861159288
GC_00003186	0.997072254446703	1.0	0.998533981158279
GC_00003187	0.95046333192693	0.963036023914045	0.956708373338042
GC_00003188	0.98875458536292	1.0	0.994345499077742
GC_00003189	0.962473221540962	0.997576812596811	0.979710672515545
GC_00003190	0.992075793303836	1.0	0.996022135943421
GC_00003191	0.959350368675311	1.0	0.979253515872115
GC_00003192	0.992741831578043	0.997722320283949	0.995225844905
GC_00003193	0.988198579525074	0.996809177485253	0.992485202911335
GC_00003194	0.980816663264612	1.0	0.990315440549772
GC_00003195	0.981218380311157	1.0	0.990520166845063
GC_00003196	0.982451463858901	0.979134595412909	0.980790225370388
GC_00003197	0.978578107259734	1.0	0.989173087146944
GC_00003198	0.973209520759953	0.984093329260943	0.978621164673504
GC_00003199	0.980119722747322	1.0	0.989960063008162
GC_00003200	0.984777396265219	0.993809052572646	0.989272611011896
GC_00003201	0.978757941500847	1.0	0.989264953507632
GC_00003202	0.973516527279968	1.0	0.986580567046716
GC_00003203	0.989679287755773	1.0	0.994812876473239
GC_00003204	0.904681364354501	0.923232886357943	0.91386298555494
GC_00003205	0.950135101940555	0.976842515097528	0.963303729587343
GC_00003206	0.981364693080081	1.0	0.990594711319424
GC_00003207	0.987315947319518	0.975337470449171	0.981290155332191
GC_00003208	0.964273037133974	0.69676527730477	0.808978293006068
GC_00003209	0.974768947099743	0.996923707957344	0.985721857462837
GC_00003210	0.972291006814474	0.974074349074352	0.97318186095761
GC_00003211	0.975930430358818	0.999570938215107	0.987609233205077
GC_00003212	0.966592229994528	0.984118156936493	0.975276463655788
GC_00003213	0.9797832608025	0.976516065534721	0.978146934914101
GC_00003214	0.970365880889343	0.988576423997301	0.979386508837571
GC_00003215	0.960394300034215	0.927942737346919	0.943889674421774
GC_00003216	0.988929146537842	1.0	0.994433761765004
GC_00003217	0.978826803459985	0.980418183256846	0.979621847066177
GC_00003218	0.953583239451975	0.992072912750207	0.972447367786077
GC_00003219	0.946401481816734	0.944524835105667	0.945462227223731
GC_00003220	0.982547645591124	1.0	0.991197006312717
GC_00003221	0.989007102100844	1.0	0.994473173128671
GC_00003222	0.924074407081061	0.899363871012748	0.911551705194023
GC_00003223	0.975513376242392	1.0	0.987604931430946
GC_00003224	0.956076786168319	1.0	0.977545250706788
GC_00003225	0.992584871947588	1.0	0.996278638788839
GC_00003226	0.980512960934648	0.998632759092149	0.989489913345564
GC_00003227	0.9777660359635	1.0	0.988758041329359
GC_00003228	0.990516799478074	0.993639616613425	0.992075750581514
GC_00003229	0.980989237934313	0.94005041781085	0.960083609133398
GC_00003230	0.971084902892683	0.999193565334341	0.984938730246419
GC_00003231	0.988471705440924	0.998988945586972	0.993702497959165
GC_00003232	0.995370562256209	1.0	0.997679910773788
GC_00003233	0.990735902081011	1.0	0.99534639531577
GC_00003234	0.984596273291925	0.907062296237553	0.944240330580644
GC_00003235	0.926373531361379	0.919451579130622	0.92289957638294
GC_00003236	0.994734416205746	1.0	0.997360258212083
GC_00003237	0.983875419537184	0.931696073047361	0.957075074774492
GC_00003238	0.986766515099427	0.990454584547358	0.988607110183725
GC_00003239	0.966225749559083	1.0	0.982822801273714
GC_00003240	0.987634939861448	0.990812886694381	0.989221360937151
GC_00003241	0.983211602288822	0.998875094911019	0.990981458017265
GC_00003242	0.990078803692875	1.0	0.995014671635759
GC_00003243	0.97700914872632	0.955006734989226	0.965882656601493
GC_00003244	0.987578923716436	0.993776100499758	0.990667820508254
GC_00003245	0.994761958725242	1.0	0.997374102081782
GC_00003246	0.972595696796849	0.866940505015567	0.916733906868781
GC_00003247	0.991887152509155	0.990099624545578	0.990992582453316
GC_00003248	0.988474144492598	1.0	0.994203668406087
GC_00003249	0.965810661920502	1.0	0.982608020832435
GC_00003250	0.986965878180629	0.986384121354917	0.986674914014864
GC_00003251	0.984530507969845	0.938826480986161	0.961135470459446
GC_00003252	0.973917331275191	0.975142773612716	0.974529667204699
GC_00003253	0.950810817371884	1.0	0.974785262522594
GC_00003254	0.871248137038504	0.907809633245663	0.889153196666073
GC_00003255	0.990481162176876	1.0	0.99521782069381
GC_00003256	0.975978501483823	0.987745390796166	0.981826691773371
GC_00003257	0.946971603246941	0.993226517083337	0.969547694551598
GC_00003258	0.989285498169496	1.0	0.994613894365407
GC_00003259	0.979582470669427	1.0	0.989685941539143
GC_00003260	0.979519071310116	1.0	0.989653583546266
GC_00003261	0.989956429596283	1.0	0.994952869191335
GC_00003262	0.976185383244207	0.933370456829752	0.954297934616966
GC_00003263	0.960771437198068	0.881595182138661	0.919481998078305
GC_00003264	0.969881933168962	1.0	0.984710724879543
GC_00003265	0.985214929690144	1.0	0.992552408261324
GC_00003266	0.987780700751077	0.997717676594777	0.992724322500774
GC_00003267	0.975915536855228	0.932706875405814	0.953822112946805
GC_00003268	0.970492206150822	0.983067021968624	0.976739142803316
GC_00003269	0.97694131329397	1.0	0.988336180466779
GC_00003270	0.96922186812353	0.968042793805824	0.968631972155611
GC_00003271	0.976915209662495	0.996394002010047	0.986558466987611
GC_00003272	0.988617589787658	0.998614505524765	0.993590902549988
GC_00003273	0.979963362156457	1.0	0.989880298683042
GC_00003274	0.948169001190149	0.995680813466911	0.97134426259744
GC_00003275	0.97918915099188	1.0	0.989485164165491
GC_00003276	0.988328774875035	1.0	0.994130133168898
GC_00003277	0.985536075352585	0.997992149758451	0.991725001997967
GC_00003278	0.973459219546796	0.991313359261213	0.982305167978456
GC_00003279	0.992189735561952	1.0	0.99607955793636
GC_00003280	0.99301952665124	1.0	0.996497538907464
GC_00003281	1.0	1.0	1.0
GC_00003282	1.0	1.0	1.0
GC_00003283	0.99870214146658	1.0	0.999350649350649
GC_00003284	0.999482401656315	1.0	0.999741133833808
GC_00003285	0.99604743083004	1.0	0.998019801980198
GC_00003286	0.99590922911081	1.0	0.997950422379172
GC_00003287	0.991457698870386	1.0	0.995710528456387
GC_00003288	0.996803677248208	1.0	0.998399280415891
GC_00003289	0.9961962723469	1.0	0.998094512195122
GC_00003290	0.995853042182337	1.0	0.997922212843322
GC_00003291	0.996877802504401	1.0	0.998436460412508
GC_00003292	0.998303523823373	1.0	0.999151041793
GC_00003293	0.996793810886764	1.0	0.998394331404797
GC_00003294	0.992167385865033	1.0	0.9960682951691
GC_00003295	0.994239666636027	1.0	0.997111513996866
GC_00003296	0.967036999966637	0.987587412587413	0.977204175430748
GC_00003297	0.991735537190083	0.971300462947976	0.981411636186948
GC_00003298	0.997010463378176	1.0	0.998502994011976
GC_00003299	0.992976839904616	1.0	0.996476045303306
GC_00003300	0.993835589092506	1.0	0.996908265184343
GC_00003301	0.976000413340567	1.0	0.987854462733204
GC_00003302	0.991071607712526	1.0	0.99551578544293
GC_00003303	0.972937842826319	0.946634485552255	0.959605950452701
GC_00003304	0.99498531413425	1.0	0.997486354495834
GC_00003305	0.992435319126873	0.909812469193033	0.949329560274245
GC_00003306	0.976341374767162	1.0	0.988029079624149
GC_00003307	0.99694752083904	1.0	0.998471427451595
GC_00003308	0.953800051007396	0.993576157092226	0.973281880894601
GC_00003309	0.975187908209332	0.994333484906782	0.984667640166702
GC_00003310	0.996286264897223	0.976513893477778	0.986300994982269
GC_00003311	0.989731537272469	0.983580330766024	0.986646346750732
GC_00003312	0.995628990030931	1.0	0.997809708121648
GC_00003313	0.654132752493408	0.827269555756598	0.730583594405656
GC_00003314	0.976070562293274	0.985612089500231	0.980818121139001
GC_00003315	0.99253997080084	0.996632996632998	0.994582272705424
GC_00003316	0.968604389601208	1.0	0.98405184375051
GC_00003317	0.977036937231729	0.984247731673362	0.980629078968193
GC_00003318	0.993401900448377	1.0	0.996690030469953
GC_00003319	0.950938540720557	0.913828791345954	0.932014415276079
GC_00003320	0.984563306201845	0.996496646848496	0.990494035003368
GC_00003321	0.976462319820716	0.930237728413048	0.952789707130268
GC_00003322	0.986564288384666	0.975245229639311	0.980872105206993
GC_00003323	0.983609756097561	0.999221877365768	0.991354354546378
GC_00003324	0.970414382878111	0.979595161375254	0.974983160259689
GC_00003325	0.979511239124625	0.798658294701976	0.879887728362102
GC_00003326	0.86132322905698	0.724160958170422	0.786809051611038
GC_00003327	0.962017891186391	0.965991118165031	0.964000410677045
GC_00003328	0.871340488273847	0.819537079693887	0.844645233583962
GC_00003329	0.985920676025623	1.0	0.992910429835217
GC_00003330	0.974367219440489	0.937613005901725	0.95563684745556
GC_00003331	0.991789291553566	1.0	0.995877722366893
GC_00003332	0.988771924750929	0.997650262793449	0.993191252852446
GC_00003333	0.983305274971942	1.0	0.991582372497701
GC_00003334	0.926073433469883	0.868908401761608	0.896580646328854
GC_00003335	0.943958775110017	0.955424163205263	0.949656864465368
GC_00003336	0.975706488128848	0.939030612406789	0.957017295816332
GC_00003337	0.828091019996817	0.734248876117674	0.778351627924176
GC_00003338	0.965901411046714	1.0	0.982654985259342
GC_00003339	0.955203260702141	0.949347220875582	0.952266237823915
GC_00003340	0.988577953447519	1.0	0.99425617359748
GC_00003341	0.983276790080104	0.985855641570058	0.984564527143584
GC_00003342	0.953237484059402	0.932394885618845	0.942700994328836
GC_00003343	0.974018538110091	0.999486228776711	0.986588055675165
GC_00003344	0.990952452427411	1.0	0.995455668686835
GC_00003345	0.980350767466708	0.993245897176641	0.986756205079261
GC_00003346	0.973802165047258	1.0	0.986727223519833
GC_00003347	0.972765286204633	0.93231627773083	0.952111371931572
GC_00003348	0.950847073281348	0.858318036120836	0.902216374114987
GC_00003349	0.984762041028026	0.991098787095416	0.987920252832207
GC_00003350	0.992206789155308	0.9350229154758	0.962766485511862
GC_00003351	0.976940148637067	1.0	0.988335584474406
GC_00003352	0.983828408132876	0.98127572201934	0.982550407096184
GC_00003353	0.986025644040648	0.998457796090163	0.99220277834348
GC_00003354	0.960421606226486	0.92221354563957	0.940929859839348
GC_00003355	0.982889165885468	0.991480790183618	0.987166284474135
GC_00003356	0.948794306126721	0.995462611922239	0.971568365668091
GC_00003357	0.991921295748424	0.998007968127487	0.994955323169719
GC_00003358	1.0	1.0	1.0
GC_00003359	0.999022482893451	1.0	0.999511002444988
GC_00003360	0.991951457789967	1.0	0.995959468701631
GC_00003361	0.995670995670996	1.0	0.997830802603037
GC_00003362	0.995820271682341	1.0	0.997905759162304
GC_00003363	0.988991960420532	0.747197279634451	0.85125755344868
GC_00003364	0.971291866028708	1.0	0.985436893203883
GC_00003365	0.97790404040404	1.0	0.988828598787105
GC_00003366	0.993156618156618	0.96309572780161	0.977895206577769
GC_00003367	0.966450216450216	1.0	0.98293891029169
GC_00003368	0.995735287814496	1.0	0.997863087248322
GC_00003369	0.924728748849352	0.943576209778507	0.934057412718448
GC_00003370	0.991935483870968	0.836265000821963	0.907472605089061
GC_00003371	0.966837689059911	1.0	0.983139274214366
GC_00003372	0.860295352181562	0.935785604564408	0.896454030339164
GC_00003373	0.986899364852121	1.0	0.99340649286037
GC_00003374	0.963113275613276	0.937076648841356	0.949916583759738
GC_00003375	0.992646726096203	1.0	0.996309795505899
GC_00003376	0.960375426291434	0.959000404739954	0.959687422989885
GC_00003377	0.986421169250076	0.874429194997062	0.927055163088706
GC_00003378	0.977437851853785	0.918229088489568	0.946908814689083
GC_00003379	0.819846397419634	0.908383984530043	0.861847291852937
GC_00003380	0.974090586030884	1.0	0.986875265931332
GC_00003381	0.989198709786945	1.0	0.994570029550134
GC_00003382	0.849187181884284	0.757418863188093	0.800682148445071
GC_00003383	0.810894876420889	0.798521001590054	0.80466037119518
GC_00003384	0.991119418954471	0.958432434076462	0.97450190482716
GC_00003385	0.955285361446782	0.978423404818378	0.966715952501141
GC_00003386	0.982723711430961	0.906002886002887	0.942805083498702
GC_00003387	0.983714698000412	1.0	0.991790501922477
GC_00003388	0.97300009018759	0.992248062015503	0.982529817160488
GC_00003389	0.986788706899069	0.981166659712331	0.983969652784504
GC_00003390	0.988158462385267	0.995901289878013	0.992014767872548
GC_00003391	0.986837189882875	1.0	0.99337499308743
GC_00003392	0.986098931436552	1.0	0.993000817661488
GC_00003393	0.960173596125258	0.999330944410103	0.979361023936533
GC_00003394	0.991477803242509	1.0	0.995720666962185
GC_00003395	0.986420694785811	0.998271384360674	0.992310659061354
GC_00003396	0.9908400777966	1.0	0.995398966343124
GC_00003397	0.819891127269837	0.899353136711408	0.857785798702568
GC_00003398	0.986926837673106	1.0	0.993420410817842
GC_00003399	0.923883431734	0.813655595797106	0.865273138828699
GC_00003400	0.977951716029698	0.995526695526694	0.986660948042385
GC_00003401	0.987679905321459	0.996277314770466	0.991959981758899
GC_00003402	0.983470147579958	0.978282415671489	0.980869422309503
GC_00003403	0.992416712061565	0.939344957111601	0.96515180801503
GC_00003404	0.973433129647497	0.993724396408961	0.983474110629697
GC_00003405	0.987213269821965	0.997224125833587	0.9921934470342
GC_00003406	0.97965746280353	1.0	0.98972421361842
GC_00003407	0.883548434950304	0.663357151881184	0.757781442315728
GC_00003408	0.993294965809586	0.990679939385721	0.991985729198033
GC_00003409	0.987645555239989	0.999503909519631	0.993539349896329
GC_00003410	0.962177079620948	0.999424626006906	0.980447218406954
GC_00003411	0.978778549330697	0.980288746786209	0.979533065971161
GC_00003412	0.983248635422548	1.0	0.99155357312328
GC_00003413	0.988155242664261	1.0	0.99404233780061
GC_00003414	0.976339357291738	1.0	0.98802804658979
GC_00003415	0.962093271043357	0.987395343456949	0.974580111659663
GC_00003416	0.948054498588437	0.893283734690769	0.919854536101461
GC_00003417	0.963680460815522	0.97668746621388	0.970140368125632
GC_00003418	0.965551371185786	0.956577767280645	0.96104362226211
GC_00003419	0.983442369354832	0.910321968894165	0.945470538105912
GC_00003420	0.944567491079119	0.872139531833979	0.906909742809691
GC_00003421	0.954592979835698	0.825855215453284	0.885569816766779
GC_00003422	1.0	1.0	1.0
GC_00003423	0.998440065681445	1.0	0.999219424017091
GC_00003424	0.996567996567997	1.0	0.998281048560378
GC_00003425	0.988721804511278	1.0	0.994328922495274
GC_00003426	0.989800742992232	1.0	0.994874231983434
GC_00003427	0.997908673738058	1.0	0.998953242313109
GC_00003428	0.997580157289776	0.932616320340868	0.964005008110564
GC_00003429	0.964096527369041	0.997464966147064	0.980496928812461
GC_00003430	0.985990338164251	1.0	0.992945755290684
GC_00003431	0.990716858371093	0.929296751813307	0.959024408543145
GC_00003432	0.997674053119598	1.0	0.998835672477815
GC_00003433	0.99341366627952	1.0	0.996695952359566
GC_00003434	0.994079794079794	1.0	0.997031108816316
GC_00003435	0.909713905522289	1.0	0.952722711911647
GC_00003436	0.990277777777778	0.927349493006059	0.957781117476513
GC_00003437	0.793094289508632	0.969387755102042	0.872424085387889
GC_00003438	0.995467747382641	1.0	0.997728726699139
GC_00003439	0.996868969810146	1.0	0.998432030224722
GC_00003440	0.997323551389172	1.0	0.998659982450532
GC_00003441	0.993949394939494	1.0	0.996965517241379
GC_00003442	0.805836822738231	0.987623158425161	0.887516996651092
GC_00003443	0.978154619161813	1.0	0.988956686890612
GC_00003444	0.987323787323787	1.0	0.993621465834069
GC_00003445	0.938387359126293	0.926033473735264	0.932169487236692
GC_00003446	0.961004273504274	0.932747807747809	0.946665234822856
GC_00003447	0.992077792077792	1.0	0.996023143296053
GC_00003448	0.859674544879162	0.790797751866454	0.823798980167965
GC_00003449	0.957139975796692	0.983899020601148	0.970335048921967
GC_00003450	0.945389394109502	0.996828249513677	0.970427653083157
GC_00003451	0.947950856425433	1.0	0.973280053034767
GC_00003452	0.989922015596881	0.999760105553558	0.994816738093511
GC_00003453	0.886550199957904	0.881965671620846	0.884251993546952
GC_00003454	0.909443173150267	0.762052067254227	0.829249205617471
GC_00003455	0.958682073534749	0.893265554711336	0.924818457224795
GC_00003456	0.97407681008058	0.966918434107251	0.970484422075335
GC_00003457	0.976207184628237	1.0	0.987960363894619
GC_00003458	0.740683163760533	0.652005094180661	0.693520884077286
GC_00003459	0.728449240965474	0.766796894196276	0.747131328303398
GC_00003460	0.985204251870919	1.0	0.992546989502396
GC_00003461	0.970119521912351	0.977957239675582	0.974022614007732
GC_00003462	0.988863287250384	1.0	0.994400463409925
GC_00003463	0.98647266313933	1.0	0.993190272833006
GC_00003464	0.989384358310671	0.913330363330359	0.949837372015395
GC_00003465	0.965310060521007	0.978417378417379	0.971819525571686
GC_00003466	0.975714285714286	0.976221640488658	0.975967897164659
GC_00003467	0.933495440729483	0.719056050339249	0.812362638318204
GC_00003468	0.94160053939111	0.994393494330709	0.967277206767824
GC_00003469	0.946234407311053	0.991576616243918	0.968375037988783
GC_00003470	0.94734630694383	0.974860433683964	0.96090645414607
GC_00003471	0.9896004378763	1.0	0.994773039889959
GC_00003472	0.448492056231513	0.724073131300646	0.553898497025114
GC_00003473	0.925150099294229	0.913923670334646	0.919502619547523
GC_00003474	0.999402628434886	1.0	0.999701224977592
GC_00003475	0.998823277706461	1.0	0.999411292480599
GC_00003476	0.996988984088127	1.0	0.998492222072398
GC_00003477	0.987292555713608	1.0	0.993605649933193
GC_00003478	0.983488617966762	0.975683845600981	0.979570685814128
GC_00003479	0.994644506001847	1.0	0.997315063420054
GC_00003480	0.997239222086223	1.0	0.998617702935509
GC_00003481	0.998947863886812	0.927340252038543	0.961813091418208
GC_00003482	0.990053646512977	1.0	0.995001967155784
GC_00003483	0.863059158527266	0.848037526767107	0.855482405572246
GC_00003484	0.968599354296581	0.991710526315788	0.980018705143218
GC_00003485	0.838163048043209	0.869398021119148	0.85349485708458
GC_00003486	0.991761016318503	0.866676295973958	0.925009155196109
GC_00003487	0.942434210526316	1.0	0.970364098221846
GC_00003488	0.977145989974937	1.0	0.988440909198945
GC_00003489	0.996602365642613	1.0	0.998298291930405
GC_00003490	0.977418316433285	0.764582727537075	0.857998524065147
GC_00003491	0.951395872722153	0.896885561936128	0.92333689656725
GC_00003492	0.98805202661827	1.0	0.993990110308102
GC_00003493	0.975331185105621	1.0	0.987511554983596
GC_00003494	0.982551617138083	1.0	0.991199027197534
GC_00003495	0.995410082768999	1.0	0.997699762434481
GC_00003496	0.840109264739358	0.988128012338539	0.908126651088652
GC_00003497	0.957807080255249	0.988982497330026	0.973145171001127
GC_00003498	0.992886849275778	1.0	0.996430730261075
GC_00003499	0.972954457450928	0.998305084745763	0.985466765088613
GC_00003500	0.984532431997425	1.0	0.992205938409882
GC_00003501	0.87861396679642	0.690648383165985	0.773373955743649
GC_00003502	0.795519083716145	0.951696762174371	0.866627827353185
GC_00003503	0.97614940565651	0.938674777013326	0.957045387225827
GC_00003504	0.973726449508605	0.91163222647597	0.94165680244424
GC_00003505	0.651886976926085	0.677354284167572	0.664376662895088
GC_00003506	0.992915664796509	1.0	0.996445240845546
GC_00003507	0.990646106792405	1.0	0.995301076783222
GC_00003508	0.965372507869885	0.962896340341414	0.964132834232527
GC_00003509	0.956163434903047	1.0	0.977590540588381
GC_00003510	0.929237023139462	0.863844393592677	0.895348292907647
GC_00003511	0.918450520318126	0.951682397483068	0.934771197090756
GC_00003512	0.97883581786837	0.947922296282953	0.963131063876673
GC_00003513	0.984680761513941	0.925486382557748	0.954166381487655
GC_00003514	0.973588924387646	1.0	0.986617742283618
GC_00003515	0.992982456140351	1.0	0.996478873239437
GC_00003516	0.991970667409264	1.0	0.99596915119178
GC_00003517	0.985851726089417	1.0	0.992875463094899
GC_00003518	0.937351277550224	0.79426523615068	0.85989655091516
GC_00003519	0.990346235960271	1.0	0.995149706184125
GC_00003520	0.844554919943098	0.908149468260271	0.875198472286732
GC_00003521	0.986366673647887	0.868388208935614	0.923625215521498
GC_00003522	0.983307324916064	1.0	0.991583414796977
GC_00003523	0.974823455590016	1.0	0.987251242971255
GC_00003524	0.980516061084782	0.887007520859693	0.931420763747852
GC_00003525	0.951248608875972	0.913851636117084	0.932175200672545
GC_00003526	0.993418314825766	1.0	0.996698292011625
GC_00003527	0.976200834960983	0.996477650138227	0.986235031641228
GC_00003528	0.973494033185946	1.0	0.986569015984678
GC_00003529	0.970851417242673	0.950997105446357	0.96082170547389
GC_00003530	0.95681704773495	0.923598374623624	0.939914297226669
GC_00003531	0.977089680288546	1.0	0.988412098884604
GC_00003532	0.979798969268529	0.978927012868651	0.979362796986322
GC_00003533	0.977943001786535	1.0	0.988848516770432
GC_00003534	0.9711158526948	0.98038340885326	0.975727625232229
GC_00003535	0.976906950491856	0.960782571084923	0.968777671709267
GC_00003536	0.820365442611318	0.914685246903914	0.864961665916545
GC_00003537	0.910222301052383	0.869502372282908	0.889396502647408
GC_00003538	1.0	1.0	1.0
GC_00003539	0.992737835875091	1.0	0.996355685131195
GC_00003540	0.943675714032287	0.789139653520173	0.859516760933037
GC_00003541	0.8652294142633	0.799519360062884	0.831077551481453
GC_00003542	0.946138732274048	0.980894922071393	0.963203393952054
GC_00003543	0.885871412240863	0.896908144495324	0.891355615574832
GC_00003544	0.994561686018589	0.853801596445587	0.918821925692244
GC_00003545	0.944839324618736	1.0	0.971637412570276
GC_00003546	0.981016810168102	0.851343321712086	0.911591662897539
GC_00003547	0.939091641365636	0.626067722433099	0.751278085368625
GC_00003548	0.976974174372005	0.919399446671453	0.947312813638149
GC_00003549	0.938919673829797	0.762285306681816	0.841432607726899
GC_00003550	0.676931960350303	0.921555318412691	0.780525759012744
GC_00003551	0.826750330250991	0.746600283663055	0.784633794432339
GC_00003552	0.991793405396347	1.0	0.995879796277355
GC_00003553	0.968283894754483	1.0	0.983886417335405
GC_00003554	0.986837884438029	1.0	0.993375344981559
GC_00003555	0.859559237893668	0.959432883825464	0.906754227887172
GC_00003556	0.975269003818119	0.921025876237435	0.947371633237209
GC_00003557	0.843258195313037	0.904002863052498	0.872574615230725
GC_00003558	0.807544926004228	0.837473200240344	0.822236816396107
GC_00003559	0.982920580700256	0.854830779812484	0.914411801887402
GC_00003560	0.968520963078742	0.988036595707227	0.978181450307219
GC_00003561	0.97922137605042	0.995641774440268	0.987363309886498
GC_00003562	0.977404667788606	0.976998050682261	0.977201316936713
GC_00003563	0.989659993481207	1.0	0.994803128900078
GC_00003564	0.977538470859082	0.91919889468575	0.947471482609148
GC_00003565	0.962846249610955	1.0	0.981071492279944
GC_00003566	0.981612051213179	1.0	0.990720712070981
GC_00003567	0.949950952342026	0.8904620590553	0.919245056175495
GC_00003568	1.0	1.0	1.0
GC_00003569	0.999603881956823	1.0	0.999801901743265
GC_00003570	0.994117647058824	1.0	0.997050147492625
GC_00003571	0.997583785287165	1.0	0.998790431354804
GC_00003572	0.997647058823529	1.0	0.998822143698469
GC_00003573	0.997957516339869	1.0	0.998977714168882
GC_00003574	0.998361304175849	1.0	0.999179980206419
GC_00003575	0.998933608531132	1.0	0.999466519816207
GC_00003576	0.997944947209653	1.0	0.998971416708345
GC_00003577	0.99780701754386	1.0	0.998902305159166
GC_00003578	0.996770025839793	1.0	0.998382400517632
GC_00003579	0.998136681573214	1.0	0.999067471988293
GC_00003580	0.997214795008913	1.0	0.998605455458247
GC_00003581	0.93559815578743	0.993547936862405	0.963702667160936
GC_00003582	0.995717827360829	1.0	0.99785431959345
GC_00003583	0.996307600450944	0.925698316076912	0.959705961465703
GC_00003584	0.996313231174823	1.0	0.998153211245809
GC_00003585	0.983342025824601	0.878845171574131	0.928161672047873
GC_00003586	0.994623655913978	0.997488928834616	0.99605423180077
GC_00003587	0.963230438209667	0.998277402067121	0.980440821803938
GC_00003588	0.960482654600302	1.0	0.97984305277735
GC_00003589	0.993435635123615	1.0	0.996707009365779
GC_00003590	0.983606684683006	0.981039510481156	0.982321420337751
GC_00003591	0.983416350411132	1.0	0.991638845981364
GC_00003592	0.98204027458056	0.892954157947763	0.935380853666217
GC_00003593	0.985568796484111	0.794996300406955	0.880084135502224
GC_00003594	0.983193277310924	1.0	0.991525423728813
GC_00003595	0.993718385294409	0.997329200738593	0.995520518863673
GC_00003596	0.998269061604381	1.0	0.999133781116428
GC_00003597	0.985651925003578	1.0	0.992774123794937
GC_00003598	0.996485631289553	1.0	0.998239722512715
GC_00003599	0.928712974551523	1.0	0.9630390698932
GC_00003600	0.98469387755102	1.0	0.992287917737789
GC_00003601	0.985955882352941	1.0	0.992928283164871
GC_00003602	0.972713633555572	0.921169925620753	0.946240375899747
GC_00003603	0.989476346093993	1.0	0.994710339770227
GC_00003604	0.99510582010582	1.0	0.997546907113969
GC_00003605	0.915277366133175	0.953511399025578	0.934003262593407
GC_00003606	0.975967261904762	0.911736316148081	0.942759028902225
GC_00003607	0.960938463435689	1.0	0.980080182375599
GC_00003608	0.985646546200179	1.0	0.992771395378856
GC_00003609	0.940549885672857	0.970771811039367	0.955421912970606
GC_00003610	0.968458781362007	0.902447819347467	0.934288772124297
GC_00003611	0.872821342602303	0.895817501596445	0.884169922010586
GC_00003612	0.969560132544994	0.856904335154942	0.909757945433733
GC_00003613	0.850307089073181	0.994858998608745	0.916920882941228
GC_00003614	0.891567108923175	0.951378945388669	0.920502446445487
GC_00003615	0.96207188608332	0.998417888317997	0.97990797346214
GC_00003616	0.978988804253361	0.993674566120619	0.986277020107063
GC_00003617	0.983172932781675	1.0	0.991515078216239
GC_00003618	0.980091554559043	0.986689809985565	0.983379614195431
GC_00003619	0.967495076633273	0.995727953016958	0.981408508010083
GC_00003620	0.76363730309875	0.74091896023137	0.752106611624494
GC_00003621	0.991104679858213	1.0	0.995532469873749
GC_00003622	0.984819137488618	0.935541816962632	0.959548238189367
GC_00003623	0.925159985841285	0.86235068826627	0.892651844940692
GC_00003624	0.937993614518568	0.838093490214119	0.885233995670208
GC_00003625	0.768203368088961	0.781398110637631	0.774744563232427
GC_00003626	0.984812373225152	1.0	0.992348079355144
GC_00003627	0.983293967682675	0.916079263094418	0.948497323984498
GC_00003628	0.982398146578516	0.997126436781607	0.98970750010684
GC_00003629	0.874180422057293	0.840748147633493	0.857138406265695
GC_00003630	0.976447872113517	0.876484545868966	0.923769762402878
GC_00003631	1.0	1.0	1.0
GC_00003632	0.998579545454545	1.0	0.999289267945984
GC_00003633	0.998729314420804	1.0	0.999364253293316
GC_00003634	0.946862745098039	1.0	0.972706214120254
GC_00003635	0.990608465608466	1.0	0.995282078543425
GC_00003636	0.836355183635518	0.969104035542392	0.897849339379746
GC_00003637	0.99234126984127	1.0	0.996155914513912
GC_00003638	0.97742161165172	0.736347920097466	0.839929007330947
GC_00003639	0.993093607305936	1.0	0.996534837767404
GC_00003640	0.984917355371901	1.0	0.992401373998126
GC_00003641	0.970160116448326	0.775418769699292	0.861926516042959
GC_00003642	0.948533339030487	0.982748454316467	0.965337814513725
GC_00003643	0.945111074439913	0.918496986699919	0.931613993383181
GC_00003644	0.989555744340613	0.998552894211577	0.994033961056169
GC_00003645	0.990350032113038	1.0	0.995151622713962
GC_00003646	0.951286353467562	1.0	0.975035111353149
GC_00003647	0.96938178780284	0.971406719622154	0.970393197350906
GC_00003648	0.982226738934056	1.0	0.991033689175487
GC_00003649	0.991398044186889	0.989781050335047	0.990588887383947
GC_00003650	0.973701298701299	1.0	0.98667544003948
GC_00003651	0.98760851821622	0.985568364125653	0.986587386468555
GC_00003652	0.994748729531338	0.994969126429799	0.994858915774116
GC_00003653	0.965512265512266	1.0	0.982453564349167
GC_00003654	0.96611845061562	0.786474654123466	0.867089653879856
GC_00003655	0.989492631923451	0.952703186537771	0.970749472868294
GC_00003656	0.967636092468307	0.962680518715002	0.965151944533815
GC_00003657	0.983750907770516	1.0	0.991808904955841
GC_00003658	0.875347705146036	0.649990842490842	0.746021915228941
GC_00003659	0.990543941153697	1.0	0.995249510120926
GC_00003660	0.889798488664987	0.878332720888453	0.884028428850523
GC_00003661	0.971341396970688	0.971670081967211	0.971505711668335
GC_00003662	0.96270202020202	1.0	0.980996616188258
GC_00003663	0.755181257364663	0.932977042337507	0.834716478957104
GC_00003664	0.992270114942529	1.0	0.996120061732847
GC_00003665	0.979642670839854	1.0	0.989716664800163
GC_00003666	0.948249113475177	0.956599793010112	0.952406148943427
GC_00003667	0.941290778471323	0.910443212207014	0.92561005445316
GC_00003668	0.965039577836412	0.981624072884795	0.973261180009028
GC_00003669	0.978976880607315	1.0	0.989376773625454
GC_00003670	0.965342163355408	1.0	0.982365494777041
GC_00003671	0.98369212962963	1.0	0.991779031571086
GC_00003672	0.597778206651837	0.638655474337779	0.617541126528439
GC_00003673	0.937692918246759	0.90094911134554	0.918953866834811
GC_00003674	0.92098580408809	0.990420857338151	0.95444215832183
GC_00003675	0.986236138290933	1.0	0.993070379979638
GC_00003676	0.80626369996697	0.982197180931869	0.8855770250868
GC_00003677	0.97997557997558	1.0	0.989886531820424
GC_00003678	0.996645021645022	1.0	0.998319692124234
GC_00003679	0.847223057945725	0.896146372441653	0.87099825979888
GC_00003680	0.814374646293152	0.846059005593888	0.829914525811516
GC_00003681	0.991469768569005	1.0	0.995716615152474
GC_00003682	0.901543004798819	0.997679814385148	0.947178233751823
GC_00003683	0.994969880842457	1.0	0.997478598947359
GC_00003684	0.959251700680272	0.921087031303748	0.939782057587454
GC_00003685	0.929566340092656	1.0	0.963497673832784
GC_00003686	0.992309212226225	0.903544868545767	0.945849056434348
GC_00003687	0.96319659176802	1.0	0.981253325119704
GC_00003688	0.956522434359909	0.962182583921717	0.959344160464816
GC_00003689	0.990747438215793	1.0	0.995352217158948
GC_00003690	0.896031178733109	0.974509162303665	0.933623909871079
GC_00003691	0.976688174933907	0.898925756083439	0.93619496165077
GC_00003692	0.947111111111111	0.972365230831484	0.959572039576783
GC_00003693	0.928492063492063	1.0	0.962920284785382
GC_00003694	0.975714738797517	0.998111518111521	0.986786061616218
GC_00003695	0.910136894263878	0.971916971916972	0.940012940328739
GC_00003696	0.816075828701955	0.829265128063668	0.822617614683972
GC_00003697	0.933486217905481	1.0	0.965599039973209
GC_00003698	0.794484273073694	0.608091302636758	0.68890259449026
GC_00003699	0.764799181376311	0.857807513971897	0.808637714049822
GC_00003700	0.971292114416238	0.797434108146182	0.875818372712115
GC_00003701	0.97643940816795	0.913733577881936	0.944046370988262
GC_00003702	0.974152876280536	1.0	0.986907232955453
GC_00003703	0.921249746946488	0.880741053817976	0.900540083346683
GC_00003704	0.805327307586962	0.751901387857931	0.777697870615634
GC_00003705	0.992970410331862	0.955985266478521	0.97412690665181
GC_00003706	0.996201580305092	1.0	0.99809717629102
GC_00003707	0.895727201799073	0.94143965278419	0.918014717876411
GC_00003708	0.98302048016759	0.860561492031471	0.917723848320614
GC_00003709	0.977467105263158	0.677327541438733	0.80017830921156
GC_00003710	0.846584302325581	0.994813351514293	0.914732747030139
GC_00003711	0.968551094026379	1.0	0.9840243384746
GC_00003712	0.972760442427761	1.0	0.986192161508107
GC_00003713	0.839520792626364	0.714891266143113	0.772209761251135
GC_00003714	0.973920666228358	1.0	0.986788053735983
GC_00003715	0.859891446752761	0.854856066720474	0.857366363504707
GC_00003716	0.896084644319677	0.897439122265796	0.896761371838542
GC_00003717	0.928276046607799	0.730751238168656	0.817754929826071
GC_00003718	0.964627959413754	0.877890274519489	0.919217501898108
GC_00003719	0.982706573158834	1.0	0.991277868810606
GC_00003720	0.906200444021567	0.678390997922694	0.775920161203803
GC_00003721	0.957261925873382	0.780774731386521	0.860057720783236
GC_00003722	0.962578545176275	0.747425479173698	0.841466710166588
GC_00003723	0.913867085295657	1.0	0.95499535188932
GC_00003724	0.948011053274211	1.0	0.97331178042424
GC_00003725	0.975590038776852	1.0	0.987644217300133
GC_00003726	0.988903608910938	0.992217115853977	0.990557591393258
GC_00003727	0.955862047323166	0.997657161077434	0.976312505567683
GC_00003728	0.930609580160339	0.993012499297231	0.960798854342063
GC_00003729	0.980681047347714	1.0	0.990246308118031
GC_00003730	0.999056158565361	1.0	0.999527856468366
GC_00003731	0.988124952726723	1.0	0.994027011603576
GC_00003732	0.990358974358974	1.0	0.995156137277131
GC_00003733	0.875706214689266	0.887412737444918	0.881520612360572
GC_00003734	0.914312766293199	0.967847580799387	0.940318820676268
GC_00003735	0.830930064888248	0.962099162099161	0.891716774227015
GC_00003736	0.927177177177177	1.0	0.962212699649396
GC_00003737	0.878167197693825	0.994117647058823	0.93255202138963
GC_00003738	0.817087715493874	0.883536108378094	0.84901374450621
GC_00003739	0.844534833624775	0.933629889923593	0.886850305049695
GC_00003740	0.901369141653502	0.956043956043955	0.92790184489452
GC_00003741	0.883369472370064	0.985431235431235	0.931613378426039
GC_00003742	0.893186289738014	0.829079353922301	0.859939713428208
GC_00003743	0.989890584065341	0.692917418662501	0.815199864936468
GC_00003744	0.994629003381739	0.9045827267543	0.947471207882145
GC_00003745	0.986119144013881	1.0	0.993011065812464
GC_00003746	0.968570752764473	0.954578048117104	0.961523495439766
GC_00003747	0.962610094850949	0.948251990308064	0.955377099605896
GC_00003748	0.847455867082035	0.841568926123381	0.844502137406399
GC_00003749	0.715839047025417	0.979525253718802	0.827176110587674
GC_00003750	0.866675887323573	0.995194799593169	0.926499721015034
GC_00003751	0.951488352718767	0.772813975660289	0.852893932295848
GC_00003752	0.950400090800749	0.94792503419134	0.9491609489934
GC_00003753	0.910479199578726	0.882368009883362	0.896203218135377
GC_00003754	0.887947329298078	0.953633912994479	0.919619147637911
GC_00003755	0.941888691533452	0.866560761231527	0.902655897053338
GC_00003756	0.981494118411646	0.971226491733133	0.976333310898962
GC_00003757	0.940330399285623	1.0	0.96924771124735
GC_00003758	0.980988938605855	0.886913762627148	0.931582346404028
GC_00003759	0.987348863873254	1.0	0.993634164410324
GC_00003760	0.98453570911198	1.0	0.992207602605982
GC_00003761	0.927777777777778	0.982409604914142	0.954312449525576
GC_00003762	0.967162786128303	0.988696303696303	0.977811005601045
GC_00003763	0.994929006085193	1.0	0.997458057956279
GC_00003764	0.951102013811355	0.907984058311103	0.929043016693003
GC_00003765	0.998712998712999	1.0	0.99935608499678
GC_00003766	0.998816998816999	1.0	0.999408149328477
GC_00003767	0.992018082927174	1.0	0.995993049891848
GC_00003768	0.992952783650458	1.0	0.996463932107496
GC_00003769	0.998107908351811	0.999025341130604	0.998566414018437
GC_00003770	0.997915906048436	1.0	0.998956866029619
GC_00003771	0.989580010632642	1.0	0.994762719110731
GC_00003772	0.995282162946834	1.0	0.997635503819571
GC_00003773	0.996972987201	1.0	0.998484199426632
GC_00003774	0.977986192523121	0.842917900812638	0.905442600126363
GC_00003775	0.992482294206432	1.0	0.996226964818996
GC_00003776	0.846709519436792	0.741216216216216	0.790458662064699
GC_00003777	0.892057833234304	1.0	0.942949858683136
GC_00003778	0.990860990860991	1.0	0.995409519207538
GC_00003779	0.977372262773723	0.881067198775903	0.926724447623676
GC_00003780	0.973653049141504	0.983420593368236	0.978512446873102
GC_00003781	0.996017671582353	1.0	0.998004863146081
GC_00003782	0.987437094963977	1.0	0.993678841424538
GC_00003783	0.998688137877913	0.969866826463251	0.984066497969808
GC_00003784	0.997731218434343	1.0	0.998864320913283
GC_00003785	0.851441704972837	0.94343555168914	0.895081122322639
GC_00003786	0.961958292603454	1.0	0.980610338384887
GC_00003787	0.943257586066131	0.942784992784994	0.943021230215762
GC_00003788	0.989574314574315	1.0	0.994759841163351
GC_00003789	0.984094678124529	1.0	0.991983587249725
GC_00003790	0.699222546161322	0.878904265036428	0.77883434166408
GC_00003791	0.942048624950179	0.889910290008828	0.915237517813647
GC_00003792	0.913616686343959	1.0	0.954858611825193
GC_00003793	0.972663823187282	0.739993480622962	0.840524121661809
GC_00003794	0.85366506153023	0.671320073183788	0.751590921820215
GC_00003795	0.979689831938226	0.899819893573476	0.938057822573563
GC_00003796	0.997508481764207	0.984402051416067	0.990911929993052
GC_00003797	0.992011019283747	1.0	0.995989489697137
GC_00003798	0.949662098149435	0.872917096028898	0.909673811237639
GC_00003799	0.6659957508666	0.65074184467627	0.658280442409345
GC_00003800	0.983278733278733	1.0	0.991568877112082
GC_00003801	0.987830830560801	1.0	0.993878166465621
GC_00003802	0.99666623314692	1.0	0.998330333433933
GC_00003803	0.551213735938425	0.723034893178396	0.625540032888143
GC_00003804	0.967825916101778	0.984044065981863	0.975867612479737
GC_00003805	0.988732394366197	0.953764161549771	0.970933534206553
GC_00003806	0.865861214374225	0.817398335255479	0.840932125229856
GC_00003807	0.915672074550579	0.948077485380121	0.931593060072933
GC_00003808	0.987208931419458	1.0	0.993563299571422
GC_00003809	0.991324436579911	1.0	0.995643319962974
GC_00003810	0.995356978879706	1.0	0.997673087487884
GC_00003811	0.933292978208232	0.993265993265994	0.962346017676085
GC_00003812	0.924449170063205	0.956918377168205	0.940403591943714
GC_00003813	0.994682853378506	1.0	0.997334339836286
GC_00003814	0.822883806519453	0.822353468267003	0.822618551916602
GC_00003815	0.996967979110836	1.0	0.998481687778232
GC_00003816	0.826168791742562	0.851515151515151	0.838650505901267
GC_00003817	0.983544150210817	1.0	0.99170381471598
GC_00003818	0.942915066154503	0.954766007618358	0.948803532561647
GC_00003819	0.99333036244801	1.0	0.996654022997071
GC_00003820	0.833271609907952	0.718065161750661	0.771390615218987
GC_00003821	0.918644781144781	0.968370445344132	0.942852440555504
GC_00003822	0.981447811447811	1.0	0.990637054155551
GC_00003823	0.964514425298739	0.993506493506493	0.978795819198599
GC_00003824	0.621616207146971	0.745739038721571	0.678043945305635
GC_00003825	0.928063241106719	0.819388986906862	0.870346881849091
GC_00003826	0.970331588132635	0.819403006903007	0.888503382808016
GC_00003827	0.786417571320374	0.986550435865505	0.87518849140414
GC_00003828	0.912651567147106	0.909099380723645	0.910872010775825
GC_00003829	0.996990034573927	1.0	0.998492748900114
GC_00003830	0.907867132867133	1.0	0.951708970952076
GC_00003831	0.986633457866335	1.0	0.993271762296795
GC_00003832	0.969794721407625	1.0	0.984665773410749
GC_00003833	0.995038905425871	0.995378266761623	0.995208557163601
GC_00003834	0.986151231945624	1.0	0.99302733455961
GC_00003835	0.977777777777778	1.0	0.98876404494382
GC_00003836	0.956037991858887	0.996288821214573	0.975748483878041
GC_00003837	0.987815656565657	1.0	0.993870486232413
GC_00003838	0.895896956476576	0.995700848779536	0.943165991738875
GC_00003839	0.963840653728294	0.958264269624718	0.961044372612457
GC_00003840	0.985654008438819	1.0	0.992775180620485
GC_00003841	0.837033341647959	0.985101226277696	0.905051235849629
GC_00003842	0.977945443993035	0.994547296674958	0.986176504040755
GC_00003843	0.954545454545455	1.0	0.976744186046512
GC_00003844	0.900840457381957	0.788309831446859	0.840826768128091
GC_00003845	0.979650812763395	1.0	0.989720819901466
GC_00003846	0.99354698059734	1.0	0.996763046235948
GC_00003847	0.935298027919344	0.634194873526347	0.755863519967982
GC_00003848	0.759128822984245	0.671093409308953	0.71240166516549
GC_00003849	0.892853350323882	0.58797777411162	0.709031457900593
GC_00003850	0.795129175580056	0.820540995311595	0.807635242497152
GC_00003851	0.947203003486189	0.998233215547699	0.972048829661464
GC_00003852	0.872649794132043	0.98827257426779	0.926869248417605
GC_00003853	0.852675478160829	0.960940088235772	0.903576330510131
GC_00003854	0.857080799304952	0.978229045755701	0.913656443020834
GC_00003855	0.833524860185398	0.924574057952991	0.876691811177886
GC_00003856	0.88733850129199	1.0	0.940306681270537
GC_00003857	0.90995882374376	0.820297988051661	0.862805321427763
GC_00003858	0.900472616068946	0.982130891221799	0.93953078225519
GC_00003859	0.968587383088706	0.95911983068956	0.963830357884359
GC_00003860	0.852499755405538	0.986496186298796	0.914616219053549
GC_00003861	0.938121960344183	1.0	0.968073196154886
GC_00003862	0.955765247410817	1.0	0.977382381322225
GC_00003863	0.97640871525169	0.998349834983498	0.987257383574188
GC_00003864	0.968219133544664	0.756069620692047	0.849093368204385
GC_00003865	0.98444712020871	1.0	0.992162613136472
GC_00003866	0.887465564738292	1.0	0.940378019411808
GC_00003867	0.992	1.0	0.995983935742972
GC_00003868	0.865677179962894	1.0	0.928003182179793
GC_00003869	0.971612808675899	0.989416209529114	0.980433694112265
GC_00003870	0.990237213766626	0.995495495495495	0.992859392584605
GC_00003871	0.932033864934042	0.695507055626319	0.796583509459297
GC_00003872	0.921614621511997	0.984375180375181	0.951961609017022
GC_00003873	0.986147681740126	0.930915061949545	0.957735716538568
GC_00003874	0.979493655661796	0.857231274472655	0.914293241197938
GC_00003875	0.876774215299552	0.972302042771352	0.922070527771943
GC_00003876	0.711379871278025	0.751652915723418	0.730962093513971
GC_00003877	0.722468179302712	0.560138091646026	0.631030669965863
GC_00003878	0.981294553749644	0.956261923327791	0.968616531617332
GC_00003879	0.917708077172431	0.966670637904966	0.941553250705633
GC_00003880	0.921628514116947	0.854793440493459	0.886953695200953
GC_00003881	0.987352572145546	0.920173277540049	0.952579963777175
GC_00003882	0.92800478970214	0.746342194767234	0.827318516323304
GC_00003883	0.975804924242424	1.0	0.987754319537971
GC_00003884	0.932408834103749	1.0	0.965022326174782
GC_00003885	0.899597641994947	0.986514790503187	0.94105352792184
GC_00003886	0.984536334719843	0.99613710398109	0.990302746600385
GC_00003887	0.980458647048681	0.890797742713592	0.933480152044738
GC_00003888	0.987123139794896	1.0	0.99351984789104
GC_00003889	0.974180518875252	0.945959237391821	0.959862486789764
GC_00003890	1.0	1.0	1.0
GC_00003891	0.998412698412698	1.0	0.999205718824464
GC_00003892	0.985185185185185	1.0	0.992537313432836
GC_00003893	0.995277777777778	1.0	0.997633300849227
GC_00003894	0.998247261345853	1.0	0.999122861976067
GC_00003895	0.885491216655823	0.997242497972425	0.9380503105346
GC_00003896	0.99052228271829	1.0	0.995238577651707
GC_00003897	0.96982696982697	1.0	0.984682395644283
GC_00003898	0.99193270357857	0.853173350041774	0.917335397678185
GC_00003899	0.965604273052768	0.90535321734327	0.93450860297599
GC_00003900	0.994656719427362	0.784770819120391	0.877335605456197
GC_00003901	0.947066942719117	0.823695503842563	0.881083494932234
GC_00003902	0.975154758157591	0.970529470529473	0.972836616718242
GC_00003903	0.985347985347985	1.0	0.992619926199262
GC_00003904	0.981183587688802	0.99508453044073	0.988085169896434
GC_00003905	0.936148148148148	1.0	0.967021195194736
GC_00003906	0.993718228031954	1.0	0.996849217768226
GC_00003907	0.973187081048141	0.961782835467046	0.967451351322374
GC_00003908	0.799751243781095	0.920614316239316	0.855937204934909
GC_00003909	0.984107744107744	1.0	0.991990225359761
GC_00003910	0.809476584022039	0.988562091503268	0.890100836891019
GC_00003911	0.85883050031478	0.995135433941405	0.92197234784225
GC_00003912	0.986638312954102	1.0	0.993274222610743
GC_00003913	0.99133017729509	1.0	0.995646215377157
GC_00003914	0.990411596515726	1.0	0.995182703164984
GC_00003915	0.877073955683128	0.950778163358108	0.912440077648122
GC_00003916	0.980365908076752	1.0	0.990085624155025
GC_00003917	0.990123456790123	0.984540441176473	0.98732405648489
GC_00003918	0.968586104352528	0.91985507246377	0.943591838755235
GC_00003919	0.839539753470198	0.833565587930439	0.836542004709059
GC_00003920	0.917746839494319	0.644788612385032	0.75742628488404
GC_00003921	0.962002743484225	1.0	0.98063343354541
GC_00003922	0.984456333140544	0.999061032863856	0.99170491557428
GC_00003923	0.96544061302682	1.0	0.982416468478303
GC_00003924	0.876822157434402	0.960954880639919	0.916962737245537
GC_00003925	0.832433438838205	0.928955372523687	0.878049764241677
GC_00003926	0.993679686512451	1.0	0.99682982500634
GC_00003927	0.955551490762758	0.815220331998531	0.879825388599849
GC_00003928	0.98233813328153	0.879100820439393	0.927856653252531
GC_00003929	0.870658516254515	0.942418687396063	0.905118496230255
GC_00003930	0.756481894118588	0.793255849919134	0.774432564704794
GC_00003931	0.954901960784314	1.0	0.976930792377131
GC_00003932	0.988949111713339	1.0	0.994443855691642
GC_00003933	0.925392817059484	1.0	0.961250929015899
GC_00003934	0.722266489597167	0.973196534427725	0.829162576415965
GC_00003935	0.985356408084231	0.977527094382082	0.981426136920598
GC_00003936	0.977353242570634	1.0	0.988546933880198
GC_00003937	0.982351096284891	0.999230769230771	0.990719039851533
GC_00003938	0.927499863619006	0.620284566571379	0.743403073035387
GC_00003939	0.923782102197511	0.801230106439147	0.858152804211477
GC_00003940	0.799474209047231	0.607079965149757	0.69011885054994
GC_00003941	0.903797006206645	0.717987243254903	0.800247901240613
GC_00003942	0.99349593495935	1.0	0.99673735725938
GC_00003943	0.949794238683128	0.770336957359858	0.850704417928363
GC_00003944	0.999422799422799	1.0	0.999711316397229
GC_00003945	0.985433357611071	0.997109420574544	0.991237006367797
GC_00003946	0.99507735583685	1.0	0.997532604864293
GC_00003947	0.99002849002849	1.0	0.994989262705798
GC_00003948	0.982823403113258	1.0	0.991337303735788
GC_00003949	0.989942528735632	1.0	0.994945848375451
GC_00003950	0.987528344671202	1.0	0.993725042783799
GC_00003951	0.992898913951546	1.0	0.996436805701111
GC_00003952	0.904404613033208	0.96611253196931	0.934240707663827
GC_00003953	0.983680027059022	1.0	0.991772880344431
GC_00003954	0.993952370220119	1.0	0.996967013921594
GC_00003955	0.84417221628436	0.985108746924002	0.909211270327117
GC_00003956	0.988700564971751	1.0	0.994318181818182
GC_00003957	0.952121365787694	0.775063067890072	0.854516856893782
GC_00003958	0.994804526748971	1.0	0.997395497563114
GC_00003959	0.905357142857143	0.704789932050914	0.792581757455333
GC_00003960	0.994992314938767	1.0	0.997489872505405
GC_00003961	0.991681152222498	0.988061671235793	0.989868103056307
GC_00003962	0.986754183667435	0.818069504224453	0.894528935141701
GC_00003963	0.960477255779269	1.0	0.97984024343857
GC_00003964	0.855634732119293	0.988262910798123	0.917178970527115
GC_00003965	0.843292536597072	0.720534336419753	0.777095263867056
GC_00003966	0.948809178042405	0.936645662300148	0.942688185310794
GC_00003967	0.988862050456253	1.0	0.994399838067607
GC_00003968	0.992074198988196	0.995306539717419	0.993687740760715
GC_00003969	0.982887615409105	1.0	0.991369967486854
GC_00003970	0.981842231842232	1.0	0.990837934591348
GC_00003971	0.942376232472229	0.994215408075089	0.967601998181557
GC_00003972	0.989113355780022	1.0	0.994526885967387
GC_00003973	0.957459903696463	0.995144816710599	0.975938704248477
GC_00003974	0.975485436893204	0.995211273548086	0.985249631599279
GC_00003975	0.818186705373223	0.853527016437996	0.835483310826472
GC_00003976	0.950539595683235	0.836734055841184	0.890013513549305
GC_00003977	0.641280353200883	0.650134964492175	0.64567730294938
GC_00003978	0.917780185385819	0.907422696173987	0.912572052928323
GC_00003979	0.972883204441801	0.737853751187082	0.839223726946852
GC_00003980	0.920553269318701	0.820285716410468	0.867531924787174
GC_00003981	0.937150954405268	0.974777467266988	0.955593968296165
GC_00003982	0.943905070118662	1.0	0.971143174250832
GC_00003983	0.81553267380039	0.795938147838732	0.805616281933544
GC_00003984	0.969798494780286	0.978272681880928	0.974017156805138
GC_00003985	0.796989909355225	0.911793785310734	0.850535323544875
GC_00003986	0.994581568121815	0.746801528707667	0.853063334369291
GC_00003987	0.920360308836145	0.607563439270755	0.731943953744555
GC_00003988	0.705079191698525	0.572955690221159	0.632187963967626
GC_00003989	1.0	1.0	1.0
GC_00003990	1.0	1.0	1.0
GC_00003991	1.0	1.0	1.0
GC_00003992	1.0	1.0	1.0
GC_00003993	0.99964639321075	1.0	0.999823165340407
GC_00003994	0.998088867654085	1.0	0.999043519846963
GC_00003995	0.998644986449865	1.0	0.999322033898305
GC_00003996	0.99874686716792	1.0	0.999373040752351
GC_00003997	0.999216505615043	1.0	0.999608099281515
GC_00003998	0.996565934065934	1.0	0.99828001375989
GC_00003999	0.989847109412327	1.0	0.994897652920343
GC_00004000	0.9909200968523	1.0	0.99543934326543
GC_00004001	0.997720364741641	1.0	0.99885888170407
GC_00004002	0.995070113935145	1.0	0.997528966009555
GC_00004003	0.990321769733534	1.0	0.995137353962741
GC_00004004	0.988275613275613	1.0	0.994103238682754
GC_00004005	0.996986136226643	0.936661485602094	0.965882826778507
GC_00004006	0.989099526066351	0.991590206953024	0.990343300516999
GC_00004007	0.981696428571429	1.0	0.990763685514756
GC_00004008	0.995535714285714	1.0	0.997762863534676
GC_00004009	0.999146890026369	1.0	0.999573262986383
GC_00004010	0.993249128919861	1.0	0.996613132306348
GC_00004011	0.987181161312788	1.0	0.993549234998412
GC_00004012	0.837663335895465	0.951685919263609	0.891041700838025
GC_00004013	0.998503401360544	1.0	0.999251140309075
GC_00004014	0.995568896512293	0.981754731122354	0.988613558902763
GC_00004015	0.97045057237918	0.856907969030906	0.910151795805357
GC_00004016	0.98106454220067	0.832967798311185	0.900970896127992
GC_00004017	0.970465065020939	0.689928538360592	0.806497378063027
GC_00004018	0.959810010960906	0.990738089784696	0.975028851072316
GC_00004019	0.981980519480519	1.0	0.990908346301908
GC_00004020	0.971230158730159	1.0	0.985405133366885
GC_00004021	0.987694300518135	0.711009587929428	0.826818755626015
GC_00004022	0.993596059113301	1.0	0.996787744007907
GC_00004023	0.973669069617897	0.89242356115108	0.931277691325534
GC_00004024	0.99514751552795	0.915865498460812	0.953861924203939
GC_00004025	0.997448979591837	1.0	0.998722860791826
GC_00004026	0.812181933842239	0.705571741854636	0.755132576438425
GC_00004027	0.986034115138593	1.0	0.992967953191261
GC_00004028	0.772159704023431	0.870257120375827	0.818278856513138
GC_00004029	0.992474373945764	0.990286471184063	0.991379215430299
GC_00004030	0.982307865675006	0.763159735173441	0.858976483164658
GC_00004031	0.940123024215526	0.881996753246753	0.910132764340492
GC_00004032	0.89406132219619	0.996055160117657	0.942306362351757
GC_00004033	0.982299498746867	1.0	0.991070723034374
GC_00004034	0.755625122285267	0.798070325528071	0.776267946421687
GC_00004035	0.980839301419776	1.0	0.990326979797659
GC_00004036	0.976546348076597	0.999289269026113	0.987786916981014
GC_00004037	0.895604395604396	1.0	0.944927536231884
GC_00004038	0.902855983361234	0.998632218844989	0.948332020062378
GC_00004039	0.962921821088951	0.678941773456914	0.796372915609136
GC_00004040	0.977330293819656	1.0	0.988535195029783
GC_00004041	0.887242080790468	0.853896103896104	0.87024977415682
GC_00004042	0.883160598813004	0.964395304033272	0.9219920576047
GC_00004043	0.955689102564103	0.666652237818202	0.785423218929615
GC_00004044	0.990411549235079	1.0	0.995182679296346
GC_00004045	0.858321995464853	0.880424363889858	0.869232700680127
GC_00004046	0.740556345819504	0.661081564534519	0.698565790927658
GC_00004047	0.902155529166217	0.979022803263845	0.939018720254289
GC_00004048	0.982729711602951	1.0	0.991289640591966
GC_00004049	0.950144698763483	0.934922680412371	0.942472230288052
GC_00004050	0.977158634538153	1.0	0.98844737844357
GC_00004051	0.985827664399093	1.0	0.992863260062803
GC_00004052	0.85234316885693	0.916597129506008	0.883303187395671
GC_00004053	0.889087124591139	0.976706671828623	0.930839547319114
GC_00004054	0.955154703745459	0.995152147384168	0.97474328613042
GC_00004055	0.918610301263363	0.948857302118172	0.933488849366279
GC_00004056	0.921278421278421	1.0	0.959026459752149
GC_00004057	0.896225040081621	0.996080139372822	0.943517961612603
GC_00004058	0.981912354919189	1.0	0.990873640281864
GC_00004059	0.956712831214823	0.940475824877773	0.948524846191148
GC_00004060	0.880607315389924	0.891825890940319	0.886181099306096
GC_00004061	0.954592970077094	0.781940258664744	0.859683721091176
GC_00004062	0.908435277862029	0.698518450803423	0.789766116631562
GC_00004063	0.986762469813065	0.726739558135696	0.837021853023776
GC_00004064	0.894272016149382	0.993251614952877	0.941166626590878
GC_00004065	0.960919540229885	0.944052898321191	0.952411550581252
GC_00004066	0.980239714933593	1.0	0.990021266154098
GC_00004067	0.990235420010701	1.0	0.995093756300827
GC_00004068	0.815733672603902	0.730769230769231	0.770917490217586
GC_00004069	0.985733388666021	0.862157760907386	0.919813584712649
GC_00004070	0.954347826086957	1.0	0.976640711902114
GC_00004071	0.858057996334549	0.983253691906742	0.916399649395467
GC_00004072	0.940337777777778	0.807366198446493	0.868793511061561
GC_00004073	0.91728525980912	0.672189336139612	0.775840483909982
GC_00004074	0.959774343880304	0.59523653858042	0.734776540425961
GC_00004075	0.673952807755625	0.621475093366043	0.646651015871389
GC_00004076	1.0	1.0	1.0
GC_00004077	1.0	1.0	1.0
GC_00004078	1.0	1.0	1.0
GC_00004079	0.996842936069455	1.0	0.998418972332016
GC_00004080	0.9907019990702	1.0	0.995329285380663
GC_00004081	0.993809965954813	1.0	0.99689537410742
GC_00004082	0.993631197334901	1.0	0.996805425861306
GC_00004083	0.99782561426397	1.0	0.998911623857205
GC_00004084	0.99455542991163	1.0	0.997270283890475
GC_00004085	0.995163346963901	1.0	0.99757581100141
GC_00004086	0.980628555946898	0.77280166075713	0.864398673414156
GC_00004087	0.982989589471617	0.895394942498481	0.937149866772386
GC_00004088	0.99953314659197	1.0	0.999766518795237
GC_00004089	0.992523364485981	0.980173548134712	0.986309799088618
GC_00004090	0.931195724782899	0.947058870704188	0.939060310179897
GC_00004091	0.997835497835498	1.0	0.998916576381365
GC_00004092	0.826105624731645	0.811493769388508	0.818734508248535
GC_00004093	0.817520901490367	0.703468927976715	0.75621880045245
GC_00004094	0.991951710261569	1.0	0.995959595959596
GC_00004095	0.973544973544973	1.0	0.986595174262735
GC_00004096	0.988945246455976	0.899273128678762	0.941979908239156
GC_00004097	0.982800137598899	0.990846086428912	0.986806711584136
GC_00004098	0.798633879781421	0.939361889652741	0.86330041033002
GC_00004099	0.879130285909947	0.996927803379416	0.93433079691952
GC_00004100	0.949202817945866	0.754474381340053	0.840709976204541
GC_00004101	0.952871870397644	1.0	0.975867269984917
GC_00004102	0.997653988220026	1.0	0.998825616551311
GC_00004103	0.793321299638989	0.955030511657019	0.866697471078217
GC_00004104	0.991448692152918	1.0	0.995705986360192
GC_00004105	0.973116937161881	0.998504113687361	0.985647079023078
GC_00004106	0.806802721088435	0.905098732684939	0.853128687722434
GC_00004107	0.963844797178131	1.0	0.981589582397845
GC_00004108	0.653118609406953	0.689097295209353	0.670625740084465
GC_00004109	0.901662292213473	0.975622787684499	0.937185607555261
GC_00004110	0.894909688013136	1.0	0.944540727902946
GC_00004111	0.756562881562882	0.976867494273821	0.852715744081938
GC_00004112	0.949384007438401	0.956653872443345	0.953005075857229
GC_00004113	0.943151529617695	1.0	0.970744190807657
GC_00004114	0.955323090334532	1.0	0.977151136870263
GC_00004115	0.983479105928086	1.0	0.991670749632533
GC_00004116	0.930581152475734	0.996333258875328	0.962335376010831
GC_00004117	0.983554514702056	1.0	0.991709083276486
GC_00004118	0.976976520107511	1.0	0.988354196593474
GC_00004119	0.967032967032967	1.0	0.983240223463687
GC_00004120	0.993021346469622	1.0	0.996498455200824
GC_00004121	0.991472748754302	1.0	0.995718118035493
GC_00004122	0.988874054294615	1.0	0.994405907361826
GC_00004123	0.993835363602805	1.0	0.996908151741247
GC_00004124	0.949270699270699	1.0	0.973975240715268
GC_00004125	0.726716519374575	0.815118007252839	0.768383002041136
GC_00004126	0.934756820877817	0.979266141867767	0.956493964160735
GC_00004127	0.961455220035041	0.997943021701124	0.979359383993244
GC_00004128	0.973546180159635	0.647968457517237	0.778071565957143
GC_00004129	0.822796636561819	0.995045876503958	0.900760538415837
GC_00004130	0.954754487464768	1.0	0.97685360856037
GC_00004131	0.968093634760301	1.0	0.983788187372709
GC_00004132	0.737491877842755	0.675389067084138	0.705075616097463
GC_00004133	0.936834427425237	0.630049247696304	0.753408610463037
GC_00004134	0.923094120277219	1.0	0.960009300162753
GC_00004135	0.968169170840289	0.783726134131813	0.866238386842809
GC_00004136	0.959153439153439	1.0	0.979150912822729
GC_00004137	0.977513227513228	1.0	0.988628762541806
GC_00004138	0.893385257929789	0.964085648381655	0.927389928659736
GC_00004139	0.69489247311828	0.749607535321821	0.721213750147899
GC_00004140	0.808416389811739	1.0	0.894060012247398
GC_00004141	0.958983003230791	1.0	0.97906209665854
GC_00004142	0.919992088216387	0.763620882157236	0.834544734857409
GC_00004143	0.872515329155717	0.966184308169735	0.916963926630276
GC_00004144	0.944482058226134	0.832006044270193	0.884683415604829
GC_00004145	0.949557387057387	1.0	0.974126120483814
GC_00004146	0.915441462465967	0.995362758377847	0.953730716390389
GC_00004147	0.95320197044335	1.0	0.976040353089534
GC_00004148	0.897567319461444	0.78053885725785	0.834972398723991
GC_00004149	0.962427164958811	0.910513722730473	0.935750985611414
GC_00004150	0.8416447944007	0.848636363636364	0.845126119282013
GC_00004151	0.976671573219144	0.996812208029279	0.986639116744231
GC_00004152	0.993600930773706	0.983723219017338	0.988637402868542
GC_00004153	0.870314083080041	0.966563195897159	0.915916998052858
GC_00004154	0.97525309336333	1.0	0.9874715261959
GC_00004155	0.931216931216931	1.0	0.964383561643836
GC_00004156	0.956964006259781	0.926009770046468	0.94123245955948
GC_00004157	0.974517759271122	1.0	0.987094448449892
GC_00004158	0.836427226257735	1.0	0.910928801640785
GC_00004159	0.937442995868877	0.996171496171498	0.96591538345865
GC_00004160	0.958807588075881	0.927534448818897	0.942911784114522
GC_00004161	0.967592592592593	1.0	0.983529411764706
GC_00004162	0.889893510146675	0.932773109243696	0.910828922332417
GC_00004163	0.890667820568297	0.889726574500769	0.890196948728941
GC_00004164	0.896721787061213	0.994805194805194	0.943220478074571
GC_00004165	0.98381393495692	0.910935854903748	0.945973334001113
GC_00004166	0.960027806743135	1.0	0.979606313176095
GC_00004167	0.966984126984127	1.0	0.983214977404777
GC_00004168	0.907529458757739	0.940935989720652	0.923930853216425
GC_00004169	0.836566725455614	1.0	0.91101152368758
GC_00004170	0.986846659743856	0.976031263569257	0.981409165408653
GC_00004171	0.577696773322533	0.659409664718702	0.615854584361948
GC_00004172	0.952072968490879	0.701413499531551	0.807743934472309
GC_00004173	0.985338178109262	1.0	0.992614949910095
GC_00004174	0.945749075886062	0.986762272476559	0.965820467863895
GC_00004175	0.829204557332497	0.7531611923296	0.789355676105913
GC_00004176	0.868191992041781	0.945328016263979	0.905119557340725
GC_00004177	0.889438100107948	0.798429633181489	0.8414803150752
GC_00004178	0.930804742419473	0.732219826503975	0.819655583855463
GC_00004179	0.946052420003216	0.961334190318327	0.953632087234972
GC_00004180	0.97172290549774	1.0	0.985658687423362
GC_00004181	0.933740885789792	0.947166097922242	0.940405579778928
GC_00004182	0.950644841269841	0.984615384615385	0.967331962389071
GC_00004183	0.950067058702156	0.945986301814523	0.948022288879615
GC_00004184	0.981165416774416	0.787012987012985	0.873429879875762
GC_00004185	0.820130783875507	0.772894678009576	0.795812412664283
GC_00004186	0.79503056283242	0.989901879234363	0.881828611154932
GC_00004187	0.926148478387284	0.997296783329321	0.960406741761566
GC_00004188	0.989912029068656	1.0	0.994930443766368
GC_00004189	0.855979380073605	0.986631595264577	0.916673473217105
GC_00004190	0.912570145903479	0.975697865353038	0.943078776990389
GC_00004191	0.771098564522676	0.910283303194697	0.834930079691305
GC_00004192	0.895782970722536	0.819535213890051	0.855964444492804
GC_00004193	0.89010321797207	0.695460339248946	0.78083465417482
GC_00004194	0.975484085431729	1.0	0.987589920491355
GC_00004195	0.815582694310328	0.836807214524608	0.826058642686224
GC_00004196	0.954983086130627	1.0	0.976973246372954
GC_00004197	0.864093567251462	0.928847214561499	0.895301073190445
GC_00004198	1.0	1.0	1.0
GC_00004199	0.917190775681342	1.0	0.956806998359759
GC_00004200	0.98974358974359	1.0	0.994845360824742
GC_00004201	0.997924773022049	1.0	0.998961308750974
GC_00004202	0.994674012855831	1.0	0.997329895958015
GC_00004203	0.999654128837008	1.0	0.999827034506616
GC_00004204	0.999530912843606	0.739974205958861	0.850387947201865
GC_00004205	0.996825396825397	1.0	0.998410174880763
GC_00004206	0.98974358974359	1.0	0.994845360824742
GC_00004207	0.982905982905983	1.0	0.991379310344828
GC_00004208	0.78441127694859	0.980687724910037	0.871636672814914
GC_00004209	0.991570881226054	1.0	0.995767602924202
GC_00004210	0.855570590888588	0.929091596916818	0.890816706932346
GC_00004211	0.989558232931727	0.936075668126706	0.96207423802905
GC_00004212	0.964789757020224	0.99825708061002	0.981238132257819
GC_00004213	0.993814432989691	1.0	0.996897621509824
GC_00004214	0.912994918188418	0.950722651714989	0.931476918648558
GC_00004215	0.903685092127303	0.971292832560227	0.93627006624204
GC_00004216	0.997744360902256	0.747365310745593	0.854593308885002
GC_00004217	0.991240875912409	1.0	0.995601173020528
GC_00004218	0.987513227513228	1.0	0.993717388989458
GC_00004219	0.83963963963964	1.0	0.9128305582762
GC_00004220	0.882091503267974	0.997652582159625	0.936319866899515
GC_00004221	0.936026936026936	1.0	0.96695652173913
GC_00004222	0.939506172839506	1.0	0.968809675366009
GC_00004223	0.935343117810393	0.65111921435687	0.767770987907198
GC_00004224	0.889111111111111	1.0	0.941301023409011
GC_00004225	0.941	0.955486542443064	0.948187942615908
GC_00004226	0.971059431524548	1.0	0.985317252228631
GC_00004227	0.941807369650632	0.982649777069121	0.961795177831537
GC_00004228	0.974732750242954	0.694504848662945	0.811096780515859
GC_00004229	0.70222417325139	0.652452899656525	0.676424230113061
GC_00004230	0.977121425222691	1.0	0.988428341079389
GC_00004231	0.993154533844189	1.0	0.996565511584991
GC_00004232	0.932382461701004	0.717236753856472	0.810779801636997
GC_00004233	0.97010101010101	1.0	0.984823625922888
GC_00004234	0.990614216701173	1.0	0.995284981278602
GC_00004235	0.832793959007551	0.992771084337349	0.905772998587506
GC_00004236	0.938647342995169	1.0	0.968352853227012
GC_00004237	0.978723404255319	0.886379928315413	0.930265648829992
GC_00004238	0.962962962962963	0.983061101028433	0.972908247268373
GC_00004239	0.872782965268514	0.948643667993511	0.909133553243117
GC_00004240	0.747712418300654	0.912972972972974	0.822119870568889
GC_00004241	0.826096349103478	0.915987147071218	0.868722583828855
GC_00004242	0.926490640882608	0.950105069608615	0.938149277360418
GC_00004243	0.991423561294436	1.0	0.995693312627079
GC_00004244	0.968659864824142	0.981535397428938	0.975055127859543
GC_00004245	0.958670820353063	1.0	0.978899374403563
GC_00004246	0.989522484932777	0.940781859161789	0.964536816078206
GC_00004247	0.986282051282051	0.768770424836599	0.864047636056615
GC_00004248	0.879131255901794	0.988854447809986	0.930770348916333
GC_00004249	0.983133903133903	1.0	0.991495230433283
GC_00004250	0.928602150537634	1.0	0.962979482604817
GC_00004251	0.838416265382558	0.658189280921935	0.737450960526008
GC_00004252	0.841289522628642	0.743359356601193	0.78929843254677
GC_00004253	0.835877616747182	0.980413105413104	0.902394490024916
GC_00004254	0.885572139303483	1.0	0.939313984168865
GC_00004255	0.991783380018674	1.0	0.995874742171386
GC_00004256	0.991119372160264	1.0	0.995539881755005
GC_00004257	0.88485573726898	0.757938911022574	0.81649473915099
GC_00004258	0.953827325322652	0.569477028347993	0.713163786964795
GC_00004259	0.865237074100548	0.992221264498174	0.924388564647333
GC_00004260	0.987777777777778	1.0	0.993851313583007
GC_00004261	0.957264957264957	0.996168582375477	0.976329377053576
GC_00004262	0.852871683024355	0.940077610767267	0.894353874752439
GC_00004263	0.852156569434056	0.868212230697179	0.860109478845651
GC_00004264	0.856032104339102	0.550765160816676	0.670278044019877
GC_00004265	0.933333333333333	1.0	0.96551724137931
GC_00004266	0.762273901808786	0.919518963922294	0.833545346396181
GC_00004267	0.851599370739381	0.645177707828312	0.734154655184103
GC_00004268	0.799801079852231	0.98991373054906	0.884760036685583
GC_00004269	0.783680900364118	0.835852776665576	0.808926502584999
GC_00004270	0.987687687687688	1.0	0.993805710832452
GC_00004271	0.995194408038445	0.76813650970214	0.867046736803376
GC_00004272	0.854850635906537	0.754233390818755	0.801396177023179
GC_00004273	0.975757575757576	0.998254799301922	0.986877990494715
GC_00004274	0.866903254683803	0.991583452211134	0.925061146602033
GC_00004275	0.963650793650794	1.0	0.981488966130466
GC_00004276	0.94264390144157	0.804379652283846	0.868040470378493
GC_00004277	0.829331844407221	0.713838693149034	0.767263430179307
GC_00004278	0.965891104779994	0.7494794672586	0.844034009257847
GC_00004279	0.876085240726125	0.955946074273247	0.914275034213767
GC_00004280	0.657252440725244	0.940693590869184	0.773834843416399
GC_00004281	0.949649820177929	0.775590707525318	0.853839872303047
GC_00004282	0.892127146965105	0.971484779537163	0.93011633201464
GC_00004283	0.933406113537118	0.985033656788181	0.958525205229672
GC_00004284	0.827192527244421	0.978394320231802	0.896462523002278
GC_00004285	1.0	1.0	1.0
GC_00004286	1.0	1.0	1.0
GC_00004287	1.0	1.0	1.0
GC_00004288	1.0	1.0	1.0
GC_00004289	1.0	1.0	1.0
GC_00004290	1.0	1.0	1.0
GC_00004291	1.0	1.0	1.0
GC_00004292	1.0	1.0	1.0
GC_00004293	1.0	1.0	1.0
GC_00004294	1.0	1.0	1.0
GC_00004295	1.0	1.0	1.0
GC_00004296	1.0	1.0	1.0
GC_00004297	1.0	1.0	1.0
GC_00004298	1.0	1.0	1.0
GC_00004299	1.0	1.0	1.0
GC_00004300	1.0	1.0	1.0
GC_00004301	1.0	1.0	1.0
GC_00004302	1.0	1.0	1.0
GC_00004303	1.0	1.0	1.0
GC_00004304	1.0	1.0	1.0
GC_00004305	1.0	1.0	1.0
GC_00004306	1.0	1.0	1.0
GC_00004307	1.0	1.0	1.0
GC_00004308	1.0	1.0	1.0
GC_00004309	1.0	1.0	1.0
GC_00004310	1.0	1.0	1.0
GC_00004311	1.0	1.0	1.0
GC_00004312	1.0	1.0	1.0
GC_00004313	1.0	1.0	1.0
GC_00004314	1.0	1.0	1.0
GC_00004315	1.0	1.0	1.0
GC_00004316	1.0	1.0	1.0
GC_00004317	1.0	1.0	1.0
GC_00004318	1.0	1.0	1.0
GC_00004319	1.0	1.0	1.0
GC_00004320	1.0	1.0	1.0
GC_00004321	1.0	1.0	1.0
GC_00004322	1.0	1.0	1.0
GC_00004323	1.0	1.0	1.0
GC_00004324	0.999393939393939	1.0	0.99969687784177
GC_00004325	0.895970695970696	1.0	0.945131375579598
GC_00004326	0.994029850746269	1.0	0.997005988023952
GC_00004327	0.997402597402597	1.0	0.998699609882965
GC_00004328	0.995505617977528	1.0	0.997747747747748
GC_00004329	0.999130434782609	1.0	0.999565028273162
GC_00004330	0.864142169074904	0.9839391530568	0.920157899739472
GC_00004331	0.957239057239057	1.0	0.978152416996387
GC_00004332	0.876194267515924	0.927876058172348	0.901294890292833
GC_00004333	0.983333333333333	1.0	0.991596638655462
GC_00004334	0.997260273972603	1.0	0.998628257887517
GC_00004335	0.994444444444444	1.0	0.997214484679666
GC_00004336	0.998630136986301	1.0	0.999314599040439
GC_00004337	0.960251869342778	0.949042746845773	0.954614404731409
GC_00004338	0.979786636720943	0.994972067039106	0.987320965684914
GC_00004339	0.908316430020284	1.0	0.951955782312925
GC_00004340	0.9375	1.0	0.967741935483871
GC_00004341	0.903512157468159	0.977918810749002	0.939244170479226
GC_00004342	0.738233397807866	0.812618724559023	0.773642146148582
GC_00004343	0.974379503602882	0.775861144618687	0.863862004035251
GC_00004344	0.998214285714286	1.0	0.999106344950849
GC_00004345	0.845281197200097	0.993540763057425	0.913434083141647
GC_00004346	0.851624313506469	0.973367343916596	0.908435162079673
GC_00004347	0.818679171551387	0.812412698412697	0.81553389743642
GC_00004348	0.866213151927438	0.980149812734083	0.919666040642363
GC_00004349	0.996129032258064	1.0	0.998060762766645
GC_00004350	0.996581196581197	1.0	0.998287671232877
GC_00004351	0.942342342342342	1.0	0.970315398886827
GC_00004352	0.999415204678363	1.0	0.999707516817783
GC_00004353	0.992079207920792	1.0	0.996023856858847
GC_00004354	0.997687861271676	1.0	0.998842592592593
GC_00004355	0.996129032258064	1.0	0.998060762766645
GC_00004356	0.897653721682848	0.825119236883945	0.859859507473536
GC_00004357	0.963265306122449	1.0	0.981288981288981
GC_00004358	0.969135802469136	0.95984784446323	0.964469462943828
GC_00004359	0.993146417445483	1.0	0.996561425445452
GC_00004360	0.999363057324841	1.0	0.999681427206117
GC_00004361	0.997222222222222	1.0	0.998609179415855
GC_00004362	0.996531791907514	1.0	0.998262883613202
GC_00004363	0.839426523297491	0.574128591697948	0.681881820584333
GC_00004364	0.919404292597459	0.988362617774384	0.95263716807785
GC_00004365	0.955257270693512	0.856338729763387	0.90309737665198
GC_00004366	0.917819706498952	0.99375	0.954276823107663
GC_00004367	0.988062442607897	0.913786497939281	0.949474061716212
GC_00004368	0.983443708609272	1.0	0.991652754590985
GC_00004369	0.938317757009346	1.0	0.96817743490839
GC_00004370	0.952188552188552	1.0	0.975508796136599
GC_00004371	0.879389205545	0.980924031167585	0.927385762187891
GC_00004372	0.975201288244766	1.0	0.987444969835317
GC_00004373	0.917927556166896	0.81744833287407	0.864779043233653
GC_00004374	0.957057057057057	0.995515695067263	0.975907627860335
GC_00004375	0.988141504733433	1.0	0.994035386697409
GC_00004376	0.931292517006803	1.0	0.96442409299049
GC_00004377	0.997899961817488	0.971086350974932	0.984310582824788
GC_00004378	0.998891352549889	1.0	0.999445368829728
GC_00004379	0.994299674267101	0.895908625980229	0.942543374577996
GC_00004380	0.990756302521008	1.0	0.995356690586745
GC_00004381	0.891101542877646	0.988453900709218	0.937256518812242
GC_00004382	0.854336966394187	0.936475583864121	0.893522562487399
GC_00004383	0.989419795221843	1.0	0.994681763595814
GC_00004384	0.885714285714286	0.632044463354962	0.737680887352365
GC_00004385	0.822484150370569	0.823791858514046	0.823137485057775
GC_00004386	0.961250748055057	0.90583775100402	0.932721953145697
GC_00004387	0.747158049138247	0.967499146660598	0.843171190991409
GC_00004388	0.833876929767341	0.856728517384256	0.845148283325563
GC_00004389	0.89	0.913636363636364	0.901663306451613
GC_00004390	0.957575757575758	1.0	0.978328173374613
GC_00004391	0.889605734767025	0.917355853232383	0.903267710036006
GC_00004392	0.993319973279893	1.0	0.996648793565684
GC_00004393	0.756373256373256	0.810245895162693	0.782383294097253
GC_00004394	0.806846846846847	0.551454798446555	0.655141023861539
GC_00004395	0.995140470766894	1.0	0.997564317247678
GC_00004396	0.92705047318612	0.666862337902074	0.775720028851582
GC_00004397	0.940536398467433	0.703277326729569	0.804784524994474
GC_00004398	0.940740740740741	1.0	0.969465648854962
GC_00004399	0.80648916048305	0.996086956521738	0.89131696104814
GC_00004400	0.975091575091575	1.0	0.987388724035608
GC_00004401	0.929024081115336	0.995143924412218	0.960947970550102
GC_00004402	0.893333333333333	1.0	0.943661971830986
GC_00004403	0.995354239256678	0.989655172413793	0.992496524674308
GC_00004404	0.983406847300987	0.849622166246851	0.911632330672921
GC_00004405	0.775863503953392	0.942308202154102	0.851023842295262
GC_00004406	0.987468671679198	1.0	0.993694829760404
GC_00004407	0.939252336448598	1.0	0.968674698795181
GC_00004408	0.979156722354813	1.0	0.98946860680119
GC_00004409	0.979017264276228	1.0	0.989397396322641
GC_00004410	0.978823529411765	0.719206038579815	0.829167885326764
GC_00004411	0.997128205128205	1.0	0.998562037797864
GC_00004412	0.906704980842912	0.716122993020081	0.800223184619887
GC_00004413	0.871187222510523	0.998445595854923	0.930485426802872
GC_00004414	0.915205577770942	0.997239263803683	0.954463016934761
GC_00004415	0.928358208955224	0.904671051154857	0.916361582458674
GC_00004416	0.96832298136646	1.0	0.983906595140423
GC_00004417	0.978732106339468	1.0	0.989251756924349
GC_00004418	0.960327198364008	0.976394199552702	0.968294053201388
GC_00004419	0.925575447570332	0.973157901266735	0.948770463818147
GC_00004420	0.93970473970474	1.0	0.968915237942637
GC_00004421	0.974088933467068	0.848914609309027	0.907204299918364
GC_00004422	0.682083799577272	0.730621541081311	0.705518840271986
GC_00004423	0.968338399189463	0.826204238921004	0.891642553517377
GC_00004424	0.94178578827429	0.731639375117636	0.823517634013602
GC_00004425	0.917198581560284	0.90725064409275	0.912197491912855
GC_00004426	0.979111111111111	1.0	0.989445317763306
GC_00004427	0.986383731211317	1.0	0.99314519718686
GC_00004428	0.971776155717762	1.0	0.98568608094768
GC_00004429	0.974320987654321	1.0	0.986993496748374
GC_00004430	0.986411889596603	1.0	0.993159469858914
GC_00004431	0.984272300469484	1.0	0.992073819945581
GC_00004432	0.945255474452555	0.693237907587707	0.799865210843082
GC_00004433	0.992290249433107	1.0	0.996130207147735
GC_00004434	0.991734052111411	1.0	0.995849873691808
GC_00004435	0.93324432576769	0.838366228070175	0.883264692194147
GC_00004436	0.901345291479821	0.692629482071713	0.783322713463585
GC_00004437	0.983003300330033	1.0	0.991428809186985
GC_00004438	0.985296216987866	1.0	0.992593657870137
GC_00004439	0.991806331471136	1.0	0.995886312640239
GC_00004440	0.968615940392865	0.980173361065875	0.974360379714922
GC_00004441	0.992034180606851	0.998481561822128	0.995247429517484
GC_00004442	0.937182930468517	0.939938820716572	0.938558852566852
GC_00004443	0.94822152183701	0.99596412556054	0.971506625509998
GC_00004444	0.98490990990991	1.0	0.992397594462725
GC_00004445	0.981648745519713	1.0	0.990739400954999
GC_00004446	0.960405156537753	0.96510028154297	0.962746994777428
GC_00004447	0.991247466371844	0.995334614116654	0.993286835842918
GC_00004448	0.916862745098039	1.0	0.956628477905074
GC_00004449	0.886864597390913	0.682476974145587	0.771361286646598
GC_00004450	0.853682170542636	1.0	0.921066387872452
GC_00004451	0.738146551724138	0.96688596491228	0.837172938283213
GC_00004452	0.980357142857143	1.0	0.990081154192967
GC_00004453	0.833333333333333	0.78420574336605	0.80802349142855
GC_00004454	0.992290249433107	1.0	0.996130207147735
GC_00004455	0.981767180925666	1.0	0.990799716914367
GC_00004456	0.979032258064516	1.0	0.989405052974735
GC_00004457	0.851802990325418	0.98462064251538	0.91340885908044
GC_00004458	0.775461454940282	0.871213357604672	0.820553484761684
GC_00004459	0.958600770218229	0.775130349092887	0.857157769602944
GC_00004460	0.839702760084926	1.0	0.912867859203693
GC_00004461	0.877782386285082	0.549325814794992	0.675756083797727
GC_00004462	0.983292181069959	1.0	0.991575714819272
GC_00004463	0.804824561403509	0.787260536398466	0.795945664954644
GC_00004464	0.986347131445171	1.0	0.9931266452179
GC_00004465	0.921082621082621	1.0	0.95892036185674
GC_00004466	0.995492289442467	1.0	0.997741053382475
GC_00004467	0.973366975049061	0.693665223665228	0.810051324715263
GC_00004468	0.655701754385965	0.660679611650485	0.658181271208097
GC_00004469	1.0	1.0	1.0
GC_00004470	1.0	1.0	1.0
GC_00004471	1.0	1.0	1.0
GC_00004472	1.0	1.0	1.0
GC_00004473	1.0	1.0	1.0
GC_00004474	1.0	1.0	1.0
GC_00004475	1.0	1.0	1.0
GC_00004476	1.0	1.0	1.0
GC_00004477	1.0	1.0	1.0
GC_00004478	1.0	1.0	1.0
GC_00004479	1.0	1.0	1.0
GC_00004480	1.0	1.0	1.0
GC_00004481	1.0	1.0	1.0
GC_00004482	1.0	1.0	1.0
GC_00004483	1.0	1.0	1.0
GC_00004484	1.0	1.0	1.0
GC_00004485	1.0	1.0	1.0
GC_00004486	1.0	1.0	1.0
GC_00004487	1.0	1.0	1.0
GC_00004488	0.98981077147016	1.0	0.99487929773226
GC_00004489	0.999453551912568	1.0	0.999726701284504
GC_00004490	0.995801847187238	1.0	0.997896508203618
GC_00004491	0.998327759197324	1.0	0.999163179916318
GC_00004492	0.992857142857143	1.0	0.996415770609319
GC_00004493	0.993827160493827	1.0	0.996904024767802
GC_00004494	0.996133023975251	1.0	0.998062766369624
GC_00004495	0.996402877697842	1.0	0.998198198198198
GC_00004496	0.998794454490657	1.0	0.999396863691194
GC_00004497	0.953703703703704	0.949718045112782	0.951706701535254
GC_00004498	0.996991576413959	1.0	0.998493522145224
GC_00004499	0.990960451977401	1.0	0.995459704880817
GC_00004500	0.994871794871795	1.0	0.997429305912596
GC_00004501	0.999515503875969	1.0	0.999757693239641
GC_00004502	0.981049562682216	1.0	0.990434142752024
GC_00004503	0.994444444444444	1.0	0.997214484679666
GC_00004504	0.980716253443526	1.0	0.990264255910987
GC_00004505	0.994791666666667	1.0	0.997389033942559
GC_00004506	0.994910941475827	1.0	0.997448979591837
GC_00004507	0.99112426035503	0.817975215034038	0.896263683692688
GC_00004508	0.994186046511628	1.0	0.997084548104956
GC_00004509	0.996932515337423	1.0	0.998463901689708
GC_00004510	0.899103139013453	0.965709728867624	0.931216921070798
GC_00004511	0.936456063907044	1.0	0.967185449090568
GC_00004512	0.991792929292929	1.0	0.995879556259905
GC_00004513	0.97979797979798	0.785701523205435	0.872080409936419
GC_00004514	0.985376520431871	0.677413100634915	0.802876028983569
GC_00004515	0.976147342995169	1.0	0.987929717341482
GC_00004516	0.971051511281396	1.0	0.985313174946004
GC_00004517	0.813624610838478	0.852030394545958	0.832384732665587
GC_00004518	0.986719042274598	1.0	0.993315130402034
GC_00004519	0.973684210526316	1.0	0.986666666666667
GC_00004520	0.971051511281396	0.998724489795916	0.984693614542623
GC_00004521	0.902640264026403	1.0	0.948829141370338
GC_00004522	0.954022988505747	1.0	0.976470588235294
GC_00004523	0.947727272727273	0.647688578408916	0.769494836791224
GC_00004524	0.980922431865828	1.0	0.990369351254101
GC_00004525	0.929824561403509	1.0	0.963636363636364
GC_00004526	0.977833894500561	1.0	0.988792736558377
GC_00004527	0.980702547866727	1.0	0.990257268990714
GC_00004528	0.987285793255942	1.0	0.993602225312935
GC_00004529	0.815400843881857	0.728542914171655	0.769528687714187
GC_00004530	0.995308641975309	1.0	0.997648805840861
GC_00004531	0.949275362318841	0.734194558622038	0.827995554870306
GC_00004532	0.812368972746331	1.0	0.896471949103528
GC_00004533	0.996541288370082	1.0	0.998267648332612
GC_00004534	0.988200589970501	1.0	0.99406528189911
GC_00004535	0.861861861861862	1.0	0.925806451612903
GC_00004536	0.992570579494799	1.0	0.996271439224459
GC_00004537	0.98792270531401	1.0	0.993924665856622
GC_00004538	0.993174061433447	0.62548128754043	0.767565239988808
GC_00004539	0.978554778554779	0.993055555555556	0.985751841981245
GC_00004540	0.901340996168582	0.679865132043497	0.775092259564251
GC_00004541	0.875433697215875	0.962466133969941	0.916889236082844
GC_00004542	0.998224589436307	1.0	0.999111505997334
GC_00004543	0.974183006535948	1.0	0.98692269491806
GC_00004544	0.924559245592456	0.996323529411764	0.959100828749875
GC_00004545	0.968599033816425	1.0	0.984049079754601
GC_00004546	0.947530864197531	1.0	0.973058637083994
GC_00004547	0.745098039215686	0.854508196721311	0.796061390068072
GC_00004548	0.8	1.0	0.888888888888889
GC_00004549	0.900267737617135	1.0	0.947516731243396
GC_00004550	0.900114033212173	0.972412426513263	0.934867506548163
GC_00004551	0.7671777399205	0.802432216905901	0.784409058986814
GC_00004552	0.990678598061148	1.0	0.995317475182618
GC_00004553	0.972222222222222	1.0	0.985915492957746
GC_00004554	0.985159817351598	1.0	0.99252443933295
GC_00004555	0.868945868945869	0.78479396514756	0.824728847826851
GC_00004556	0.807531380753138	0.989686853002072	0.889378013095372
GC_00004557	0.936045334952439	0.957408445213321	0.946606374207394
GC_00004558	0.820816864295125	0.764216575922565	0.791506144381365
GC_00004559	0.942886812045691	1.0	0.970603955104222
GC_00004560	0.971202303815695	0.989316239316239	0.980175590985524
GC_00004561	0.861751152073733	0.998466257668712	0.9250848243291
GC_00004562	0.976430976430976	1.0	0.988074957410562
GC_00004563	0.993464052287582	1.0	0.99672131147541
GC_00004564	0.857198748043818	0.567431530928986	0.682846076055076
GC_00004565	0.783758262511804	0.873601147776184	0.826244583352509
GC_00004566	0.981341719077568	0.971503986209872	0.97639807316736
GC_00004567	0.993288590604027	1.0	0.996632996632997
GC_00004568	0.990830636461704	1.0	0.995394202113248
GC_00004569	1.0	0.874219725343321	0.932889258950874
GC_00004570	0.986928104575163	1.0	0.993421052631579
GC_00004571	0.9881156930126	1.0	0.99402232625135
GC_00004572	0.992248062015504	1.0	0.996108949416342
GC_00004573	0.975515914655474	0.889396737457682	0.930467891726203
GC_00004574	0.980555555555556	1.0	0.990182328190743
GC_00004575	0.989855072463768	1.0	0.994901675163875
GC_00004576	0.928205128205128	0.955580742659759	0.941694021033955
GC_00004577	0.980653838195738	0.750989117742307	0.850591466597429
GC_00004578	0.947161835748792	0.994594594594594	0.970298877161898
GC_00004579	0.898635477582846	0.79835651074589	0.845533142465878
GC_00004580	0.982758620689655	0.697387518142235	0.815838074528611
GC_00004581	0.996765601217656	1.0	0.99838018103859
GC_00004582	0.743922743922744	0.975839926613922	0.844243834655929
GC_00004583	0.992853849700323	1.0	0.996414112203586
GC_00004584	0.847294938917976	1.0	0.917335852621634
GC_00004585	0.904633781763827	0.946823113003941	0.925247761153619
GC_00004586	0.996805840748346	1.0	0.998400365630713
GC_00004587	0.966666666666667	1.0	0.983050847457627
GC_00004588	0.95550289626119	1.0	0.977245186481756
GC_00004589	0.965104166666667	1.0	0.98224224754837
GC_00004590	0.86628093860495	0.987651888341543	0.922993532895846
GC_00004591	0.994708994708995	1.0	0.997347480106101
GC_00004592	0.820768662232077	0.989100225812056	0.897106386563191
GC_00004593	0.9829293274155	0.998295841854128	0.990552992779821
GC_00004594	0.878131021194605	0.702871779715286	0.78078737537345
GC_00004595	0.972916666666667	0.90864402451481	0.939682593987896
GC_00004596	0.984615384615385	0.830246913580247	0.900866016064468
GC_00004597	0.839724680432645	0.93543388429752	0.884999160260373
GC_00004598	0.829763866007688	0.693722179421331	0.755669012209199
GC_00004599	0.985520931696569	1.0	0.992707672796449
GC_00004600	0.928247048138056	1.0	0.962788506829958
GC_00004601	0.936551305403764	1.0	0.96723624392538
GC_00004602	0.727762803234501	0.874179526189959	0.794279957305058
GC_00004603	0.941176470588235	1.0	0.96969696969697
GC_00004604	0.80233918128655	0.662625628140704	0.725820170642534
GC_00004605	0.881481481481482	1.0	0.937007874015748
GC_00004606	0.905982905982906	0.996674090571636	0.949167075861932
GC_00004607	0.991039426523297	1.0	0.995499549954996
GC_00004608	0.818422318422318	0.721004932889754	0.766631262720109
GC_00004609	0.97283950617284	0.965320910973085	0.969065625344124
GC_00004610	0.890829694323144	0.600055073661022	0.71708677870425
GC_00004611	0.988262910798122	1.0	0.994096812278631
GC_00004612	0.987822452802998	1.0	0.993873926124624
GC_00004613	0.99664147774979	1.0	0.998317914213625
GC_00004614	0.868671488389798	0.99062445491017	0.925648466865199
GC_00004615	0.981675392670157	1.0	0.990752972258917
GC_00004616	0.990180252892117	0.992831904541245	0.991504305843923
GC_00004617	0.900365934797072	1.0	0.947571115973742
GC_00004618	0.915743538100034	0.974155934563175	0.944047040682994
GC_00004619	0.95692344612431	1.0	0.977987614200748
GC_00004620	0.996575342465753	1.0	0.998284734133791
GC_00004621	0.887158186223607	0.777251233133586	0.828575933550245
GC_00004622	0.83758865248227	0.71012603215993	0.768608726493954
GC_00004623	0.897777777777778	0.900162337662338	0.898968476431061
GC_00004624	0.886297376093295	0.997093023255812	0.93843626954663
GC_00004625	0.945136007376671	0.873430569130139	0.907869628192633
GC_00004626	0.981620718462824	1.0	0.990725126475548
GC_00004627	0.654970760233918	0.591901481404744	0.62184103601465
GC_00004628	0.694746376811594	0.8276567518503	0.755399826453393
GC_00004629	0.875959079283887	0.787277835110652	0.829254283158066
GC_00004630	0.781127450980392	1.0	0.877115728636301
GC_00004631	0.901149425287356	1.0	0.948004836759371
GC_00004632	0.932795698924731	1.0	0.965229485396384
GC_00004633	0.95	0.890609063646464	0.919346348091929
GC_00004634	0.974055963053518	1.0	0.986857496731576
GC_00004635	0.919337606837607	1.0	0.957973838018369
GC_00004636	0.953921568627451	0.663129154795824	0.782378925264978
GC_00004637	0.950154320987654	1.0	0.974440136108254
GC_00004638	0.762607626076261	0.6145974700511	0.68064911892368
GC_00004639	0.732764073371284	0.648648914025373	0.688145579584902
GC_00004640	0.852386682711592	0.99640287769784	0.918785525137924
GC_00004641	0.970825574177529	0.998606273813148	0.984519987468509
GC_00004642	0.992932862190813	1.0	0.99645390070922
GC_00004643	0.832233223322332	0.945688591077411	0.885340916610807
GC_00004644	0.987301587301587	0.848146634972514	0.912449077899198
GC_00004645	0.895114942528736	0.657276815859548	0.75797658171596
GC_00004646	0.892689784442362	0.99076163354653	0.939172394506255
GC_00004647	0.90653652765454	0.748438139123315	0.819935827931495
GC_00004648	0.981562703053931	1.0	0.990695577325081
GC_00004649	0.921585648148148	1.0	0.959192892636651
GC_00004650	0.943556975505857	0.981413024191164	0.96211276536634
GC_00004651	0.736794171220401	0.55924304800967	0.635856767005253
GC_00004652	0.818343495934959	0.942821499196636	0.876183485168082
GC_00004653	0.942005852620378	0.673925460920708	0.785728605043276
GC_00004654	0.961038961038961	0.968916303821965	0.964961556273038
GC_00004655	0.987644444444444	1.0	0.993783820043826
GC_00004656	0.943387978142077	0.996732026143791	0.969326648677446
GC_00004657	0.835013882799942	0.758521599233246	0.794931864278605
GC_00004658	0.801195814648729	0.986844184576485	0.884382262964723
GC_00004659	0.978666666666667	1.0	0.98921832884097
GC_00004660	0.916699643846458	0.620279923418394	0.73990623817417
GC_00004661	0.987749838813669	0.695064572013544	0.81595440894042
GC_00004662	0.963975924942468	0.696681459173259	0.808817231562088
GC_00004663	0.829001883239171	0.996621621621622	0.905116743952309
GC_00004664	0.970238095238095	0.935875706214689	0.952747167441187
GC_00004665	0.960526315789474	1.0	0.979865771812081
GC_00004666	0.787205387205387	0.740548406862744	0.763164454419573
GC_00004667	0.815615615615616	0.879649595687332	0.846423251924256
GC_00004668	0.677002583979328	0.568483703623272	0.618015533585534
GC_00004669	0.993815708101422	0.76022441275168	0.861465999657225
GC_00004670	0.878024691358025	0.978534715200537	0.925559007982073
GC_00004671	0.727217404533698	0.959043606391308	0.827194838469217
GC_00004672	0.781767252355488	0.938141310246164	0.852845517930229
GC_00004673	0.946061187506662	0.618033060479301	0.747649435918994
GC_00004674	0.953650793650794	0.844338187350578	0.895671543023697
GC_00004675	0.729600694444444	0.931582566381043	0.818312227666192
GC_00004676	0.807604345340194	0.644811264883247	0.717084525639192
GC_00004677	0.988479262672811	1.0	0.994206257242178
GC_00004678	0.900765373449459	0.974778723038584	0.936311678443157
GC_00004679	0.866666666666667	0.612898363479758	0.718019919178394
GC_00004680	0.911804613297151	0.68642328726362	0.7832223674508
GC_00004681	0.995704758675257	1.0	0.997847757136384
GC_00004682	0.796825396825397	0.640876565295172	0.71039302569248
GC_00004683	0.974080771549126	0.852618595156107	0.909311509211039
GC_00004684	1.0	1.0	1.0
GC_00004685	1.0	1.0	1.0
GC_00004686	1.0	1.0	1.0
GC_00004687	1.0	1.0	1.0
GC_00004688	1.0	1.0	1.0
GC_00004689	1.0	1.0	1.0
GC_00004690	1.0	1.0	1.0
GC_00004691	1.0	1.0	1.0
GC_00004692	1.0	1.0	1.0
GC_00004693	1.0	1.0	1.0
GC_00004694	1.0	1.0	1.0
GC_00004695	1.0	1.0	1.0
GC_00004696	1.0	1.0	1.0
GC_00004697	1.0	1.0	1.0
GC_00004698	1.0	1.0	1.0
GC_00004699	1.0	1.0	1.0
GC_00004700	1.0	1.0	1.0
GC_00004701	1.0	1.0	1.0
GC_00004702	1.0	1.0	1.0
GC_00004703	1.0	1.0	1.0
GC_00004704	1.0	1.0	1.0
GC_00004705	1.0	1.0	1.0
GC_00004706	1.0	1.0	1.0
GC_00004707	1.0	1.0	1.0
GC_00004708	1.0	1.0	1.0
GC_00004709	1.0	1.0	1.0
GC_00004710	1.0	1.0	1.0
GC_00004711	1.0	1.0	1.0
GC_00004712	1.0	1.0	1.0
GC_00004713	1.0	1.0	1.0
GC_00004714	1.0	1.0	1.0
GC_00004715	1.0	1.0	1.0
GC_00004716	1.0	1.0	1.0
GC_00004717	1.0	1.0	1.0
GC_00004718	1.0	1.0	1.0
GC_00004719	1.0	1.0	1.0
GC_00004720	1.0	1.0	1.0
GC_00004721	1.0	1.0	1.0
GC_00004722	1.0	1.0	1.0
GC_00004723	1.0	1.0	1.0
GC_00004724	1.0	1.0	1.0
GC_00004725	1.0	1.0	1.0
GC_00004726	1.0	1.0	1.0
GC_00004727	1.0	1.0	1.0
GC_00004728	1.0	1.0	1.0
GC_00004729	1.0	1.0	1.0
GC_00004730	1.0	1.0	1.0
GC_00004731	1.0	1.0	1.0
GC_00004732	1.0	1.0	1.0
GC_00004733	1.0	1.0	1.0
GC_00004734	1.0	1.0	1.0
GC_00004735	1.0	1.0	1.0
GC_00004736	1.0	1.0	1.0
GC_00004737	1.0	1.0	1.0
GC_00004738	1.0	1.0	1.0
GC_00004739	1.0	1.0	1.0
GC_00004740	1.0	1.0	1.0
GC_00004741	1.0	1.0	1.0
GC_00004742	0.985185185185185	1.0	0.992537313432836
GC_00004743	0.86034255599473	0.97716257290725	0.915039128189836
GC_00004744	0.970189701897019	1.0	0.984869325997249
GC_00004745	0.993135993135993	1.0	0.996556177356866
GC_00004746	0.992592592592593	1.0	0.996282527881041
GC_00004747	0.985964912280702	1.0	0.992932862190813
GC_00004748	0.790123456790123	1.0	0.882758620689655
GC_00004749	0.950212507589557	1.0	0.974470734744707
GC_00004750	0.997566909975669	1.0	0.998781973203411
GC_00004751	0.978090766823161	1.0	0.988924050632911
GC_00004752	0.988717194015207	1.0	0.994326591021214
GC_00004753	0.998027613412229	1.0	0.999012833168806
GC_00004754	0.8743961352657	0.970426248174461	0.919911823036123
GC_00004755	0.785858585858586	1.0	0.880090497737557
GC_00004756	0.882282282282282	0.98937649639432	0.932765483986818
GC_00004757	0.92841163310962	0.766656677654581	0.839816275976265
GC_00004758	0.905437352245863	0.635889445874541	0.747094071024848
GC_00004759	0.943452380952381	0.541537267080744	0.688105300502912
GC_00004760	0.965591397849462	1.0	0.982494529540481
GC_00004761	0.943396226415094	1.0	0.970873786407767
GC_00004762	0.987895716945996	0.775428122733512	0.868861526181308
GC_00004763	0.971916971916972	1.0	0.985758513931889
GC_00004764	0.984615384615385	0.748304263565891	0.850347436539872
GC_00004765	0.910331384015595	1.0	0.953061224489796
GC_00004766	0.998084291187739	1.0	0.999041227229147
GC_00004767	0.93514915693904	1.0	0.966487935656836
GC_00004768	0.97037037037037	1.0	0.984962406015038
GC_00004769	0.920126532226176	1.0	0.95840197693575
GC_00004770	0.922756981580511	1.0	0.95982694684796
GC_00004771	0.856864383180173	0.992562127020759	0.919734988166943
GC_00004772	0.962962962962963	1.0	0.981132075471698
GC_00004773	0.981066268061784	1.0	0.990442655935614
GC_00004774	0.775330396475771	0.889875014333219	0.82866311050679
GC_00004775	0.786163522012579	0.831672203765227	0.808277797868127
GC_00004776	0.838888888888889	0.991765977200435	0.908944087782935
GC_00004777	0.866050808314088	0.933696411115766	0.898602340191907
GC_00004778	0.99290780141844	0.99158805665296	0.992247490202271
GC_00004779	0.983739837398374	0.949205516578148	0.966164179049594
GC_00004780	0.996168582375479	1.0	0.998080614203455
GC_00004781	0.909363909363909	1.0	0.95253074063483
GC_00004782	0.962013295346629	0.740740740740741	0.836999855404764
GC_00004783	0.998316498316498	1.0	0.999157540016849
GC_00004784	0.998470948012232	1.0	0.999234889058914
GC_00004785	0.994026284348865	0.697746502471311	0.819942688134392
GC_00004786	0.981431566337227	1.0	0.990628778718259
GC_00004787	0.958132045088567	1.0	0.978618421052632
GC_00004788	0.848870056497175	0.977380952380953	0.908603932573925
GC_00004789	0.998575498575499	1.0	0.999287241625089
GC_00004790	0.995605775266792	0.84980944490472	0.916948318161993
GC_00004791	1.0	0.843229283071348	0.914947793869991
GC_00004792	0.883495145631068	0.815656565656566	0.848221629031095
GC_00004793	0.927437641723356	1.0	0.962352941176471
GC_00004794	0.997997997997998	1.0	0.998997995991984
GC_00004795	0.986531986531986	1.0	0.993220338983051
GC_00004796	0.998894416804865	1.0	0.999446902654867
GC_00004797	0.993197278911565	1.0	0.996587030716723
GC_00004798	0.875968992248062	0.646823565605291	0.744155707884841
GC_00004799	0.997896950578339	1.0	0.998947368421053
GC_00004800	0.85958485958486	0.713290460878885	0.779634180383758
GC_00004801	0.818273092369478	0.888403718459498	0.85189750439428
GC_00004802	0.961685823754789	0.963485477178421	0.962584809307057
GC_00004803	0.866932801064538	1.0	0.92872416250891
GC_00004804	0.999589238036558	1.0	0.999794576828266
GC_00004805	0.858706467661692	0.971523010424612	0.911637696280655
GC_00004806	0.985428051001822	1.0	0.992660550458716
GC_00004807	0.993827160493827	1.0	0.996904024767802
GC_00004808	0.766260162601626	0.828175748827131	0.796015793937235
GC_00004809	0.97212543554007	0.706842302996147	0.81852600962702
GC_00004810	0.998377939983779	1.0	0.999188311688312
GC_00004811	0.998154300479882	1.0	0.999076297801589
GC_00004812	0.995271867612293	1.0	0.997630331753555
GC_00004813	0.988304093567251	1.0	0.994117647058823
GC_00004814	0.999430199430199	1.0	0.999715018523796
GC_00004815	0.921309411394397	1.0	0.959043250327654
GC_00004816	0.95839243498818	1.0	0.978754225012072
GC_00004817	0.856716417910448	0.997023809523809	0.92156026397389
GC_00004818	0.945657447840854	1.0	0.972069825436409
GC_00004819	0.824953445065177	0.912030802168584	0.866309471087881
GC_00004820	0.992094861660079	0.821479238880843	0.898761546728128
GC_00004821	1.0	0.767814679863933	0.868659694491315
GC_00004822	0.976190476190476	1.0	0.987951807228916
GC_00004823	0.868136117556071	0.987460889212223	0.923961894174589
GC_00004824	0.99623352165725	1.0	0.99811320754717
GC_00004825	0.92764857881137	1.0	0.962466487935657
GC_00004826	0.982941176470588	0.999412110523215	0.991108216826856
GC_00004827	0.913013931362555	0.993939506264365	0.951759595431219
GC_00004828	0.972386587771203	1.0	0.986
GC_00004829	0.916439600363306	1.0	0.956398104265403
GC_00004830	0.77264325323475	0.996321860189878	0.870340921348877
GC_00004831	0.980952380952381	1.0	0.990384615384615
GC_00004832	0.987480438184664	1.0	0.993700787401575
GC_00004833	0.938115330520394	1.0	0.968069666182874
GC_00004834	0.955984970477724	0.976713165817162	0.966237913157959
GC_00004835	0.903641456582633	0.996649916247909	0.947869568738532
GC_00004836	0.812100714017287	0.995518245518245	0.894503870672321
GC_00004837	0.976719576719577	0.897363465160074	0.935361394632421
GC_00004838	1.0	0.881873994550052	0.937229588276344
GC_00004839	0.975227686703097	1.0	0.987458502397639
GC_00004840	0.968340943683409	1.0	0.983915867615218
GC_00004841	0.990476190476191	1.0	0.995215311004785
GC_00004842	0.895316804407714	1.0	0.944767441860465
GC_00004843	0.99721059972106	1.0	0.998603351955307
GC_00004844	0.997037037037037	1.0	0.998516320474777
GC_00004845	0.990543735224586	1.0	0.995249406175772
GC_00004846	0.998259355961706	1.0	0.999128919860627
GC_00004847	0.929539295392954	1.0	0.963483146067416
GC_00004848	0.968572900566718	0.99845679012346	0.983287841436794
GC_00004849	0.999486784706184	1.0	0.999743326488706
GC_00004850	0.998173515981735	1.0	0.99908592321755
GC_00004851	0.980440097799511	1.0	0.990123456790123
GC_00004852	0.987421383647799	1.0	0.993670886075949
GC_00004853	0.945636623748212	0.745846313603323	0.833942305011045
GC_00004854	0.87883910960834	0.948804834723512	0.912482760908155
GC_00004855	0.822406257188866	0.985831142272856	0.896733692354986
GC_00004856	0.982363315696649	1.0	0.991103202846975
GC_00004857	0.99918500407498	1.0	0.999592335915206
GC_00004858	0.999016715830875	1.0	0.999508116084604
GC_00004859	0.997113997113997	1.0	0.998554913294798
GC_00004860	0.970306513409962	1.0	0.98492950899368
GC_00004861	0.860502838605028	0.959026888604352	0.907097419296661
GC_00004862	0.979525593008739	1.0	0.989656912209889
GC_00004863	0.996666666666667	1.0	0.998330550918197
GC_00004864	0.970189701897019	1.0	0.984869325997249
GC_00004865	0.879936808846761	0.964231354642313	0.920157584315627
GC_00004866	0.997916666666667	1.0	0.99895724713243
GC_00004867	0.763713080168776	0.975541579315164	0.85672774864672
GC_00004868	0.997138769670958	1.0	0.998567335243553
GC_00004869	0.863863863863864	0.98674603174603	0.921225204359491
GC_00004870	0.973509933774834	0.986928104575163	0.980173099002031
GC_00004871	0.916732128829536	0.953452124238641	0.934731638507138
GC_00004872	0.942279942279942	0.997841729418402	0.969265238275305
GC_00004873	0.989969135802469	0.993119357276381	0.991541744408187
GC_00004874	0.813463098134631	0.99277997364954	0.894220590513602
GC_00004875	0.795201371036847	0.997435897435896	0.884911194374683
GC_00004876	0.977712225499836	1.0	0.98873052701359
GC_00004877	0.766666666666667	0.995670995670995	0.866290018832392
GC_00004878	0.872173058013766	0.958592882321697	0.913343281240581
GC_00004879	0.770162686050537	0.951296097952114	0.851199883304399
GC_00004880	0.990154711673699	0.913361238455917	0.950208936947095
GC_00004881	0.99848828420257	1.0	0.999243570347958
GC_00004882	0.838383838383838	0.852901484480432	0.84558035318487
GC_00004883	0.986111111111111	0.992248062015505	0.989170068027211
GC_00004884	0.989417989417989	1.0	0.99468085106383
GC_00004885	0.918856615952052	1.0	0.957712638154733
GC_00004886	0.987285793255942	0.971611046776856	0.979385706740191
GC_00004887	0.983333333333333	1.0	0.991596638655462
GC_00004888	0.947103274559194	0.99748743718593	0.971642631412791
GC_00004889	0.760339632977266	0.996728031210791	0.862632488065473
GC_00004890	0.995705850778315	1.0	0.997848305540613
GC_00004891	0.869120654396728	0.550097892433492	0.673753089433452
GC_00004892	0.85445094217024	1.0	0.921513665031535
GC_00004893	0.814393939393939	0.521784132486039	0.636049706414766
GC_00004894	0.991405082212257	1.0	0.995683993244511
GC_00004895	0.977572559366755	0.883084755200257	0.92792951987483
GC_00004896	0.922316384180791	0.530811444849398	0.673823847723045
GC_00004897	0.77309682187731	0.771326598923894	0.77221069588306
GC_00004898	0.983339866718934	0.998630558869532	0.990926229758102
GC_00004899	0.81318338019369	0.996270418279675	0.895464196993779
GC_00004900	0.784838350055741	0.996666666666666	0.878158876769649
GC_00004901	0.515151515151515	0.68661825726141	0.588652575024784
GC_00004902	0.897091722595078	0.549106320250597	0.681232749772181
GC_00004903	0.87037037037037	0.958809460536805	0.912451942866828
GC_00004904	0.799054373522459	0.948001692968136	0.867178693806347
GC_00004905	0.935483870967742	1.0	0.966666666666667
GC_00004906	0.97953216374269	1.0	0.989660265878877
GC_00004907	0.981981981981982	1.0	0.990909090909091
GC_00004908	0.74232598357112	0.832918815084422	0.785017387989659
GC_00004909	0.971277399848828	0.993243243243244	0.982137518490307
GC_00004910	0.913333333333333	0.694350320023031	0.788927959755934
GC_00004911	0.982403859798496	1.0	0.991123836793128
GC_00004912	0.993641710379908	1.0	0.996810715994259
GC_00004913	0.965397923875433	0.579383886255928	0.724161816574976
GC_00004914	0.847035376183358	1.0	0.917183706501214
GC_00004915	0.865671641791045	0.510896371363189	0.642566871170653
GC_00004916	0.967276760953966	0.535401316789469	0.689277709158179
GC_00004917	0.898336414048059	0.629504264392324	0.740269075803676
GC_00004918	0.924711596842744	1.0	0.960883280757098
GC_00004919	0.494722222222222	0.608702306258377	0.545825382436621
GC_00004920	0.989316239316239	0.805947471239419	0.888267185088065
GC_00004921	0.986147186147186	0.52603854011066	0.686094858756321
GC_00004922	0.985781990521327	1.0	0.992840095465394
GC_00004923	0.946428571428571	0.874596880782447	0.909095999124891
GC_00004924	0.994472084024323	1.0	0.997228381374723
GC_00004925	0.984882842025699	0.967865207573387	0.976299872918451
GC_00004926	0.707404349022846	0.958417746069578	0.813999146424669
GC_00004927	0.968543886352106	1.0	0.984020618556701
GC_00004928	0.951111111111111	1.0	0.9749430523918
GC_00004929	0.889179755671902	0.989704595922208	0.936753015205884
GC_00004930	0.98828125	0.523412260254365	0.684369575341326
GC_00004931	0.963264077085215	1.0	0.981288343558282
GC_00004932	0.673878205128205	0.655791673602249	0.664711930403427
GC_00004933	0.945144136579905	1.0	0.971798561151079
GC_00004934	0.940952380952381	0.552140310976373	0.695921616978615
GC_00004935	0.9140625	0.981039394832496	0.946367395108682
GC_00004936	0.936824605153782	0.848444641014297	0.890446992820968
GC_00004937	0.882398753894081	0.676980778246603	0.766159851174902
GC_00004938	0.995690981840566	1.0	0.997840838988279
GC_00004939	0.884322678843227	0.634196755625328	0.738659724884656
GC_00004940	0.855873015873016	0.991533608035026	0.918722330499376
GC_00004941	0.828714700448667	1.0	0.906335690575841
GC_00004942	0.893617021276596	0.941632653061225	0.916996720752949
GC_00004943	0.814814814814815	0.567700430213855	0.66917268735854
GC_00004944	0.992592592592593	1.0	0.996282527881041
GC_00004945	0.917106033977739	0.972900050535013	0.944179507266435
GC_00004946	0.722222222222222	0.672208013640239	0.696318184905917
GC_00004947	0.776909043523586	0.989215633374705	0.870301606241561
GC_00004948	0.995085995085995	1.0	0.997536945812808
GC_00004949	0.9453125	0.558829710746087	0.702418570751535
GC_00004950	0.973662551440329	1.0	0.986655546288574
GC_00004951	0.969284683570398	1.0	0.984402805401445
GC_00004952	0.994232987312572	0.590950866030398	0.74129299721202
GC_00004953	0.874734607218684	0.589429531643501	0.70428498576115
GC_00004954	0.938342967244701	0.768148280022948	0.844758550639782
GC_00004955	0.978243978243978	1.0	0.989002356637863
GC_00004956	0.975579975579976	1.0	0.987639060568603
GC_00004957	0.978902953586498	1.0	0.989339019189766
GC_00004958	0.852941176470588	0.549433880491899	0.668344431959041
GC_00004959	0.977316416762784	1.0	0.988528096441766
GC_00004960	0.947368421052632	1.0	0.972972972972973
GC_00004961	0.726241134751773	0.54043975577711	0.619713432854681
GC_00004962	0.966329966329966	1.0	0.982876712328767
GC_00004963	0.971582181259601	0.965336306205873	0.968449173366988
GC_00004964	0.886012715712988	1.0	0.939561762581267
GC_00004965	0.984710639373263	0.988116092230045	0.986410426590375
GC_00004966	0.767386091127098	0.979122082317226	0.860419297098232
GC_00004967	0.91623983127448	0.980102268372808	0.947095713555759
GC_00004968	0.984575835475578	1.0	0.992227979274611
GC_00004969	0.838738738738739	0.544339629524246	0.660206601143033
GC_00004970	0.948320413436692	1.0	0.973474801061008
GC_00004971	0.927860696517413	0.516141001855289	0.663305244062166
GC_00004972	0.972222222222222	1.0	0.985915492957746
GC_00004973	0.822283609576427	0.548397720910317	0.657977091252112
GC_00004974	0.756314312441534	0.771280867086889	0.763724272644285
GC_00004975	0.771996083368303	0.977344748816938	0.862617855029131
GC_00004976	0.8997668997669	0.559447579769916	0.689922450045113
GC_00004977	0.803393213572854	0.758946206576043	0.780537473440879
GC_00004978	0.857142857142857	1.0	0.923076923076923
GC_00004979	0.92483660130719	0.551099404489234	0.690649050133058
GC_00004980	0.967309753483387	0.804506102625211	0.878428305202587
GC_00004981	0.986531986531986	1.0	0.993220338983051
GC_00004982	0.991039426523297	1.0	0.995499549954996
GC_00004983	0.94126671049748	0.99803149606299	0.968818328294367
GC_00004984	0.859767025089606	1.0	0.924596482775235
GC_00004985	0.998600419874038	0.974574519203904	0.986441196673961
GC_00004986	0.998725302740599	0.898107448107447	0.945747728790193
GC_00004987	0.928571428571429	1.0	0.962962962962963
GC_00004988	0.987249544626594	1.0	0.993583868010999
GC_00004989	0.833333333333333	0.607494475378802	0.702714638193307
GC_00004990	0.631641086186541	0.783319064928259	0.6993504440561
GC_00004991	0.849363197189284	0.959341513999311	0.901008739001289
GC_00004992	0.872628726287263	0.764015645371577	0.814718225937376
GC_00004993	0.746727089627392	0.862813102119461	0.800583818834366
GC_00004994	0.798758865248227	0.994719534560171	0.886033583399064
GC_00004995	0.83852052322959	0.981630810092963	0.904449608588201
GC_00004996	0.963337074448186	0.983590386716832	0.973358385964891
GC_00004997	0.971493359248461	0.997093023255816	0.984126741152942
GC_00004998	0.938556067588326	0.979803138480599	0.958736171780344
GC_00004999	0.796519410977242	0.988142762094857	0.88204356286698
GC_00005000	0.983423983423983	1.0	0.99164272656046
GC_00005001	0.971326164874552	1.0	0.985454545454545
GC_00005002	0.957070707070707	1.0	0.978064516129032
GC_00005003	0.943813131313131	1.0	0.971094511204937
GC_00005004	0.941278065630397	0.65918645918646	0.775372081757056
GC_00005005	0.823463056965595	0.894657100539452	0.857585038774017
GC_00005006	0.969348659003831	1.0	0.98443579766537
GC_00005007	0.972222222222222	1.0	0.985915492957746
GC_00005008	0.803489439853076	1.0	0.891038696537678
GC_00005009	0.847936949466852	0.697364593051837	0.76531497501099
GC_00005010	0.774563820018365	0.580672880603639	0.663748560491308
GC_00005011	0.946666666666667	0.719716494845362	0.817737037743534
GC_00005012	0.684397163120567	0.88092398468395	0.770323555505754
GC_00005013	0.974121996303142	0.996316758747697	0.985094378085902
GC_00005014	0.976608187134503	1.0	0.988165680473373
GC_00005015	0.912218268090154	0.530479896238652	0.670845037677859
GC_00005016	0.976240391334731	1.0	0.987977369165488
GC_00005017	0.707207207207207	0.600813551089793	0.64968337975257
GC_00005018	0.913919413919414	0.569230236623911	0.701521338794041
GC_00005019	0.991919191919192	1.0	0.995943204868154
GC_00005020	0.974394147233653	1.0	0.987031032885595
GC_00005021	0.973719228210246	1.0	0.986684645204787
GC_00005022	0.960516324981017	0.984446692468606	0.972334291918386
GC_00005023	1.0	1.0	1.0
GC_00005024	1.0	1.0	1.0
GC_00005025	1.0	1.0	1.0
GC_00005026	1.0	1.0	1.0
GC_00005027	1.0	1.0	1.0
GC_00005028	1.0	1.0	1.0
GC_00005029	1.0	1.0	1.0
GC_00005030	1.0	1.0	1.0
GC_00005031	1.0	1.0	1.0
GC_00005032	1.0	1.0	1.0
GC_00005033	1.0	1.0	1.0
GC_00005034	1.0	1.0	1.0
GC_00005035	1.0	1.0	1.0
GC_00005036	1.0	1.0	1.0
GC_00005037	1.0	1.0	1.0
GC_00005038	1.0	1.0	1.0
GC_00005039	1.0	1.0	1.0
GC_00005040	1.0	1.0	1.0
GC_00005041	1.0	1.0	1.0
GC_00005042	1.0	1.0	1.0
GC_00005043	1.0	1.0	1.0
GC_00005044	1.0	1.0	1.0
GC_00005045	1.0	1.0	1.0
GC_00005046	1.0	1.0	1.0
GC_00005047	1.0	1.0	1.0
GC_00005048	1.0	1.0	1.0
GC_00005049	1.0	1.0	1.0
GC_00005050	1.0	1.0	1.0
GC_00005051	1.0	1.0	1.0
GC_00005052	1.0	1.0	1.0
GC_00005053	1.0	1.0	1.0
GC_00005054	1.0	1.0	1.0
GC_00005055	1.0	1.0	1.0
GC_00005056	1.0	1.0	1.0
GC_00005057	1.0	1.0	1.0
GC_00005058	1.0	1.0	1.0
GC_00005059	1.0	1.0	1.0
GC_00005060	1.0	1.0	1.0
GC_00005061	1.0	1.0	1.0
GC_00005062	1.0	1.0	1.0
GC_00005063	1.0	1.0	1.0
GC_00005064	1.0	1.0	1.0
GC_00005065	1.0	1.0	1.0
GC_00005066	1.0	1.0	1.0
GC_00005067	1.0	1.0	1.0
GC_00005068	1.0	1.0	1.0
GC_00005069	1.0	1.0	1.0
GC_00005070	1.0	1.0	1.0
GC_00005071	1.0	1.0	1.0
GC_00005072	1.0	1.0	1.0
GC_00005073	1.0	1.0	1.0
GC_00005074	1.0	1.0	1.0
GC_00005075	1.0	1.0	1.0
GC_00005076	1.0	1.0	1.0
GC_00005077	1.0	1.0	1.0
GC_00005078	1.0	1.0	1.0
GC_00005079	1.0	1.0	1.0
GC_00005080	1.0	1.0	1.0
GC_00005081	1.0	1.0	1.0
GC_00005082	1.0	1.0	1.0
GC_00005083	1.0	1.0	1.0
GC_00005084	1.0	1.0	1.0
GC_00005085	1.0	1.0	1.0
GC_00005086	1.0	1.0	1.0
GC_00005087	1.0	1.0	1.0
GC_00005088	1.0	1.0	1.0
GC_00005089	1.0	1.0	1.0
GC_00005090	1.0	1.0	1.0
GC_00005091	1.0	1.0	1.0
GC_00005092	1.0	1.0	1.0
GC_00005093	1.0	1.0	1.0
GC_00005094	1.0	1.0	1.0
GC_00005095	1.0	1.0	1.0
GC_00005096	1.0	1.0	1.0
GC_00005097	1.0	1.0	1.0
GC_00005098	1.0	1.0	1.0
GC_00005099	1.0	1.0	1.0
GC_00005100	1.0	1.0	1.0
GC_00005101	1.0	1.0	1.0
GC_00005102	1.0	1.0	1.0
GC_00005103	1.0	1.0	1.0
GC_00005104	1.0	1.0	1.0
GC_00005105	1.0	1.0	1.0
GC_00005106	1.0	1.0	1.0
GC_00005107	1.0	1.0	1.0
GC_00005108	1.0	1.0	1.0
GC_00005109	1.0	1.0	1.0
GC_00005110	1.0	1.0	1.0
GC_00005111	1.0	1.0	1.0
GC_00005112	1.0	1.0	1.0
GC_00005113	1.0	1.0	1.0
GC_00005114	1.0	1.0	1.0
GC_00005115	1.0	1.0	1.0
GC_00005116	1.0	1.0	1.0
GC_00005117	1.0	1.0	1.0
GC_00005118	1.0	1.0	1.0
GC_00005119	1.0	1.0	1.0
GC_00005120	1.0	1.0	1.0
GC_00005121	1.0	1.0	1.0
GC_00005122	1.0	1.0	1.0
GC_00005123	1.0	1.0	1.0
GC_00005124	1.0	1.0	1.0
GC_00005125	1.0	1.0	1.0
GC_00005126	1.0	1.0	1.0
GC_00005127	1.0	1.0	1.0
GC_00005128	1.0	1.0	1.0
GC_00005129	1.0	1.0	1.0
GC_00005130	1.0	1.0	1.0
GC_00005131	1.0	1.0	1.0
GC_00005132	1.0	1.0	1.0
GC_00005133	1.0	1.0	1.0
GC_00005134	1.0	1.0	1.0
GC_00005135	1.0	1.0	1.0
GC_00005136	1.0	1.0	1.0
GC_00005137	1.0	1.0	1.0
GC_00005138	1.0	1.0	1.0
GC_00005139	1.0	1.0	1.0
GC_00005140	1.0	1.0	1.0
GC_00005141	1.0	1.0	1.0
GC_00005142	1.0	1.0	1.0
GC_00005143	1.0	1.0	1.0
GC_00005144	1.0	1.0	1.0
GC_00005145	1.0	1.0	1.0
GC_00005146	1.0	1.0	1.0
GC_00005147	1.0	1.0	1.0
GC_00005148	1.0	1.0	1.0
GC_00005149	1.0	1.0	1.0
GC_00005150	1.0	1.0	1.0
GC_00005151	1.0	1.0	1.0
GC_00005152	1.0	1.0	1.0
GC_00005153	1.0	1.0	1.0
GC_00005154	1.0	1.0	1.0
GC_00005155	1.0	1.0	1.0
GC_00005156	1.0	1.0	1.0
GC_00005157	1.0	1.0	1.0
GC_00005158	1.0	1.0	1.0
GC_00005159	1.0	1.0	1.0
GC_00005160	1.0	1.0	1.0
GC_00005161	1.0	1.0	1.0
GC_00005162	1.0	1.0	1.0
GC_00005163	1.0	1.0	1.0
GC_00005164	1.0	1.0	1.0
GC_00005165	1.0	1.0	1.0
GC_00005166	1.0	1.0	1.0
GC_00005167	1.0	1.0	1.0
GC_00005168	1.0	1.0	1.0
GC_00005169	1.0	1.0	1.0
GC_00005170	1.0	1.0	1.0
GC_00005171	1.0	1.0	1.0
GC_00005172	1.0	1.0	1.0
GC_00005173	1.0	1.0	1.0
GC_00005174	1.0	1.0	1.0
GC_00005175	1.0	1.0	1.0
GC_00005176	1.0	1.0	1.0
GC_00005177	1.0	1.0	1.0
GC_00005178	1.0	1.0	1.0
GC_00005179	1.0	1.0	1.0
GC_00005180	1.0	1.0	1.0
GC_00005181	1.0	1.0	1.0
GC_00005182	1.0	1.0	1.0
GC_00005183	1.0	1.0	1.0
GC_00005184	1.0	1.0	1.0
GC_00005185	1.0	1.0	1.0
GC_00005186	1.0	1.0	1.0
GC_00005187	1.0	1.0	1.0
GC_00005188	1.0	1.0	1.0
GC_00005189	1.0	1.0	1.0
GC_00005190	1.0	1.0	1.0
GC_00005191	1.0	1.0	1.0
GC_00005192	1.0	1.0	1.0
GC_00005193	1.0	1.0	1.0
GC_00005194	1.0	1.0	1.0
GC_00005195	1.0	1.0	1.0
GC_00005196	1.0	1.0	1.0
GC_00005197	1.0	1.0	1.0
GC_00005198	1.0	1.0	1.0
GC_00005199	1.0	1.0	1.0
GC_00005200	1.0	1.0	1.0
GC_00005201	1.0	1.0	1.0
GC_00005202	1.0	1.0	1.0
GC_00005203	1.0	1.0	1.0
GC_00005204	1.0	1.0	1.0
GC_00005205	1.0	1.0	1.0
GC_00005206	1.0	1.0	1.0
GC_00005207	1.0	1.0	1.0
GC_00005208	1.0	1.0	1.0
GC_00005209	1.0	1.0	1.0
GC_00005210	1.0	1.0	1.0
GC_00005211	1.0	1.0	1.0
GC_00005212	1.0	1.0	1.0
GC_00005213	1.0	1.0	1.0
GC_00005214	1.0	1.0	1.0
GC_00005215	1.0	1.0	1.0
GC_00005216	1.0	1.0	1.0
GC_00005217	1.0	1.0	1.0
GC_00005218	1.0	1.0	1.0
GC_00005219	1.0	1.0	1.0
GC_00005220	1.0	1.0	1.0
GC_00005221	1.0	1.0	1.0
GC_00005222	1.0	1.0	1.0
GC_00005223	1.0	1.0	1.0
GC_00005224	1.0	1.0	1.0
GC_00005225	1.0	1.0	1.0
GC_00005226	1.0	1.0	1.0
GC_00005227	1.0	1.0	1.0
GC_00005228	1.0	1.0	1.0
GC_00005229	1.0	1.0	1.0
GC_00005230	1.0	1.0	1.0
GC_00005231	1.0	1.0	1.0
GC_00005232	1.0	1.0	1.0
GC_00005233	1.0	1.0	1.0
GC_00005234	1.0	1.0	1.0
GC_00005235	1.0	1.0	1.0
GC_00005236	1.0	1.0	1.0
GC_00005237	1.0	1.0	1.0
GC_00005238	1.0	1.0	1.0
GC_00005239	1.0	1.0	1.0
GC_00005240	1.0	1.0	1.0
GC_00005241	1.0	1.0	1.0
GC_00005242	1.0	1.0	1.0
GC_00005243	1.0	1.0	1.0
GC_00005244	1.0	1.0	1.0
GC_00005245	1.0	1.0	1.0
GC_00005246	1.0	1.0	1.0
GC_00005247	1.0	1.0	1.0
GC_00005248	1.0	1.0	1.0
GC_00005249	1.0	1.0	1.0
GC_00005250	1.0	1.0	1.0
GC_00005251	1.0	1.0	1.0
GC_00005252	1.0	1.0	1.0
GC_00005253	1.0	1.0	1.0
GC_00005254	1.0	1.0	1.0
GC_00005255	1.0	1.0	1.0
GC_00005256	1.0	1.0	1.0
GC_00005257	1.0	1.0	1.0
GC_00005258	1.0	1.0	1.0
GC_00005259	1.0	1.0	1.0
GC_00005260	1.0	1.0	1.0
GC_00005261	1.0	1.0	1.0
GC_00005262	1.0	1.0	1.0
GC_00005263	1.0	1.0	1.0
GC_00005264	1.0	1.0	1.0
GC_00005265	1.0	1.0	1.0
GC_00005266	1.0	1.0	1.0
GC_00005267	1.0	1.0	1.0
GC_00005268	1.0	1.0	1.0
GC_00005269	1.0	1.0	1.0
GC_00005270	1.0	1.0	1.0
GC_00005271	1.0	1.0	1.0
GC_00005272	1.0	1.0	1.0
GC_00005273	1.0	1.0	1.0
GC_00005274	1.0	1.0	1.0
GC_00005275	0.932539682539683	0.976880984952119	0.954195478341561
GC_00005276	1.0	1.0	1.0
GC_00005277	1.0	1.0	1.0
GC_00005278	1.0	1.0	1.0
GC_00005279	1.0	1.0	1.0
GC_00005280	1.0	1.0	1.0
GC_00005281	1.0	1.0	1.0
GC_00005282	1.0	1.0	1.0
GC_00005283	1.0	1.0	1.0
GC_00005284	1.0	1.0	1.0
GC_00005285	1.0	1.0	1.0
GC_00005286	1.0	1.0	1.0
GC_00005287	1.0	1.0	1.0
GC_00005288	1.0	1.0	1.0
GC_00005289	1.0	1.0	1.0
GC_00005290	1.0	1.0	1.0
GC_00005291	1.0	1.0	1.0
GC_00005292	1.0	1.0	1.0
GC_00005293	1.0	1.0	1.0
GC_00005294	1.0	1.0	1.0
GC_00005295	1.0	1.0	1.0
GC_00005296	1.0	1.0	1.0
GC_00005297	1.0	1.0	1.0
GC_00005298	1.0	1.0	1.0
GC_00005299	1.0	1.0	1.0
GC_00005300	1.0	1.0	1.0
GC_00005301	1.0	1.0	1.0
GC_00005302	1.0	1.0	1.0
GC_00005303	1.0	1.0	1.0
GC_00005304	1.0	1.0	1.0
GC_00005305	1.0	1.0	1.0
GC_00005306	1.0	1.0	1.0
GC_00005307	1.0	1.0	1.0
GC_00005308	1.0	1.0	1.0
GC_00005309	1.0	1.0	1.0
GC_00005310	1.0	1.0	1.0
GC_00005311	1.0	1.0	1.0
GC_00005312	1.0	1.0	1.0
GC_00005313	1.0	1.0	1.0
GC_00005314	1.0	1.0	1.0
GC_00005315	1.0	1.0	1.0
GC_00005316	1.0	1.0	1.0
GC_00005317	1.0	1.0	1.0
GC_00005318	1.0	1.0	1.0
GC_00005319	1.0	1.0	1.0
GC_00005320	1.0	1.0	1.0
GC_00005321	1.0	1.0	1.0
GC_00005322	1.0	1.0	1.0
GC_00005323	1.0	1.0	1.0
GC_00005324	1.0	1.0	1.0
GC_00005325	1.0	1.0	1.0
GC_00005326	1.0	1.0	1.0
GC_00005327	1.0	1.0	1.0
GC_00005328	1.0	1.0	1.0
GC_00005329	1.0	1.0	1.0
GC_00005330	1.0	1.0	1.0
GC_00005331	1.0	1.0	1.0
GC_00005332	1.0	1.0	1.0
GC_00005333	1.0	1.0	1.0
GC_00005334	1.0	1.0	1.0
GC_00005335	1.0	1.0	1.0
GC_00005336	1.0	1.0	1.0
GC_00005337	1.0	1.0	1.0
GC_00005338	1.0	1.0	1.0
GC_00005339	1.0	1.0	1.0
GC_00005340	1.0	1.0	1.0
GC_00005341	1.0	1.0	1.0
GC_00005342	1.0	1.0	1.0
GC_00005343	1.0	1.0	1.0
GC_00005344	1.0	1.0	1.0
GC_00005345	1.0	1.0	1.0
GC_00005346	1.0	1.0	1.0
GC_00005347	1.0	1.0	1.0
GC_00005348	1.0	1.0	1.0
GC_00005349	1.0	1.0	1.0
GC_00005350	1.0	1.0	1.0
GC_00005351	1.0	1.0	1.0
GC_00005352	1.0	1.0	1.0
GC_00005353	1.0	1.0	1.0
GC_00005354	1.0	1.0	1.0
GC_00005355	1.0	1.0	1.0
GC_00005356	1.0	1.0	1.0
GC_00005357	1.0	1.0	1.0
GC_00005358	1.0	1.0	1.0
GC_00005359	1.0	1.0	1.0
GC_00005360	1.0	1.0	1.0
GC_00005361	1.0	1.0	1.0
GC_00005362	1.0	1.0	1.0
GC_00005363	1.0	1.0	1.0
GC_00005364	1.0	1.0	1.0
GC_00005365	1.0	1.0	1.0
GC_00005366	1.0	1.0	1.0
GC_00005367	1.0	1.0	1.0
GC_00005368	1.0	1.0	1.0
GC_00005369	1.0	1.0	1.0
GC_00005370	1.0	1.0	1.0
GC_00005371	1.0	1.0	1.0
GC_00005372	1.0	1.0	1.0
GC_00005373	1.0	1.0	1.0
GC_00005374	1.0	1.0	1.0
GC_00005375	1.0	1.0	1.0
GC_00005376	1.0	1.0	1.0
GC_00005377	1.0	1.0	1.0
GC_00005378	1.0	1.0	1.0
GC_00005379	1.0	1.0	1.0
GC_00005380	1.0	1.0	1.0
GC_00005381	1.0	1.0	1.0
GC_00005382	1.0	1.0	1.0
GC_00005383	1.0	1.0	1.0
GC_00005384	1.0	1.0	1.0
GC_00005385	1.0	1.0	1.0
GC_00005386	1.0	1.0	1.0
GC_00005387	1.0	1.0	1.0
GC_00005388	1.0	1.0	1.0
GC_00005389	1.0	1.0	1.0
GC_00005390	1.0	1.0	1.0
GC_00005391	1.0	1.0	1.0
GC_00005392	1.0	1.0	1.0
GC_00005393	1.0	1.0	1.0
GC_00005394	1.0	1.0	1.0
GC_00005395	1.0	1.0	1.0
GC_00005396	1.0	1.0	1.0
GC_00005397	1.0	1.0	1.0
GC_00005398	1.0	1.0	1.0
GC_00005399	1.0	1.0	1.0
GC_00005400	1.0	1.0	1.0
GC_00005401	1.0	1.0	1.0
GC_00005402	1.0	1.0	1.0
GC_00005403	1.0	1.0	1.0
GC_00005404	1.0	1.0	1.0
GC_00005405	1.0	1.0	1.0
GC_00005406	1.0	1.0	1.0
GC_00005407	1.0	1.0	1.0
GC_00005408	1.0	1.0	1.0
GC_00005409	1.0	1.0	1.0
GC_00005410	1.0	1.0	1.0
GC_00005411	1.0	1.0	1.0
GC_00005412	1.0	1.0	1.0
GC_00005413	1.0	1.0	1.0
GC_00005414	1.0	1.0	1.0
GC_00005415	1.0	1.0	1.0
GC_00005416	1.0	1.0	1.0
GC_00005417	1.0	1.0	1.0
GC_00005418	1.0	1.0	1.0
GC_00005419	1.0	1.0	1.0
GC_00005420	1.0	1.0	1.0
GC_00005421	1.0	1.0	1.0
GC_00005422	1.0	1.0	1.0
GC_00005423	1.0	1.0	1.0
GC_00005424	1.0	1.0	1.0
GC_00005425	1.0	1.0	1.0
GC_00005426	1.0	1.0	1.0
GC_00005427	1.0	1.0	1.0
GC_00005428	1.0	1.0	1.0
GC_00005429	1.0	1.0	1.0
GC_00005430	1.0	1.0	1.0
GC_00005431	1.0	1.0	1.0
GC_00005432	1.0	1.0	1.0
GC_00005433	1.0	1.0	1.0
GC_00005434	1.0	1.0	1.0
GC_00005435	1.0	1.0	1.0
GC_00005436	1.0	1.0	1.0
GC_00005437	1.0	1.0	1.0
GC_00005438	1.0	1.0	1.0
GC_00005439	1.0	1.0	1.0
GC_00005440	1.0	1.0	1.0
GC_00005441	1.0	1.0	1.0
GC_00005442	1.0	1.0	1.0
GC_00005443	1.0	1.0	1.0
GC_00005444	1.0	1.0	1.0
GC_00005445	1.0	1.0	1.0
GC_00005446	1.0	1.0	1.0
GC_00005447	1.0	1.0	1.0
GC_00005448	1.0	1.0	1.0
GC_00005449	1.0	1.0	1.0
GC_00005450	1.0	1.0	1.0
GC_00005451	1.0	1.0	1.0
GC_00005452	1.0	1.0	1.0
GC_00005453	1.0	1.0	1.0
GC_00005454	1.0	1.0	1.0
GC_00005455	1.0	1.0	1.0
GC_00005456	1.0	1.0	1.0
GC_00005457	1.0	1.0	1.0
GC_00005458	1.0	1.0	1.0
GC_00005459	1.0	1.0	1.0
GC_00005460	1.0	1.0	1.0
GC_00005461	1.0	1.0	1.0
GC_00005462	1.0	1.0	1.0
GC_00005463	1.0	1.0	1.0
GC_00005464	1.0	1.0	1.0
GC_00005465	1.0	1.0	1.0
GC_00005466	1.0	1.0	1.0
GC_00005467	1.0	1.0	1.0
GC_00005468	1.0	1.0	1.0
GC_00005469	1.0	1.0	1.0
GC_00005470	1.0	1.0	1.0
GC_00005471	1.0	1.0	1.0
GC_00005472	1.0	1.0	1.0
GC_00005473	1.0	1.0	1.0
GC_00005474	1.0	1.0	1.0
GC_00005475	1.0	1.0	1.0
GC_00005476	1.0	1.0	1.0
GC_00005477	1.0	1.0	1.0
GC_00005478	1.0	1.0	1.0
GC_00005479	1.0	1.0	1.0
GC_00005480	1.0	1.0	1.0
GC_00005481	1.0	1.0	1.0
GC_00005482	1.0	1.0	1.0
GC_00005483	1.0	1.0	1.0
GC_00005484	1.0	1.0	1.0
GC_00005485	1.0	1.0	1.0
GC_00005486	1.0	1.0	1.0
GC_00005487	1.0	1.0	1.0
GC_00005488	1.0	1.0	1.0
GC_00005489	1.0	1.0	1.0
GC_00005490	1.0	1.0	1.0
GC_00005491	1.0	1.0	1.0
GC_00005492	1.0	1.0	1.0
GC_00005493	1.0	1.0	1.0
GC_00005494	1.0	1.0	1.0
GC_00005495	1.0	1.0	1.0
GC_00005496	1.0	1.0	1.0
GC_00005497	1.0	1.0	1.0
GC_00005498	1.0	1.0	1.0
GC_00005499	1.0	1.0	1.0
GC_00005500	1.0	1.0	1.0
GC_00005501	1.0	1.0	1.0
GC_00005502	1.0	1.0	1.0
GC_00005503	1.0	1.0	1.0
GC_00005504	1.0	1.0	1.0
GC_00005505	1.0	1.0	1.0
GC_00005506	1.0	1.0	1.0
GC_00005507	1.0	1.0	1.0
GC_00005508	1.0	1.0	1.0
GC_00005509	1.0	1.0	1.0
GC_00005510	1.0	1.0	1.0
GC_00005511	1.0	1.0	1.0
GC_00005512	1.0	1.0	1.0
GC_00005513	1.0	1.0	1.0
GC_00005514	1.0	1.0	1.0
GC_00005515	1.0	1.0	1.0
GC_00005516	1.0	1.0	1.0
GC_00005517	1.0	1.0	1.0
GC_00005518	1.0	1.0	1.0
GC_00005519	1.0	1.0	1.0
GC_00005520	1.0	1.0	1.0
GC_00005521	1.0	1.0	1.0
GC_00005522	1.0	1.0	1.0
GC_00005523	1.0	1.0	1.0
GC_00005524	1.0	1.0	1.0
GC_00005525	1.0	1.0	1.0
GC_00005526	1.0	1.0	1.0
GC_00005527	1.0	1.0	1.0
GC_00005528	1.0	1.0	1.0
GC_00005529	1.0	1.0	1.0
GC_00005530	1.0	1.0	1.0
GC_00005531	1.0	1.0	1.0
GC_00005532	1.0	1.0	1.0
GC_00005533	1.0	1.0	1.0
GC_00005534	1.0	1.0	1.0
GC_00005535	0.834757834757835	0.959287359436392	0.892700631695447
GC_00005536	0.639455782312925	0.555936713175228	0.594778614022953
GC_00005537	0.89083820662768	0.865201005025126	0.877832461341915
GC_00005538	0.969171483622351	0.994252873563218	0.981551979876938
GC_00005539	0.970588235294118	0.811627906976744	0.884019035922628
GC_00005540	0.907407407407407	1.0	0.951456310679612
GC_00005541	0.801418439716312	0.536328807635435	0.642608380680275
GC_00005542	0.997416020671835	1.0	0.998706338939198
GC_00005543	0.987588652482269	1.0	0.993755575379126
GC_00005544	0.862745098039216	1.0	0.926315789473684
GC_00005545	0.998168498168498	1.0	0.999083409715857
GC_00005546	0.802746566791511	0.974653084142133	0.880386599262435
GC_00005547	0.926940639269406	0.993197278911563	0.958925827064627
GC_00005548	0.997747747747748	0.628901528617135	0.771506301758078
GC_00005549	0.981132075471698	0.93199813693526	0.955934165376648
GC_00005550	0.985159817351598	1.0	0.99252443933295
GC_00005551	0.993127147766323	0.994871794871794	0.993998705777021
GC_00005552	0.95771144278607	0.605593079748786	0.741996730370922
GC_00005553	0.761904761904762	0.946501295816365	0.844230025025154
GC_00005554	0.988304093567251	1.0	0.994117647058823
GC_00005555	0.775229357798165	1.0	0.873385012919897
GC_00005556	0.996124031007752	0.946275946275947	0.97056035942529
GC_00005557	0.976878612716763	1.0	0.988304093567251
GC_00005558	0.975308641975309	0.506491785903548	0.666737310352057
GC_00005559	0.92512077294686	0.997590361445781	0.959989828692169
GC_00005560	0.985585585585586	1.0	0.992740471869328
GC_00005561	0.845614035087719	1.0	0.916349809885932
GC_00005562	0.768115942028985	0.994818683921729	0.86689101149907
GC_00005563	0.98522622345337	1.0	0.992558139534884
GC_00005564	0.992248062015504	0.906579336156801	0.947481156244892
GC_00005565	0.760942760942761	0.870022883295194	0.811835144703313
GC_00005566	0.767295597484277	0.842335137795276	0.803066229627353
GC_00005567	0.979612640163099	1.0	0.989701338825953
GC_00005568	1.0	0.565268419908716	0.722263878474826
GC_00005569	0.98635477582846	1.0	0.993130520117762
GC_00005570	0.995151515151515	1.0	0.997569866342649
GC_00005571	0.964957264957265	1.0	0.982166159199652
GC_00005572	0.995525727069351	0.983607632286407	0.989530795036103
GC_00005573	0.903846153846154	1.0	0.94949494949495
GC_00005574	0.891547049441786	1.0	0.942664418212479
GC_00005575	0.676991150442478	0.991247391606767	0.804520091224653
GC_00005576	0.978947368421053	0.916822255414487	0.94686687977624
GC_00005577	0.985416666666667	1.0	0.992654774396642
GC_00005578	0.770609318996416	0.499412327456607	0.606055486746361
GC_00005579	0.975609756097561	1.0	0.987654320987654
GC_00005580	0.877777777777778	0.758221850613155	0.813631347518536
GC_00005581	0.987099459009571	0.911398987681147	0.947739988147054
GC_00005582	0.861111111111111	0.930531793555745	0.894476532779837
GC_00005583	0.95959595959596	0.994974874371859	0.976965227101566
GC_00005584	0.974313022700119	0.991150610291837	0.98265969499977
GC_00005585	0.994100294985251	1.0	0.997041420118343
GC_00005586	0.880258899676375	0.720821661998132	0.792601819348507
GC_00005587	0.933962264150943	1.0	0.965853658536585
GC_00005588	0.902298850574713	1.0	0.948640483383686
GC_00005589	0.995344506517691	1.0	0.997666822211853
GC_00005590	0.910798122065728	0.986111111111111	0.946959540751435
GC_00005591	0.992125984251969	0.416430871304515	0.586631468138603
GC_00005592	0.992248062015504	1.0	0.996108949416342
GC_00005593	0.743589743589744	1.0	0.852941176470588
GC_00005594	0.939890710382514	1.0	0.969014084507042
GC_00005595	1.0	0.812499999999999	0.896551724137931
GC_00005596	0.920810313075506	0.832028861440628	0.874171193261347
GC_00005597	0.818466353677621	0.916734497558086	0.864817857797294
GC_00005598	0.86483390607102	0.695564516129032	0.771018182087277
GC_00005599	0.916666666666667	0.985294834902207	0.949742601255259
GC_00005600	0.996563573883162	1.0	0.998278829604131
GC_00005601	0.954128440366973	0.990940153240832	0.972185953766243
GC_00005602	0.782286634460547	0.991405024557078	0.874518291953389
GC_00005603	0.853046594982079	0.881012490034547	0.866804033673913
GC_00005604	0.978003384094755	0.857148142666865	0.913596258373295
GC_00005605	1.0	0.887549668874172	0.94042523331696
GC_00005606	0.942754919499106	1.0	0.970534069981584
GC_00005607	0.970970970970971	1.0	0.985271711528695
GC_00005608	0.876491228070175	0.989609429366739	0.929621862142023
GC_00005609	0.966169154228856	0.997023809523812	0.98135401723558
GC_00005610	0.924315619967794	1.0	0.960669456066946
GC_00005611	1.0	0.96817785527463	0.983831672203765
GC_00005612	0.996978851963746	1.0	0.998487140695915
GC_00005613	0.980480480480481	1.0	0.990144048521607
GC_00005614	0.995934959349594	1.0	0.9979633401222
GC_00005615	0.95472287275566	0.95014105419451	0.952426453091632
GC_00005616	0.733333333333333	1.0	0.846153846153846
GC_00005617	0.86411889596603	0.990566226091125	0.923032145447621
GC_00005618	0.922352941176471	1.0	0.959608323133415
GC_00005619	0.950354609929078	1.0	0.974545454545455
GC_00005620	0.96	1.0	0.979591836734694
GC_00005621	0.969047619047619	0.751994198694706	0.84683379598372
GC_00005622	0.946162657502864	0.998855835240268	0.971795481697753
GC_00005623	0.738181818181818	0.996376811594204	0.84806271030664
GC_00005624	0.628142741281427	0.977525338316071	0.764822385752145
GC_00005625	0.958656330749354	1.0	0.978891820580475
GC_00005626	0.690288713910761	0.996078431372549	0.815459078729729
GC_00005627	0.977032898820608	1.0	0.988383045525903
GC_00005628	0.983050847457627	1.0	0.991452991452991
GC_00005629	0.952380952380952	1.0	0.975609756097561
GC_00005630	0.842767295597484	1.0	0.914675767918089
GC_00005631	0.867063492063492	1.0	0.928799149840595
GC_00005632	0.734042553191489	0.930139395518503	0.820537558696199
GC_00005633	0.969418960244648	1.0	0.984472049689441
GC_00005634	0.868263473053892	0.953470939706684	0.908874514052984
GC_00005635	0.846153846153846	1.0	0.916666666666667
GC_00005636	0.782407407407407	0.936773752563226	0.852660254935346
GC_00005637	0.659420289855073	0.958624708624708	0.781358471263108
GC_00005638	0.981627296587926	1.0	0.990728476821192
GC_00005639	0.996336996336996	1.0	0.998165137614679
GC_00005640	0.988	1.0	0.993963782696177
GC_00005641	0.984037558685446	1.0	0.991954566966398
GC_00005642	0.983887210473313	1.0	0.991878172588832
GC_00005643	0.926666666666667	0.768876207199297	0.8404292961111
GC_00005644	0.993197278911565	1.0	0.996587030716723
GC_00005645	0.848039215686274	1.0	0.917771883289125
GC_00005646	0.980392156862745	0.517297047970478	0.677248613346295
GC_00005647	0.985507246376812	0.753512596899225	0.854035251353395
GC_00005648	0.93010752688172	1.0	0.963788300835654
GC_00005649	0.998531571218796	1.0	0.999265246142542
GC_00005650	0.668582375478927	0.946988595866002	0.783797055289338
GC_00005651	0.96969696969697	1.0	0.984615384615385
GC_00005652	1.0	0.995370370370369	0.99767981438515
GC_00005653	0.904761904761905	0.541235632183909	0.677303202789726
GC_00005654	0.685567010309278	0.89525641567666	0.776504515642353
GC_00005655	0.988947062245492	1.0	0.994442819537877
GC_00005656	0.889415481832543	1.0	0.941471571906355
GC_00005657	0.995614035087719	0.793753865182436	0.883297938295914
GC_00005658	0.997821350762527	1.0	0.998909487459106
GC_00005659	0.931034482758621	0.579166666666668	0.714109028636667
GC_00005660	0.983974358974359	1.0	0.991922455573506
GC_00005661	0.98989898989899	1.0	0.99492385786802
GC_00005662	0.679767103347889	0.663944228175966	0.671762504614577
GC_00005663	0.997175141242938	0.477164958810529	0.645464415138426
GC_00005664	1.0	0.932143133163306	0.96488
GC_00005665	0.632936507936508	1.0	0.775212636695018
GC_00005666	0.993141289437586	1.0	0.996558843771507
GC_00005667	0.988133764832794	1.0	0.994031470428649
GC_00005668	0.859903381642512	1.0	0.924675324675325
GC_00005669	0.986312399355878	1.0	0.993109039319011
GC_00005670	0.992820512820513	1.0	0.996397323726197
GC_00005671	0.975391498881432	0.950265562361369	0.962664609251724
GC_00005672	0.844444444444444	1.0	0.91566265060241
GC_00005673	0.974358974358974	1.0	0.987012987012987
GC_00005674	0.901234567901235	0.765716803760282	0.827967107503288
GC_00005675	0.907201187824796	0.967909808594627	0.936572746617189
GC_00005676	0.685185185185185	0.958133150308854	0.798991438051557
GC_00005677	0.947712418300654	1.0	0.973154362416107
GC_00005678	0.984362139917696	1.0	0.992119452509332
GC_00005679	0.615541922290389	0.981964220518437	0.756729664720464
GC_00005680	0.645569620253165	0.975462962962962	0.776948299609924
GC_00005681	0.921739130434783	1.0	0.959276018099548
GC_00005682	0.927536231884058	1.0	0.962406015037594
GC_00005683	0.996124031007752	0.682549195884528	0.810048847474977
GC_00005684	0.961507936507937	1.0	0.98037628970261
GC_00005685	0.994301994301994	1.0	0.997142857142857
GC_00005686	0.984962406015038	1.0	0.992424242424242
GC_00005687	0.99448123620309	1.0	0.997232982844494
GC_00005688	0.996306555863343	1.0	0.998149861239593
GC_00005689	0.996920708237105	1.0	0.998457979953739
GC_00005690	0.852824184566428	0.988229849681073	0.915547615703674
GC_00005691	0.981735159817352	0.580662983425413	0.729720870827473
GC_00005692	0.995833333333333	0.949840015057408	0.972293061536088
GC_00005693	0.972497249724973	1.0	0.986056887897379
GC_00005694	0.984848484848485	1.0	0.99236641221374
GC_00005695	0.966880341880342	1.0	0.983161325366648
GC_00005696	0.708994708994709	0.876216077828983	0.783785435073423
GC_00005697	0.896247240618102	1.0	0.945285215366705
GC_00005698	0.683760683760684	0.813332218133154	0.742939323126595
GC_00005699	0.949771689497717	0.765454545454546	0.847709814665124
GC_00005700	0.826666666666667	0.911345158906135	0.866943082447031
GC_00005701	0.694290976058932	0.973379126452776	0.810482052490407
GC_00005702	0.962441314553991	1.0	0.980861244019139
GC_00005703	0.996108949416342	1.0	0.998050682261209
GC_00005704	0.873873873873874	0.986666666666666	0.926851313835625
GC_00005705	0.964218455743879	1.0	0.981783317353787
GC_00005706	0.908831908831909	1.0	0.952238805970149
GC_00005707	0.662698412698413	0.811723151211662	0.729679566584704
GC_00005708	0.697368421052632	0.987069452286841	0.817306564172502
GC_00005709	0.984848484848485	1.0	0.99236641221374
GC_00005710	0.971380471380471	1.0	0.985482493595218
GC_00005711	0.986301369863014	1.0	0.993103448275862
GC_00005712	0.68586387434555	1.0	0.813664596273292
GC_00005713	0.998538011695906	1.0	0.999268471104609
GC_00005714	0.990049751243781	0.687818552497452	0.811713988854255
GC_00005715	0.66031746031746	0.901488358384911	0.76228234801822
GC_00005716	0.661064425770308	0.874409617861744	0.752915484722222
GC_00005717	0.988172043010753	1.0	0.994050838290968
GC_00005718	0.992015968063872	1.0	0.995991983967936
GC_00005719	0.863538295577131	0.89625984006388	0.87959485694202
GC_00005720	0.964285714285714	0.777477477477477	0.860863782465733
GC_00005721	0.969387755102041	0.7707336523126	0.858721422325307
GC_00005722	1.0	0.990196078431373	0.995073891625616
GC_00005723	0.993421052631579	1.0	0.996699669966997
GC_00005724	0.952380952380952	0.954545454545454	0.953461975028377
GC_00005725	0.925619834710744	1.0	0.96137339055794
GC_00005726	0.95679012345679	1.0	0.977917981072555
GC_00005727	0.994195688225539	1.0	0.997089397089397
GC_00005728	0.878654970760234	0.982870577698163	0.927845572061752
GC_00005729	0.953535353535354	0.754658385093168	0.842519713959357
GC_00005730	1.0	0.773139745916516	0.872057318321392
GC_00005731	0.649789029535865	0.979510304859228	0.781286823088478
GC_00005732	0.64021164021164	0.584477124183006	0.611076167624259
GC_00005733	0.961038961038961	1.0	0.980132450331126
GC_00005734	0.941798941798942	1.0	0.970027247956403
GC_00005735	0.967901234567901	1.0	0.983688833124216
GC_00005736	0.996688741721854	1.0	0.998341625207297
GC_00005737	0.96875	1.0	0.984126984126984
GC_00005738	0.990430622009569	1.0	0.995192307692308
GC_00005739	0.632610939112487	0.984793391511896	0.770359099997725
GC_00005740	0.931623931623932	0.601367989056088	0.730922065223527
GC_00005741	0.740061162079511	0.856468023255814	0.794020837698011
GC_00005742	0.915931804820694	1.0	0.956121509665542
GC_00005743	0.935302390998594	0.782741886563543	0.852248533520294
GC_00005744	0.997566909975669	1.0	0.998781973203411
GC_00005745	0.974206349206349	1.0	0.986934673366834
GC_00005746	0.833333333333333	0.582762557077625	0.685879349724573
GC_00005747	0.886363636363636	1.0	0.939759036144578
GC_00005748	0.997701149425287	0.767651130595293	0.867686777331057
GC_00005749	0.797101449275362	0.93428359866716	0.86025787437263
GC_00005750	0.988235294117647	1.0	0.994082840236686
GC_00005751	0.810945273631841	0.732589943193773	0.769778810962275
GC_00005752	0.994363929146538	1.0	0.997174000807428
GC_00005753	0.859903381642512	0.880720545277507	0.870187480998547
GC_00005754	0.954545454545455	1.0	0.976744186046512
GC_00005755	0.992380952380952	1.0	0.996175908221797
GC_00005756	0.927272727272727	1.0	0.962264150943396
GC_00005757	0.944444444444444	0.919572745451887	0.93184266262358
GC_00005758	0.964218455743879	1.0	0.981783317353787
GC_00005759	0.94949494949495	1.0	0.974093264248705
GC_00005760	0.814465408805031	1.0	0.897746967071057
GC_00005761	0.979700854700855	1.0	0.9897463572585
GC_00005762	0.75645342312009	0.996647115221932	0.860095705253052
GC_00005763	0.994186046511628	1.0	0.997084548104956
GC_00005764	0.98981077147016	1.0	0.99487929773226
GC_00005765	0.7217125382263	1.0	0.838365896980462
GC_00005766	0.877450980392157	1.0	0.934725848563969
GC_00005767	0.99250936329588	1.0	0.996240601503759
GC_00005768	0.991333333333333	1.0	0.995647807164379
GC_00005769	0.980225988700565	1.0	0.990014265335235
GC_00005770	0.993055555555556	1.0	0.996515679442509
GC_00005771	0.883190883190883	0.750776053215078	0.811618094275621
GC_00005772	0.997183098591549	1.0	0.998589562764457
GC_00005773	0.997821350762527	1.0	0.998909487459106
GC_00005774	0.989550679205852	1.0	0.994747899159664
GC_00005775	0.99009900990099	1.0	0.995024875621891
GC_00005776	0.817708333333333	0.992254756262469	0.896565225721428
GC_00005777	0.663729809104258	0.966466630296415	0.786988238384457
GC_00005778	0.836495031616983	1.0	0.91096901131333
GC_00005779	0.614457831325301	0.965387747715141	0.750946889643925
GC_00005780	0.96551724137931	1.0	0.982456140350877
GC_00005781	0.880952380952381	0.915942028985507	0.898106540692092
GC_00005782	0.978395061728395	0.937041219649913	0.957271730575887
GC_00005783	0.93342151675485	1.0	0.965564424173318
GC_00005784	0.743794326241135	0.994708994708994	0.851144657142472
GC_00005785	0.973333333333333	1.0	0.986486486486487
GC_00005786	0.988095238095238	0.81764705882353	0.894826650120221
GC_00005787	0.985416666666667	1.0	0.992654774396642
GC_00005788	0.929885057471264	1.0	0.963668850506254
GC_00005789	0.987062404870624	1.0	0.9934890846419
GC_00005790	0.617252931323283	0.964144667246531	0.75265211306233
GC_00005791	0.822033898305085	1.0	0.902325581395349
GC_00005792	0.973333333333333	0.924731427117232	0.948410129252329
GC_00005793	1.0	0.793623051487955	0.88493850570172
GC_00005794	0.698412698412698	0.634504132231404	0.664926322419685
GC_00005795	0.904761904761905	0.95681114551084	0.93005888152815
GC_00005796	0.647222222222222	0.960645161290323	0.773385793421683
GC_00005797	0.997849462365591	1.0	0.998923573735199
GC_00005798	0.889502762430939	1.0	0.941520467836257
GC_00005799	0.679340937896071	0.95345191040843	0.793387741412828
GC_00005800	0.841269841269841	1.0	0.913793103448276
GC_00005801	0.96	0.839366515837103	0.895639491022481
GC_00005802	0.937721160651097	1.0	0.967859751643535
GC_00005803	0.99601593625498	1.0	0.998003992015968
GC_00005804	0.970833333333333	1.0	0.985200845665962
GC_00005805	0.998015873015873	1.0	0.999006951340616
GC_00005806	0.955128205128205	1.0	0.977049180327869
GC_00005807	0.783549783549784	0.919678714859438	0.846174260983178
GC_00005808	0.994483845547675	1.0	0.99723429474516
GC_00005809	0.923019431988042	1.0	0.959968907889623
GC_00005810	0.990740740740741	1.0	0.995348837209302
GC_00005811	0.963083604777416	0.667532189606588	0.788523341532011
GC_00005812	0.99344262295082	1.0	0.996710526315789
GC_00005813	1.0	0.593639406982306	0.745010953395553
GC_00005814	0.939890710382514	1.0	0.969014084507042
GC_00005815	0.94047619047619	0.878709373528024	0.90854419747302
GC_00005816	0.837037037037037	1.0	0.911290322580645
GC_00005817	0.914988814317673	0.933411949685534	0.92410856968379
GC_00005818	0.998535871156662	1.0	0.999267399267399
GC_00005819	0.997950819672131	1.0	0.998974358974359
GC_00005820	0.968617472434266	1.0	0.984058595433003
GC_00005821	0.976190476190476	0.866071428571429	0.917839833833372
GC_00005822	0.99438202247191	1.0	0.997183098591549
GC_00005823	0.988748241912799	1.0	0.994342291371994
GC_00005824	0.61981981981982	0.986709447415332	0.76137059484017
GC_00005825	1.0	0.554327808471455	0.713270142180095
GC_00005826	0.981481481481482	1.0	0.990654205607477
GC_00005827	0.957627118644068	1.0	0.978354978354978
GC_00005828	0.818518518518519	0.544648829431436	0.654072522569593
GC_00005829	0.961904761904762	0.796364878469725	0.87134208681506
GC_00005830	0.660347551342812	0.924002145100745	0.770237221394286
GC_00005831	0.727083333333333	0.875386077453077	0.794372264286559
GC_00005832	0.969283276450512	1.0	0.984402079722704
GC_00005833	0.934123847167325	1.0	0.965940054495913
GC_00005834	0.958333333333333	1.0	0.978723404255319
GC_00005835	0.982456140350877	0.682884462151395	0.805725906139286
GC_00005836	0.966183574879227	1.0	0.982800982800983
GC_00005837	0.992337164750958	1.0	0.996153846153846
GC_00005838	0.894144144144144	0.961736960108292	0.926709657334657
GC_00005839	0.975308641975309	1.0	0.9875
GC_00005840	0.996168582375479	1.0	0.998080614203455
GC_00005841	0.781446540880503	0.995310687655345	0.875507448601295
GC_00005842	0.980952380952381	0.694256756756757	0.81307199585138
GC_00005843	0.986559139784946	1.0	0.993234100135318
GC_00005844	0.730639730639731	0.499116482537241	0.59308394371394
GC_00005845	0.969945355191257	1.0	0.984743411927878
GC_00005846	0.9644128113879	1.0	0.981884057971015
GC_00005847	0.801075268817204	0.915057067603161	0.854280955910768
GC_00005848	0.880808080808081	0.850409199212679	0.86534174918942
GC_00005849	0.8	0.70357941834452	0.748698110400238
GC_00005850	0.857142857142857	0.693312434691745	0.766571992490251
GC_00005851	0.99236641221374	1.0	0.996168582375479
GC_00005852	0.974960876369327	1.0	0.987321711568938
GC_00005853	0.9832953682612	1.0	0.991577335375191
GC_00005854	0.92483660130719	1.0	0.960950764006791
GC_00005855	0.716117216117216	0.973377034098098	0.825160608628207
GC_00005856	0.880658436213992	0.784292484766419	0.82968667059815
GC_00005857	0.988888888888889	1.0	0.994413407821229
GC_00005858	0.805031446540881	0.930856553147576	0.863383810057955
GC_00005859	0.990291262135922	1.0	0.995121951219512
GC_00005860	0.967136150234742	1.0	0.983293556085919
GC_00005861	0.978623914495658	1.0	0.989196488858879
GC_00005862	0.888888888888889	1.0	0.941176470588235
GC_00005863	0.995925020374898	1.0	0.99795835034708
GC_00005864	0.989247311827957	1.0	0.994594594594595
GC_00005865	0.932234432234432	0.591836165752265	0.724021646614932
GC_00005866	0.898467432950192	0.895268305577585	0.896865016442336
GC_00005867	0.962616822429907	0.990750296219852	0.976480962398799
GC_00005868	0.991545893719807	1.0	0.995755003032141
GC_00005869	0.989521938441388	0.982759908291819	0.986129331450413
GC_00005870	0.926666666666667	1.0	0.961937716262976
GC_00005871	0.715277777777778	0.79825489159175	0.75449178800459
GC_00005872	0.929384965831435	0.986592772547827	0.957134805730609
GC_00005873	0.826388888888889	0.979591836734694	0.896492191791572
GC_00005874	0.982954545454545	1.0	0.991404011461318
GC_00005875	0.875925925925926	0.779829149232915	0.825088903369768
GC_00005876	0.992857142857143	1.0	0.996415770609319
GC_00005877	0.970679012345679	1.0	0.985121378230227
GC_00005878	0.8	0.919491525423729	0.855593888615082
GC_00005879	0.845861084681256	0.9915254690256	0.912919284216002
GC_00005880	0.956989247311828	0.984126984126984	0.970368416424866
GC_00005881	0.933806146572104	0.8278851903528	0.877661441824318
GC_00005882	0.986722571628232	1.0	0.993316918747802
GC_00005883	0.810457516339869	0.575420168067228	0.673008311643534
GC_00005884	0.916334661354582	0.996031746031748	0.954522532055788
GC_00005885	0.696261682242991	0.990762273901807	0.817806771524654
GC_00005886	0.99438202247191	1.0	0.997183098591549
GC_00005887	0.987898789878988	1.0	0.993912562257886
GC_00005888	0.818018018018018	0.823144104803495	0.820573055874507
GC_00005889	0.994332493702771	1.0	0.997158193874329
GC_00005890	0.807339449541284	0.91218487394958	0.856565765256827
GC_00005891	0.990629183400268	1.0	0.995292535305985
GC_00005892	0.965686274509804	1.0	0.982543640897756
GC_00005893	0.988076723691032	1.0	0.99400260756193
GC_00005894	0.856209150326797	0.673949579831933	0.754224755560023
GC_00005895	0.977401129943503	0.983333333333334	0.980358257695817
GC_00005896	0.976666666666667	1.0	0.988195615514334
GC_00005897	0.771428571428571	1.0	0.870967741935484
GC_00005898	0.88088376560999	0.997126436781607	0.935407581175965
GC_00005899	0.952991452991453	1.0	0.975929978118162
GC_00005900	0.962406015037594	0.892751677852348	0.926271214563511
GC_00005901	0.949874686716792	0.839651455264102	0.891368552054159
GC_00005902	0.920110192837466	1.0	0.958393113342898
GC_00005903	0.993975903614458	1.0	0.996978851963746
GC_00005904	0.9933598937583	1.0	0.996668887408394
GC_00005905	0.979539641943734	1.0	0.989664082687338
GC_00005906	0.991696322657177	1.0	0.995830851697439
GC_00005907	0.888307155322862	0.846146479736458	0.866714401824227
GC_00005908	0.992886178861789	0.897079729889822	0.942554636589195
GC_00005909	0.998316498316498	1.0	0.999157540016849
GC_00005910	0.939393939393939	1.0	0.96875
GC_00005911	0.901408450704225	0.584257316951353	0.708981110491361
GC_00005912	0.97037037037037	0.951753071621215	0.960971559301402
GC_00005913	0.840866290018832	0.991620243603057	0.910042196815534
GC_00005914	0.935897435897436	0.892241379310344	0.913548153074179
GC_00005915	0.679398148148148	0.9246949459972	0.783291239399257
GC_00005916	0.914529914529915	0.822762665411786	0.86622262567045
GC_00005917	0.941666666666667	1.0	0.969957081545064
GC_00005918	0.856470588235294	1.0	0.922686945500634
GC_00005919	0.986206896551724	1.0	0.993055555555556
GC_00005920	0.930320150659134	0.97027698329068	0.949878554641565
GC_00005921	0.644444444444444	0.535363934186207	0.584861608700664
GC_00005922	0.825757575757576	0.96237915090374	0.888849116245937
GC_00005923	0.954128440366973	0.9909298464093	0.972180993541959
GC_00005924	0.790754257907543	0.861645962732919	0.824679403124035
GC_00005925	0.683438155136268	0.815603015075377	0.743694344122642
GC_00005926	0.946830265848671	0.970451953236385	0.958495595202101
GC_00005927	0.804964539007092	1.0	0.891944990176817
GC_00005928	0.898345153664303	0.972701149425288	0.934045685675437
GC_00005929	1.0	0.731705166637278	0.845068988340716
GC_00005930	0.733451536643026	0.972628193675182	0.836274683481924
GC_00005931	0.997781475318913	1.0	0.998889505830094
GC_00005932	1.0	0.861047434314936	0.925336365359106
GC_00005933	0.998188405797101	1.0	0.99909338168631
GC_00005934	0.996376811594203	0.770064516129031	0.868723365175583
GC_00005935	0.957300275482094	1.0	0.978184377199156
GC_00005936	0.988993710691824	1.0	0.994466403162055
GC_00005937	0.964102564102564	1.0	0.981723237597911
GC_00005938	0.987577639751553	0.99383671597294	0.990697291985768
GC_00005939	0.923809523809524	1.0	0.96039603960396
GC_00005940	0.982327848872639	1.0	0.99108515216723
GC_00005941	1.0	0.652627189324438	0.789805702750442
GC_00005942	0.84047619047619	0.979070225549098	0.90449488524258
GC_00005943	0.99685534591195	0.847769028871392	0.916287456765597
GC_00005944	0.992307692307692	1.0	0.996138996138996
GC_00005945	0.989769820971867	1.0	0.994858611825193
GC_00005946	0.994219653179191	1.0	0.997101449275362
GC_00005947	0.966029723991507	1.0	0.982721382289417
GC_00005948	0.85	0.589803220035779	0.696390631794745
GC_00005949	0.737089201877934	0.91302729528536	0.815678846350031
GC_00005950	0.954022988505747	1.0	0.976470588235294
GC_00005951	0.988993710691824	1.0	0.994466403162055
GC_00005952	0.986415882967607	1.0	0.993161493950552
GC_00005953	0.951048951048951	0.963588588588585	0.957277706561005
GC_00005954	1.0	0.58469389985356	0.737926611451702
GC_00005955	0.969618055555556	1.0	0.98457470251212
GC_00005956	0.983568075117371	1.0	0.991715976331361
GC_00005957	0.997175141242938	1.0	0.998585572842999
GC_00005958	0.988492947290275	1.0	0.994213179018107
GC_00005959	0.965863453815261	0.997995991983968	0.981666847669065
GC_00005960	0.988727858293076	1.0	0.994331983805668
GC_00005961	0.794055201698514	0.993670886075949	0.882718601312397
GC_00005962	0.949275362318841	1.0	0.973977695167286
GC_00005963	0.959839357429719	1.0	0.979508196721311
GC_00005964	0.86025641025641	0.933021324875581	0.895162595180574
GC_00005965	0.900343642611684	0.97030303030303	0.934015148225711
GC_00005966	0.833333333333333	0.524754183198207	0.643986705336918
GC_00005967	0.979933110367893	1.0	0.989864864864865
GC_00005968	0.757990867579909	0.622448979591836	0.683565666452897
GC_00005969	0.68641975308642	0.828112449799197	0.750638041549632
GC_00005970	0.608353033884949	0.99296326981497	0.754469577724923
GC_00005971	0.99156746031746	1.0	0.995765877957659
GC_00005972	0.977777777777778	0.542324246771882	0.697680271823484
GC_00005973	0.998456790123457	1.0	0.999227799227799
GC_00005974	0.761648745519713	0.907411792564526	0.828165351353701
GC_00005975	0.811881188118812	0.953369272237197	0.876954964570638
GC_00005976	0.995283018867924	1.0	0.997635933806147
GC_00005977	0.982608695652174	0.52382769901854	0.683357961743347
GC_00005978	1.0	0.685068463377525	0.813104604669159
GC_00005979	0.987557301899149	1.0	0.993739703459638
GC_00005980	0.8	1.0	0.888888888888889
GC_00005981	0.956284153005464	1.0	0.977653631284916
GC_00005982	0.844106463878327	0.944199479126378	0.891351825607648
GC_00005983	0.909882232462878	1.0	0.952815013404826
GC_00005984	0.911231884057971	1.0	0.953554502369668
GC_00005985	0.726851851851852	0.973158089596446	0.832161909553515
GC_00005986	0.948509485094851	0.991935483870968	0.969736560532511
GC_00005987	0.951612903225806	1.0	0.975206611570248
GC_00005988	0.987898789878988	1.0	0.993912562257886
GC_00005989	0.746704331450094	0.997183098591549	0.853955279612693
GC_00005990	0.944444444444444	1.0	0.971428571428571
GC_00005991	0.956521739130435	1.0	0.977777777777778
GC_00005992	1.0	0.747560975609756	0.855547801814376
GC_00005993	0.920634920634921	1.0	0.958677685950413
GC_00005994	0.923076923076923	1.0	0.96
GC_00005995	0.841954022988506	0.847721822541967	0.844828078417938
GC_00005996	1.0	1.0	1.0
GC_00005997	1.0	1.0	1.0
GC_00005998	1.0	1.0	1.0
GC_00005999	1.0	1.0	1.0
GC_00006000	1.0	1.0	1.0
GC_00006001	1.0	1.0	1.0
GC_00006002	1.0	1.0	1.0
GC_00006003	1.0	1.0	1.0
GC_00006004	1.0	1.0	1.0
GC_00006005	1.0	1.0	1.0
GC_00006006	1.0	1.0	1.0
GC_00006007	1.0	1.0	1.0
GC_00006008	1.0	1.0	1.0
GC_00006009	1.0	1.0	1.0
GC_00006010	1.0	1.0	1.0
GC_00006011	1.0	1.0	1.0
GC_00006012	1.0	1.0	1.0
GC_00006013	1.0	1.0	1.0
GC_00006014	1.0	1.0	1.0
GC_00006015	1.0	1.0	1.0
GC_00006016	1.0	1.0	1.0
GC_00006017	1.0	1.0	1.0
GC_00006018	1.0	1.0	1.0
GC_00006019	1.0	1.0	1.0
GC_00006020	1.0	1.0	1.0
GC_00006021	1.0	1.0	1.0
GC_00006022	1.0	1.0	1.0
GC_00006023	1.0	1.0	1.0
GC_00006024	1.0	1.0	1.0
GC_00006025	1.0	1.0	1.0
GC_00006026	1.0	1.0	1.0
GC_00006027	1.0	1.0	1.0
GC_00006028	1.0	1.0	1.0
GC_00006029	1.0	1.0	1.0
GC_00006030	1.0	1.0	1.0
GC_00006031	1.0	1.0	1.0
GC_00006032	1.0	1.0	1.0
GC_00006033	1.0	1.0	1.0
GC_00006034	1.0	1.0	1.0
GC_00006035	1.0	1.0	1.0
GC_00006036	1.0	1.0	1.0
GC_00006037	1.0	1.0	1.0
GC_00006038	1.0	1.0	1.0
GC_00006039	1.0	1.0	1.0
GC_00006040	1.0	1.0	1.0
GC_00006041	1.0	1.0	1.0
GC_00006042	1.0	1.0	1.0
GC_00006043	1.0	1.0	1.0
GC_00006044	1.0	1.0	1.0
GC_00006045	1.0	1.0	1.0
GC_00006046	1.0	1.0	1.0
GC_00006047	1.0	1.0	1.0
GC_00006048	1.0	1.0	1.0
GC_00006049	1.0	1.0	1.0
GC_00006050	1.0	1.0	1.0
GC_00006051	1.0	1.0	1.0
GC_00006052	1.0	1.0	1.0
GC_00006053	1.0	1.0	1.0
GC_00006054	1.0	1.0	1.0
GC_00006055	1.0	1.0	1.0
GC_00006056	1.0	1.0	1.0
GC_00006057	1.0	1.0	1.0
GC_00006058	1.0	1.0	1.0
GC_00006059	1.0	1.0	1.0
GC_00006060	1.0	1.0	1.0
GC_00006061	1.0	1.0	1.0
GC_00006062	1.0	1.0	1.0
GC_00006063	1.0	1.0	1.0
GC_00006064	1.0	1.0	1.0
GC_00006065	1.0	1.0	1.0
GC_00006066	1.0	1.0	1.0
GC_00006067	1.0	1.0	1.0
GC_00006068	1.0	1.0	1.0
GC_00006069	1.0	1.0	1.0
GC_00006070	1.0	1.0	1.0
GC_00006071	1.0	1.0	1.0
GC_00006072	1.0	1.0	1.0
GC_00006073	1.0	1.0	1.0
GC_00006074	1.0	1.0	1.0
GC_00006075	1.0	1.0	1.0
GC_00006076	1.0	1.0	1.0
GC_00006077	1.0	1.0	1.0
GC_00006078	1.0	1.0	1.0
GC_00006079	1.0	1.0	1.0
GC_00006080	1.0	1.0	1.0
GC_00006081	1.0	1.0	1.0
GC_00006082	1.0	1.0	1.0
GC_00006083	1.0	1.0	1.0
GC_00006084	1.0	1.0	1.0
GC_00006085	1.0	1.0	1.0
GC_00006086	1.0	1.0	1.0
GC_00006087	1.0	1.0	1.0
GC_00006088	1.0	1.0	1.0
GC_00006089	1.0	1.0	1.0
GC_00006090	1.0	1.0	1.0
GC_00006091	1.0	1.0	1.0
GC_00006092	1.0	1.0	1.0
GC_00006093	1.0	1.0	1.0
GC_00006094	1.0	1.0	1.0
GC_00006095	1.0	1.0	1.0
GC_00006096	1.0	1.0	1.0
GC_00006097	1.0	1.0	1.0
GC_00006098	1.0	1.0	1.0
GC_00006099	1.0	1.0	1.0
GC_00006100	1.0	1.0	1.0
GC_00006101	1.0	1.0	1.0
GC_00006102	1.0	1.0	1.0
GC_00006103	1.0	1.0	1.0
GC_00006104	1.0	1.0	1.0
GC_00006105	1.0	1.0	1.0
GC_00006106	1.0	1.0	1.0
GC_00006107	1.0	1.0	1.0
GC_00006108	1.0	1.0	1.0
GC_00006109	1.0	1.0	1.0
GC_00006110	1.0	1.0	1.0
GC_00006111	1.0	1.0	1.0
GC_00006112	1.0	1.0	1.0
GC_00006113	1.0	1.0	1.0
GC_00006114	1.0	1.0	1.0
GC_00006115	1.0	1.0	1.0
GC_00006116	1.0	1.0	1.0
GC_00006117	1.0	1.0	1.0
GC_00006118	1.0	1.0	1.0
GC_00006119	1.0	1.0	1.0
GC_00006120	1.0	1.0	1.0
GC_00006121	1.0	1.0	1.0
GC_00006122	1.0	1.0	1.0
GC_00006123	1.0	1.0	1.0
GC_00006124	1.0	1.0	1.0
GC_00006125	1.0	1.0	1.0
GC_00006126	1.0	1.0	1.0
GC_00006127	1.0	1.0	1.0
GC_00006128	1.0	1.0	1.0
GC_00006129	1.0	1.0	1.0
GC_00006130	1.0	1.0	1.0
GC_00006131	1.0	1.0	1.0
GC_00006132	1.0	1.0	1.0
GC_00006133	1.0	1.0	1.0
GC_00006134	1.0	1.0	1.0
GC_00006135	1.0	1.0	1.0
GC_00006136	1.0	1.0	1.0
GC_00006137	1.0	1.0	1.0
GC_00006138	1.0	1.0	1.0
GC_00006139	1.0	1.0	1.0
GC_00006140	1.0	1.0	1.0
GC_00006141	1.0	1.0	1.0
GC_00006142	1.0	1.0	1.0
GC_00006143	1.0	1.0	1.0
GC_00006144	1.0	1.0	1.0
GC_00006145	1.0	1.0	1.0
GC_00006146	1.0	1.0	1.0
GC_00006147	1.0	1.0	1.0
GC_00006148	1.0	1.0	1.0
GC_00006149	1.0	1.0	1.0
GC_00006150	1.0	1.0	1.0
GC_00006151	1.0	1.0	1.0
GC_00006152	1.0	1.0	1.0
GC_00006153	1.0	1.0	1.0
GC_00006154	1.0	1.0	1.0
GC_00006155	1.0	1.0	1.0
GC_00006156	1.0	1.0	1.0
GC_00006157	1.0	1.0	1.0
GC_00006158	1.0	1.0	1.0
GC_00006159	1.0	1.0	1.0
GC_00006160	1.0	1.0	1.0
GC_00006161	1.0	1.0	1.0
GC_00006162	1.0	1.0	1.0
GC_00006163	1.0	1.0	1.0
GC_00006164	1.0	1.0	1.0
GC_00006165	1.0	1.0	1.0
GC_00006166	1.0	1.0	1.0
GC_00006167	1.0	1.0	1.0
GC_00006168	1.0	1.0	1.0
GC_00006169	1.0	1.0	1.0
GC_00006170	1.0	1.0	1.0
GC_00006171	1.0	1.0	1.0
GC_00006172	1.0	1.0	1.0
GC_00006173	1.0	1.0	1.0
GC_00006174	1.0	1.0	1.0
GC_00006175	1.0	1.0	1.0
GC_00006176	1.0	1.0	1.0
GC_00006177	1.0	1.0	1.0
GC_00006178	1.0	1.0	1.0
GC_00006179	1.0	1.0	1.0
GC_00006180	1.0	1.0	1.0
GC_00006181	1.0	1.0	1.0
GC_00006182	1.0	1.0	1.0
GC_00006183	1.0	1.0	1.0
GC_00006184	1.0	1.0	1.0
GC_00006185	1.0	1.0	1.0
GC_00006186	1.0	1.0	1.0
GC_00006187	1.0	1.0	1.0
GC_00006188	1.0	1.0	1.0
GC_00006189	1.0	1.0	1.0
GC_00006190	1.0	1.0	1.0
GC_00006191	1.0	1.0	1.0
GC_00006192	1.0	1.0	1.0
GC_00006193	1.0	1.0	1.0
GC_00006194	1.0	1.0	1.0
GC_00006195	1.0	1.0	1.0
GC_00006196	1.0	1.0	1.0
GC_00006197	1.0	1.0	1.0
GC_00006198	1.0	1.0	1.0
GC_00006199	1.0	1.0	1.0
GC_00006200	1.0	1.0	1.0
GC_00006201	1.0	1.0	1.0
GC_00006202	1.0	1.0	1.0
GC_00006203	1.0	1.0	1.0
GC_00006204	1.0	1.0	1.0
GC_00006205	1.0	1.0	1.0
GC_00006206	1.0	1.0	1.0
GC_00006207	1.0	1.0	1.0
GC_00006208	1.0	1.0	1.0
GC_00006209	1.0	1.0	1.0
GC_00006210	1.0	1.0	1.0
GC_00006211	1.0	1.0	1.0
GC_00006212	1.0	1.0	1.0
GC_00006213	1.0	1.0	1.0
GC_00006214	1.0	1.0	1.0
GC_00006215	1.0	1.0	1.0
GC_00006216	1.0	1.0	1.0
GC_00006217	1.0	1.0	1.0
GC_00006218	1.0	1.0	1.0
GC_00006219	1.0	1.0	1.0
GC_00006220	1.0	1.0	1.0
GC_00006221	1.0	1.0	1.0
GC_00006222	1.0	1.0	1.0
GC_00006223	1.0	1.0	1.0
GC_00006224	1.0	1.0	1.0
GC_00006225	1.0	1.0	1.0
GC_00006226	1.0	1.0	1.0
GC_00006227	1.0	1.0	1.0
GC_00006228	1.0	1.0	1.0
GC_00006229	1.0	1.0	1.0
GC_00006230	1.0	1.0	1.0
GC_00006231	1.0	1.0	1.0
GC_00006232	1.0	1.0	1.0
GC_00006233	1.0	1.0	1.0
GC_00006234	1.0	1.0	1.0
GC_00006235	1.0	1.0	1.0
GC_00006236	1.0	1.0	1.0
GC_00006237	1.0	1.0	1.0
GC_00006238	1.0	1.0	1.0
GC_00006239	1.0	1.0	1.0
GC_00006240	1.0	1.0	1.0
GC_00006241	1.0	1.0	1.0
GC_00006242	1.0	1.0	1.0
GC_00006243	1.0	1.0	1.0
GC_00006244	1.0	1.0	1.0
GC_00006245	1.0	1.0	1.0
GC_00006246	1.0	1.0	1.0
GC_00006247	1.0	1.0	1.0
GC_00006248	1.0	1.0	1.0
GC_00006249	1.0	1.0	1.0
GC_00006250	1.0	1.0	1.0
GC_00006251	1.0	1.0	1.0
GC_00006252	1.0	1.0	1.0
GC_00006253	1.0	1.0	1.0
GC_00006254	1.0	1.0	1.0
GC_00006255	1.0	1.0	1.0
GC_00006256	1.0	1.0	1.0
GC_00006257	1.0	1.0	1.0
GC_00006258	1.0	1.0	1.0
GC_00006259	1.0	1.0	1.0
GC_00006260	1.0	1.0	1.0
GC_00006261	1.0	1.0	1.0
GC_00006262	1.0	1.0	1.0
GC_00006263	1.0	1.0	1.0
GC_00006264	1.0	1.0	1.0
GC_00006265	1.0	1.0	1.0
GC_00006266	1.0	1.0	1.0
GC_00006267	1.0	1.0	1.0
GC_00006268	1.0	1.0	1.0
GC_00006269	1.0	1.0	1.0
GC_00006270	1.0	1.0	1.0
GC_00006271	1.0	1.0	1.0
GC_00006272	1.0	1.0	1.0
GC_00006273	1.0	1.0	1.0
GC_00006274	1.0	1.0	1.0
GC_00006275	1.0	1.0	1.0
GC_00006276	1.0	1.0	1.0
GC_00006277	1.0	1.0	1.0
GC_00006278	1.0	1.0	1.0
GC_00006279	1.0	1.0	1.0
GC_00006280	1.0	1.0	1.0
GC_00006281	1.0	1.0	1.0
GC_00006282	1.0	1.0	1.0
GC_00006283	1.0	1.0	1.0
GC_00006284	1.0	1.0	1.0
GC_00006285	1.0	1.0	1.0
GC_00006286	1.0	1.0	1.0
GC_00006287	1.0	1.0	1.0
GC_00006288	1.0	1.0	1.0
GC_00006289	1.0	1.0	1.0
GC_00006290	1.0	1.0	1.0
GC_00006291	1.0	1.0	1.0
GC_00006292	1.0	1.0	1.0
GC_00006293	1.0	1.0	1.0
GC_00006294	1.0	1.0	1.0
GC_00006295	1.0	1.0	1.0
GC_00006296	1.0	1.0	1.0
GC_00006297	1.0	1.0	1.0
GC_00006298	1.0	1.0	1.0
GC_00006299	1.0	1.0	1.0
GC_00006300	1.0	1.0	1.0
GC_00006301	1.0	1.0	1.0
GC_00006302	1.0	1.0	1.0
GC_00006303	1.0	1.0	1.0
GC_00006304	1.0	1.0	1.0
GC_00006305	1.0	1.0	1.0
GC_00006306	1.0	1.0	1.0
GC_00006307	1.0	1.0	1.0
GC_00006308	1.0	1.0	1.0
GC_00006309	1.0	1.0	1.0
GC_00006310	1.0	1.0	1.0
GC_00006311	1.0	1.0	1.0
GC_00006312	1.0	1.0	1.0
GC_00006313	1.0	1.0	1.0
GC_00006314	1.0	1.0	1.0
GC_00006315	1.0	1.0	1.0
GC_00006316	1.0	1.0	1.0
GC_00006317	1.0	1.0	1.0
GC_00006318	1.0	1.0	1.0
GC_00006319	1.0	1.0	1.0
GC_00006320	1.0	1.0	1.0
GC_00006321	1.0	1.0	1.0
GC_00006322	1.0	1.0	1.0
GC_00006323	1.0	1.0	1.0
GC_00006324	1.0	1.0	1.0
GC_00006325	1.0	1.0	1.0
GC_00006326	1.0	1.0	1.0
GC_00006327	1.0	1.0	1.0
GC_00006328	1.0	1.0	1.0
GC_00006329	1.0	1.0	1.0
GC_00006330	1.0	1.0	1.0
GC_00006331	1.0	1.0	1.0
GC_00006332	1.0	1.0	1.0
GC_00006333	1.0	1.0	1.0
GC_00006334	1.0	1.0	1.0
GC_00006335	1.0	1.0	1.0
GC_00006336	1.0	1.0	1.0
GC_00006337	1.0	1.0	1.0
GC_00006338	1.0	1.0	1.0
GC_00006339	1.0	1.0	1.0
GC_00006340	1.0	1.0	1.0
GC_00006341	1.0	1.0	1.0
GC_00006342	1.0	1.0	1.0
GC_00006343	1.0	1.0	1.0
GC_00006344	1.0	1.0	1.0
GC_00006345	1.0	1.0	1.0
GC_00006346	1.0	1.0	1.0
GC_00006347	1.0	1.0	1.0
GC_00006348	1.0	1.0	1.0
GC_00006349	1.0	1.0	1.0
GC_00006350	1.0	1.0	1.0
GC_00006351	1.0	1.0	1.0
GC_00006352	1.0	1.0	1.0
GC_00006353	1.0	1.0	1.0
GC_00006354	1.0	1.0	1.0
GC_00006355	1.0	1.0	1.0
GC_00006356	1.0	1.0	1.0
GC_00006357	1.0	1.0	1.0
GC_00006358	1.0	1.0	1.0
GC_00006359	1.0	1.0	1.0
GC_00006360	1.0	1.0	1.0
GC_00006361	1.0	1.0	1.0
GC_00006362	1.0	1.0	1.0
GC_00006363	1.0	1.0	1.0
GC_00006364	1.0	1.0	1.0
GC_00006365	1.0	1.0	1.0
GC_00006366	1.0	1.0	1.0
GC_00006367	1.0	1.0	1.0
GC_00006368	1.0	1.0	1.0
GC_00006369	1.0	1.0	1.0
GC_00006370	1.0	1.0	1.0
GC_00006371	1.0	1.0	1.0
GC_00006372	1.0	1.0	1.0
GC_00006373	1.0	1.0	1.0
GC_00006374	1.0	1.0	1.0
GC_00006375	1.0	1.0	1.0
GC_00006376	1.0	1.0	1.0
GC_00006377	1.0	1.0	1.0
GC_00006378	1.0	1.0	1.0
GC_00006379	1.0	1.0	1.0
GC_00006380	1.0	1.0	1.0
GC_00006381	1.0	1.0	1.0
GC_00006382	1.0	1.0	1.0
GC_00006383	1.0	1.0	1.0
GC_00006384	1.0	1.0	1.0
GC_00006385	1.0	1.0	1.0
GC_00006386	1.0	1.0	1.0
GC_00006387	1.0	1.0	1.0
GC_00006388	1.0	1.0	1.0
GC_00006389	1.0	1.0	1.0
GC_00006390	1.0	1.0	1.0
GC_00006391	1.0	1.0	1.0
GC_00006392	1.0	1.0	1.0
GC_00006393	1.0	1.0	1.0
GC_00006394	1.0	1.0	1.0
GC_00006395	1.0	1.0	1.0
GC_00006396	1.0	1.0	1.0
GC_00006397	1.0	1.0	1.0
GC_00006398	1.0	1.0	1.0
GC_00006399	1.0	1.0	1.0
GC_00006400	1.0	1.0	1.0
GC_00006401	1.0	1.0	1.0
GC_00006402	1.0	1.0	1.0
GC_00006403	1.0	1.0	1.0
GC_00006404	1.0	1.0	1.0
GC_00006405	1.0	1.0	1.0
GC_00006406	1.0	1.0	1.0
GC_00006407	1.0	1.0	1.0
GC_00006408	1.0	1.0	1.0
GC_00006409	1.0	1.0	1.0
GC_00006410	1.0	1.0	1.0
GC_00006411	1.0	1.0	1.0
GC_00006412	1.0	1.0	1.0
GC_00006413	1.0	1.0	1.0
GC_00006414	1.0	1.0	1.0
GC_00006415	1.0	1.0	1.0
GC_00006416	1.0	1.0	1.0
GC_00006417	1.0	1.0	1.0
GC_00006418	1.0	1.0	1.0
GC_00006419	1.0	1.0	1.0
GC_00006420	1.0	1.0	1.0
GC_00006421	1.0	1.0	1.0
GC_00006422	1.0	1.0	1.0
GC_00006423	1.0	1.0	1.0
GC_00006424	1.0	1.0	1.0
GC_00006425	1.0	1.0	1.0
GC_00006426	1.0	1.0	1.0
GC_00006427	1.0	1.0	1.0
GC_00006428	1.0	1.0	1.0
GC_00006429	1.0	1.0	1.0
GC_00006430	1.0	1.0	1.0
GC_00006431	1.0	1.0	1.0
GC_00006432	1.0	1.0	1.0
GC_00006433	1.0	1.0	1.0
GC_00006434	1.0	1.0	1.0
GC_00006435	1.0	1.0	1.0
GC_00006436	1.0	1.0	1.0
GC_00006437	1.0	1.0	1.0
GC_00006438	1.0	1.0	1.0
GC_00006439	1.0	1.0	1.0
GC_00006440	1.0	1.0	1.0
GC_00006441	1.0	1.0	1.0
GC_00006442	1.0	1.0	1.0
GC_00006443	1.0	1.0	1.0
GC_00006444	1.0	1.0	1.0
GC_00006445	1.0	1.0	1.0
GC_00006446	1.0	1.0	1.0
GC_00006447	1.0	1.0	1.0
GC_00006448	1.0	1.0	1.0
GC_00006449	1.0	1.0	1.0
GC_00006450	1.0	1.0	1.0
GC_00006451	1.0	1.0	1.0
GC_00006452	1.0	1.0	1.0
GC_00006453	1.0	1.0	1.0
GC_00006454	1.0	1.0	1.0
GC_00006455	1.0	1.0	1.0
GC_00006456	1.0	1.0	1.0
GC_00006457	1.0	1.0	1.0
GC_00006458	1.0	1.0	1.0
GC_00006459	1.0	1.0	1.0
GC_00006460	1.0	1.0	1.0
GC_00006461	1.0	1.0	1.0
GC_00006462	1.0	1.0	1.0
GC_00006463	1.0	1.0	1.0
GC_00006464	1.0	1.0	1.0
GC_00006465	1.0	1.0	1.0
GC_00006466	1.0	1.0	1.0
GC_00006467	1.0	1.0	1.0
GC_00006468	1.0	1.0	1.0
GC_00006469	1.0	1.0	1.0
GC_00006470	1.0	1.0	1.0
GC_00006471	1.0	1.0	1.0
GC_00006472	1.0	1.0	1.0
GC_00006473	1.0	1.0	1.0
GC_00006474	1.0	1.0	1.0
GC_00006475	1.0	1.0	1.0
GC_00006476	1.0	1.0	1.0
GC_00006477	1.0	1.0	1.0
GC_00006478	1.0	1.0	1.0
GC_00006479	1.0	1.0	1.0
GC_00006480	1.0	1.0	1.0
GC_00006481	1.0	1.0	1.0
GC_00006482	1.0	1.0	1.0
GC_00006483	1.0	1.0	1.0
GC_00006484	1.0	1.0	1.0
GC_00006485	1.0	1.0	1.0
GC_00006486	1.0	1.0	1.0
GC_00006487	1.0	1.0	1.0
GC_00006488	1.0	1.0	1.0
GC_00006489	1.0	1.0	1.0
GC_00006490	1.0	1.0	1.0
GC_00006491	1.0	1.0	1.0
GC_00006492	1.0	1.0	1.0
GC_00006493	1.0	1.0	1.0
GC_00006494	1.0	1.0	1.0
GC_00006495	1.0	1.0	1.0
GC_00006496	1.0	1.0	1.0
GC_00006497	1.0	1.0	1.0
GC_00006498	1.0	1.0	1.0
GC_00006499	1.0	1.0	1.0
GC_00006500	1.0	1.0	1.0
GC_00006501	1.0	1.0	1.0
GC_00006502	1.0	1.0	1.0
GC_00006503	1.0	1.0	1.0
GC_00006504	1.0	1.0	1.0
GC_00006505	1.0	1.0	1.0
GC_00006506	1.0	1.0	1.0
GC_00006507	1.0	1.0	1.0
GC_00006508	1.0	1.0	1.0
GC_00006509	1.0	1.0	1.0
GC_00006510	1.0	1.0	1.0
GC_00006511	1.0	1.0	1.0
GC_00006512	1.0	1.0	1.0
GC_00006513	1.0	1.0	1.0
GC_00006514	1.0	1.0	1.0
GC_00006515	1.0	1.0	1.0
GC_00006516	1.0	1.0	1.0
GC_00006517	1.0	1.0	1.0
GC_00006518	1.0	1.0	1.0
GC_00006519	1.0	1.0	1.0
GC_00006520	1.0	1.0	1.0
GC_00006521	1.0	1.0	1.0
GC_00006522	1.0	1.0	1.0
GC_00006523	1.0	1.0	1.0
GC_00006524	1.0	1.0	1.0
GC_00006525	1.0	1.0	1.0
GC_00006526	1.0	1.0	1.0
GC_00006527	1.0	1.0	1.0
GC_00006528	1.0	1.0	1.0
GC_00006529	1.0	1.0	1.0
GC_00006530	1.0	1.0	1.0
GC_00006531	1.0	1.0	1.0
GC_00006532	1.0	1.0	1.0
GC_00006533	1.0	1.0	1.0
GC_00006534	1.0	1.0	1.0
GC_00006535	1.0	1.0	1.0
GC_00006536	1.0	1.0	1.0
GC_00006537	1.0	1.0	1.0
GC_00006538	1.0	1.0	1.0
GC_00006539	1.0	1.0	1.0
GC_00006540	1.0	1.0	1.0
GC_00006541	1.0	1.0	1.0
GC_00006542	1.0	1.0	1.0
GC_00006543	1.0	1.0	1.0
GC_00006544	1.0	1.0	1.0
GC_00006545	1.0	1.0	1.0
GC_00006546	1.0	1.0	1.0
GC_00006547	1.0	1.0	1.0
GC_00006548	1.0	1.0	1.0
GC_00006549	1.0	1.0	1.0
GC_00006550	1.0	1.0	1.0
GC_00006551	1.0	1.0	1.0
GC_00006552	1.0	1.0	1.0
GC_00006553	1.0	1.0	1.0
GC_00006554	1.0	1.0	1.0
GC_00006555	1.0	1.0	1.0
GC_00006556	1.0	1.0	1.0
GC_00006557	1.0	1.0	1.0
GC_00006558	1.0	1.0	1.0
GC_00006559	1.0	1.0	1.0
GC_00006560	1.0	1.0	1.0
GC_00006561	1.0	1.0	1.0
GC_00006562	1.0	1.0	1.0
GC_00006563	1.0	1.0	1.0
GC_00006564	1.0	1.0	1.0
GC_00006565	1.0	1.0	1.0
GC_00006566	1.0	1.0	1.0
GC_00006567	1.0	1.0	1.0
GC_00006568	1.0	1.0	1.0
GC_00006569	1.0	1.0	1.0
GC_00006570	1.0	1.0	1.0
GC_00006571	1.0	1.0	1.0
GC_00006572	1.0	1.0	1.0
GC_00006573	1.0	1.0	1.0
GC_00006574	1.0	1.0	1.0
GC_00006575	1.0	1.0	1.0
GC_00006576	1.0	1.0	1.0
GC_00006577	1.0	1.0	1.0
GC_00006578	1.0	1.0	1.0
GC_00006579	1.0	1.0	1.0
GC_00006580	1.0	1.0	1.0
GC_00006581	1.0	1.0	1.0
GC_00006582	1.0	1.0	1.0
GC_00006583	1.0	1.0	1.0
GC_00006584	1.0	1.0	1.0
GC_00006585	1.0	1.0	1.0
GC_00006586	1.0	1.0	1.0
GC_00006587	1.0	1.0	1.0
GC_00006588	1.0	1.0	1.0
GC_00006589	1.0	1.0	1.0
GC_00006590	1.0	1.0	1.0
GC_00006591	1.0	1.0	1.0
GC_00006592	1.0	1.0	1.0
GC_00006593	1.0	1.0	1.0
GC_00006594	1.0	1.0	1.0
GC_00006595	1.0	1.0	1.0
GC_00006596	1.0	1.0	1.0
GC_00006597	1.0	1.0	1.0
GC_00006598	1.0	1.0	1.0
GC_00006599	1.0	1.0	1.0
GC_00006600	1.0	1.0	1.0
GC_00006601	1.0	1.0	1.0
GC_00006602	1.0	1.0	1.0
GC_00006603	1.0	1.0	1.0
GC_00006604	1.0	1.0	1.0
GC_00006605	1.0	1.0	1.0
GC_00006606	1.0	1.0	1.0
GC_00006607	1.0	1.0	1.0
GC_00006608	1.0	1.0	1.0
GC_00006609	1.0	1.0	1.0
GC_00006610	1.0	1.0	1.0
GC_00006611	1.0	1.0	1.0
GC_00006612	1.0	1.0	1.0
GC_00006613	1.0	1.0	1.0
GC_00006614	1.0	1.0	1.0
GC_00006615	1.0	1.0	1.0
GC_00006616	1.0	1.0	1.0
GC_00006617	1.0	1.0	1.0
GC_00006618	1.0	1.0	1.0
GC_00006619	1.0	1.0	1.0
GC_00006620	1.0	1.0	1.0
GC_00006621	1.0	1.0	1.0
GC_00006622	1.0	1.0	1.0
GC_00006623	1.0	1.0	1.0
GC_00006624	1.0	1.0	1.0
GC_00006625	1.0	1.0	1.0
GC_00006626	1.0	1.0	1.0
GC_00006627	1.0	1.0	1.0
GC_00006628	1.0	1.0	1.0
GC_00006629	1.0	1.0	1.0
GC_00006630	1.0	1.0	1.0
GC_00006631	1.0	1.0	1.0
GC_00006632	1.0	1.0	1.0
GC_00006633	1.0	1.0	1.0
GC_00006634	1.0	1.0	1.0
GC_00006635	1.0	1.0	1.0
GC_00006636	1.0	1.0	1.0
GC_00006637	1.0	1.0	1.0
GC_00006638	1.0	1.0	1.0
GC_00006639	1.0	1.0	1.0
GC_00006640	1.0	1.0	1.0
GC_00006641	1.0	1.0	1.0
GC_00006642	1.0	1.0	1.0
GC_00006643	1.0	1.0	1.0
GC_00006644	1.0	1.0	1.0
GC_00006645	1.0	1.0	1.0
GC_00006646	1.0	1.0	1.0
GC_00006647	1.0	1.0	1.0
GC_00006648	1.0	1.0	1.0
GC_00006649	1.0	1.0	1.0
GC_00006650	1.0	1.0	1.0
GC_00006651	1.0	1.0	1.0
GC_00006652	1.0	1.0	1.0
GC_00006653	1.0	1.0	1.0
GC_00006654	1.0	1.0	1.0
GC_00006655	1.0	1.0	1.0
GC_00006656	1.0	1.0	1.0
GC_00006657	1.0	1.0	1.0
GC_00006658	1.0	1.0	1.0
GC_00006659	1.0	1.0	1.0
GC_00006660	1.0	1.0	1.0
GC_00006661	1.0	1.0	1.0
GC_00006662	1.0	1.0	1.0
GC_00006663	1.0	1.0	1.0
GC_00006664	1.0	1.0	1.0
GC_00006665	1.0	1.0	1.0
GC_00006666	1.0	1.0	1.0
GC_00006667	1.0	1.0	1.0
GC_00006668	1.0	1.0	1.0
GC_00006669	1.0	1.0	1.0
GC_00006670	1.0	1.0	1.0
GC_00006671	1.0	1.0	1.0
GC_00006672	1.0	1.0	1.0
GC_00006673	1.0	1.0	1.0
GC_00006674	1.0	1.0	1.0
GC_00006675	1.0	1.0	1.0
GC_00006676	1.0	1.0	1.0
GC_00006677	1.0	1.0	1.0
GC_00006678	1.0	1.0	1.0
GC_00006679	1.0	1.0	1.0
GC_00006680	1.0	1.0	1.0
GC_00006681	1.0	1.0	1.0
GC_00006682	1.0	1.0	1.0
GC_00006683	1.0	1.0	1.0
GC_00006684	1.0	1.0	1.0
GC_00006685	1.0	1.0	1.0
GC_00006686	1.0	1.0	1.0
GC_00006687	1.0	1.0	1.0
GC_00006688	1.0	1.0	1.0
GC_00006689	1.0	1.0	1.0
GC_00006690	1.0	1.0	1.0
GC_00006691	1.0	1.0	1.0
GC_00006692	1.0	1.0	1.0
GC_00006693	1.0	1.0	1.0
GC_00006694	1.0	1.0	1.0
GC_00006695	1.0	1.0	1.0
GC_00006696	1.0	1.0	1.0
GC_00006697	1.0	1.0	1.0
GC_00006698	1.0	1.0	1.0
GC_00006699	1.0	1.0	1.0
GC_00006700	1.0	1.0	1.0
GC_00006701	1.0	1.0	1.0
GC_00006702	1.0	1.0	1.0
GC_00006703	1.0	1.0	1.0
GC_00006704	1.0	1.0	1.0
GC_00006705	1.0	1.0	1.0
GC_00006706	1.0	1.0	1.0
GC_00006707	1.0	1.0	1.0
GC_00006708	1.0	1.0	1.0
GC_00006709	1.0	1.0	1.0
GC_00006710	1.0	1.0	1.0
GC_00006711	1.0	1.0	1.0
GC_00006712	1.0	1.0	1.0
GC_00006713	1.0	1.0	1.0
GC_00006714	1.0	1.0	1.0
GC_00006715	1.0	1.0	1.0
GC_00006716	1.0	1.0	1.0
GC_00006717	1.0	1.0	1.0
GC_00006718	1.0	1.0	1.0
GC_00006719	1.0	1.0	1.0
GC_00006720	1.0	1.0	1.0
GC_00006721	1.0	1.0	1.0
GC_00006722	1.0	1.0	1.0
GC_00006723	1.0	1.0	1.0
GC_00006724	1.0	1.0	1.0
GC_00006725	1.0	1.0	1.0
GC_00006726	1.0	1.0	1.0
GC_00006727	1.0	1.0	1.0
GC_00006728	1.0	1.0	1.0
GC_00006729	1.0	1.0	1.0
GC_00006730	1.0	1.0	1.0
GC_00006731	1.0	1.0	1.0
GC_00006732	1.0	1.0	1.0
GC_00006733	1.0	1.0	1.0
GC_00006734	1.0	1.0	1.0
GC_00006735	1.0	1.0	1.0
GC_00006736	1.0	1.0	1.0
GC_00006737	1.0	1.0	1.0
GC_00006738	1.0	1.0	1.0
GC_00006739	1.0	1.0	1.0
GC_00006740	1.0	1.0	1.0
GC_00006741	1.0	1.0	1.0
GC_00006742	1.0	1.0	1.0
GC_00006743	1.0	1.0	1.0
GC_00006744	1.0	1.0	1.0
GC_00006745	1.0	1.0	1.0
GC_00006746	1.0	1.0	1.0
GC_00006747	1.0	1.0	1.0
GC_00006748	1.0	1.0	1.0
GC_00006749	1.0	1.0	1.0
GC_00006750	1.0	1.0	1.0
GC_00006751	1.0	1.0	1.0
GC_00006752	1.0	1.0	1.0
GC_00006753	1.0	1.0	1.0
GC_00006754	1.0	1.0	1.0
GC_00006755	1.0	1.0	1.0
GC_00006756	1.0	1.0	1.0
GC_00006757	1.0	1.0	1.0
GC_00006758	1.0	1.0	1.0
GC_00006759	1.0	1.0	1.0
GC_00006760	1.0	1.0	1.0
GC_00006761	1.0	1.0	1.0
GC_00006762	1.0	1.0	1.0
GC_00006763	1.0	1.0	1.0
GC_00006764	1.0	1.0	1.0
GC_00006765	1.0	1.0	1.0
GC_00006766	1.0	1.0	1.0
GC_00006767	1.0	1.0	1.0
GC_00006768	1.0	1.0	1.0
GC_00006769	1.0	1.0	1.0
GC_00006770	1.0	1.0	1.0
GC_00006771	1.0	1.0	1.0
GC_00006772	1.0	1.0	1.0
GC_00006773	1.0	1.0	1.0
GC_00006774	1.0	1.0	1.0
GC_00006775	1.0	1.0	1.0
GC_00006776	1.0	1.0	1.0
GC_00006777	1.0	1.0	1.0
GC_00006778	1.0	1.0	1.0
GC_00006779	1.0	1.0	1.0
GC_00006780	1.0	1.0	1.0
GC_00006781	1.0	1.0	1.0
GC_00006782	1.0	1.0	1.0
GC_00006783	1.0	1.0	1.0
GC_00006784	1.0	1.0	1.0
GC_00006785	1.0	1.0	1.0
GC_00006786	1.0	1.0	1.0
GC_00006787	1.0	1.0	1.0
GC_00006788	1.0	1.0	1.0
GC_00006789	1.0	1.0	1.0
GC_00006790	1.0	1.0	1.0
GC_00006791	1.0	1.0	1.0
GC_00006792	1.0	1.0	1.0
GC_00006793	1.0	1.0	1.0
GC_00006794	1.0	1.0	1.0
GC_00006795	1.0	1.0	1.0
GC_00006796	1.0	1.0	1.0
GC_00006797	1.0	1.0	1.0
GC_00006798	1.0	1.0	1.0
GC_00006799	1.0	1.0	1.0
GC_00006800	1.0	1.0	1.0
GC_00006801	1.0	1.0	1.0
GC_00006802	1.0	1.0	1.0
GC_00006803	1.0	1.0	1.0
GC_00006804	1.0	1.0	1.0
GC_00006805	1.0	1.0	1.0
GC_00006806	1.0	1.0	1.0
GC_00006807	1.0	1.0	1.0
GC_00006808	1.0	1.0	1.0
GC_00006809	1.0	1.0	1.0
GC_00006810	1.0	1.0	1.0
GC_00006811	1.0	1.0	1.0
GC_00006812	1.0	1.0	1.0
GC_00006813	1.0	1.0	1.0
GC_00006814	1.0	1.0	1.0
GC_00006815	1.0	1.0	1.0
GC_00006816	1.0	1.0	1.0
GC_00006817	1.0	1.0	1.0
GC_00006818	1.0	1.0	1.0
GC_00006819	1.0	1.0	1.0
GC_00006820	1.0	1.0	1.0
GC_00006821	1.0	1.0	1.0
GC_00006822	1.0	1.0	1.0
GC_00006823	1.0	1.0	1.0
GC_00006824	1.0	1.0	1.0
GC_00006825	1.0	1.0	1.0
GC_00006826	1.0	1.0	1.0
GC_00006827	1.0	1.0	1.0
GC_00006828	1.0	1.0	1.0
GC_00006829	1.0	1.0	1.0
GC_00006830	1.0	1.0	1.0
GC_00006831	1.0	1.0	1.0
GC_00006832	1.0	1.0	1.0
GC_00006833	1.0	1.0	1.0
GC_00006834	1.0	1.0	1.0
GC_00006835	1.0	1.0	1.0
GC_00006836	1.0	1.0	1.0
GC_00006837	1.0	1.0	1.0
GC_00006838	1.0	1.0	1.0
GC_00006839	1.0	1.0	1.0
GC_00006840	1.0	1.0	1.0
GC_00006841	1.0	1.0	1.0
GC_00006842	1.0	1.0	1.0
GC_00006843	1.0	1.0	1.0
GC_00006844	1.0	1.0	1.0
GC_00006845	1.0	1.0	1.0
GC_00006846	1.0	1.0	1.0
GC_00006847	1.0	1.0	1.0
GC_00006848	1.0	1.0	1.0
GC_00006849	1.0	1.0	1.0
GC_00006850	1.0	1.0	1.0
GC_00006851	1.0	1.0	1.0
GC_00006852	1.0	1.0	1.0
GC_00006853	1.0	1.0	1.0
GC_00006854	1.0	1.0	1.0
GC_00006855	1.0	1.0	1.0
GC_00006856	1.0	1.0	1.0
GC_00006857	1.0	1.0	1.0
GC_00006858	1.0	1.0	1.0
GC_00006859	1.0	1.0	1.0
GC_00006860	1.0	1.0	1.0
GC_00006861	1.0	1.0	1.0
GC_00006862	1.0	1.0	1.0
GC_00006863	1.0	1.0	1.0
GC_00006864	1.0	1.0	1.0
GC_00006865	1.0	1.0	1.0
GC_00006866	1.0	1.0	1.0
GC_00006867	1.0	1.0	1.0
GC_00006868	1.0	1.0	1.0
GC_00006869	1.0	1.0	1.0
GC_00006870	1.0	1.0	1.0
GC_00006871	1.0	1.0	1.0
GC_00006872	1.0	1.0	1.0
GC_00006873	1.0	1.0	1.0
GC_00006874	1.0	1.0	1.0
GC_00006875	1.0	1.0	1.0
GC_00006876	1.0	1.0	1.0
GC_00006877	1.0	1.0	1.0
GC_00006878	1.0	1.0	1.0
GC_00006879	1.0	1.0	1.0
GC_00006880	1.0	1.0	1.0
GC_00006881	1.0	1.0	1.0
GC_00006882	1.0	1.0	1.0
GC_00006883	1.0	1.0	1.0
GC_00006884	1.0	1.0	1.0
GC_00006885	1.0	1.0	1.0
GC_00006886	1.0	1.0	1.0
GC_00006887	1.0	1.0	1.0
GC_00006888	1.0	1.0	1.0
GC_00006889	1.0	1.0	1.0
GC_00006890	1.0	1.0	1.0
GC_00006891	1.0	1.0	1.0
GC_00006892	1.0	1.0	1.0
GC_00006893	1.0	1.0	1.0
GC_00006894	1.0	1.0	1.0
GC_00006895	1.0	1.0	1.0
GC_00006896	1.0	1.0	1.0
GC_00006897	1.0	1.0	1.0
GC_00006898	1.0	1.0	1.0
GC_00006899	1.0	1.0	1.0
GC_00006900	1.0	1.0	1.0
GC_00006901	1.0	1.0	1.0
GC_00006902	1.0	1.0	1.0
GC_00006903	1.0	1.0	1.0
GC_00006904	1.0	1.0	1.0
GC_00006905	1.0	1.0	1.0
GC_00006906	1.0	1.0	1.0
GC_00006907	1.0	1.0	1.0
GC_00006908	1.0	1.0	1.0
GC_00006909	1.0	1.0	1.0
GC_00006910	1.0	1.0	1.0
GC_00006911	1.0	1.0	1.0
GC_00006912	1.0	1.0	1.0
GC_00006913	1.0	1.0	1.0
GC_00006914	1.0	1.0	1.0
GC_00006915	1.0	1.0	1.0
GC_00006916	1.0	1.0	1.0
GC_00006917	1.0	1.0	1.0
GC_00006918	1.0	1.0	1.0
GC_00006919	1.0	1.0	1.0
GC_00006920	1.0	1.0	1.0
GC_00006921	1.0	1.0	1.0
GC_00006922	1.0	1.0	1.0
GC_00006923	1.0	1.0	1.0
GC_00006924	1.0	1.0	1.0
GC_00006925	1.0	1.0	1.0
GC_00006926	1.0	1.0	1.0
GC_00006927	1.0	1.0	1.0
GC_00006928	1.0	1.0	1.0
GC_00006929	1.0	1.0	1.0
GC_00006930	1.0	1.0	1.0
GC_00006931	1.0	1.0	1.0
GC_00006932	1.0	1.0	1.0
GC_00006933	1.0	1.0	1.0
GC_00006934	1.0	1.0	1.0
GC_00006935	1.0	1.0	1.0
GC_00006936	1.0	1.0	1.0
GC_00006937	1.0	1.0	1.0
GC_00006938	1.0	1.0	1.0
GC_00006939	1.0	1.0	1.0
GC_00006940	1.0	1.0	1.0
GC_00006941	1.0	1.0	1.0
GC_00006942	1.0	1.0	1.0
GC_00006943	1.0	1.0	1.0
GC_00006944	1.0	1.0	1.0
GC_00006945	1.0	1.0	1.0
GC_00006946	1.0	1.0	1.0
GC_00006947	1.0	1.0	1.0
GC_00006948	1.0	1.0	1.0
GC_00006949	1.0	1.0	1.0
GC_00006950	1.0	1.0	1.0
GC_00006951	1.0	1.0	1.0
GC_00006952	1.0	1.0	1.0
GC_00006953	1.0	1.0	1.0
GC_00006954	1.0	1.0	1.0
GC_00006955	1.0	1.0	1.0
GC_00006956	1.0	1.0	1.0
GC_00006957	1.0	1.0	1.0
GC_00006958	1.0	1.0	1.0
GC_00006959	1.0	1.0	1.0
GC_00006960	1.0	1.0	1.0
GC_00006961	1.0	1.0	1.0
GC_00006962	1.0	1.0	1.0
GC_00006963	1.0	1.0	1.0
GC_00006964	1.0	1.0	1.0
GC_00006965	1.0	1.0	1.0
GC_00006966	1.0	1.0	1.0
GC_00006967	1.0	1.0	1.0
GC_00006968	1.0	1.0	1.0
GC_00006969	1.0	1.0	1.0
GC_00006970	1.0	1.0	1.0
GC_00006971	1.0	1.0	1.0
GC_00006972	1.0	1.0	1.0
GC_00006973	1.0	1.0	1.0
GC_00006974	1.0	1.0	1.0
GC_00006975	1.0	1.0	1.0
GC_00006976	1.0	1.0	1.0
GC_00006977	1.0	1.0	1.0
GC_00006978	1.0	1.0	1.0
GC_00006979	1.0	1.0	1.0
GC_00006980	1.0	1.0	1.0
GC_00006981	1.0	1.0	1.0
GC_00006982	1.0	1.0	1.0
GC_00006983	1.0	1.0	1.0
GC_00006984	1.0	1.0	1.0
GC_00006985	1.0	1.0	1.0
GC_00006986	1.0	1.0	1.0
GC_00006987	1.0	1.0	1.0
GC_00006988	1.0	1.0	1.0
GC_00006989	1.0	1.0	1.0
GC_00006990	1.0	1.0	1.0
GC_00006991	1.0	1.0	1.0
GC_00006992	1.0	1.0	1.0
GC_00006993	1.0	1.0	1.0
GC_00006994	1.0	1.0	1.0
GC_00006995	1.0	1.0	1.0
GC_00006996	1.0	1.0	1.0
GC_00006997	1.0	1.0	1.0
GC_00006998	1.0	1.0	1.0
GC_00006999	1.0	1.0	1.0
GC_00007000	1.0	1.0	1.0
GC_00007001	1.0	1.0	1.0
GC_00007002	1.0	1.0	1.0
GC_00007003	1.0	1.0	1.0
GC_00007004	1.0	1.0	1.0
GC_00007005	1.0	1.0	1.0
GC_00007006	1.0	1.0	1.0
GC_00007007	1.0	1.0	1.0
GC_00007008	1.0	1.0	1.0
GC_00007009	1.0	1.0	1.0
GC_00007010	1.0	1.0	1.0
GC_00007011	1.0	1.0	1.0
GC_00007012	1.0	1.0	1.0
GC_00007013	1.0	1.0	1.0
GC_00007014	1.0	1.0	1.0
GC_00007015	1.0	1.0	1.0
GC_00007016	1.0	1.0	1.0
GC_00007017	1.0	1.0	1.0
GC_00007018	1.0	1.0	1.0
GC_00007019	1.0	1.0	1.0
GC_00007020	1.0	1.0	1.0
GC_00007021	1.0	1.0	1.0
GC_00007022	1.0	1.0	1.0
GC_00007023	1.0	1.0	1.0
GC_00007024	1.0	1.0	1.0
GC_00007025	1.0	1.0	1.0
GC_00007026	1.0	1.0	1.0
GC_00007027	1.0	1.0	1.0
GC_00007028	1.0	1.0	1.0
GC_00007029	1.0	1.0	1.0
GC_00007030	1.0	1.0	1.0
GC_00007031	1.0	1.0	1.0
GC_00007032	1.0	1.0	1.0
GC_00007033	1.0	1.0	1.0
GC_00007034	1.0	1.0	1.0
GC_00007035	1.0	1.0	1.0
GC_00007036	1.0	1.0	1.0
GC_00007037	1.0	1.0	1.0
GC_00007038	1.0	1.0	1.0
GC_00007039	1.0	1.0	1.0
GC_00007040	1.0	1.0	1.0
GC_00007041	1.0	1.0	1.0
GC_00007042	1.0	1.0	1.0
GC_00007043	1.0	1.0	1.0
GC_00007044	1.0	1.0	1.0
GC_00007045	1.0	1.0	1.0
GC_00007046	1.0	1.0	1.0
GC_00007047	1.0	1.0	1.0
GC_00007048	1.0	1.0	1.0
GC_00007049	1.0	1.0	1.0
GC_00007050	1.0	1.0	1.0
GC_00007051	1.0	1.0	1.0
GC_00007052	1.0	1.0	1.0
GC_00007053	1.0	1.0	1.0
GC_00007054	1.0	1.0	1.0
GC_00007055	1.0	1.0	1.0
GC_00007056	1.0	1.0	1.0
GC_00007057	1.0	1.0	1.0
GC_00007058	1.0	1.0	1.0
GC_00007059	1.0	1.0	1.0
GC_00007060	1.0	1.0	1.0
GC_00007061	1.0	1.0	1.0
GC_00007062	1.0	1.0	1.0
GC_00007063	1.0	1.0	1.0
GC_00007064	1.0	1.0	1.0
GC_00007065	1.0	1.0	1.0
GC_00007066	1.0	1.0	1.0
GC_00007067	1.0	1.0	1.0
GC_00007068	1.0	1.0	1.0
GC_00007069	1.0	1.0	1.0
GC_00007070	1.0	1.0	1.0
GC_00007071	1.0	1.0	1.0
GC_00007072	1.0	1.0	1.0
GC_00007073	1.0	1.0	1.0
GC_00007074	1.0	1.0	1.0
GC_00007075	1.0	1.0	1.0
GC_00007076	1.0	1.0	1.0
GC_00007077	1.0	1.0	1.0
GC_00007078	1.0	1.0	1.0
GC_00007079	1.0	1.0	1.0
GC_00007080	1.0	1.0	1.0
GC_00007081	1.0	1.0	1.0
GC_00007082	1.0	1.0	1.0
GC_00007083	1.0	1.0	1.0
GC_00007084	1.0	1.0	1.0
GC_00007085	1.0	1.0	1.0
GC_00007086	1.0	1.0	1.0
GC_00007087	1.0	1.0	1.0
GC_00007088	1.0	1.0	1.0
GC_00007089	1.0	1.0	1.0
GC_00007090	1.0	1.0	1.0
GC_00007091	1.0	1.0	1.0
GC_00007092	1.0	1.0	1.0
GC_00007093	1.0	1.0	1.0
GC_00007094	1.0	1.0	1.0
GC_00007095	1.0	1.0	1.0
GC_00007096	1.0	1.0	1.0
GC_00007097	1.0	1.0	1.0
GC_00007098	1.0	1.0	1.0
GC_00007099	1.0	1.0	1.0
GC_00007100	1.0	1.0	1.0
GC_00007101	1.0	1.0	1.0
GC_00007102	1.0	1.0	1.0
GC_00007103	1.0	1.0	1.0
GC_00007104	1.0	1.0	1.0
GC_00007105	1.0	1.0	1.0
GC_00007106	1.0	1.0	1.0
GC_00007107	1.0	1.0	1.0
GC_00007108	1.0	1.0	1.0
GC_00007109	1.0	1.0	1.0
GC_00007110	1.0	1.0	1.0
GC_00007111	1.0	1.0	1.0
GC_00007112	1.0	1.0	1.0
GC_00007113	1.0	1.0	1.0
GC_00007114	1.0	1.0	1.0
GC_00007115	1.0	1.0	1.0
GC_00007116	1.0	1.0	1.0
GC_00007117	1.0	1.0	1.0
GC_00007118	1.0	1.0	1.0
GC_00007119	1.0	1.0	1.0
GC_00007120	1.0	1.0	1.0
GC_00007121	1.0	1.0	1.0
GC_00007122	1.0	1.0	1.0
GC_00007123	1.0	1.0	1.0
GC_00007124	1.0	1.0	1.0
GC_00007125	1.0	1.0	1.0
GC_00007126	1.0	1.0	1.0
GC_00007127	1.0	1.0	1.0
GC_00007128	1.0	1.0	1.0
GC_00007129	1.0	1.0	1.0
GC_00007130	1.0	1.0	1.0
GC_00007131	1.0	1.0	1.0
GC_00007132	1.0	1.0	1.0
GC_00007133	1.0	1.0	1.0
GC_00007134	1.0	1.0	1.0
GC_00007135	1.0	1.0	1.0
GC_00007136	1.0	1.0	1.0
GC_00007137	1.0	1.0	1.0
GC_00007138	1.0	1.0	1.0
GC_00007139	1.0	1.0	1.0
GC_00007140	1.0	1.0	1.0
GC_00007141	1.0	1.0	1.0
GC_00007142	1.0	1.0	1.0
GC_00007143	1.0	1.0	1.0
GC_00007144	1.0	1.0	1.0
GC_00007145	1.0	1.0	1.0
GC_00007146	1.0	1.0	1.0
GC_00007147	1.0	1.0	1.0
GC_00007148	1.0	1.0	1.0
GC_00007149	1.0	1.0	1.0
GC_00007150	1.0	1.0	1.0
GC_00007151	1.0	1.0	1.0
GC_00007152	1.0	1.0	1.0
GC_00007153	1.0	1.0	1.0
GC_00007154	1.0	1.0	1.0
GC_00007155	1.0	1.0	1.0
GC_00007156	1.0	1.0	1.0
GC_00007157	1.0	1.0	1.0
GC_00007158	1.0	1.0	1.0
GC_00007159	1.0	1.0	1.0
GC_00007160	1.0	1.0	1.0
GC_00007161	1.0	1.0	1.0
GC_00007162	1.0	1.0	1.0
GC_00007163	1.0	1.0	1.0
GC_00007164	1.0	1.0	1.0
GC_00007165	1.0	1.0	1.0
GC_00007166	1.0	1.0	1.0
GC_00007167	1.0	1.0	1.0
GC_00007168	1.0	1.0	1.0
GC_00007169	1.0	1.0	1.0
GC_00007170	1.0	1.0	1.0
GC_00007171	1.0	1.0	1.0
GC_00007172	1.0	1.0	1.0
GC_00007173	1.0	1.0	1.0
GC_00007174	1.0	1.0	1.0
GC_00007175	1.0	1.0	1.0
GC_00007176	1.0	1.0	1.0
GC_00007177	1.0	1.0	1.0
GC_00007178	1.0	1.0	1.0
GC_00007179	1.0	1.0	1.0
GC_00007180	1.0	1.0	1.0
GC_00007181	1.0	1.0	1.0
GC_00007182	1.0	1.0	1.0
GC_00007183	1.0	1.0	1.0
GC_00007184	1.0	1.0	1.0
GC_00007185	1.0	1.0	1.0
GC_00007186	1.0	1.0	1.0
GC_00007187	1.0	1.0	1.0
GC_00007188	1.0	1.0	1.0
GC_00007189	1.0	1.0	1.0
GC_00007190	1.0	1.0	1.0
GC_00007191	1.0	1.0	1.0
GC_00007192	1.0	1.0	1.0
GC_00007193	1.0	1.0	1.0
GC_00007194	1.0	1.0	1.0
GC_00007195	1.0	1.0	1.0
GC_00007196	1.0	1.0	1.0
GC_00007197	1.0	1.0	1.0
GC_00007198	1.0	1.0	1.0
GC_00007199	1.0	1.0	1.0
GC_00007200	1.0	1.0	1.0
GC_00007201	1.0	1.0	1.0
GC_00007202	1.0	1.0	1.0
GC_00007203	1.0	1.0	1.0
GC_00007204	1.0	1.0	1.0
GC_00007205	1.0	1.0	1.0
GC_00007206	1.0	1.0	1.0
GC_00007207	1.0	1.0	1.0
GC_00007208	1.0	1.0	1.0
GC_00007209	1.0	1.0	1.0
GC_00007210	1.0	1.0	1.0
GC_00007211	1.0	1.0	1.0
GC_00007212	1.0	1.0	1.0
GC_00007213	1.0	1.0	1.0
GC_00007214	1.0	1.0	1.0
GC_00007215	1.0	1.0	1.0
GC_00007216	1.0	1.0	1.0
GC_00007217	1.0	1.0	1.0
GC_00007218	1.0	1.0	1.0
GC_00007219	1.0	1.0	1.0
GC_00007220	1.0	1.0	1.0
GC_00007221	1.0	1.0	1.0
GC_00007222	1.0	1.0	1.0
GC_00007223	1.0	1.0	1.0
GC_00007224	1.0	1.0	1.0
GC_00007225	1.0	1.0	1.0
GC_00007226	1.0	1.0	1.0
GC_00007227	1.0	1.0	1.0
GC_00007228	1.0	1.0	1.0
GC_00007229	1.0	1.0	1.0
GC_00007230	1.0	1.0	1.0
GC_00007231	1.0	1.0	1.0
GC_00007232	1.0	1.0	1.0
GC_00007233	1.0	1.0	1.0
GC_00007234	1.0	1.0	1.0
GC_00007235	1.0	1.0	1.0
GC_00007236	1.0	1.0	1.0
GC_00007237	1.0	1.0	1.0
GC_00007238	1.0	1.0	1.0
GC_00007239	1.0	1.0	1.0
GC_00007240	1.0	1.0	1.0
GC_00007241	1.0	1.0	1.0
GC_00007242	1.0	1.0	1.0
GC_00007243	1.0	1.0	1.0
GC_00007244	1.0	1.0	1.0
GC_00007245	1.0	1.0	1.0
GC_00007246	1.0	1.0	1.0
GC_00007247	1.0	1.0	1.0
GC_00007248	1.0	1.0	1.0
GC_00007249	1.0	1.0	1.0
GC_00007250	1.0	1.0	1.0
GC_00007251	1.0	1.0	1.0
GC_00007252	1.0	1.0	1.0
GC_00007253	1.0	1.0	1.0
GC_00007254	1.0	1.0	1.0
GC_00007255	1.0	1.0	1.0
GC_00007256	1.0	1.0	1.0
GC_00007257	1.0	1.0	1.0
GC_00007258	1.0	1.0	1.0
GC_00007259	1.0	1.0	1.0
GC_00007260	1.0	1.0	1.0
GC_00007261	1.0	1.0	1.0
GC_00007262	1.0	1.0	1.0
GC_00007263	1.0	1.0	1.0
GC_00007264	1.0	1.0	1.0
GC_00007265	1.0	1.0	1.0
GC_00007266	1.0	1.0	1.0
GC_00007267	1.0	1.0	1.0
GC_00007268	1.0	1.0	1.0
GC_00007269	1.0	1.0	1.0
GC_00007270	1.0	1.0	1.0
GC_00007271	1.0	1.0	1.0
GC_00007272	1.0	1.0	1.0
GC_00007273	1.0	1.0	1.0
GC_00007274	1.0	1.0	1.0
GC_00007275	1.0	1.0	1.0
GC_00007276	1.0	1.0	1.0
GC_00007277	1.0	1.0	1.0
GC_00007278	1.0	1.0	1.0
GC_00007279	1.0	1.0	1.0
GC_00007280	1.0	1.0	1.0
GC_00007281	1.0	1.0	1.0
GC_00007282	1.0	1.0	1.0
GC_00007283	1.0	1.0	1.0
GC_00007284	1.0	1.0	1.0
GC_00007285	1.0	1.0	1.0
GC_00007286	1.0	1.0	1.0
GC_00007287	1.0	1.0	1.0
GC_00007288	1.0	1.0	1.0
GC_00007289	1.0	1.0	1.0
GC_00007290	1.0	1.0	1.0
GC_00007291	1.0	1.0	1.0
GC_00007292	1.0	1.0	1.0
GC_00007293	1.0	1.0	1.0
GC_00007294	1.0	1.0	1.0
GC_00007295	1.0	1.0	1.0
GC_00007296	1.0	1.0	1.0
GC_00007297	1.0	1.0	1.0
GC_00007298	1.0	1.0	1.0
GC_00007299	1.0	1.0	1.0
GC_00007300	1.0	1.0	1.0
GC_00007301	1.0	1.0	1.0
GC_00007302	1.0	1.0	1.0
GC_00007303	1.0	1.0	1.0
GC_00007304	1.0	1.0	1.0
GC_00007305	1.0	1.0	1.0
GC_00007306	1.0	1.0	1.0
GC_00007307	1.0	1.0	1.0
GC_00007308	1.0	1.0	1.0
GC_00007309	1.0	1.0	1.0
GC_00007310	1.0	1.0	1.0
GC_00007311	1.0	1.0	1.0
GC_00007312	1.0	1.0	1.0
GC_00007313	1.0	1.0	1.0
GC_00007314	1.0	1.0	1.0
GC_00007315	1.0	1.0	1.0
GC_00007316	1.0	1.0	1.0
GC_00007317	1.0	1.0	1.0
GC_00007318	1.0	1.0	1.0
GC_00007319	1.0	1.0	1.0
GC_00007320	1.0	1.0	1.0
GC_00007321	1.0	1.0	1.0
GC_00007322	1.0	1.0	1.0
GC_00007323	1.0	1.0	1.0
GC_00007324	1.0	1.0	1.0
GC_00007325	1.0	1.0	1.0
GC_00007326	1.0	1.0	1.0
GC_00007327	1.0	1.0	1.0
GC_00007328	1.0	1.0	1.0
GC_00007329	1.0	1.0	1.0
GC_00007330	1.0	1.0	1.0
GC_00007331	1.0	1.0	1.0
GC_00007332	1.0	1.0	1.0
GC_00007333	1.0	1.0	1.0
GC_00007334	1.0	1.0	1.0
GC_00007335	1.0	1.0	1.0
GC_00007336	1.0	1.0	1.0
GC_00007337	1.0	1.0	1.0
GC_00007338	1.0	1.0	1.0
GC_00007339	1.0	1.0	1.0
GC_00007340	1.0	1.0	1.0
GC_00007341	1.0	1.0	1.0
GC_00007342	1.0	1.0	1.0
GC_00007343	1.0	1.0	1.0
GC_00007344	1.0	1.0	1.0
GC_00007345	1.0	1.0	1.0
GC_00007346	1.0	1.0	1.0
GC_00007347	1.0	1.0	1.0
GC_00007348	1.0	1.0	1.0
GC_00007349	1.0	1.0	1.0
GC_00007350	1.0	1.0	1.0
GC_00007351	1.0	1.0	1.0
GC_00007352	1.0	1.0	1.0
GC_00007353	1.0	1.0	1.0
GC_00007354	1.0	1.0	1.0
GC_00007355	1.0	1.0	1.0
GC_00007356	1.0	1.0	1.0
GC_00007357	1.0	1.0	1.0
GC_00007358	1.0	1.0	1.0
GC_00007359	1.0	1.0	1.0
GC_00007360	1.0	1.0	1.0
GC_00007361	1.0	1.0	1.0
GC_00007362	1.0	1.0	1.0
GC_00007363	1.0	1.0	1.0
GC_00007364	1.0	1.0	1.0
GC_00007365	1.0	1.0	1.0
GC_00007366	1.0	1.0	1.0
GC_00007367	1.0	1.0	1.0
GC_00007368	1.0	1.0	1.0
GC_00007369	1.0	1.0	1.0
GC_00007370	1.0	1.0	1.0
GC_00007371	1.0	1.0	1.0
GC_00007372	1.0	1.0	1.0
GC_00007373	1.0	1.0	1.0
GC_00007374	1.0	1.0	1.0
GC_00007375	1.0	1.0	1.0
GC_00007376	1.0	1.0	1.0
GC_00007377	1.0	1.0	1.0
GC_00007378	1.0	1.0	1.0
GC_00007379	1.0	1.0	1.0
GC_00007380	1.0	1.0	1.0
GC_00007381	1.0	1.0	1.0
GC_00007382	1.0	1.0	1.0
GC_00007383	1.0	1.0	1.0
GC_00007384	1.0	1.0	1.0
GC_00007385	1.0	1.0	1.0
GC_00007386	1.0	1.0	1.0
GC_00007387	1.0	1.0	1.0
GC_00007388	1.0	1.0	1.0
GC_00007389	1.0	1.0	1.0
GC_00007390	1.0	1.0	1.0
GC_00007391	1.0	1.0	1.0
GC_00007392	1.0	1.0	1.0
GC_00007393	1.0	1.0	1.0
GC_00007394	1.0	1.0	1.0
GC_00007395	1.0	1.0	1.0
GC_00007396	1.0	1.0	1.0
GC_00007397	1.0	1.0	1.0
GC_00007398	1.0	1.0	1.0
GC_00007399	1.0	1.0	1.0
GC_00007400	1.0	1.0	1.0
GC_00007401	1.0	1.0	1.0
GC_00007402	1.0	1.0	1.0
GC_00007403	1.0	1.0	1.0
GC_00007404	1.0	1.0	1.0
GC_00007405	1.0	1.0	1.0
GC_00007406	1.0	1.0	1.0
GC_00007407	1.0	1.0	1.0
GC_00007408	1.0	1.0	1.0
GC_00007409	1.0	1.0	1.0
GC_00007410	1.0	1.0	1.0
GC_00007411	1.0	1.0	1.0
GC_00007412	1.0	1.0	1.0
GC_00007413	1.0	1.0	1.0
GC_00007414	1.0	1.0	1.0
GC_00007415	1.0	1.0	1.0
GC_00007416	1.0	1.0	1.0
GC_00007417	1.0	1.0	1.0
GC_00007418	1.0	1.0	1.0
GC_00007419	1.0	1.0	1.0
GC_00007420	1.0	1.0	1.0
GC_00007421	1.0	1.0	1.0
GC_00007422	1.0	1.0	1.0
GC_00007423	1.0	1.0	1.0
GC_00007424	1.0	1.0	1.0
GC_00007425	1.0	1.0	1.0
GC_00007426	1.0	1.0	1.0
GC_00007427	1.0	1.0	1.0
GC_00007428	1.0	1.0	1.0
GC_00007429	1.0	1.0	1.0
GC_00007430	1.0	1.0	1.0
GC_00007431	1.0	1.0	1.0
GC_00007432	1.0	1.0	1.0
GC_00007433	1.0	1.0	1.0
GC_00007434	1.0	1.0	1.0
GC_00007435	1.0	1.0	1.0
GC_00007436	1.0	1.0	1.0
GC_00007437	1.0	1.0	1.0
GC_00007438	1.0	1.0	1.0
GC_00007439	1.0	1.0	1.0
GC_00007440	1.0	1.0	1.0
GC_00007441	1.0	1.0	1.0
GC_00007442	1.0	1.0	1.0
GC_00007443	1.0	1.0	1.0
GC_00007444	1.0	1.0	1.0
GC_00007445	1.0	1.0	1.0
GC_00007446	1.0	1.0	1.0
GC_00007447	1.0	1.0	1.0
GC_00007448	1.0	1.0	1.0
GC_00007449	1.0	1.0	1.0
GC_00007450	1.0	1.0	1.0
GC_00007451	1.0	1.0	1.0
GC_00007452	1.0	1.0	1.0
GC_00007453	1.0	1.0	1.0
GC_00007454	1.0	1.0	1.0
GC_00007455	1.0	1.0	1.0
GC_00007456	1.0	1.0	1.0
GC_00007457	1.0	1.0	1.0
GC_00007458	1.0	1.0	1.0
GC_00007459	1.0	1.0	1.0
GC_00007460	1.0	1.0	1.0
GC_00007461	1.0	1.0	1.0
GC_00007462	1.0	1.0	1.0
GC_00007463	1.0	1.0	1.0
GC_00007464	1.0	1.0	1.0
GC_00007465	1.0	1.0	1.0
GC_00007466	1.0	1.0	1.0
GC_00007467	1.0	1.0	1.0
GC_00007468	1.0	1.0	1.0
GC_00007469	1.0	1.0	1.0
GC_00007470	1.0	1.0	1.0
GC_00007471	1.0	1.0	1.0
GC_00007472	1.0	1.0	1.0
GC_00007473	1.0	1.0	1.0
GC_00007474	1.0	1.0	1.0
GC_00007475	1.0	1.0	1.0
GC_00007476	1.0	1.0	1.0
GC_00007477	1.0	1.0	1.0
GC_00007478	1.0	1.0	1.0
GC_00007479	1.0	1.0	1.0
GC_00007480	1.0	1.0	1.0
GC_00007481	1.0	1.0	1.0
GC_00007482	1.0	1.0	1.0
GC_00007483	1.0	1.0	1.0
GC_00007484	1.0	1.0	1.0
GC_00007485	1.0	1.0	1.0
GC_00007486	1.0	1.0	1.0
GC_00007487	1.0	1.0	1.0
GC_00007488	1.0	1.0	1.0
GC_00007489	1.0	1.0	1.0
GC_00007490	1.0	1.0	1.0
GC_00007491	1.0	1.0	1.0
GC_00007492	1.0	1.0	1.0
GC_00007493	1.0	1.0	1.0
GC_00007494	1.0	1.0	1.0
GC_00007495	1.0	1.0	1.0
GC_00007496	1.0	1.0	1.0
GC_00007497	1.0	1.0	1.0
GC_00007498	1.0	1.0	1.0
GC_00007499	1.0	1.0	1.0
GC_00007500	1.0	1.0	1.0
GC_00007501	1.0	1.0	1.0
GC_00007502	1.0	1.0	1.0
GC_00007503	1.0	1.0	1.0
GC_00007504	1.0	1.0	1.0
GC_00007505	1.0	1.0	1.0
GC_00007506	1.0	1.0	1.0
GC_00007507	1.0	1.0	1.0
GC_00007508	1.0	1.0	1.0
GC_00007509	1.0	1.0	1.0
GC_00007510	1.0	1.0	1.0
GC_00007511	1.0	1.0	1.0
GC_00007512	1.0	1.0	1.0
GC_00007513	1.0	1.0	1.0
GC_00007514	1.0	1.0	1.0
GC_00007515	1.0	1.0	1.0
GC_00007516	1.0	1.0	1.0
GC_00007517	1.0	1.0	1.0
GC_00007518	1.0	1.0	1.0
GC_00007519	1.0	1.0	1.0
GC_00007520	1.0	1.0	1.0
GC_00007521	1.0	1.0	1.0
GC_00007522	1.0	1.0	1.0
GC_00007523	1.0	1.0	1.0
GC_00007524	1.0	1.0	1.0
GC_00007525	1.0	1.0	1.0
GC_00007526	1.0	1.0	1.0
GC_00007527	1.0	1.0	1.0
GC_00007528	1.0	1.0	1.0
GC_00007529	1.0	1.0	1.0
GC_00007530	1.0	1.0	1.0
GC_00007531	1.0	1.0	1.0
GC_00007532	1.0	1.0	1.0
GC_00007533	1.0	1.0	1.0
GC_00007534	1.0	1.0	1.0
GC_00007535	1.0	1.0	1.0
GC_00007536	1.0	1.0	1.0
GC_00007537	1.0	1.0	1.0
GC_00007538	1.0	1.0	1.0
GC_00007539	1.0	1.0	1.0
GC_00007540	1.0	1.0	1.0
GC_00007541	1.0	1.0	1.0
GC_00007542	1.0	1.0	1.0
GC_00007543	1.0	1.0	1.0
GC_00007544	1.0	1.0	1.0
GC_00007545	1.0	1.0	1.0
GC_00007546	1.0	1.0	1.0
GC_00007547	1.0	1.0	1.0
GC_00007548	1.0	1.0	1.0
GC_00007549	1.0	1.0	1.0
GC_00007550	1.0	1.0	1.0
GC_00007551	1.0	1.0	1.0
GC_00007552	1.0	1.0	1.0
GC_00007553	1.0	1.0	1.0
GC_00007554	1.0	1.0	1.0
GC_00007555	1.0	1.0	1.0
GC_00007556	1.0	1.0	1.0
GC_00007557	1.0	1.0	1.0
GC_00007558	1.0	1.0	1.0
GC_00007559	1.0	1.0	1.0
GC_00007560	1.0	1.0	1.0
GC_00007561	1.0	1.0	1.0
GC_00007562	1.0	1.0	1.0
GC_00007563	1.0	1.0	1.0
GC_00007564	1.0	1.0	1.0
GC_00007565	1.0	1.0	1.0
GC_00007566	1.0	1.0	1.0
GC_00007567	1.0	1.0	1.0
GC_00007568	1.0	1.0	1.0
GC_00007569	1.0	1.0	1.0
GC_00007570	1.0	1.0	1.0
GC_00007571	1.0	1.0	1.0
GC_00007572	1.0	1.0	1.0
GC_00007573	1.0	1.0	1.0
GC_00007574	1.0	1.0	1.0
GC_00007575	1.0	1.0	1.0
GC_00007576	1.0	1.0	1.0
GC_00007577	1.0	1.0	1.0
GC_00007578	1.0	1.0	1.0
GC_00007579	1.0	1.0	1.0
GC_00007580	1.0	1.0	1.0
GC_00007581	1.0	1.0	1.0
GC_00007582	1.0	1.0	1.0
GC_00007583	1.0	1.0	1.0
GC_00007584	1.0	1.0	1.0
GC_00007585	1.0	1.0	1.0
GC_00007586	1.0	1.0	1.0
GC_00007587	1.0	1.0	1.0
GC_00007588	1.0	1.0	1.0
GC_00007589	1.0	1.0	1.0
GC_00007590	1.0	1.0	1.0
GC_00007591	1.0	1.0	1.0
GC_00007592	1.0	1.0	1.0
GC_00007593	1.0	1.0	1.0
GC_00007594	1.0	1.0	1.0
GC_00007595	1.0	1.0	1.0
GC_00007596	1.0	1.0	1.0
GC_00007597	1.0	1.0	1.0
GC_00007598	1.0	1.0	1.0
GC_00007599	1.0	1.0	1.0
GC_00007600	1.0	1.0	1.0
GC_00007601	1.0	1.0	1.0
GC_00007602	1.0	1.0	1.0
GC_00007603	1.0	1.0	1.0
GC_00007604	1.0	1.0	1.0
GC_00007605	1.0	1.0	1.0
GC_00007606	1.0	1.0	1.0
GC_00007607	1.0	1.0	1.0
GC_00007608	1.0	1.0	1.0
GC_00007609	1.0	1.0	1.0
GC_00007610	1.0	1.0	1.0
GC_00007611	1.0	1.0	1.0
GC_00007612	1.0	1.0	1.0
GC_00007613	1.0	1.0	1.0
GC_00007614	1.0	1.0	1.0
GC_00007615	1.0	1.0	1.0
GC_00007616	1.0	1.0	1.0
GC_00007617	1.0	1.0	1.0
GC_00007618	1.0	1.0	1.0
GC_00007619	1.0	1.0	1.0
GC_00007620	1.0	1.0	1.0
GC_00007621	1.0	1.0	1.0
GC_00007622	1.0	1.0	1.0
GC_00007623	1.0	1.0	1.0
GC_00007624	1.0	1.0	1.0
GC_00007625	1.0	1.0	1.0
GC_00007626	1.0	1.0	1.0
GC_00007627	1.0	1.0	1.0
GC_00007628	1.0	1.0	1.0
GC_00007629	1.0	1.0	1.0
GC_00007630	1.0	1.0	1.0
GC_00007631	1.0	1.0	1.0
GC_00007632	1.0	1.0	1.0
GC_00007633	1.0	1.0	1.0
GC_00007634	1.0	1.0	1.0
GC_00007635	1.0	1.0	1.0
GC_00007636	1.0	1.0	1.0
GC_00007637	1.0	1.0	1.0
GC_00007638	1.0	1.0	1.0
GC_00007639	1.0	1.0	1.0
GC_00007640	1.0	1.0	1.0
GC_00007641	1.0	1.0	1.0
GC_00007642	1.0	1.0	1.0
GC_00007643	1.0	1.0	1.0
GC_00007644	1.0	1.0	1.0
GC_00007645	1.0	1.0	1.0
GC_00007646	1.0	1.0	1.0
GC_00007647	1.0	1.0	1.0
GC_00007648	1.0	1.0	1.0
GC_00007649	1.0	1.0	1.0
GC_00007650	1.0	1.0	1.0
GC_00007651	1.0	1.0	1.0
GC_00007652	1.0	1.0	1.0
GC_00007653	1.0	1.0	1.0
GC_00007654	1.0	1.0	1.0
GC_00007655	1.0	1.0	1.0
GC_00007656	1.0	1.0	1.0
GC_00007657	1.0	1.0	1.0
GC_00007658	1.0	1.0	1.0
GC_00007659	1.0	1.0	1.0
GC_00007660	1.0	1.0	1.0
GC_00007661	1.0	1.0	1.0
GC_00007662	1.0	1.0	1.0
GC_00007663	1.0	1.0	1.0
GC_00007664	1.0	1.0	1.0
GC_00007665	1.0	1.0	1.0
GC_00007666	1.0	1.0	1.0
GC_00007667	1.0	1.0	1.0
GC_00007668	1.0	1.0	1.0
GC_00007669	1.0	1.0	1.0
GC_00007670	1.0	1.0	1.0
GC_00007671	1.0	1.0	1.0
GC_00007672	1.0	1.0	1.0
GC_00007673	1.0	1.0	1.0
GC_00007674	1.0	1.0	1.0
GC_00007675	1.0	1.0	1.0
GC_00007676	1.0	1.0	1.0
GC_00007677	1.0	1.0	1.0
GC_00007678	1.0	1.0	1.0
GC_00007679	1.0	1.0	1.0
GC_00007680	1.0	1.0	1.0
GC_00007681	1.0	1.0	1.0
GC_00007682	1.0	1.0	1.0
GC_00007683	1.0	1.0	1.0
GC_00007684	1.0	1.0	1.0
GC_00007685	1.0	1.0	1.0
GC_00007686	1.0	1.0	1.0
GC_00007687	1.0	1.0	1.0
GC_00007688	1.0	1.0	1.0
GC_00007689	1.0	1.0	1.0
GC_00007690	1.0	1.0	1.0
GC_00007691	1.0	1.0	1.0
GC_00007692	1.0	1.0	1.0
GC_00007693	1.0	1.0	1.0
GC_00007694	1.0	1.0	1.0
GC_00007695	1.0	1.0	1.0
GC_00007696	1.0	1.0	1.0
GC_00007697	1.0	1.0	1.0
GC_00007698	1.0	1.0	1.0
GC_00007699	1.0	1.0	1.0
GC_00007700	1.0	1.0	1.0
GC_00007701	1.0	1.0	1.0
GC_00007702	1.0	1.0	1.0
GC_00007703	1.0	1.0	1.0
GC_00007704	1.0	1.0	1.0
GC_00007705	1.0	1.0	1.0
GC_00007706	1.0	1.0	1.0
GC_00007707	1.0	1.0	1.0
GC_00007708	1.0	1.0	1.0
GC_00007709	1.0	1.0	1.0
GC_00007710	1.0	1.0	1.0
GC_00007711	1.0	1.0	1.0
GC_00007712	1.0	1.0	1.0
GC_00007713	1.0	1.0	1.0
GC_00007714	1.0	1.0	1.0
GC_00007715	1.0	1.0	1.0
GC_00007716	1.0	1.0	1.0
GC_00007717	1.0	1.0	1.0
GC_00007718	1.0	1.0	1.0
GC_00007719	1.0	1.0	1.0
GC_00007720	1.0	1.0	1.0
GC_00007721	1.0	1.0	1.0
GC_00007722	1.0	1.0	1.0
GC_00007723	1.0	1.0	1.0
GC_00007724	1.0	1.0	1.0
GC_00007725	1.0	1.0	1.0
GC_00007726	1.0	1.0	1.0
GC_00007727	1.0	1.0	1.0
GC_00007728	1.0	1.0	1.0
GC_00007729	1.0	1.0	1.0
GC_00007730	1.0	1.0	1.0
GC_00007731	1.0	1.0	1.0
GC_00007732	1.0	1.0	1.0
GC_00007733	1.0	1.0	1.0
GC_00007734	1.0	1.0	1.0
GC_00007735	1.0	1.0	1.0
GC_00007736	1.0	1.0	1.0
GC_00007737	1.0	1.0	1.0
GC_00007738	1.0	1.0	1.0
GC_00007739	1.0	1.0	1.0
GC_00007740	1.0	1.0	1.0
GC_00007741	1.0	1.0	1.0
GC_00007742	1.0	1.0	1.0
GC_00007743	1.0	1.0	1.0
GC_00007744	1.0	1.0	1.0
GC_00007745	1.0	1.0	1.0
GC_00007746	1.0	1.0	1.0
GC_00007747	1.0	1.0	1.0
GC_00007748	1.0	1.0	1.0
GC_00007749	1.0	1.0	1.0
GC_00007750	1.0	1.0	1.0
GC_00007751	1.0	1.0	1.0
GC_00007752	1.0	1.0	1.0
GC_00007753	1.0	1.0	1.0
GC_00007754	1.0	1.0	1.0
GC_00007755	1.0	1.0	1.0
GC_00007756	1.0	1.0	1.0
GC_00007757	1.0	1.0	1.0
GC_00007758	1.0	1.0	1.0
GC_00007759	1.0	1.0	1.0
GC_00007760	1.0	1.0	1.0
GC_00007761	1.0	1.0	1.0
GC_00007762	1.0	1.0	1.0
GC_00007763	1.0	1.0	1.0
GC_00007764	1.0	1.0	1.0
GC_00007765	1.0	1.0	1.0
GC_00007766	1.0	1.0	1.0
GC_00007767	1.0	1.0	1.0
GC_00007768	1.0	1.0	1.0
GC_00007769	1.0	1.0	1.0
GC_00007770	1.0	1.0	1.0
GC_00007771	1.0	1.0	1.0
GC_00007772	1.0	1.0	1.0
GC_00007773	1.0	1.0	1.0
GC_00007774	1.0	1.0	1.0
GC_00007775	1.0	1.0	1.0
GC_00007776	1.0	1.0	1.0
GC_00007777	1.0	1.0	1.0
GC_00007778	1.0	1.0	1.0
GC_00007779	1.0	1.0	1.0
GC_00007780	1.0	1.0	1.0
GC_00007781	1.0	1.0	1.0
GC_00007782	1.0	1.0	1.0
GC_00007783	1.0	1.0	1.0
GC_00007784	1.0	1.0	1.0
GC_00007785	1.0	1.0	1.0
GC_00007786	1.0	1.0	1.0
GC_00007787	1.0	1.0	1.0
GC_00007788	1.0	1.0	1.0
GC_00007789	1.0	1.0	1.0
GC_00007790	1.0	1.0	1.0
GC_00007791	1.0	1.0	1.0
GC_00007792	1.0	1.0	1.0
GC_00007793	1.0	1.0	1.0
GC_00007794	1.0	1.0	1.0
GC_00007795	1.0	1.0	1.0
GC_00007796	1.0	1.0	1.0
GC_00007797	1.0	1.0	1.0
GC_00007798	1.0	1.0	1.0
GC_00007799	1.0	1.0	1.0
GC_00007800	1.0	1.0	1.0
GC_00007801	1.0	1.0	1.0
GC_00007802	1.0	1.0	1.0
GC_00007803	1.0	1.0	1.0
GC_00007804	1.0	1.0	1.0
GC_00007805	1.0	1.0	1.0
GC_00007806	1.0	1.0	1.0
GC_00007807	1.0	1.0	1.0
GC_00007808	1.0	1.0	1.0
GC_00007809	1.0	1.0	1.0
GC_00007810	1.0	1.0	1.0
GC_00007811	1.0	1.0	1.0
GC_00007812	1.0	1.0	1.0
GC_00007813	1.0	1.0	1.0
GC_00007814	1.0	1.0	1.0
GC_00007815	1.0	1.0	1.0
GC_00007816	1.0	1.0	1.0
GC_00007817	1.0	1.0	1.0
GC_00007818	1.0	1.0	1.0
GC_00007819	1.0	1.0	1.0
GC_00007820	1.0	1.0	1.0
GC_00007821	1.0	1.0	1.0
GC_00007822	1.0	1.0	1.0
GC_00007823	1.0	1.0	1.0
GC_00007824	1.0	1.0	1.0
GC_00007825	1.0	1.0	1.0
GC_00007826	1.0	1.0	1.0
GC_00007827	1.0	1.0	1.0
GC_00007828	1.0	1.0	1.0
GC_00007829	1.0	1.0	1.0
GC_00007830	1.0	1.0	1.0
GC_00007831	1.0	1.0	1.0
GC_00007832	1.0	1.0	1.0
GC_00007833	1.0	1.0	1.0
GC_00007834	1.0	1.0	1.0
GC_00007835	1.0	1.0	1.0
GC_00007836	1.0	1.0	1.0
GC_00007837	1.0	1.0	1.0
GC_00007838	1.0	1.0	1.0
GC_00007839	1.0	1.0	1.0
GC_00007840	1.0	1.0	1.0
GC_00007841	1.0	1.0	1.0
GC_00007842	1.0	1.0	1.0
GC_00007843	1.0	1.0	1.0
GC_00007844	1.0	1.0	1.0
GC_00007845	1.0	1.0	1.0
GC_00007846	1.0	1.0	1.0
GC_00007847	1.0	1.0	1.0
GC_00007848	1.0	1.0	1.0
GC_00007849	1.0	1.0	1.0
GC_00007850	1.0	1.0	1.0
GC_00007851	1.0	1.0	1.0
GC_00007852	1.0	1.0	1.0
GC_00007853	1.0	1.0	1.0
GC_00007854	1.0	1.0	1.0
GC_00007855	1.0	1.0	1.0
GC_00007856	1.0	1.0	1.0
GC_00007857	1.0	1.0	1.0
GC_00007858	1.0	1.0	1.0
GC_00007859	1.0	1.0	1.0
GC_00007860	1.0	1.0	1.0
GC_00007861	1.0	1.0	1.0
GC_00007862	1.0	1.0	1.0
GC_00007863	1.0	1.0	1.0
GC_00007864	1.0	1.0	1.0
GC_00007865	1.0	1.0	1.0
GC_00007866	1.0	1.0	1.0
GC_00007867	1.0	1.0	1.0
GC_00007868	1.0	1.0	1.0
GC_00007869	1.0	1.0	1.0
GC_00007870	1.0	1.0	1.0
GC_00007871	1.0	1.0	1.0
GC_00007872	1.0	1.0	1.0
GC_00007873	1.0	1.0	1.0
GC_00007874	1.0	1.0	1.0
GC_00007875	1.0	1.0	1.0
GC_00007876	1.0	1.0	1.0
GC_00007877	1.0	1.0	1.0
GC_00007878	1.0	1.0	1.0
GC_00007879	1.0	1.0	1.0
GC_00007880	1.0	1.0	1.0
GC_00007881	1.0	1.0	1.0
GC_00007882	1.0	1.0	1.0
GC_00007883	1.0	1.0	1.0
GC_00007884	1.0	1.0	1.0
GC_00007885	1.0	1.0	1.0
GC_00007886	1.0	1.0	1.0
GC_00007887	1.0	1.0	1.0
GC_00007888	1.0	1.0	1.0
GC_00007889	1.0	1.0	1.0
GC_00007890	1.0	1.0	1.0
GC_00007891	1.0	1.0	1.0
GC_00007892	1.0	1.0	1.0
GC_00007893	1.0	1.0	1.0
GC_00007894	1.0	1.0	1.0
GC_00007895	1.0	1.0	1.0
GC_00007896	1.0	1.0	1.0
GC_00007897	1.0	1.0	1.0
GC_00007898	1.0	1.0	1.0
GC_00007899	1.0	1.0	1.0
GC_00007900	1.0	1.0	1.0
GC_00007901	1.0	1.0	1.0
GC_00007902	1.0	1.0	1.0
GC_00007903	1.0	1.0	1.0
GC_00007904	1.0	1.0	1.0
GC_00007905	1.0	1.0	1.0
GC_00007906	1.0	1.0	1.0
GC_00007907	1.0	1.0	1.0
GC_00007908	1.0	1.0	1.0
GC_00007909	1.0	1.0	1.0
GC_00007910	1.0	1.0	1.0
GC_00007911	1.0	1.0	1.0
GC_00007912	1.0	1.0	1.0
GC_00007913	1.0	1.0	1.0
GC_00007914	1.0	1.0	1.0
GC_00007915	1.0	1.0	1.0
GC_00007916	1.0	1.0	1.0
GC_00007917	1.0	1.0	1.0
GC_00007918	1.0	1.0	1.0
GC_00007919	1.0	1.0	1.0
GC_00007920	1.0	1.0	1.0
GC_00007921	1.0	1.0	1.0
GC_00007922	1.0	1.0	1.0
GC_00007923	1.0	1.0	1.0
GC_00007924	1.0	1.0	1.0
GC_00007925	1.0	1.0	1.0
GC_00007926	1.0	1.0	1.0
GC_00007927	1.0	1.0	1.0
GC_00007928	1.0	1.0	1.0
GC_00007929	1.0	1.0	1.0
GC_00007930	1.0	1.0	1.0
GC_00007931	1.0	1.0	1.0
GC_00007932	1.0	1.0	1.0
GC_00007933	1.0	1.0	1.0
GC_00007934	1.0	1.0	1.0
GC_00007935	1.0	1.0	1.0
GC_00007936	1.0	1.0	1.0
GC_00007937	1.0	1.0	1.0
GC_00007938	1.0	1.0	1.0
GC_00007939	1.0	1.0	1.0
GC_00007940	1.0	1.0	1.0
GC_00007941	1.0	1.0	1.0
GC_00007942	1.0	1.0	1.0
GC_00007943	1.0	1.0	1.0
GC_00007944	1.0	1.0	1.0
GC_00007945	1.0	1.0	1.0
GC_00007946	1.0	1.0	1.0
GC_00007947	1.0	1.0	1.0
GC_00007948	1.0	1.0	1.0
GC_00007949	1.0	1.0	1.0
GC_00007950	1.0	1.0	1.0
GC_00007951	1.0	1.0	1.0
GC_00007952	1.0	1.0	1.0
GC_00007953	1.0	1.0	1.0
GC_00007954	1.0	1.0	1.0
GC_00007955	1.0	1.0	1.0
GC_00007956	1.0	1.0	1.0
GC_00007957	1.0	1.0	1.0
GC_00007958	1.0	1.0	1.0
GC_00007959	1.0	1.0	1.0
GC_00007960	1.0	1.0	1.0
GC_00007961	1.0	1.0	1.0
GC_00007962	1.0	1.0	1.0
GC_00007963	1.0	1.0	1.0
GC_00007964	1.0	1.0	1.0
GC_00007965	1.0	1.0	1.0
GC_00007966	1.0	1.0	1.0
GC_00007967	1.0	1.0	1.0
GC_00007968	1.0	1.0	1.0
GC_00007969	1.0	1.0	1.0
GC_00007970	1.0	1.0	1.0
GC_00007971	1.0	1.0	1.0
GC_00007972	1.0	1.0	1.0
GC_00007973	1.0	1.0	1.0
GC_00007974	1.0	1.0	1.0
GC_00007975	1.0	1.0	1.0
GC_00007976	1.0	1.0	1.0
GC_00007977	1.0	1.0	1.0
GC_00007978	1.0	1.0	1.0
GC_00007979	1.0	1.0	1.0
GC_00007980	1.0	1.0	1.0
GC_00007981	1.0	1.0	1.0
GC_00007982	1.0	1.0	1.0
GC_00007983	1.0	1.0	1.0
GC_00007984	1.0	1.0	1.0
GC_00007985	1.0	1.0	1.0
GC_00007986	1.0	1.0	1.0
GC_00007987	1.0	1.0	1.0
GC_00007988	1.0	1.0	1.0
GC_00007989	1.0	1.0	1.0
GC_00007990	1.0	1.0	1.0
GC_00007991	1.0	1.0	1.0
GC_00007992	1.0	1.0	1.0
GC_00007993	1.0	1.0	1.0
GC_00007994	1.0	1.0	1.0
GC_00007995	1.0	1.0	1.0
GC_00007996	1.0	1.0	1.0
GC_00007997	1.0	1.0	1.0
GC_00007998	1.0	1.0	1.0
GC_00007999	1.0	1.0	1.0
GC_00008000	1.0	1.0	1.0
GC_00008001	1.0	1.0	1.0
GC_00008002	1.0	1.0	1.0
GC_00008003	1.0	1.0	1.0
GC_00008004	1.0	1.0	1.0
GC_00008005	1.0	1.0	1.0
GC_00008006	1.0	1.0	1.0
GC_00008007	1.0	1.0	1.0
GC_00008008	1.0	1.0	1.0
GC_00008009	1.0	1.0	1.0
GC_00008010	1.0	1.0	1.0
GC_00008011	1.0	1.0	1.0
GC_00008012	1.0	1.0	1.0
GC_00008013	1.0	1.0	1.0
GC_00008014	1.0	1.0	1.0
GC_00008015	1.0	1.0	1.0
GC_00008016	1.0	1.0	1.0
GC_00008017	1.0	1.0	1.0
GC_00008018	1.0	1.0	1.0
GC_00008019	1.0	1.0	1.0
GC_00008020	1.0	1.0	1.0
GC_00008021	1.0	1.0	1.0
GC_00008022	1.0	1.0	1.0
GC_00008023	1.0	1.0	1.0
GC_00008024	1.0	1.0	1.0
GC_00008025	1.0	1.0	1.0
GC_00008026	1.0	1.0	1.0
GC_00008027	1.0	1.0	1.0
GC_00008028	1.0	1.0	1.0
GC_00008029	1.0	1.0	1.0
GC_00008030	1.0	1.0	1.0
GC_00008031	1.0	1.0	1.0
GC_00008032	1.0	1.0	1.0
GC_00008033	1.0	1.0	1.0
GC_00008034	1.0	1.0	1.0
GC_00008035	1.0	1.0	1.0
GC_00008036	1.0	1.0	1.0
GC_00008037	1.0	1.0	1.0
GC_00008038	1.0	1.0	1.0
GC_00008039	1.0	1.0	1.0
GC_00008040	1.0	1.0	1.0
GC_00008041	1.0	1.0	1.0
GC_00008042	1.0	1.0	1.0
GC_00008043	1.0	1.0	1.0
GC_00008044	1.0	1.0	1.0
GC_00008045	1.0	1.0	1.0
GC_00008046	1.0	1.0	1.0
GC_00008047	1.0	1.0	1.0
GC_00008048	1.0	1.0	1.0
GC_00008049	1.0	1.0	1.0
GC_00008050	1.0	1.0	1.0
GC_00008051	1.0	1.0	1.0
GC_00008052	1.0	1.0	1.0
GC_00008053	1.0	1.0	1.0
GC_00008054	1.0	1.0	1.0
GC_00008055	1.0	1.0	1.0
GC_00008056	1.0	1.0	1.0
GC_00008057	1.0	1.0	1.0
GC_00008058	1.0	1.0	1.0
GC_00008059	1.0	1.0	1.0
GC_00008060	1.0	1.0	1.0
GC_00008061	1.0	1.0	1.0
GC_00008062	1.0	1.0	1.0
GC_00008063	1.0	1.0	1.0
GC_00008064	1.0	1.0	1.0
GC_00008065	1.0	1.0	1.0
GC_00008066	1.0	1.0	1.0
GC_00008067	1.0	1.0	1.0
GC_00008068	1.0	1.0	1.0
GC_00008069	1.0	1.0	1.0
GC_00008070	1.0	1.0	1.0
GC_00008071	1.0	1.0	1.0
GC_00008072	1.0	1.0	1.0
GC_00008073	1.0	1.0	1.0
GC_00008074	1.0	1.0	1.0
GC_00008075	1.0	1.0	1.0
GC_00008076	1.0	1.0	1.0
GC_00008077	1.0	1.0	1.0
GC_00008078	1.0	1.0	1.0
GC_00008079	1.0	1.0	1.0
GC_00008080	1.0	1.0	1.0
GC_00008081	1.0	1.0	1.0
GC_00008082	1.0	1.0	1.0
GC_00008083	1.0	1.0	1.0
GC_00008084	1.0	1.0	1.0
GC_00008085	1.0	1.0	1.0
GC_00008086	1.0	1.0	1.0
GC_00008087	1.0	1.0	1.0
GC_00008088	1.0	1.0	1.0
GC_00008089	1.0	1.0	1.0
GC_00008090	1.0	1.0	1.0
GC_00008091	1.0	1.0	1.0
GC_00008092	1.0	1.0	1.0
GC_00008093	1.0	1.0	1.0
GC_00008094	1.0	1.0	1.0
GC_00008095	1.0	1.0	1.0
GC_00008096	1.0	1.0	1.0
GC_00008097	1.0	1.0	1.0
GC_00008098	1.0	1.0	1.0
GC_00008099	1.0	1.0	1.0
GC_00008100	1.0	1.0	1.0
GC_00008101	1.0	1.0	1.0
GC_00008102	1.0	1.0	1.0
GC_00008103	1.0	1.0	1.0
GC_00008104	1.0	1.0	1.0
GC_00008105	1.0	1.0	1.0
GC_00008106	1.0	1.0	1.0
GC_00008107	1.0	1.0	1.0
GC_00008108	1.0	1.0	1.0
GC_00008109	1.0	1.0	1.0
GC_00008110	1.0	1.0	1.0
GC_00008111	1.0	1.0	1.0
GC_00008112	1.0	1.0	1.0
GC_00008113	1.0	1.0	1.0
GC_00008114	1.0	1.0	1.0
GC_00008115	1.0	1.0	1.0
GC_00008116	1.0	1.0	1.0
GC_00008117	1.0	1.0	1.0
GC_00008118	1.0	1.0	1.0
GC_00008119	1.0	1.0	1.0
GC_00008120	1.0	1.0	1.0
GC_00008121	1.0	1.0	1.0
GC_00008122	1.0	1.0	1.0
GC_00008123	1.0	1.0	1.0
GC_00008124	1.0	1.0	1.0
GC_00008125	1.0	1.0	1.0
GC_00008126	1.0	1.0	1.0
GC_00008127	1.0	1.0	1.0
GC_00008128	1.0	1.0	1.0
GC_00008129	1.0	1.0	1.0
GC_00008130	1.0	1.0	1.0
GC_00008131	1.0	1.0	1.0
GC_00008132	1.0	1.0	1.0
GC_00008133	1.0	1.0	1.0
GC_00008134	1.0	1.0	1.0
GC_00008135	1.0	1.0	1.0
GC_00008136	1.0	1.0	1.0
GC_00008137	1.0	1.0	1.0
GC_00008138	1.0	1.0	1.0
GC_00008139	1.0	1.0	1.0
GC_00008140	1.0	1.0	1.0
GC_00008141	1.0	1.0	1.0
GC_00008142	1.0	1.0	1.0
GC_00008143	1.0	1.0	1.0
GC_00008144	1.0	1.0	1.0
GC_00008145	1.0	1.0	1.0
GC_00008146	1.0	1.0	1.0
GC_00008147	1.0	1.0	1.0
GC_00008148	1.0	1.0	1.0
GC_00008149	1.0	1.0	1.0
GC_00008150	1.0	1.0	1.0
GC_00008151	1.0	1.0	1.0
GC_00008152	1.0	1.0	1.0
GC_00008153	1.0	1.0	1.0
GC_00008154	1.0	1.0	1.0
GC_00008155	1.0	1.0	1.0
GC_00008156	1.0	1.0	1.0
GC_00008157	1.0	1.0	1.0
GC_00008158	1.0	1.0	1.0
GC_00008159	1.0	1.0	1.0
GC_00008160	1.0	1.0	1.0
GC_00008161	1.0	1.0	1.0
GC_00008162	1.0	1.0	1.0
GC_00008163	1.0	1.0	1.0
GC_00008164	1.0	1.0	1.0
GC_00008165	1.0	1.0	1.0
GC_00008166	1.0	1.0	1.0
GC_00008167	1.0	1.0	1.0
GC_00008168	1.0	1.0	1.0
GC_00008169	1.0	1.0	1.0
GC_00008170	1.0	1.0	1.0
GC_00008171	1.0	1.0	1.0
GC_00008172	1.0	1.0	1.0
GC_00008173	1.0	1.0	1.0
GC_00008174	1.0	1.0	1.0
GC_00008175	1.0	1.0	1.0
GC_00008176	1.0	1.0	1.0
GC_00008177	1.0	1.0	1.0
GC_00008178	1.0	1.0	1.0
GC_00008179	1.0	1.0	1.0
GC_00008180	1.0	1.0	1.0
GC_00008181	1.0	1.0	1.0
GC_00008182	1.0	1.0	1.0
GC_00008183	1.0	1.0	1.0
GC_00008184	1.0	1.0	1.0
GC_00008185	1.0	1.0	1.0
GC_00008186	1.0	1.0	1.0
GC_00008187	1.0	1.0	1.0
GC_00008188	1.0	1.0	1.0
GC_00008189	1.0	1.0	1.0
GC_00008190	1.0	1.0	1.0
GC_00008191	1.0	1.0	1.0
GC_00008192	1.0	1.0	1.0
GC_00008193	1.0	1.0	1.0
GC_00008194	1.0	1.0	1.0
GC_00008195	1.0	1.0	1.0
GC_00008196	1.0	1.0	1.0
GC_00008197	1.0	1.0	1.0
GC_00008198	1.0	1.0	1.0
GC_00008199	1.0	1.0	1.0
GC_00008200	1.0	1.0	1.0
GC_00008201	1.0	1.0	1.0
GC_00008202	1.0	1.0	1.0
GC_00008203	1.0	1.0	1.0
GC_00008204	1.0	1.0	1.0
GC_00008205	1.0	1.0	1.0
GC_00008206	1.0	1.0	1.0
GC_00008207	1.0	1.0	1.0
GC_00008208	1.0	1.0	1.0
GC_00008209	1.0	1.0	1.0
GC_00008210	1.0	1.0	1.0
GC_00008211	1.0	1.0	1.0
GC_00008212	1.0	1.0	1.0
GC_00008213	1.0	1.0	1.0
GC_00008214	1.0	1.0	1.0
GC_00008215	1.0	1.0	1.0
GC_00008216	1.0	1.0	1.0
GC_00008217	1.0	1.0	1.0
GC_00008218	1.0	1.0	1.0
GC_00008219	1.0	1.0	1.0
GC_00008220	1.0	1.0	1.0
GC_00008221	1.0	1.0	1.0
GC_00008222	1.0	1.0	1.0
GC_00008223	1.0	1.0	1.0
GC_00008224	1.0	1.0	1.0
GC_00008225	1.0	1.0	1.0
GC_00008226	1.0	1.0	1.0
GC_00008227	1.0	1.0	1.0
GC_00008228	1.0	1.0	1.0
GC_00008229	1.0	1.0	1.0
GC_00008230	1.0	1.0	1.0
GC_00008231	1.0	1.0	1.0
GC_00008232	1.0	1.0	1.0
GC_00008233	1.0	1.0	1.0
GC_00008234	1.0	1.0	1.0
GC_00008235	1.0	1.0	1.0
GC_00008236	1.0	1.0	1.0
GC_00008237	1.0	1.0	1.0
GC_00008238	1.0	1.0	1.0
GC_00008239	1.0	1.0	1.0
GC_00008240	1.0	1.0	1.0
GC_00008241	1.0	1.0	1.0
GC_00008242	1.0	1.0	1.0
GC_00008243	1.0	1.0	1.0
GC_00008244	1.0	1.0	1.0
GC_00008245	1.0	1.0	1.0
GC_00008246	1.0	1.0	1.0
GC_00008247	1.0	1.0	1.0
GC_00008248	1.0	1.0	1.0
GC_00008249	1.0	1.0	1.0
GC_00008250	1.0	1.0	1.0
GC_00008251	1.0	1.0	1.0
GC_00008252	1.0	1.0	1.0
GC_00008253	1.0	1.0	1.0
GC_00008254	1.0	1.0	1.0
GC_00008255	1.0	1.0	1.0
GC_00008256	1.0	1.0	1.0
GC_00008257	1.0	1.0	1.0
GC_00008258	1.0	1.0	1.0
GC_00008259	1.0	1.0	1.0
GC_00008260	1.0	1.0	1.0
GC_00008261	1.0	1.0	1.0
GC_00008262	1.0	1.0	1.0
GC_00008263	1.0	1.0	1.0
GC_00008264	1.0	1.0	1.0
GC_00008265	1.0	1.0	1.0
GC_00008266	1.0	1.0	1.0
GC_00008267	1.0	1.0	1.0
GC_00008268	1.0	1.0	1.0
GC_00008269	1.0	1.0	1.0
GC_00008270	1.0	1.0	1.0
GC_00008271	1.0	1.0	1.0
GC_00008272	1.0	1.0	1.0
GC_00008273	1.0	1.0	1.0
GC_00008274	1.0	1.0	1.0
GC_00008275	1.0	1.0	1.0
GC_00008276	1.0	1.0	1.0
GC_00008277	1.0	1.0	1.0
GC_00008278	1.0	1.0	1.0
GC_00008279	1.0	1.0	1.0
GC_00008280	1.0	1.0	1.0
GC_00008281	1.0	1.0	1.0
GC_00008282	1.0	1.0	1.0
GC_00008283	1.0	1.0	1.0
GC_00008284	1.0	1.0	1.0
GC_00008285	1.0	1.0	1.0
GC_00008286	1.0	1.0	1.0
GC_00008287	1.0	1.0	1.0
GC_00008288	1.0	1.0	1.0
GC_00008289	1.0	1.0	1.0
GC_00008290	1.0	1.0	1.0
GC_00008291	1.0	1.0	1.0
GC_00008292	1.0	1.0	1.0
GC_00008293	1.0	1.0	1.0
GC_00008294	1.0	1.0	1.0
GC_00008295	1.0	1.0	1.0
GC_00008296	1.0	1.0	1.0
GC_00008297	1.0	1.0	1.0
GC_00008298	1.0	1.0	1.0
GC_00008299	1.0	1.0	1.0
GC_00008300	1.0	1.0	1.0
GC_00008301	1.0	1.0	1.0
GC_00008302	1.0	1.0	1.0
GC_00008303	1.0	1.0	1.0
GC_00008304	1.0	1.0	1.0
GC_00008305	1.0	1.0	1.0
GC_00008306	1.0	1.0	1.0
GC_00008307	1.0	1.0	1.0
GC_00008308	1.0	1.0	1.0
GC_00008309	1.0	1.0	1.0
GC_00008310	1.0	1.0	1.0
GC_00008311	1.0	1.0	1.0
GC_00008312	1.0	1.0	1.0
GC_00008313	1.0	1.0	1.0
GC_00008314	1.0	1.0	1.0
GC_00008315	1.0	1.0	1.0
GC_00008316	1.0	1.0	1.0
GC_00008317	1.0	1.0	1.0
GC_00008318	1.0	1.0	1.0
GC_00008319	1.0	1.0	1.0
GC_00008320	1.0	1.0	1.0
GC_00008321	1.0	1.0	1.0
GC_00008322	1.0	1.0	1.0
GC_00008323	1.0	1.0	1.0
GC_00008324	1.0	1.0	1.0
GC_00008325	1.0	1.0	1.0
GC_00008326	1.0	1.0	1.0
GC_00008327	1.0	1.0	1.0
GC_00008328	1.0	1.0	1.0
GC_00008329	1.0	1.0	1.0
GC_00008330	1.0	1.0	1.0
GC_00008331	1.0	1.0	1.0
GC_00008332	1.0	1.0	1.0
GC_00008333	1.0	1.0	1.0
GC_00008334	1.0	1.0	1.0
GC_00008335	1.0	1.0	1.0
GC_00008336	1.0	1.0	1.0
GC_00008337	1.0	1.0	1.0
GC_00008338	1.0	1.0	1.0
GC_00008339	1.0	1.0	1.0
GC_00008340	1.0	1.0	1.0
GC_00008341	1.0	1.0	1.0
GC_00008342	1.0	1.0	1.0
GC_00008343	1.0	1.0	1.0
GC_00008344	1.0	1.0	1.0
GC_00008345	1.0	1.0	1.0
GC_00008346	1.0	1.0	1.0
GC_00008347	1.0	1.0	1.0
GC_00008348	1.0	1.0	1.0
GC_00008349	1.0	1.0	1.0
GC_00008350	1.0	1.0	1.0
GC_00008351	1.0	1.0	1.0
GC_00008352	1.0	1.0	1.0
GC_00008353	1.0	1.0	1.0
GC_00008354	1.0	1.0	1.0
GC_00008355	1.0	1.0	1.0
GC_00008356	1.0	1.0	1.0
GC_00008357	1.0	1.0	1.0
GC_00008358	1.0	1.0	1.0
GC_00008359	1.0	1.0	1.0
GC_00008360	1.0	1.0	1.0
GC_00008361	1.0	1.0	1.0
GC_00008362	1.0	1.0	1.0
GC_00008363	1.0	1.0	1.0
GC_00008364	1.0	1.0	1.0
GC_00008365	1.0	1.0	1.0
GC_00008366	1.0	1.0	1.0
GC_00008367	1.0	1.0	1.0
GC_00008368	1.0	1.0	1.0
GC_00008369	1.0	1.0	1.0
GC_00008370	1.0	1.0	1.0
GC_00008371	1.0	1.0	1.0
GC_00008372	1.0	1.0	1.0
GC_00008373	1.0	1.0	1.0
GC_00008374	1.0	1.0	1.0
GC_00008375	1.0	1.0	1.0
GC_00008376	1.0	1.0	1.0
GC_00008377	1.0	1.0	1.0
GC_00008378	1.0	1.0	1.0
GC_00008379	1.0	1.0	1.0
GC_00008380	1.0	1.0	1.0
GC_00008381	1.0	1.0	1.0
GC_00008382	1.0	1.0	1.0
GC_00008383	1.0	1.0	1.0
GC_00008384	1.0	1.0	1.0
GC_00008385	1.0	1.0	1.0
GC_00008386	1.0	1.0	1.0
GC_00008387	1.0	1.0	1.0
GC_00008388	1.0	1.0	1.0
GC_00008389	1.0	1.0	1.0
GC_00008390	1.0	1.0	1.0
GC_00008391	1.0	1.0	1.0
GC_00008392	1.0	1.0	1.0
GC_00008393	1.0	1.0	1.0
GC_00008394	1.0	1.0	1.0
GC_00008395	1.0	1.0	1.0
GC_00008396	1.0	1.0	1.0
GC_00008397	1.0	1.0	1.0
GC_00008398	1.0	1.0	1.0
GC_00008399	1.0	1.0	1.0
GC_00008400	1.0	1.0	1.0
GC_00008401	1.0	1.0	1.0
GC_00008402	1.0	1.0	1.0
GC_00008403	1.0	1.0	1.0
GC_00008404	1.0	1.0	1.0
GC_00008405	1.0	1.0	1.0
GC_00008406	1.0	1.0	1.0
GC_00008407	1.0	1.0	1.0
GC_00008408	1.0	1.0	1.0
GC_00008409	1.0	1.0	1.0
GC_00008410	1.0	1.0	1.0
GC_00008411	1.0	1.0	1.0
GC_00008412	1.0	1.0	1.0
GC_00008413	1.0	1.0	1.0
GC_00008414	1.0	1.0	1.0
GC_00008415	1.0	1.0	1.0
GC_00008416	1.0	1.0	1.0
GC_00008417	1.0	1.0	1.0
GC_00008418	1.0	1.0	1.0
GC_00008419	1.0	1.0	1.0
GC_00008420	1.0	1.0	1.0
GC_00008421	1.0	1.0	1.0
GC_00008422	1.0	1.0	1.0
GC_00008423	1.0	1.0	1.0
GC_00008424	1.0	1.0	1.0
GC_00008425	1.0	1.0	1.0
GC_00008426	1.0	1.0	1.0
GC_00008427	1.0	1.0	1.0
GC_00008428	1.0	1.0	1.0
GC_00008429	1.0	1.0	1.0
GC_00008430	1.0	1.0	1.0
GC_00008431	1.0	1.0	1.0
GC_00008432	1.0	1.0	1.0
GC_00008433	1.0	1.0	1.0
GC_00008434	1.0	1.0	1.0
GC_00008435	1.0	1.0	1.0
GC_00008436	1.0	1.0	1.0
GC_00008437	1.0	1.0	1.0
GC_00008438	1.0	1.0	1.0
GC_00008439	1.0	1.0	1.0
GC_00008440	1.0	1.0	1.0
GC_00008441	1.0	1.0	1.0
GC_00008442	1.0	1.0	1.0
GC_00008443	1.0	1.0	1.0
GC_00008444	1.0	1.0	1.0
GC_00008445	1.0	1.0	1.0
GC_00008446	1.0	1.0	1.0
GC_00008447	1.0	1.0	1.0
GC_00008448	1.0	1.0	1.0
GC_00008449	1.0	1.0	1.0
GC_00008450	1.0	1.0	1.0
GC_00008451	1.0	1.0	1.0
GC_00008452	1.0	1.0	1.0
GC_00008453	1.0	1.0	1.0
GC_00008454	1.0	1.0	1.0
GC_00008455	1.0	1.0	1.0
GC_00008456	1.0	1.0	1.0
GC_00008457	1.0	1.0	1.0
GC_00008458	1.0	1.0	1.0
GC_00008459	1.0	1.0	1.0
GC_00008460	1.0	1.0	1.0
GC_00008461	1.0	1.0	1.0
GC_00008462	1.0	1.0	1.0
GC_00008463	1.0	1.0	1.0
GC_00008464	1.0	1.0	1.0
GC_00008465	1.0	1.0	1.0
GC_00008466	1.0	1.0	1.0
GC_00008467	1.0	1.0	1.0
GC_00008468	1.0	1.0	1.0
GC_00008469	1.0	1.0	1.0
GC_00008470	1.0	1.0	1.0
GC_00008471	1.0	1.0	1.0
GC_00008472	1.0	1.0	1.0
GC_00008473	1.0	1.0	1.0
GC_00008474	1.0	1.0	1.0
GC_00008475	1.0	1.0	1.0
GC_00008476	1.0	1.0	1.0
GC_00008477	1.0	1.0	1.0
GC_00008478	1.0	1.0	1.0
GC_00008479	1.0	1.0	1.0
GC_00008480	1.0	1.0	1.0
GC_00008481	1.0	1.0	1.0
GC_00008482	1.0	1.0	1.0
GC_00008483	1.0	1.0	1.0
GC_00008484	1.0	1.0	1.0
GC_00008485	1.0	1.0	1.0
GC_00008486	1.0	1.0	1.0
GC_00008487	1.0	1.0	1.0
GC_00008488	1.0	1.0	1.0
GC_00008489	1.0	1.0	1.0
GC_00008490	1.0	1.0	1.0
GC_00008491	1.0	1.0	1.0
GC_00008492	1.0	1.0	1.0
GC_00008493	1.0	1.0	1.0
GC_00008494	1.0	1.0	1.0
GC_00008495	1.0	1.0	1.0
GC_00008496	1.0	1.0	1.0
