"#FILE","SEQUENCE","START","END","STRAND","GENE","COVERAGE","COVERAGE_MAP","GAPS","%COVERAGE","%IDENTITY","DATABASE","ACCESSION","PRODUCT","RESISTANCE","genome_name"
"1708-29120.fasta","NZ_CP054855.1",364130,364993,"+","mshI","1-864/864","===============","0/0",100,84.03,"vfdb","WP_016349152","(mshI) MSHA (mannose-sensitive hemagglutinin) pili biogenesis protein MshI bitopic inner membrane protein [MSHA type IV pili (VF0477) - Adherence (VFC0001)] [Aeromonas hydrophila ML09-119]",NA,"1708-29120"
"1708-29120.fasta","NZ_CP054855.1",364993,365586,"+","mshI1","1-594/594","========/======","4/4",99.66,80.54,"vfdb","WP_016349153","(mshI1) MSHA (mannose-sensitive hemagglutinin) pili biogenesis protein MshI1 bitopic inner membrane protein [MSHA type IV pili (VF0477) - Adherence (VFC0001)] [Aeromonas hydrophila ML09-119]",NA,"1708-29120"
"1708-29120.fasta","NZ_CP054855.1",366626,368293,"+","mshL","1-1674/1674","========/======","14/40",98.63,82.44,"vfdb","WP_016349156","(mshL) MSHA (mannose-sensitive hemagglutinin) pili biogenesis protein MshL outer membrane secretin GspD-like [MSHA type IV pili (VF0477) - Adherence (VFC0001)] [Aeromonas hydrophila ML09-119]",NA,"1708-29120"
"1708-29120.fasta","NZ_CP054855.1",368386,369276,"+","mshM","1-891/891","===============","0/0",100,87.54,"vfdb","WP_016349157","(mshM) membrane protein with ATPase domain GspA-like [MSHA type IV pili (VF0477) - Adherence (VFC0001)] [Aeromonas hydrophila ML09-119]",NA,"1708-29120"
"1708-29120.fasta","NZ_CP054855.1",370442,372151,"+","mshE","1-1710/1710","===============","0/0",100,90.41,"vfdb","WP_043118275","(mshE) ATPase protein MshE GspE-like [MSHA type IV pili (VF0477) - Adherence (VFC0001)] [Aeromonas hydrophila ML09-119]",NA,"1708-29120"
"1708-29120.fasta","NZ_CP054855.1",372163,373375,"+","mshG","9-1221/1221","===============","0/0",99.34,88.54,"vfdb","WP_016349160","(mshG) MSHA (mannose-sensitive hemagglutinin) pili biogenesis protein MshG GspF-like [MSHA type IV pili (VF0477) - Adherence (VFC0001)] [Aeromonas hydrophila ML09-119]",NA,"1708-29120"
"1708-29120.fasta","NZ_CP054855.1",374054,374672,"+","mshB","52-670/672",".==============","0/0",92.11,86.11,"vfdb","WP_043118279","(mshB) MSHA (mannose-sensitive hemagglutinin) pili minor prepilin protein MshB [MSHA type IV pili (VF0477) - Adherence (VFC0001)] [Aeromonas hydrophila ML09-119]",NA,"1708-29120"
"1708-29120.fasta","NZ_CP054855.1",502097,502642,"+","fimA","1-543/543","========/======","1/3",100,89.56,"vfdb","WP_011704492","(fimA) fimbrial protein [Type I pili (VF0486) - Adherence (VFC0001)] [Aeromonas hydrophila ML09-119]",NA,"1708-29120"
"1708-29120.fasta","NZ_CP054855.1",503199,505733,"+","fimC","1-2535/2535","===============","0/0",100,92.43,"vfdb","WP_043118350","(fimC) outer membrane usher protein [Type I pili (VF0486) - Adherence (VFC0001)] [Aeromonas hydrophila ML09-119]",NA,"1708-29120"
"1708-29120.fasta","NZ_CP054855.1",505744,506475,"+","fimD","1-732/732","===============","0/0",100,93.72,"vfdb","WP_016349294","(fimD) fimbrial chaperone protein [Type I pili (VF0486) - Adherence (VFC0001)] [Aeromonas hydrophila ML09-119]",NA,"1708-29120"
"1708-29120.fasta","NZ_CP054855.1",507521,508072,"+","fimF","1-552/552","===============","0/0",100,80.07,"vfdb","WP_016349296","(fimF) fimbrial protein [Type I pili (VF0486) - Adherence (VFC0001)] [Aeromonas hydrophila ML09-119]",NA,"1708-29120"
"1708-29120.fasta","NZ_CP054855.1",1041907,1042506,"+","tapO","1-600/600","===============","0/0",100,80,"vfdb","WP_016351631","(tapO) type IV pilus biogenesis protein PilO [Tap type IV pili (VF0475) - Adherence (VFC0001)] [Aeromonas hydrophila ML09-119]",NA,"1708-29120"
"1708-29120.fasta","NZ_CP054855.1",1188673,1188990,"+","fliE","1-318/318","===============","0/0",100,89.31,"vfdb","WP_011705271","(fliE) flagellar hook-basal body complex protein FliE [Polar flagella (VF0473) - Motility (VFC0204)] [Aeromonas hydrophila ML09-119]",NA,"1708-29120"
"1708-29120.fasta","NZ_CP054855.1",1189053,1190762,"+","fliF","1-1713/1713","========/======","1/3",99.82,86.69,"vfdb","WP_016350050","(fliF) flagellar MS-ring protein [Polar flagella (VF0473) - Motility (VFC0204)] [Aeromonas hydrophila ML09-119]",NA,"1708-29120"
"1708-29120.fasta","NZ_CP054855.1",1190755,1191814,"+","fliG","1-1060/1062","===============","0/0",99.81,93.21,"vfdb","WP_011705273","(fliG) flagellar motor switch protein G [Polar flagella (VF0473) - Motility (VFC0204)] [Aeromonas hydrophila ML09-119]",NA,"1708-29120"
"1708-29120.fasta","NZ_CP054855.1",1191888,1192679,"+","fliH","7-792/807","========/======","4/12",97.03,81.38,"vfdb","WP_016350051","(fliH) flagellar assembly protein FliH [Polar flagella (VF0473) - Motility (VFC0204)] [Aeromonas hydrophila ML09-119]",NA,"1708-29120"
"1708-29120.fasta","NZ_CP054855.1",1192762,1194093,"+","fliI","1-1332/1332","===============","0/0",100,89.19,"vfdb","WP_011705275","(fliI) flagellum-specific ATP synthase [Polar flagella (VF0473) - Motility (VFC0204)] [Aeromonas hydrophila ML09-119]",NA,"1708-29120"
"1708-29120.fasta","NZ_CP054855.1",1194121,1194561,"+","fliJ","1-441/441","===============","0/0",100,86.39,"vfdb","WP_011705276","(fliJ) flagellar export protein FliJ [Polar flagella (VF0473) - Motility (VFC0204)] [Aeromonas hydrophila ML09-119]",NA,"1708-29120"
"1708-29120.fasta","NZ_CP054855.1",1196612,1197126,"+","fliL","1-518/519","========/======","1/3",99.23,85.33,"vfdb","WP_011705278","(fliL) flagellar basal body-associated protein FliL [Polar flagella (VF0473) - Motility (VFC0204)] [Aeromonas hydrophila ML09-119]",NA,"1708-29120"
"1708-29120.fasta","NZ_CP054855.1",1197135,1198205,"+","fliM","1-1071/1071","===============","0/0",100,91.41,"vfdb","WP_011705279","(fliM) flagellar motor switch protein FliM [Polar flagella (VF0473) - Motility (VFC0204)] [Aeromonas hydrophila ML09-119]",NA,"1708-29120"
"1708-29120.fasta","NZ_CP054855.1",1198255,1198647,"+","fliN","1-393/393","===============","0/0",100,89.57,"vfdb","WP_011705280","(fliN) flagellar motor switch protein FliN [Polar flagella (VF0473) - Motility (VFC0204)] [Aeromonas hydrophila ML09-119]",NA,"1708-29120"
"1708-29120.fasta","NZ_CP054855.1",1198704,1199024,"+","fliO","64-384/384","..=============","0/0",83.59,87.54,"vfdb","WP_005298795","(fliO) flagellar biosynthesis protein FliO [Polar flagella (VF0473) - Motility (VFC0204)] [Aeromonas hydrophila ML09-119]",NA,"1708-29120"
"1708-29120.fasta","NZ_CP054855.1",1199011,1199781,"+","fliP","1-774/780","========/======","2/5",98.72,86.06,"vfdb","WP_016350054","(fliP) flagellar biosynthesis protein FliP [Polar flagella (VF0473) - Motility (VFC0204)] [Aeromonas hydrophila ML09-119]",NA,"1708-29120"
"1708-29120.fasta","NZ_CP054855.1",1199810,1200079,"+","fliQ","1-270/270","===============","0/0",100,86.3,"vfdb","WP_011705282","(fliQ) flagellar biosynthetic protein FliQ [Polar flagella (VF0473) - Motility (VFC0204)] [Aeromonas hydrophila ML09-119]",NA,"1708-29120"
"1708-29120.fasta","NZ_CP054855.1",1200076,1200861,"+","fliR","1-786/792","===============","0/0",99.24,82.7,"vfdb","WP_011705283","(fliR) flagellar biosynthesis protein FliR [Polar flagella (VF0473) - Motility (VFC0204)] [Aeromonas hydrophila ML09-119]",NA,"1708-29120"
"1708-29120.fasta","NZ_CP054855.1",1200866,1201996,"+","flhB","1-1131/1131","===============","0/0",100,86.38,"vfdb","WP_016350055","(flhB) flagellar biosynthetic protein FlhB [Polar flagella (VF0473) - Motility (VFC0204)] [Aeromonas hydrophila ML09-119]",NA,"1708-29120"
"1708-29120.fasta","NZ_CP054855.1",1202104,1204206,"+","flhA","1-2103/2103","===============","0/0",100,86.88,"vfdb","WP_016350056","(flhA) flagellar biosynthesis protein FlhA [Polar flagella (VF0473) - Motility (VFC0204)] [Aeromonas hydrophila ML09-119]",NA,"1708-29120"
"1708-29120.fasta","NZ_CP054855.1",1204223,1205647,"+","flhF","1-1422/1422","========/======","7/15",99.58,88.05,"vfdb","WP_016350057","(flhF) flagellar biosynthesis protein FlhF [Polar flagella (VF0473) - Motility (VFC0204)] [Aeromonas hydrophila ML09-119]",NA,"1708-29120"
"1708-29120.fasta","NZ_CP054855.1",1205649,1206524,"+","flhG","1-876/876","===============","0/0",100,88.93,"vfdb","WP_010634619","(flhG) CobQ/CobB/MinD/ParA family protein [Polar flagella (VF0473) - Motility (VFC0204)] [Aeromonas hydrophila ML09-119]",NA,"1708-29120"
"1708-29120.fasta","NZ_CP054855.1",1206517,1207236,"+","fliA","1-720/720","========/======","2/2",99.86,83.36,"vfdb","WP_017409955","(fliA) flagellar biosynthesis sigma factor [Polar flagella (VF0473) - Motility (VFC0204)] [Aeromonas hydrophila ML09-119]",NA,"1708-29120"
"1708-29120.fasta","NZ_CP054855.1",1207348,1207731,"+","cheY","1-384/384","===============","0/0",100,87.24,"vfdb","WP_010634617","(cheY) chemotaxis protein CheY [Polar flagella (VF0473) - Motility (VFC0204)] [Aeromonas hydrophila ML09-119]",NA,"1708-29120"
"1708-29120.fasta","NZ_CP054855.1",1207744,1208484,"+","cheZ","1-741/741","===============","0/0",100,86.1,"vfdb","WP_011705289","(cheZ) chemotaxis protein CheZ [Polar flagella (VF0473) - Motility (VFC0204)] [Aeromonas hydrophila ML09-119]",NA,"1708-29120"
"1708-29120.fasta","NZ_CP054855.1",1210757,1211872,"+","cheB-2","1-1116/1116","========/======","2/2",99.91,82.18,"vfdb","WP_016350060","(cheB-2) chemotaxis-specific methylesterase [Polar flagella (VF0473) - Motility (VFC0204)] [Aeromonas hydrophila ML09-119]",NA,"1708-29120"
"1708-29120.fasta","NZ_CP054855.1",1213540,1214334,"+","AHML_RS07540","1-795/795","===============","0/0",100,83.4,"vfdb","WP_011705294","(AHML_RS07540) CobQ/CobB/MinD/ParA family protein [Polar flagella (VF0473) - Motility (VFC0204)] [Aeromonas hydrophila ML09-119]",NA,"1708-29120"
"1708-29120.fasta","NZ_CP054855.1",1532495,1533632,"-","tapW","1-1138/1140","===============","0/0",99.82,89.1,"vfdb","WP_011706550","(tapW) twitching ATPase [Tap type IV pili (VF0475) - Adherence (VFC0001)] [Aeromonas hydrophila ML09-119]",NA,"1708-29120"
"1708-29120.fasta","NZ_CP054855.1",1556829,1557702,"+","motY","1-874/876","===============","0/0",99.77,87.53,"vfdb","WP_024944879","(motY) sodium-type flagellar protein MotY [Polar flagella (VF0473) - Motility (VFC0204)] [Aeromonas hydrophila ML09-119]",NA,"1708-29120"
"1708-29120.fasta","NZ_CP054855.1",1614141,1614890,"+","nueA","1-762/762","========/======","2/18",98.03,87.45,"vfdb","WP_016351249","(nueA) NeuA protein [Polar flagella (VF0473) - Motility (VFC0204)] [Aeromonas hydrophila ML09-119]",NA,"1708-29120"
"1708-29120.fasta","NZ_CP054855.1",1727364,1728155,"+","tapF","1-792/792","========/======","2/6",99.62,88.3,"vfdb","WP_011705643","(tapF) type IV pilus biogenesis/stability protein pilW-like [Tap type IV pili (VF0475) - Adherence (VFC0001)] [Aeromonas hydrophila ML09-119]",NA,"1708-29120"
"1708-29120.fasta","NZ_CP054855.1",2200765,2201499,"+","flmH","1-735/735","===============","0/0",100,90.61,"vfdb","WP_005300916","(flmH) short chain dehydrogenase/reductase family oxidoreductase [Polar flagella (VF0473) - Motility (VFC0204)] [Aeromonas hydrophila ML09-119]",NA,"1708-29120"
"1708-29120.fasta","NZ_CP054855.1",2859293,2860636,"-","flrC","1-1344/1344","===============","0/0",100,88.02,"vfdb","WP_011706626","(flrC) transcriptional activator [Polar flagella (VF0473) - Motility (VFC0204)] [Aeromonas hydrophila ML09-119]",NA,"1708-29120"
"1708-29120.fasta","NZ_CP054855.1",2860633,2861667,"-","flrB","1-1035/1035","========/======","4/4",99.81,84.96,"vfdb","WP_016351312","(flrB) two-component sensor kinase [Polar flagella (VF0473) - Motility (VFC0204)] [Aeromonas hydrophila ML09-119]",NA,"1708-29120"
"1708-29120.fasta","NZ_CP054855.1",2861781,2863195,"-","flrA","1-1415/1422","========/======","2/2",99.44,86.51,"vfdb","WP_017409846","(flrA) FleQ protein [Polar flagella (VF0473) - Motility (VFC0204)] [Aeromonas hydrophila ML09-119]",NA,"1708-29120"
"1708-29120.fasta","NZ_CP054855.1",2873803,2874851,"-","flgJ","1-1052/1092","========/======","8/23",95.15,80.7,"vfdb","WP_016351320","(flgJ) flagellar rod assembly protein/muramidase FlgJ [Polar flagella (VF0473) - Motility (VFC0204)] [Aeromonas hydrophila ML09-119]",NA,"1708-29120"
"1708-29120.fasta","NZ_CP054855.1",2874895,2875992,"-","flgI","1-1098/1098","===============","0/0",100,86.7,"vfdb","WP_011706637","(flgI) flagellar basal body P-ring protein [Polar flagella (VF0473) - Motility (VFC0204)] [Aeromonas hydrophila ML09-119]",NA,"1708-29120"
"1708-29120.fasta","NZ_CP054855.1",2876001,2876672,"-","flgH","1-672/672","===============","0/0",100,86.31,"vfdb","WP_011706638","(flgH) flagellar basal body L-ring protein [Polar flagella (VF0473) - Motility (VFC0204)] [Aeromonas hydrophila ML09-119]",NA,"1708-29120"
"1708-29120.fasta","NZ_CP054855.1",2876687,2877475,"-","flgG","1-789/789","===============","0/0",100,86.06,"vfdb","WP_011706639","(flgG) flagellar basal body rod protein FlgG [Polar flagella (VF0473) - Motility (VFC0204)] [Aeromonas hydrophila ML09-119]",NA,"1708-29120"
"1708-29120.fasta","NZ_CP054855.1",2877491,2878237,"-","flgF","1-747/747","===============","0/0",100,85.41,"vfdb","WP_011706640","(flgF) flagellar basal-body rod protein FlgF [Polar flagella (VF0473) - Motility (VFC0204)] [Aeromonas hydrophila ML09-119]",NA,"1708-29120"
"1708-29120.fasta","NZ_CP054855.1",2880505,2880924,"-","flgC","1-420/420","===============","0/0",100,90,"vfdb","WP_011706643","(flgC) flagellar basal body rod protein FlgC [Polar flagella (VF0473) - Motility (VFC0204)] [Aeromonas hydrophila ML09-119]",NA,"1708-29120"
"1708-29120.fasta","NZ_CP054855.1",2880924,2881322,"-","flgB","1-399/399","========/======","2/6",99.25,81.34,"vfdb","WP_011706644","(flgB) flagellar basal-body rod protein FlgB [Polar flagella (VF0473) - Motility (VFC0204)] [Aeromonas hydrophila ML09-119]",NA,"1708-29120"
"1708-29120.fasta","NZ_CP054855.1",2881620,2882442,"-","cheR-3","1-823/825","===============","0/0",99.76,85.91,"vfdb","WP_011706645","(cheR-3) chemotaxis protein CheR [Polar flagella (VF0473) - Motility (VFC0204)] [Aeromonas hydrophila ML09-119]",NA,"1708-29120"
"1708-29120.fasta","NZ_CP054855.1",2882460,2883371,"-","cheV","1-912/912","===============","0/0",100,86.18,"vfdb","WP_011706646","(cheV) CheV [Polar flagella (VF0473) - Motility (VFC0204)] [Aeromonas hydrophila ML09-119]",NA,"1708-29120"
"1708-29120.fasta","NZ_CP054855.1",3211680,3213238,"+","exeA","1-1559/1647","===============","0/0",94.66,82.75,"vfdb","WP_016352107","(exeA) general secretion pathway protein A [Exe T2SS (VF0478) - Effector delivery system (VFC0086)] [Aeromonas hydrophila ML09-119]",NA,"1708-29120"
"1708-29120.fasta","NZ_CP054855.1",3215026,3216983,"+","exeD","1-1970/2037","========/======","7/20",95.93,84.5,"vfdb","WP_016349335","(exeD) general secretion pathway protein D [Exe T2SS (VF0478) - Effector delivery system (VFC0086)] [Aeromonas hydrophila ML09-119]",NA,"1708-29120"
"1708-29120.fasta","NZ_CP054855.1",3217071,3218570,"+","exeE","7-1506/1506","===============","0/0",99.6,89.13,"vfdb","WP_016349336","(exeE) general secretory pathway protein E [Exe T2SS (VF0478) - Effector delivery system (VFC0086)] [Aeromonas hydrophila ML09-119]",NA,"1708-29120"
"1708-29120.fasta","NZ_CP054855.1",3218572,3219791,"+","exeF","1-1220/1221","===============","0/0",99.92,89.02,"vfdb","WP_016349337","(exeF) general secretion pathway protein F [Exe T2SS (VF0478) - Effector delivery system (VFC0086)] [Aeromonas hydrophila ML09-119]",NA,"1708-29120"
"1708-29120.fasta","NZ_CP054855.1",3219890,3220321,"+","exeG","1-432/432","===============","0/0",100,92.59,"vfdb","WP_005308483","(exeG) general secretion pathway protein G [Exe T2SS (VF0478) - Effector delivery system (VFC0086)] [Aeromonas hydrophila ML09-119]",NA,"1708-29120"
"1708-29120.fasta","NZ_CP054855.1",3220485,3221034,"+","exeH","1-547/552","========/======","2/3",99.09,80.36,"vfdb","WP_016349339","(exeH) general secretion pathway protein H [Exe T2SS (VF0478) - Effector delivery system (VFC0086)] [Aeromonas hydrophila ML09-119]",NA,"1708-29120"
"1708-29120.fasta","NZ_CP054855.1",3221128,3221487,"+","exeI","1-360/360","===============","0/0",100,88.89,"vfdb","WP_016349340","(exeI) general secretion pathway protein I [Exe T2SS (VF0478) - Effector delivery system (VFC0086)] [Aeromonas hydrophila ML09-119]",NA,"1708-29120"
"1708-29120.fasta","NZ_CP054855.1",3221520,3222121,"+","exeJ","40-641/654","===============","0/0",92.05,88.54,"vfdb","WP_016349341","(exeJ) general secretion pathway protein J [Exe T2SS (VF0478) - Effector delivery system (VFC0086)] [Aeromonas hydrophila ML09-119]",NA,"1708-29120"
"1708-29120.fasta","NZ_CP054855.1",3223368,3224552,"+","exeL","1-1185/1185","===============","0/0",100,82.7,"vfdb","WP_016349343","(exeL) general secretion pathway protein L [Exe T2SS (VF0478) - Effector delivery system (VFC0086)] [Aeromonas hydrophila ML09-119]",NA,"1708-29120"
"1708-29120.fasta","NZ_CP054855.1",3224549,3225040,"+","exeM","1-492/492","===============","0/0",100,82.52,"vfdb","WP_016349344","(exeM) general secretion pathway protein M [Exe T2SS (VF0478) - Effector delivery system (VFC0086)] [Aeromonas hydrophila ML09-119]",NA,"1708-29120"
"1708-29120.fasta","NZ_CP054855.1",3225052,3225802,"+","exeN","16-754/756","========/======","4/14",97.62,80.05,"vfdb","WP_043118380","(exeN) general secretion pathway protein N [Exe T2SS (VF0478) - Effector delivery system (VFC0086)] [Aeromonas hydrophila ML09-119]",NA,"1708-29120"
"1708-29120.fasta","NZ_CP054855.1",3516431,3517293,"-","pomB2","10-878/900","========/======","2/6",95.89,82.62,"vfdb","WP_016351724","(pomB2) flagellar motor protein MotB [Polar flagella (VF0473) - Motility (VFC0204)] [Aeromonas hydrophila ML09-119]",NA,"1708-29120"
"1708-29120.fasta","NZ_CP054855.1",3517318,3518066,"-","pomA2","1-749/759","===============","0/0",98.68,83.18,"vfdb","WP_011707085","(pomA2) chemotaxis protein PomA [Polar flagella (VF0473) - Motility (VFC0204)] [Aeromonas hydrophila ML09-119]",NA,"1708-29120"
"1708-29120.fasta","NZ_CP054855.1",3837321,3837869,"-","motX","52-600/600",".==============","0/0",91.5,82.51,"vfdb","WP_016349413","(motX) sodium-type flagellar motor component [Polar flagella (VF0473) - Motility (VFC0204)] [Aeromonas hydrophila ML09-119]",NA,"1708-29120"
"1708-29120.fasta","NZ_CP054855.1",3851352,3852461,"-","tapU","1-1110/1110","===============","0/0",100,83.15,"vfdb","WP_016351972","(tapU) twitching ATPase [Tap type IV pili (VF0475) - Adherence (VFC0001)] [Aeromonas hydrophila ML09-119]",NA,"1708-29120"
"1708-29120.fasta","NZ_CP054855.1",3852490,3853524,"-","tapT","1-1035/1035","===============","0/0",100,92.17,"vfdb","WP_011707389","(tapT) twitching ATPase [Tap type IV pili (VF0475) - Adherence (VFC0001)] [Aeromonas hydrophila ML09-119]",NA,"1708-29120"
"1708-29120.fasta","NZ_CP054855.1",4047062,4048768,"+","tapB","1-1707/1707","===============","0/0",100,87.29,"vfdb","WP_016352168","(tapB) type IV pilus assembly ATPase PilB-like [Tap type IV pili (VF0475) - Adherence (VFC0001)] [Aeromonas hydrophila ML09-119]",NA,"1708-29120"
"1708-29120.fasta","NZ_CP054855.1",4049007,4050232,"+","tapC","1-1226/1242","===============","0/0",98.71,86.22,"vfdb","WP_016352169","(tapC) type IV fimbrial assembly protein PilC-like [Tap type IV pili (VF0475) - Adherence (VFC0001)] [Aeromonas hydrophila ML09-119]",NA,"1708-29120"
"1708-29120.fasta","NZ_CP054855.1",4050333,4051182,"+","tapD/pilD","24-873/873","========/======","2/2",97.25,82.02,"vfdb","WP_016352170","(tapD/pilD) prepilin peptidase [Tap type IV pili (VF0475) - Adherence (VFC0001)] [Aeromonas hydrophila ML09-119]",NA,"1708-29120"
"183026.fasta","NZ_CP072325.1",354195,354572,"+","lfiN","1-378/378","===============","0/0",100,85.45,"vfdb","WP_005314315","(lfiN) lateral flagellar motor switch protein lfiN [Lateral flagella (VF0474) - Motility (VFC0204)] [Aeromonas salmonicida subsp. salmonicida A449]",NA,"183026"
"183026.fasta","NZ_CP072325.1",354572,355306,"+","fliP","1-735/735","===============","0/0",100,80.68,"vfdb","WP_005314307","(fliP) flagellar biosynthesis protein FliP [Lateral flagella (VF0474) - Motility (VFC0204)] [Aeromonas salmonicida subsp. salmonicida A449]",NA,"183026"
"183026.fasta","NZ_CP072325.1",355309,355577,"+","lfiQ","2-270/270","===============","0/0",99.63,80.3,"vfdb","WP_005314303","(lfiQ) lateral flagellar biosynthetic protein LfiQ [Lateral flagella (VF0474) - Motility (VFC0204)] [Aeromonas salmonicida subsp. salmonicida A449]",NA,"183026"
"183026.fasta","NZ_CP072325.1",356353,357489,"+","lfhB","1-1137/1137","===============","0/0",100,81.18,"vfdb","WP_005314298","(lfhB) lateral flagellar biosynthetic protein LfhB [Lateral flagella (VF0474) - Motility (VFC0204)] [Aeromonas salmonicida subsp. salmonicida A449]",NA,"183026"
"183026.fasta","NZ_CP072325.1",357493,359559,"+","lfhA","1-2067/2076","===============","0/0",99.57,81.95,"vfdb","WP_005314296","(lfhA) lateral flagellar biosynthesis protein [Lateral flagella (VF0474) - Motility (VFC0204)] [Aeromonas salmonicida subsp. salmonicida A449]",NA,"183026"
"183026.fasta","NZ_CP072325.1",361355,361681,"+","lfiE","1-327/327","===============","0/0",100,83.79,"vfdb","WP_005314292","(lfiE) lateral flagellar hook basal body protein LfiE [Lateral flagella (VF0474) - Motility (VFC0204)] [Aeromonas salmonicida subsp. salmonicida A449]",NA,"183026"
"183026.fasta","NZ_CP072325.1",363428,364456,"+","fliG","1-1029/1029","===============","0/0",100,84.35,"vfdb","WP_005314289","(fliG) flagellar motor switch protein G [Lateral flagella (VF0474) - Motility (VFC0204)] [Aeromonas salmonicida subsp. salmonicida A449]",NA,"183026"
"183026.fasta","NZ_CP072325.1",368560,368949,"+","lfgB","1-390/390","===============","0/0",100,83.33,"vfdb","WP_005314272","(lfgB) lateral flagellar basal body protein LfgB [Lateral flagella (VF0474) - Motility (VFC0204)] [Aeromonas salmonicida subsp. salmonicida A449]",NA,"183026"
"183026.fasta","NZ_CP072325.1",368952,369372,"+","flgC","1-421/426","===============","0/0",98.83,81.71,"vfdb","WP_005314270","(flgC) flagellar basal body rod protein FlgC [Lateral flagella (VF0474) - Motility (VFC0204)] [Aeromonas salmonicida subsp. salmonicida A449]",NA,"183026"
"183026.fasta","NZ_CP072325.1",371328,372058,"+","lfgF","1-731/735","===============","0/0",99.46,81.12,"vfdb","WP_005314261","(lfgF) lateral flagellar basal-body rod protein LfgF [Lateral flagella (VF0474) - Motility (VFC0204)] [Aeromonas salmonicida subsp. salmonicida A449]",NA,"183026"
"183026.fasta","NZ_CP072325.1",372141,372924,"+","lfgG","1-784/786","===============","0/0",99.75,83.67,"vfdb","WP_005314259","(lfgG) lateral flagellar basal-body rod protein LfgG [Lateral flagella (VF0474) - Motility (VFC0204)] [Aeromonas salmonicida subsp. salmonicida A449]",NA,"183026"
"183026.fasta","NZ_CP072325.1",372926,373597,"+","lfgH","1-672/672","===============","0/0",100,82.14,"vfdb","WP_005314257","(lfgH) lateral flagellar L-ring protein LfgH [Lateral flagella (VF0474) - Motility (VFC0204)] [Aeromonas salmonicida subsp. salmonicida A449]",NA,"183026"
"183026.fasta","NZ_CP072325.1",373606,374712,"+","flgI","1-1107/1107","===============","0/0",100,81.57,"vfdb","WP_005314254","(flgI) flagellar basal body P-ring protein [Lateral flagella (VF0474) - Motility (VFC0204)] [Aeromonas salmonicida subsp. salmonicida A449]",NA,"183026"
"183026.fasta","NZ_CP072325.1",384511,385368,"+","lafT","1-858/858","===============","0/0",100,84.73,"vfdb","WP_005314215","(lafT) LafT flagella motor stator protein [Lateral flagella (VF0474) - Motility (VFC0204)] [Aeromonas salmonicida subsp. salmonicida A449]",NA,"183026"
"183026.fasta","NZ_CP072325.1",411104,411938,"-","tapD/pilD","24-858/873","========/======","4/8",95.19,83.55,"vfdb","WP_016352170","(tapD/pilD) prepilin peptidase [Tap type IV pili (VF0475) - Adherence (VFC0001)] [Aeromonas hydrophila ML09-119]",NA,"183026"
"183026.fasta","NZ_CP072325.1",412039,413264,"-","tapC","1-1226/1242","===============","0/0",98.71,86.3,"vfdb","WP_016352169","(tapC) type IV fimbrial assembly protein PilC-like [Tap type IV pili (VF0475) - Adherence (VFC0001)] [Aeromonas hydrophila ML09-119]",NA,"183026"
"183026.fasta","NZ_CP072325.1",413398,415100,"-","tapB","1-1703/1707","===============","0/0",99.77,87.49,"vfdb","WP_016352168","(tapB) type IV pilus assembly ATPase PilB-like [Tap type IV pili (VF0475) - Adherence (VFC0001)] [Aeromonas hydrophila ML09-119]",NA,"183026"
"183026.fasta","NZ_CP072325.1",1242386,1242703,"+","fliE","1-318/318","===============","0/0",100,89.62,"vfdb","WP_011705271","(fliE) flagellar hook-basal body complex protein FliE [Polar flagella (VF0473) - Motility (VFC0204)] [Aeromonas hydrophila ML09-119]",NA,"183026"
"183026.fasta","NZ_CP072325.1",1242750,1244459,"+","fliF","1-1713/1713","========/======","1/3",99.82,86.57,"vfdb","WP_016350050","(fliF) flagellar MS-ring protein [Polar flagella (VF0473) - Motility (VFC0204)] [Aeromonas hydrophila ML09-119]",NA,"183026"
"183026.fasta","NZ_CP072325.1",1244452,1245511,"+","fliG","1-1060/1062","===============","0/0",99.81,92.92,"vfdb","WP_011705273","(fliG) flagellar motor switch protein G [Polar flagella (VF0473) - Motility (VFC0204)] [Aeromonas hydrophila ML09-119]",NA,"183026"
"183026.fasta","NZ_CP072325.1",1245585,1246376,"+","fliH","7-792/807","========/======","3/12",97.03,81.13,"vfdb","WP_016350051","(fliH) flagellar assembly protein FliH [Polar flagella (VF0473) - Motility (VFC0204)] [Aeromonas hydrophila ML09-119]",NA,"183026"
"183026.fasta","NZ_CP072325.1",1246459,1247790,"+","fliI","1-1332/1332","===============","0/0",100,89.19,"vfdb","WP_011705275","(fliI) flagellum-specific ATP synthase [Polar flagella (VF0473) - Motility (VFC0204)] [Aeromonas hydrophila ML09-119]",NA,"183026"
"183026.fasta","NZ_CP072325.1",1247818,1248258,"+","fliJ","1-441/441","===============","0/0",100,85.49,"vfdb","WP_011705276","(fliJ) flagellar export protein FliJ [Polar flagella (VF0473) - Motility (VFC0204)] [Aeromonas hydrophila ML09-119]",NA,"183026"
"183026.fasta","NZ_CP072325.1",1250324,1250838,"+","fliL","1-518/519","========/======","1/3",99.23,85.33,"vfdb","WP_011705278","(fliL) flagellar basal body-associated protein FliL [Polar flagella (VF0473) - Motility (VFC0204)] [Aeromonas hydrophila ML09-119]",NA,"183026"
"183026.fasta","NZ_CP072325.1",1250847,1251917,"+","fliM","1-1071/1071","===============","0/0",100,91.04,"vfdb","WP_011705279","(fliM) flagellar motor switch protein FliM [Polar flagella (VF0473) - Motility (VFC0204)] [Aeromonas hydrophila ML09-119]",NA,"183026"
"183026.fasta","NZ_CP072325.1",1251967,1252359,"+","fliN","1-393/393","===============","0/0",100,89.57,"vfdb","WP_011705280","(fliN) flagellar motor switch protein FliN [Polar flagella (VF0473) - Motility (VFC0204)] [Aeromonas hydrophila ML09-119]",NA,"183026"
"183026.fasta","NZ_CP072325.1",1252416,1252736,"+","fliO","64-384/384","..=============","0/0",83.59,86.92,"vfdb","WP_005298795","(fliO) flagellar biosynthesis protein FliO [Polar flagella (VF0473) - Motility (VFC0204)] [Aeromonas hydrophila ML09-119]",NA,"183026"
"183026.fasta","NZ_CP072325.1",1252723,1253493,"+","fliP","1-774/780","========/======","2/5",98.72,85.81,"vfdb","WP_016350054","(fliP) flagellar biosynthesis protein FliP [Polar flagella (VF0473) - Motility (VFC0204)] [Aeromonas hydrophila ML09-119]",NA,"183026"
"183026.fasta","NZ_CP072325.1",1253522,1253791,"+","fliQ","1-270/270","===============","0/0",100,87.04,"vfdb","WP_011705282","(fliQ) flagellar biosynthetic protein FliQ [Polar flagella (VF0473) - Motility (VFC0204)] [Aeromonas hydrophila ML09-119]",NA,"183026"
"183026.fasta","NZ_CP072325.1",1253788,1254573,"+","fliR","1-786/792","===============","0/0",99.24,83.21,"vfdb","WP_011705283","(fliR) flagellar biosynthesis protein FliR [Polar flagella (VF0473) - Motility (VFC0204)] [Aeromonas hydrophila ML09-119]",NA,"183026"
"183026.fasta","NZ_CP072325.1",1254578,1255708,"+","flhB","1-1131/1131","========/======","2/8",99.65,85.99,"vfdb","WP_016350055","(flhB) flagellar biosynthetic protein FlhB [Polar flagella (VF0473) - Motility (VFC0204)] [Aeromonas hydrophila ML09-119]",NA,"183026"
"183026.fasta","NZ_CP072325.1",1255816,1257918,"+","flhA","1-2103/2103","===============","0/0",100,87.02,"vfdb","WP_016350056","(flhA) flagellar biosynthesis protein FlhA [Polar flagella (VF0473) - Motility (VFC0204)] [Aeromonas hydrophila ML09-119]",NA,"183026"
"183026.fasta","NZ_CP072325.1",1257935,1259359,"+","flhF","1-1422/1422","========/======","8/15",99.58,87.84,"vfdb","WP_016350057","(flhF) flagellar biosynthesis protein FlhF [Polar flagella (VF0473) - Motility (VFC0204)] [Aeromonas hydrophila ML09-119]",NA,"183026"
"183026.fasta","NZ_CP072325.1",1259361,1260236,"+","flhG","1-876/876","===============","0/0",100,88.58,"vfdb","WP_010634619","(flhG) CobQ/CobB/MinD/ParA family protein [Polar flagella (VF0473) - Motility (VFC0204)] [Aeromonas hydrophila ML09-119]",NA,"183026"
"183026.fasta","NZ_CP072325.1",1260229,1260948,"+","fliA","1-720/720","========/======","2/2",99.86,83.77,"vfdb","WP_017409955","(fliA) flagellar biosynthesis sigma factor [Polar flagella (VF0473) - Motility (VFC0204)] [Aeromonas hydrophila ML09-119]",NA,"183026"
"183026.fasta","NZ_CP072325.1",1261060,1261443,"+","cheY","1-384/384","===============","0/0",100,86.98,"vfdb","WP_010634617","(cheY) chemotaxis protein CheY [Polar flagella (VF0473) - Motility (VFC0204)] [Aeromonas hydrophila ML09-119]",NA,"183026"
"183026.fasta","NZ_CP072325.1",1261456,1262196,"+","cheZ","1-741/741","===============","0/0",100,85.83,"vfdb","WP_011705289","(cheZ) chemotaxis protein CheZ [Polar flagella (VF0473) - Motility (VFC0204)] [Aeromonas hydrophila ML09-119]",NA,"183026"
"183026.fasta","NZ_CP072325.1",1264460,1265575,"+","cheB-2","1-1116/1116","===============","0/0",100,82.53,"vfdb","WP_016350060","(cheB-2) chemotaxis-specific methylesterase [Polar flagella (VF0473) - Motility (VFC0204)] [Aeromonas hydrophila ML09-119]",NA,"183026"
"183026.fasta","NZ_CP072325.1",1267243,1268037,"+","AHML_RS07540","1-795/795","===============","0/0",100,83.14,"vfdb","WP_011705294","(AHML_RS07540) CobQ/CobB/MinD/ParA family protein [Polar flagella (VF0473) - Motility (VFC0204)] [Aeromonas hydrophila ML09-119]",NA,"183026"
"183026.fasta","NZ_CP072325.1",1323943,1324266,"-","sycX","1-324/381","=============..","0/0",85.04,94.75,"vfdb","WP_005320736","(sycX) hypothetical protein [T3SS (VF0479) - Effector delivery system (VFC0086)] [Aeromonas salmonicida subsp. salmonicida A449]",NA,"183026"
"183026.fasta","NZ_CP072325.1",1324266,1325216,"-","aopX","1-971/971","========/======","1/20",97.94,94.13,"vfdb","","(aopX) hypothetical protein [T3SS (VF0479) - Effector delivery system (VFC0086)] [Aeromonas salmonicida subsp. salmonicida A449]",NA,"183026"
"183026.fasta","NZ_CP072325.1",1325354,1326412,"-","ascU","1-1059/1059","===============","0/0",100,97.17,"vfdb","WP_005320739","(ascU) Type III secretion system inner membrane export apparatus protein AscU [T3SS (VF0479) - Effector delivery system (VFC0086)] [Aeromonas salmonicida subsp. salmonicida A449]",NA,"183026"
"183026.fasta","NZ_CP072325.1",1326409,1327197,"-","ascT","1-789/789","===============","0/0",100,95.56,"vfdb","WP_005320741","(ascT) Type III secretion system inner membrane export apparatus protein AscT [T3SS (VF0479) - Effector delivery system (VFC0086)] [Aeromonas salmonicida subsp. salmonicida A449]",NA,"183026"
"183026.fasta","NZ_CP072325.1",1327194,1327460,"-","ascS","1-267/267","===============","0/0",100,95.51,"vfdb","WP_005320743","(ascS) type III secretion system inner membrane export apparatus protein AscS [T3SS (VF0479) - Effector delivery system (VFC0086)] [Aeromonas salmonicida subsp. salmonicida A449]",NA,"183026"
"183026.fasta","NZ_CP072325.1",1327462,1328115,"-","ascR","1-654/654","===============","0/0",100,97.86,"vfdb","WP_005320745","(ascR) Type III secretion system inner membrane export apparatus protein AscR [T3SS (VF0479) - Effector delivery system (VFC0086)] [Aeromonas salmonicida subsp. salmonicida A449]",NA,"183026"
"183026.fasta","NZ_CP072325.1",1328112,1329038,"-","ascQ","1-927/927","===============","0/0",100,92.45,"vfdb","WP_005320747","(ascQ) type III secretion system protein AscQ [T3SS (VF0479) - Effector delivery system (VFC0086)] [Aeromonas salmonicida subsp. salmonicida A449]",NA,"183026"
"183026.fasta","NZ_CP072325.1",1330136,1330597,"-","ascO","1-462/462","===============","0/0",100,97.4,"vfdb","WP_005320751","(ascO) Type III secretion system protein AscO [T3SS (VF0479) - Effector delivery system (VFC0086)] [Aeromonas salmonicida subsp. salmonicida A449]",NA,"183026"
"183026.fasta","NZ_CP072325.1",1330594,1331916,"-","ascN","1-1323/1323","===============","0/0",100,96.22,"vfdb","WP_005320755","(ascN) Type III secretion system ATPase [T3SS (VF0479) - Effector delivery system (VFC0086)] [Aeromonas salmonicida subsp. salmonicida A449]",NA,"183026"
"183026.fasta","NZ_CP072325.1",1332106,1332984,"+","aopN","1-879/879","===============","0/0",100,96.47,"vfdb","WP_005320757","(aopN) AopN secretion control of translocators and immune suppressor [T3SS (VF0479) - Effector delivery system (VFC0086)] [Aeromonas salmonicida subsp. salmonicida A449]",NA,"183026"
"183026.fasta","NZ_CP072325.1",1332965,1333246,"+","acr1","1-282/282","===============","0/0",100,97.87,"vfdb","WP_005320760","(acr1) Type III secretion system gatekeeper subunit  [T3SS (VF0479) - Effector delivery system (VFC0086)] [Aeromonas salmonicida subsp. salmonicida A449]",NA,"183026"
"183026.fasta","NZ_CP072325.1",1333243,1333614,"+","acr2","1-372/372","===============","0/0",100,95.43,"vfdb","WP_005320764","(acr2) chaperone protein [T3SS (VF0479) - Effector delivery system (VFC0086)] [Aeromonas salmonicida subsp. salmonicida A449]",NA,"183026"
"183026.fasta","NZ_CP072325.1",1333611,1333976,"+","ascX","1-366/366","===============","0/0",100,95.63,"vfdb","WP_005320766","(ascX) Unknown function chaperoned by AscY [T3SS (VF0479) - Effector delivery system (VFC0086)] [Aeromonas salmonicida subsp. salmonicida A449]",NA,"183026"
"183026.fasta","NZ_CP072325.1",1333973,1334323,"+","ascY","1-351/351","===============","0/0",100,97.72,"vfdb","WP_005320768","(ascY) chaperone protein [T3SS (VF0479) - Effector delivery system (VFC0086)] [Aeromonas salmonicida subsp. salmonicida A449]",NA,"183026"
"183026.fasta","NZ_CP072325.1",1334304,1336421,"+","ascV","1-2118/2118","===============","0/0",100,96.69,"vfdb","WP_005320770","(ascV) Type III secretion system inner membrane export apparatus protein AscV [T3SS (VF0479) - Effector delivery system (VFC0086)] [Aeromonas salmonicida subsp. salmonicida A449]",NA,"183026"
"183026.fasta","NZ_CP072325.1",1336418,1336873,"+","acrR","1-456/456","===============","0/0",100,92.33,"vfdb","WP_005320772","(acrR) Type III secretion system regulator LcrR-like [T3SS (VF0479) - Effector delivery system (VFC0086)] [Aeromonas salmonicida subsp. salmonicida A449]",NA,"183026"
"183026.fasta","NZ_CP072325.1",1336913,1337197,"+","acrG","1-285/285","===============","0/0",100,94.39,"vfdb","WP_005320774","(acrG) Type III secretion system protein LcrG-like [T3SS (VF0479) - Effector delivery system (VFC0086)] [Aeromonas salmonicida subsp. salmonicida A449]",NA,"183026"
"183026.fasta","NZ_CP072325.1",1337207,1338295,"+","acrV","1-1086/1086","========/======","1/3",100,89.16,"vfdb","WP_005320777","(acrV) Type III secretion system tip translocon AcrV  [T3SS (VF0479) - Effector delivery system (VFC0086)] [Aeromonas salmonicida subsp. salmonicida A449]",NA,"183026"
"183026.fasta","NZ_CP072325.1",1338305,1338808,"+","acrH","1-504/504","===============","0/0",100,93.85,"vfdb","WP_005320778","(acrH) chaperon protein for AopB/AopD [T3SS (VF0479) - Effector delivery system (VFC0086)] [Aeromonas salmonicida subsp. salmonicida A449]",NA,"183026"
"183026.fasta","NZ_CP072325.1",1338789,1339961,"+","aopB","1-1194/1194","========/======","10/35",97.65,81.68,"vfdb","WP_005320780","(aopB) Type III secretion system translocator AopB [T3SS (VF0479) - Effector delivery system (VFC0086)] [Aeromonas salmonicida subsp. salmonicida A449]",NA,"183026"
"183026.fasta","NZ_CP072325.1",1339974,1340870,"+","aopD","1-897/897","===============","0/0",100,87.85,"vfdb","WP_005320781","(aopD) Type III secretion system translocator AopD [T3SS (VF0479) - Effector delivery system (VFC0086)] [Aeromonas salmonicida subsp. salmonicida A449]",NA,"183026"
"183026.fasta","NZ_CP072325.1",1341006,1341449,"+","exsC","1-444/444","===============","0/0",100,95.72,"vfdb","WP_005320783","(exsC) chaperone protein [T3SS (VF0479) - Effector delivery system (VFC0086)] [Aeromonas salmonicida subsp. salmonicida A449]",NA,"183026"
"183026.fasta","NZ_CP072325.1",1341452,1341685,"+","exsE","1-234/234","===============","0/0",100,91.88,"vfdb","WP_005320785","(exsE) Type III secretion system regulator [T3SS (VF0479) - Effector delivery system (VFC0086)] [Aeromonas salmonicida subsp. salmonicida A449]",NA,"183026"
"183026.fasta","NZ_CP072325.1",1341682,1342083,"+","exsB","1-402/402","===============","0/0",100,95.52,"vfdb","WP_011899440","(exsB) type III secretion system OM ring protein ExsB [T3SS (VF0479) - Effector delivery system (VFC0086)] [Aeromonas salmonicida subsp. salmonicida A449]",NA,"183026"
"183026.fasta","NZ_CP072325.1",1342461,1343243,"+","exsA","1-783/783","===============","0/0",100,97.57,"vfdb","WP_192914500","(exsA) Type III secretion system transcriptional regulator [T3SS (VF0479) - Effector delivery system (VFC0086)] [Aeromonas salmonicida subsp. salmonicida A449]",NA,"183026"
"183026.fasta","NZ_CP072325.1",1343363,1344178,"+","exsD","1-816/816","===============","0/0",100,96.69,"vfdb","WP_005320790","(exsD) Type III secretion system protein ExsD [T3SS (VF0479) - Effector delivery system (VFC0086)] [Aeromonas salmonicida subsp. salmonicida A449]",NA,"183026"
"183026.fasta","NZ_CP072325.1",1344194,1344619,"+","ascB","1-426/426","===============","0/0",100,96.48,"vfdb","WP_011899439","(ascB) chaperone protein [T3SS (VF0479) - Effector delivery system (VFC0086)] [Aeromonas salmonicida subsp. salmonicida A449]",NA,"183026"
"183026.fasta","NZ_CP072325.1",1344592,1346445,"+","ascC","1-1854/1854","===============","0/0",100,96.33,"vfdb","WP_011899438","(ascC) Type III secretion system OM ring protein AscC [T3SS (VF0479) - Effector delivery system (VFC0086)] [Aeromonas salmonicida subsp. salmonicida A449]",NA,"183026"
"183026.fasta","NZ_CP072325.1",1346442,1347746,"+","ascD","1-1305/1305","===============","0/0",100,95.71,"vfdb","WP_005320795","(ascD) Type III secretion system OM ring protein AscD [T3SS (VF0479) - Effector delivery system (VFC0086)] [Aeromonas salmonicida subsp. salmonicida A449]",NA,"183026"
"183026.fasta","NZ_CP072325.1",1347709,1347921,"+","ascE","1-213/213","===============","0/0",100,94.84,"vfdb","WP_005320797","(ascE) chaperone protein [T3SS (VF0479) - Effector delivery system (VFC0086)] [Aeromonas salmonicida subsp. salmonicida A449]",NA,"183026"
"183026.fasta","NZ_CP072325.1",1347914,1348171,"+","ascF","1-258/258","===============","0/0",100,94.57,"vfdb","WP_005320800","(ascF) Type III secretion system needle complex subunit AscF [T3SS (VF0479) - Effector delivery system (VFC0086)] [Aeromonas salmonicida subsp. salmonicida A449]",NA,"183026"
"183026.fasta","NZ_CP072325.1",1348171,1348524,"+","ascG","1-354/354","===============","0/0",100,87.29,"vfdb","WP_005320802","(ascG) chaperone protein [T3SS (VF0479) - Effector delivery system (VFC0086)] [Aeromonas salmonicida subsp. salmonicida A449]",NA,"183026"
"183026.fasta","NZ_CP072325.1",1348521,1349075,"+","ascH","1-555/555","===============","0/0",100,92.79,"vfdb","WP_005320804","(ascH) Type III secretion system protein AscH regulator needle assembling [T3SS (VF0479) - Effector delivery system (VFC0086)] [Aeromonas salmonicida subsp. salmonicida A449]",NA,"183026"
"183026.fasta","NZ_CP072325.1",1349075,1349413,"+","ascI","1-339/339","===============","0/0",100,97.34,"vfdb","WP_005320806","(ascI) Type III secretion system inner rod protein AscI [T3SS (VF0479) - Effector delivery system (VFC0086)] [Aeromonas salmonicida subsp. salmonicida A449]",NA,"183026"
"183026.fasta","NZ_CP072325.1",1349420,1350160,"+","ascJ","1-741/741","===============","0/0",100,96.76,"vfdb","WP_180975055","(ascJ) type III secretion system OM ring protein AscJ [T3SS (VF0479) - Effector delivery system (VFC0086)] [Aeromonas salmonicida subsp. salmonicida A449]",NA,"183026"
"183026.fasta","NZ_CP072325.1",1350157,1350783,"+","ascK","1-627/627","===============","0/0",100,92.03,"vfdb","WP_005320811","(ascK) Type III secretion system C ring protein AscK [T3SS (VF0479) - Effector delivery system (VFC0086)] [Aeromonas salmonicida subsp. salmonicida A449]",NA,"183026"
"183026.fasta","NZ_CP072325.1",1350762,1351427,"+","ascL","1-666/666","===============","0/0",100,95.65,"vfdb","WP_005320812","(ascL) Type III secretion system C ring protein AscL [T3SS (VF0479) - Effector delivery system (VFC0086)] [Aeromonas salmonicida subsp. salmonicida A449]",NA,"183026"
"183026.fasta","NZ_CP072325.1",1514782,1515100,"-","flgM","1-319/321","===============","0/0",99.38,80.25,"vfdb","WP_011706648","(flgM) anti-sigma-D factor [Polar flagella (VF0473) - Motility (VFC0204)] [Aeromonas hydrophila ML09-119]",NA,"183026"
"183026.fasta","NZ_CP072325.1",1516020,1516931,"+","cheV","1-912/912","===============","0/0",100,86.18,"vfdb","WP_011706646","(cheV) CheV [Polar flagella (VF0473) - Motility (VFC0204)] [Aeromonas hydrophila ML09-119]",NA,"183026"
"183026.fasta","NZ_CP072325.1",1516949,1517771,"+","cheR-3","1-823/825","===============","0/0",99.76,85.91,"vfdb","WP_011706645","(cheR-3) chemotaxis protein CheR [Polar flagella (VF0473) - Motility (VFC0204)] [Aeromonas hydrophila ML09-119]",NA,"183026"
"183026.fasta","NZ_CP072325.1",1518069,1518467,"+","flgB","1-399/399","========/======","2/6",99.25,81.34,"vfdb","WP_011706644","(flgB) flagellar basal-body rod protein FlgB [Polar flagella (VF0473) - Motility (VFC0204)] [Aeromonas hydrophila ML09-119]",NA,"183026"
"183026.fasta","NZ_CP072325.1",1518467,1518886,"+","flgC","1-420/420","===============","0/0",100,88.81,"vfdb","WP_011706643","(flgC) flagellar basal body rod protein FlgC [Polar flagella (VF0473) - Motility (VFC0204)] [Aeromonas hydrophila ML09-119]",NA,"183026"
"183026.fasta","NZ_CP072325.1",1521135,1521881,"+","flgF","1-747/747","===============","0/0",100,85.14,"vfdb","WP_011706640","(flgF) flagellar basal-body rod protein FlgF [Polar flagella (VF0473) - Motility (VFC0204)] [Aeromonas hydrophila ML09-119]",NA,"183026"
"183026.fasta","NZ_CP072325.1",1521897,1522685,"+","flgG","1-789/789","===============","0/0",100,86.31,"vfdb","WP_011706639","(flgG) flagellar basal body rod protein FlgG [Polar flagella (VF0473) - Motility (VFC0204)] [Aeromonas hydrophila ML09-119]",NA,"183026"
"183026.fasta","NZ_CP072325.1",1522700,1523371,"+","flgH","1-672/672","===============","0/0",100,86.61,"vfdb","WP_011706638","(flgH) flagellar basal body L-ring protein [Polar flagella (VF0473) - Motility (VFC0204)] [Aeromonas hydrophila ML09-119]",NA,"183026"
"183026.fasta","NZ_CP072325.1",1523380,1524477,"+","flgI","1-1098/1098","===============","0/0",100,86.61,"vfdb","WP_011706637","(flgI) flagellar basal body P-ring protein [Polar flagella (VF0473) - Motility (VFC0204)] [Aeromonas hydrophila ML09-119]",NA,"183026"
"183026.fasta","NZ_CP072325.1",1524521,1525570,"+","flgJ","1-1053/1092","========/======","6/25",95.15,80.17,"vfdb","WP_016351320","(flgJ) flagellar rod assembly protein/muramidase FlgJ [Polar flagella (VF0473) - Motility (VFC0204)] [Aeromonas hydrophila ML09-119]",NA,"183026"
"183026.fasta","NZ_CP072325.1",1536177,1537591,"+","flrA","1-1415/1422","========/======","2/2",99.44,86.58,"vfdb","WP_017409846","(flrA) FleQ protein [Polar flagella (VF0473) - Motility (VFC0204)] [Aeromonas hydrophila ML09-119]",NA,"183026"
"183026.fasta","NZ_CP072325.1",1537705,1538739,"+","flrB","1-1035/1035","========/======","4/4",99.81,85.44,"vfdb","WP_016351312","(flrB) two-component sensor kinase [Polar flagella (VF0473) - Motility (VFC0204)] [Aeromonas hydrophila ML09-119]",NA,"183026"
"183026.fasta","NZ_CP072325.1",1538736,1540079,"+","flrC","1-1344/1344","===============","0/0",100,88.32,"vfdb","WP_011706626","(flrC) transcriptional activator [Polar flagella (VF0473) - Motility (VFC0204)] [Aeromonas hydrophila ML09-119]",NA,"183026"
"183026.fasta","NZ_CP072325.1",2295140,2295874,"-","flmH","1-735/735","===============","0/0",100,90.48,"vfdb","WP_005300916","(flmH) short chain dehydrogenase/reductase family oxidoreductase [Polar flagella (VF0473) - Motility (VFC0204)] [Aeromonas hydrophila ML09-119]",NA,"183026"
"183026.fasta","NZ_CP072325.1",2691856,2692647,"-","tapF","1-792/792","========/======","2/6",99.62,87.92,"vfdb","WP_011705643","(tapF) type IV pilus biogenesis/stability protein pilW-like [Tap type IV pili (VF0475) - Adherence (VFC0001)] [Aeromonas hydrophila ML09-119]",NA,"183026"
"183026.fasta","NZ_CP072325.1",2772165,2772914,"-","nueA","1-762/762","========/======","2/12",98.43,88.84,"vfdb","WP_016351249","(nueA) NeuA protein [Polar flagella (VF0473) - Motility (VFC0204)] [Aeromonas hydrophila ML09-119]",NA,"183026"
"183026.fasta","NZ_CP072325.1",2823838,2824711,"-","motY","1-874/876","===============","0/0",99.77,87.64,"vfdb","WP_024944879","(motY) sodium-type flagellar protein MotY [Polar flagella (VF0473) - Motility (VFC0204)] [Aeromonas hydrophila ML09-119]",NA,"183026"
"183026.fasta","NZ_CP072325.1",2848340,2849477,"+","tapW","1-1138/1140","===============","0/0",99.82,90.25,"vfdb","WP_011706550","(tapW) twitching ATPase [Tap type IV pili (VF0475) - Adherence (VFC0001)] [Aeromonas hydrophila ML09-119]",NA,"183026"
"183026.fasta","NZ_CP072325.1",3030803,3031675,"-","flpH","13-885/885","========/======","6/18",97.63,81.75,"vfdb","WP_043118801","(flpH) Flp pilus assembly protein FlpH [Flp/Tad pili (VF0476) - Adherence (VFC0001)] [Aeromonas hydrophila ML09-119]",NA,"183026"
"183026.fasta","NZ_CP072325.1",3031691,3032557,"-","flpG","19-885/885","===============","0/0",97.97,85.58,"vfdb","WP_016350153","(flpG) Flp pilus assembly protein FlpG [Flp/Tad pili (VF0476) - Adherence (VFC0001)] [Aeromonas hydrophila ML09-119]",NA,"183026"
"183026.fasta","NZ_CP072325.1",3032572,3033885,"-","flpF","1-1314/1314","===============","0/0",100,85.39,"vfdb","WP_016350152","(flpF) traffic ATPase [Flp/Tad pili (VF0476) - Adherence (VFC0001)] [Aeromonas hydrophila ML09-119]",NA,"183026"
"183026.fasta","NZ_CP072325.1",3033885,3035018,"-","flpE","1-1134/1134","========/======","4/4",99.82,81.25,"vfdb","WP_016350151","(flpE) Flp pilus assembly protein ATPase [Flp/Tad pili (VF0476) - Adherence (VFC0001)] [Aeromonas hydrophila ML09-119]",NA,"183026"
"183026.fasta","NZ_CP072325.1",3035023,3035570,"-","flpD","1-548/549","========/======","7/16",98.36,81.11,"vfdb","WP_016350150","(flpD) Flp pilus assembly protein FlpD [Flp/Tad pili (VF0476) - Adherence (VFC0001)] [Aeromonas hydrophila ML09-119]",NA,"183026"
"183026.fasta","NZ_CP072325.1",3035582,3036979,"-","flpC","1-1398/1398","========/======","2/4",99.86,83.86,"vfdb","WP_043118798","(flpC) Flp pilus secretin FlpC [Flp/Tad pili (VF0476) - Adherence (VFC0001)] [Aeromonas hydrophila ML09-119]",NA,"183026"
"183026.fasta","NZ_CP072325.1",3036999,3037889,"-","flpB","1-891/891","========/======","5/18",98.99,81.89,"vfdb","WP_016350148","(flpB) Flp pilus assembly protein [Flp/Tad pili (VF0476) - Adherence (VFC0001)] [Aeromonas hydrophila ML09-119]",NA,"183026"
"183026.fasta","NZ_CP072325.1",3038312,3038509,"-","flp1","7-204/204","===============","0/0",97.06,85.86,"vfdb","WP_011705350","(flp1) Flp pilus pilin subunit [Flp/Tad pili (VF0476) - Adherence (VFC0001)] [Aeromonas hydrophila ML09-119]",NA,"183026"
"183026.fasta","NZ_CP072325.1",3234135,3235693,"+","exeA","1-1559/1647","===============","0/0",94.66,82.81,"vfdb","WP_016352107","(exeA) general secretion pathway protein A [Exe T2SS (VF0478) - Effector delivery system (VFC0086)] [Aeromonas hydrophila ML09-119]",NA,"183026"
"183026.fasta","NZ_CP072325.1",3237478,3239435,"+","exeD","1-1970/2037","========/======","11/26",95.78,85.58,"vfdb","WP_016349335","(exeD) general secretion pathway protein D [Exe T2SS (VF0478) - Effector delivery system (VFC0086)] [Aeromonas hydrophila ML09-119]",NA,"183026"
"183026.fasta","NZ_CP072325.1",3239523,3241022,"+","exeE","7-1506/1506","===============","0/0",99.6,90.07,"vfdb","WP_016349336","(exeE) general secretory pathway protein E [Exe T2SS (VF0478) - Effector delivery system (VFC0086)] [Aeromonas hydrophila ML09-119]",NA,"183026"
"183026.fasta","NZ_CP072325.1",3241024,3242243,"+","exeF","1-1220/1221","===============","0/0",99.92,87.87,"vfdb","WP_016349337","(exeF) general secretion pathway protein F [Exe T2SS (VF0478) - Effector delivery system (VFC0086)] [Aeromonas hydrophila ML09-119]",NA,"183026"
"183026.fasta","NZ_CP072325.1",3242342,3242773,"+","exeG","1-432/432","===============","0/0",100,91.67,"vfdb","WP_005308483","(exeG) general secretion pathway protein G [Exe T2SS (VF0478) - Effector delivery system (VFC0086)] [Aeromonas hydrophila ML09-119]",NA,"183026"
"183026.fasta","NZ_CP072325.1",3242843,3243350,"+","exeH","11-518/552","===============","0/0",92.03,81.5,"vfdb","WP_016349339","(exeH) general secretion pathway protein H [Exe T2SS (VF0478) - Effector delivery system (VFC0086)] [Aeromonas hydrophila ML09-119]",NA,"183026"
"183026.fasta","NZ_CP072325.1",3243476,3243835,"+","exeI","1-360/360","===============","0/0",100,87.5,"vfdb","WP_016349340","(exeI) general secretion pathway protein I [Exe T2SS (VF0478) - Effector delivery system (VFC0086)] [Aeromonas hydrophila ML09-119]",NA,"183026"
"183026.fasta","NZ_CP072325.1",3243868,3244469,"+","exeJ","40-641/654","===============","0/0",92.05,89.87,"vfdb","WP_016349341","(exeJ) general secretion pathway protein J [Exe T2SS (VF0478) - Effector delivery system (VFC0086)] [Aeromonas hydrophila ML09-119]",NA,"183026"
"183026.fasta","NZ_CP072325.1",3245725,3246909,"+","exeL","1-1185/1185","========/======","2/2",99.92,82.12,"vfdb","WP_016349343","(exeL) general secretion pathway protein L [Exe T2SS (VF0478) - Effector delivery system (VFC0086)] [Aeromonas hydrophila ML09-119]",NA,"183026"
"183026.fasta","NZ_CP072325.1",3246906,3247397,"+","exeM","1-492/492","===============","0/0",100,82.93,"vfdb","WP_016349344","(exeM) general secretion pathway protein M [Exe T2SS (VF0478) - Effector delivery system (VFC0086)] [Aeromonas hydrophila ML09-119]",NA,"183026"
"183026.fasta","NZ_CP072325.1",3247409,3248159,"+","exeN","16-754/756","========/======","4/14",97.62,80.05,"vfdb","WP_043118380","(exeN) general secretion pathway protein N [Exe T2SS (VF0478) - Effector delivery system (VFC0086)] [Aeromonas hydrophila ML09-119]",NA,"183026"
"183026.fasta","NZ_CP072325.1",3574093,3574940,"-","pomB2","10-863/900","========/======","2/6",94.22,82.9,"vfdb","WP_016351724","(pomB2) flagellar motor protein MotB [Polar flagella (VF0473) - Motility (VFC0204)] [Aeromonas hydrophila ML09-119]",NA,"183026"
"183026.fasta","NZ_CP072325.1",3574958,3575716,"-","pomA2","1-759/759","===============","0/0",100,87.09,"vfdb","WP_011707085","(pomA2) chemotaxis protein PomA [Polar flagella (VF0473) - Motility (VFC0204)] [Aeromonas hydrophila ML09-119]",NA,"183026"
"183026.fasta","NZ_CP072325.1",3897016,3897565,"-","motX","51-600/600",".==============","0/0",91.67,83.64,"vfdb","WP_016349413","(motX) sodium-type flagellar motor component [Polar flagella (VF0473) - Motility (VFC0204)] [Aeromonas hydrophila ML09-119]",NA,"183026"
"183026.fasta","NZ_CP072325.1",3911079,3912188,"-","tapU","1-1110/1110","===============","0/0",100,84.59,"vfdb","WP_016351972","(tapU) twitching ATPase [Tap type IV pili (VF0475) - Adherence (VFC0001)] [Aeromonas hydrophila ML09-119]",NA,"183026"
"183026.fasta","NZ_CP072325.1",3912217,3913251,"-","tapT","1-1035/1035","===============","0/0",100,91.69,"vfdb","WP_011707389","(tapT) twitching ATPase [Tap type IV pili (VF0475) - Adherence (VFC0001)] [Aeromonas hydrophila ML09-119]",NA,"183026"
"183026.fasta","NZ_CP072325.1",4110227,4110824,"-","mshB","73-670/672",".==============","0/0",88.99,86.96,"vfdb","WP_043118279","(mshB) MSHA (mannose-sensitive hemagglutinin) pili minor prepilin protein MshB [MSHA type IV pili (VF0477) - Adherence (VFC0001)] [Aeromonas hydrophila ML09-119]",NA,"183026"
"183026.fasta","NZ_CP072325.1",4111513,4112725,"-","mshG","9-1221/1221","===============","0/0",99.34,88.62,"vfdb","WP_016349160","(mshG) MSHA (mannose-sensitive hemagglutinin) pili biogenesis protein MshG GspF-like [MSHA type IV pili (VF0477) - Adherence (VFC0001)] [Aeromonas hydrophila ML09-119]",NA,"183026"
"183026.fasta","NZ_CP072325.1",4112737,4114446,"-","mshE","1-1710/1710","===============","0/0",100,89.77,"vfdb","WP_043118275","(mshE) ATPase protein MshE GspE-like [MSHA type IV pili (VF0477) - Adherence (VFC0001)] [Aeromonas hydrophila ML09-119]",NA,"183026"
"183026.fasta","NZ_CP072325.1",4115612,4116502,"-","mshM","1-891/891","===============","0/0",100,87.88,"vfdb","WP_016349157","(mshM) membrane protein with ATPase domain GspA-like [MSHA type IV pili (VF0477) - Adherence (VFC0001)] [Aeromonas hydrophila ML09-119]",NA,"183026"
"183026.fasta","NZ_CP072325.1",4116595,4118268,"-","mshL","1-1674/1674","========/======","9/32",99.04,82.84,"vfdb","WP_016349156","(mshL) MSHA (mannose-sensitive hemagglutinin) pili biogenesis protein MshL outer membrane secretin GspD-like [MSHA type IV pili (VF0477) - Adherence (VFC0001)] [Aeromonas hydrophila ML09-119]",NA,"183026"
"183026.fasta","NZ_CP072325.1",4119308,4119901,"-","mshI1","1-594/594","========/======","4/4",99.66,80.37,"vfdb","WP_016349153","(mshI1) MSHA (mannose-sensitive hemagglutinin) pili biogenesis protein MshI1 bitopic inner membrane protein [MSHA type IV pili (VF0477) - Adherence (VFC0001)] [Aeromonas hydrophila ML09-119]",NA,"183026"
"183026.fasta","NZ_CP072325.1",4119901,4120764,"-","mshI","1-864/864","===============","0/0",100,83.33,"vfdb","WP_016349152","(mshI) MSHA (mannose-sensitive hemagglutinin) pili biogenesis protein MshI bitopic inner membrane protein [MSHA type IV pili (VF0477) - Adherence (VFC0001)] [Aeromonas hydrophila ML09-119]",NA,"183026"
"ANYA_13997.fasta","NZ_CP121854.1",154856,155233,"+","lfiN","1-378/378","===============","0/0",100,85.45,"vfdb","WP_005314315","(lfiN) lateral flagellar motor switch protein lfiN [Lateral flagella (VF0474) - Motility (VFC0204)] [Aeromonas salmonicida subsp. salmonicida A449]",NA,"ANYA_13997"
"ANYA_13997.fasta","NZ_CP121854.1",155233,155967,"+","fliP","1-735/735","===============","0/0",100,80.41,"vfdb","WP_005314307","(fliP) flagellar biosynthesis protein FliP [Lateral flagella (VF0474) - Motility (VFC0204)] [Aeromonas salmonicida subsp. salmonicida A449]",NA,"ANYA_13997"
"ANYA_13997.fasta","NZ_CP121854.1",155970,156238,"+","lfiQ","2-270/270","===============","0/0",99.63,80.3,"vfdb","WP_005314303","(lfiQ) lateral flagellar biosynthetic protein LfiQ [Lateral flagella (VF0474) - Motility (VFC0204)] [Aeromonas salmonicida subsp. salmonicida A449]",NA,"ANYA_13997"
"ANYA_13997.fasta","NZ_CP121854.1",157014,158150,"+","lfhB","1-1137/1137","===============","0/0",100,81.27,"vfdb","WP_005314298","(lfhB) lateral flagellar biosynthetic protein LfhB [Lateral flagella (VF0474) - Motility (VFC0204)] [Aeromonas salmonicida subsp. salmonicida A449]",NA,"ANYA_13997"
"ANYA_13997.fasta","NZ_CP121854.1",158154,160220,"+","lfhA","1-2067/2076","===============","0/0",99.57,82.39,"vfdb","WP_005314296","(lfhA) lateral flagellar biosynthesis protein [Lateral flagella (VF0474) - Motility (VFC0204)] [Aeromonas salmonicida subsp. salmonicida A449]",NA,"ANYA_13997"
"ANYA_13997.fasta","NZ_CP121854.1",162016,162342,"+","lfiE","1-327/327","===============","0/0",100,84.71,"vfdb","WP_005314292","(lfiE) lateral flagellar hook basal body protein LfiE [Lateral flagella (VF0474) - Motility (VFC0204)] [Aeromonas salmonicida subsp. salmonicida A449]",NA,"ANYA_13997"
"ANYA_13997.fasta","NZ_CP121854.1",164095,165123,"+","fliG","1-1029/1029","===============","0/0",100,84.55,"vfdb","WP_005314289","(fliG) flagellar motor switch protein G [Lateral flagella (VF0474) - Motility (VFC0204)] [Aeromonas salmonicida subsp. salmonicida A449]",NA,"ANYA_13997"
"ANYA_13997.fasta","NZ_CP121854.1",169228,169617,"+","lfgB","1-390/390","===============","0/0",100,83.59,"vfdb","WP_005314272","(lfgB) lateral flagellar basal body protein LfgB [Lateral flagella (VF0474) - Motility (VFC0204)] [Aeromonas salmonicida subsp. salmonicida A449]",NA,"ANYA_13997"
"ANYA_13997.fasta","NZ_CP121854.1",169620,170040,"+","flgC","1-421/426","===============","0/0",98.83,82.19,"vfdb","WP_005314270","(flgC) flagellar basal body rod protein FlgC [Lateral flagella (VF0474) - Motility (VFC0204)] [Aeromonas salmonicida subsp. salmonicida A449]",NA,"ANYA_13997"
"ANYA_13997.fasta","NZ_CP121854.1",171975,172705,"+","lfgF","1-731/735","===============","0/0",99.46,82.76,"vfdb","WP_005314261","(lfgF) lateral flagellar basal-body rod protein LfgF [Lateral flagella (VF0474) - Motility (VFC0204)] [Aeromonas salmonicida subsp. salmonicida A449]",NA,"ANYA_13997"
"ANYA_13997.fasta","NZ_CP121854.1",172788,173571,"+","lfgG","1-784/786","===============","0/0",99.75,83.42,"vfdb","WP_005314259","(lfgG) lateral flagellar basal-body rod protein LfgG [Lateral flagella (VF0474) - Motility (VFC0204)] [Aeromonas salmonicida subsp. salmonicida A449]",NA,"ANYA_13997"
"ANYA_13997.fasta","NZ_CP121854.1",173573,174244,"+","lfgH","1-672/672","===============","0/0",100,82.59,"vfdb","WP_005314257","(lfgH) lateral flagellar L-ring protein LfgH [Lateral flagella (VF0474) - Motility (VFC0204)] [Aeromonas salmonicida subsp. salmonicida A449]",NA,"ANYA_13997"
"ANYA_13997.fasta","NZ_CP121854.1",174253,175359,"+","flgI","1-1107/1107","===============","0/0",100,80.67,"vfdb","WP_005314254","(flgI) flagellar basal body P-ring protein [Lateral flagella (VF0474) - Motility (VFC0204)] [Aeromonas salmonicida subsp. salmonicida A449]",NA,"ANYA_13997"
"ANYA_13997.fasta","NZ_CP121854.1",175368,175766,"+","flgJ","1-399/399","===============","0/0",100,80.45,"vfdb","WP_005314251","(flgJ) peptidoglycan hydrolase [Lateral flagella (VF0474) - Motility (VFC0204)] [Aeromonas salmonicida subsp. salmonicida A449]",NA,"ANYA_13997"
"ANYA_13997.fasta","NZ_CP121854.1",175766,177085,"+","lfgK","1-1320/1320","===============","0/0",100,82.35,"vfdb","WP_005314250","(lfgK) lateral flagellar hook-associated protein [Lateral flagella (VF0474) - Motility (VFC0204)] [Aeromonas salmonicida subsp. salmonicida A449]",NA,"ANYA_13997"
"ANYA_13997.fasta","NZ_CP121854.1",182514,183797,"+","lafB","1-1284/1284","===============","0/0",100,82.32,"vfdb","WP_005314227","(lafB) flagellar hook associated protein LafB [Lateral flagella (VF0474) - Motility (VFC0204)] [Aeromonas salmonicida subsp. salmonicida A449]",NA,"ANYA_13997"
"ANYA_13997.fasta","NZ_CP121854.1",187039,187896,"+","lafT","1-858/858","========/======","2/2",99.88,84.52,"vfdb","WP_005314215","(lafT) LafT flagella motor stator protein [Lateral flagella (VF0474) - Motility (VFC0204)] [Aeromonas salmonicida subsp. salmonicida A449]",NA,"ANYA_13997"
"ANYA_13997.fasta","NZ_CP121854.1",213753,214587,"-","tapD/pilD","24-858/873","========/======","2/2",95.53,83.73,"vfdb","WP_016352170","(tapD/pilD) prepilin peptidase [Tap type IV pili (VF0475) - Adherence (VFC0001)] [Aeromonas hydrophila ML09-119]",NA,"ANYA_13997"
"ANYA_13997.fasta","NZ_CP121854.1",214688,215913,"-","tapC","1-1226/1242","===============","0/0",98.71,86.95,"vfdb","WP_016352169","(tapC) type IV fimbrial assembly protein PilC-like [Tap type IV pili (VF0475) - Adherence (VFC0001)] [Aeromonas hydrophila ML09-119]",NA,"ANYA_13997"
"ANYA_13997.fasta","NZ_CP121854.1",216153,217859,"-","tapB","1-1707/1707","===============","0/0",100,86.58,"vfdb","WP_016352168","(tapB) type IV pilus assembly ATPase PilB-like [Tap type IV pili (VF0475) - Adherence (VFC0001)] [Aeromonas hydrophila ML09-119]",NA,"ANYA_13997"
"ANYA_13997.fasta","NZ_CP121854.1",1043794,1044111,"+","fliE","1-318/318","===============","0/0",100,90.25,"vfdb","WP_011705271","(fliE) flagellar hook-basal body complex protein FliE [Polar flagella (VF0473) - Motility (VFC0204)] [Aeromonas hydrophila ML09-119]",NA,"ANYA_13997"
"ANYA_13997.fasta","NZ_CP121854.1",1044174,1045883,"+","fliF","1-1713/1713","========/======","1/3",99.82,86.92,"vfdb","WP_016350050","(fliF) flagellar MS-ring protein [Polar flagella (VF0473) - Motility (VFC0204)] [Aeromonas hydrophila ML09-119]",NA,"ANYA_13997"
"ANYA_13997.fasta","NZ_CP121854.1",1045876,1046935,"+","fliG","1-1060/1062","===============","0/0",99.81,93.21,"vfdb","WP_011705273","(fliG) flagellar motor switch protein G [Polar flagella (VF0473) - Motility (VFC0204)] [Aeromonas hydrophila ML09-119]",NA,"ANYA_13997"
"ANYA_13997.fasta","NZ_CP121854.1",1047009,1047803,"+","fliH","7-795/807","========/======","4/12",97.4,81.33,"vfdb","WP_016350051","(fliH) flagellar assembly protein FliH [Polar flagella (VF0473) - Motility (VFC0204)] [Aeromonas hydrophila ML09-119]",NA,"ANYA_13997"
"ANYA_13997.fasta","NZ_CP121854.1",1047883,1049214,"+","fliI","1-1332/1332","===============","0/0",100,89.11,"vfdb","WP_011705275","(fliI) flagellum-specific ATP synthase [Polar flagella (VF0473) - Motility (VFC0204)] [Aeromonas hydrophila ML09-119]",NA,"ANYA_13997"
"ANYA_13997.fasta","NZ_CP121854.1",1049242,1049682,"+","fliJ","1-441/441","===============","0/0",100,86.39,"vfdb","WP_011705276","(fliJ) flagellar export protein FliJ [Polar flagella (VF0473) - Motility (VFC0204)] [Aeromonas hydrophila ML09-119]",NA,"ANYA_13997"
"ANYA_13997.fasta","NZ_CP121854.1",1051736,1052250,"+","fliL","1-518/519","========/======","1/3",99.23,85.14,"vfdb","WP_011705278","(fliL) flagellar basal body-associated protein FliL [Polar flagella (VF0473) - Motility (VFC0204)] [Aeromonas hydrophila ML09-119]",NA,"ANYA_13997"
"ANYA_13997.fasta","NZ_CP121854.1",1052259,1053329,"+","fliM","1-1071/1071","===============","0/0",100,90.66,"vfdb","WP_011705279","(fliM) flagellar motor switch protein FliM [Polar flagella (VF0473) - Motility (VFC0204)] [Aeromonas hydrophila ML09-119]",NA,"ANYA_13997"
"ANYA_13997.fasta","NZ_CP121854.1",1053379,1053771,"+","fliN","1-393/393","===============","0/0",100,89.57,"vfdb","WP_011705280","(fliN) flagellar motor switch protein FliN [Polar flagella (VF0473) - Motility (VFC0204)] [Aeromonas hydrophila ML09-119]",NA,"ANYA_13997"
"ANYA_13997.fasta","NZ_CP121854.1",1053828,1054148,"+","fliO","64-384/384","..=============","0/0",83.59,86.6,"vfdb","WP_005298795","(fliO) flagellar biosynthesis protein FliO [Polar flagella (VF0473) - Motility (VFC0204)] [Aeromonas hydrophila ML09-119]",NA,"ANYA_13997"
"ANYA_13997.fasta","NZ_CP121854.1",1054135,1054905,"+","fliP","1-774/780","========/======","2/5",98.72,85.81,"vfdb","WP_016350054","(fliP) flagellar biosynthesis protein FliP [Polar flagella (VF0473) - Motility (VFC0204)] [Aeromonas hydrophila ML09-119]",NA,"ANYA_13997"
"ANYA_13997.fasta","NZ_CP121854.1",1054936,1055205,"+","fliQ","1-270/270","===============","0/0",100,85.56,"vfdb","WP_011705282","(fliQ) flagellar biosynthetic protein FliQ [Polar flagella (VF0473) - Motility (VFC0204)] [Aeromonas hydrophila ML09-119]",NA,"ANYA_13997"
"ANYA_13997.fasta","NZ_CP121854.1",1055202,1055987,"+","fliR","1-786/792","===============","0/0",99.24,82.44,"vfdb","WP_011705283","(fliR) flagellar biosynthesis protein FliR [Polar flagella (VF0473) - Motility (VFC0204)] [Aeromonas hydrophila ML09-119]",NA,"ANYA_13997"
"ANYA_13997.fasta","NZ_CP121854.1",1055992,1057122,"+","flhB","1-1131/1131","========/======","2/8",99.65,85.37,"vfdb","WP_016350055","(flhB) flagellar biosynthetic protein FlhB [Polar flagella (VF0473) - Motility (VFC0204)] [Aeromonas hydrophila ML09-119]",NA,"ANYA_13997"
"ANYA_13997.fasta","NZ_CP121854.1",1057230,1059332,"+","flhA","1-2103/2103","===============","0/0",100,86.69,"vfdb","WP_016350056","(flhA) flagellar biosynthesis protein FlhA [Polar flagella (VF0473) - Motility (VFC0204)] [Aeromonas hydrophila ML09-119]",NA,"ANYA_13997"
"ANYA_13997.fasta","NZ_CP121854.1",1059349,1060773,"+","flhF","1-1422/1422","========/======","7/15",99.58,87.7,"vfdb","WP_016350057","(flhF) flagellar biosynthesis protein FlhF [Polar flagella (VF0473) - Motility (VFC0204)] [Aeromonas hydrophila ML09-119]",NA,"ANYA_13997"
"ANYA_13997.fasta","NZ_CP121854.1",1060775,1061650,"+","flhG","1-876/876","===============","0/0",100,88.58,"vfdb","WP_010634619","(flhG) CobQ/CobB/MinD/ParA family protein [Polar flagella (VF0473) - Motility (VFC0204)] [Aeromonas hydrophila ML09-119]",NA,"ANYA_13997"
"ANYA_13997.fasta","NZ_CP121854.1",1061643,1062362,"+","fliA","1-720/720","========/======","2/2",99.86,83.22,"vfdb","WP_017409955","(fliA) flagellar biosynthesis sigma factor [Polar flagella (VF0473) - Motility (VFC0204)] [Aeromonas hydrophila ML09-119]",NA,"ANYA_13997"
"ANYA_13997.fasta","NZ_CP121854.1",1062474,1062857,"+","cheY","1-384/384","===============","0/0",100,87.24,"vfdb","WP_010634617","(cheY) chemotaxis protein CheY [Polar flagella (VF0473) - Motility (VFC0204)] [Aeromonas hydrophila ML09-119]",NA,"ANYA_13997"
"ANYA_13997.fasta","NZ_CP121854.1",1062870,1063610,"+","cheZ","1-741/741","===============","0/0",100,85.97,"vfdb","WP_011705289","(cheZ) chemotaxis protein CheZ [Polar flagella (VF0473) - Motility (VFC0204)] [Aeromonas hydrophila ML09-119]",NA,"ANYA_13997"
"ANYA_13997.fasta","NZ_CP121854.1",1065865,1066980,"+","cheB-2","1-1116/1116","===============","0/0",100,82.26,"vfdb","WP_016350060","(cheB-2) chemotaxis-specific methylesterase [Polar flagella (VF0473) - Motility (VFC0204)] [Aeromonas hydrophila ML09-119]",NA,"ANYA_13997"
"ANYA_13997.fasta","NZ_CP121854.1",1068648,1069442,"+","AHML_RS07540","1-795/795","===============","0/0",100,83.14,"vfdb","WP_011705294","(AHML_RS07540) CobQ/CobB/MinD/ParA family protein [Polar flagella (VF0473) - Motility (VFC0204)] [Aeromonas hydrophila ML09-119]",NA,"ANYA_13997"
"ANYA_13997.fasta","NZ_CP121854.1",1124441,1124764,"-","sycX","1-324/381","=============..","0/0",85.04,93.83,"vfdb","WP_005320736","(sycX) hypothetical protein [T3SS (VF0479) - Effector delivery system (VFC0086)] [Aeromonas salmonicida subsp. salmonicida A449]",NA,"ANYA_13997"
"ANYA_13997.fasta","NZ_CP121854.1",1124764,1125714,"-","aopX","1-971/971","========/======","1/20",97.94,94.03,"vfdb","","(aopX) hypothetical protein [T3SS (VF0479) - Effector delivery system (VFC0086)] [Aeromonas salmonicida subsp. salmonicida A449]",NA,"ANYA_13997"
"ANYA_13997.fasta","NZ_CP121854.1",1125852,1126910,"-","ascU","1-1059/1059","===============","0/0",100,97.73,"vfdb","WP_005320739","(ascU) Type III secretion system inner membrane export apparatus protein AscU [T3SS (VF0479) - Effector delivery system (VFC0086)] [Aeromonas salmonicida subsp. salmonicida A449]",NA,"ANYA_13997"
"ANYA_13997.fasta","NZ_CP121854.1",1126907,1127695,"-","ascT","1-789/789","===============","0/0",100,96.45,"vfdb","WP_005320741","(ascT) Type III secretion system inner membrane export apparatus protein AscT [T3SS (VF0479) - Effector delivery system (VFC0086)] [Aeromonas salmonicida subsp. salmonicida A449]",NA,"ANYA_13997"
"ANYA_13997.fasta","NZ_CP121854.1",1127692,1127958,"-","ascS","1-267/267","===============","0/0",100,96.25,"vfdb","WP_005320743","(ascS) type III secretion system inner membrane export apparatus protein AscS [T3SS (VF0479) - Effector delivery system (VFC0086)] [Aeromonas salmonicida subsp. salmonicida A449]",NA,"ANYA_13997"
"ANYA_13997.fasta","NZ_CP121854.1",1127960,1128613,"-","ascR","1-654/654","===============","0/0",100,96.64,"vfdb","WP_005320745","(ascR) Type III secretion system inner membrane export apparatus protein AscR [T3SS (VF0479) - Effector delivery system (VFC0086)] [Aeromonas salmonicida subsp. salmonicida A449]",NA,"ANYA_13997"
"ANYA_13997.fasta","NZ_CP121854.1",1128610,1129536,"-","ascQ","1-927/927","===============","0/0",100,93.64,"vfdb","WP_005320747","(ascQ) type III secretion system protein AscQ [T3SS (VF0479) - Effector delivery system (VFC0086)] [Aeromonas salmonicida subsp. salmonicida A449]",NA,"ANYA_13997"
"ANYA_13997.fasta","NZ_CP121854.1",1130628,1131089,"-","ascO","1-462/462","===============","0/0",100,96.75,"vfdb","WP_005320751","(ascO) Type III secretion system protein AscO [T3SS (VF0479) - Effector delivery system (VFC0086)] [Aeromonas salmonicida subsp. salmonicida A449]",NA,"ANYA_13997"
"ANYA_13997.fasta","NZ_CP121854.1",1131086,1132408,"-","ascN","1-1323/1323","===============","0/0",100,97.2,"vfdb","WP_005320755","(ascN) Type III secretion system ATPase [T3SS (VF0479) - Effector delivery system (VFC0086)] [Aeromonas salmonicida subsp. salmonicida A449]",NA,"ANYA_13997"
"ANYA_13997.fasta","NZ_CP121854.1",1132598,1133476,"+","aopN","1-879/879","===============","0/0",100,96.7,"vfdb","WP_005320757","(aopN) AopN secretion control of translocators and immune suppressor [T3SS (VF0479) - Effector delivery system (VFC0086)] [Aeromonas salmonicida subsp. salmonicida A449]",NA,"ANYA_13997"
"ANYA_13997.fasta","NZ_CP121854.1",1133457,1133738,"+","acr1","1-282/282","===============","0/0",100,97.87,"vfdb","WP_005320760","(acr1) Type III secretion system gatekeeper subunit  [T3SS (VF0479) - Effector delivery system (VFC0086)] [Aeromonas salmonicida subsp. salmonicida A449]",NA,"ANYA_13997"
"ANYA_13997.fasta","NZ_CP121854.1",1133735,1134106,"+","acr2","1-372/372","===============","0/0",100,95.7,"vfdb","WP_005320764","(acr2) chaperone protein [T3SS (VF0479) - Effector delivery system (VFC0086)] [Aeromonas salmonicida subsp. salmonicida A449]",NA,"ANYA_13997"
"ANYA_13997.fasta","NZ_CP121854.1",1134103,1134468,"+","ascX","1-366/366","===============","0/0",100,96.45,"vfdb","WP_005320766","(ascX) Unknown function chaperoned by AscY [T3SS (VF0479) - Effector delivery system (VFC0086)] [Aeromonas salmonicida subsp. salmonicida A449]",NA,"ANYA_13997"
"ANYA_13997.fasta","NZ_CP121854.1",1134465,1134815,"+","ascY","1-351/351","===============","0/0",100,97.72,"vfdb","WP_005320768","(ascY) chaperone protein [T3SS (VF0479) - Effector delivery system (VFC0086)] [Aeromonas salmonicida subsp. salmonicida A449]",NA,"ANYA_13997"
"ANYA_13997.fasta","NZ_CP121854.1",1134796,1136913,"+","ascV","1-2118/2118","===============","0/0",100,97.31,"vfdb","WP_005320770","(ascV) Type III secretion system inner membrane export apparatus protein AscV [T3SS (VF0479) - Effector delivery system (VFC0086)] [Aeromonas salmonicida subsp. salmonicida A449]",NA,"ANYA_13997"
"ANYA_13997.fasta","NZ_CP121854.1",1136910,1137365,"+","acrR","1-456/456","===============","0/0",100,93.42,"vfdb","WP_005320772","(acrR) Type III secretion system regulator LcrR-like [T3SS (VF0479) - Effector delivery system (VFC0086)] [Aeromonas salmonicida subsp. salmonicida A449]",NA,"ANYA_13997"
"ANYA_13997.fasta","NZ_CP121854.1",1137405,1137689,"+","acrG","1-285/285","===============","0/0",100,94.39,"vfdb","WP_005320774","(acrG) Type III secretion system protein LcrG-like [T3SS (VF0479) - Effector delivery system (VFC0086)] [Aeromonas salmonicida subsp. salmonicida A449]",NA,"ANYA_13997"
"ANYA_13997.fasta","NZ_CP121854.1",1137699,1138785,"+","acrV","1-1086/1086","========/======","1/1",100,89.88,"vfdb","WP_005320777","(acrV) Type III secretion system tip translocon AcrV  [T3SS (VF0479) - Effector delivery system (VFC0086)] [Aeromonas salmonicida subsp. salmonicida A449]",NA,"ANYA_13997"
"ANYA_13997.fasta","NZ_CP121854.1",1138795,1139298,"+","acrH","1-504/504","===============","0/0",100,95.44,"vfdb","WP_005320778","(acrH) chaperon protein for AopB/AopD [T3SS (VF0479) - Effector delivery system (VFC0086)] [Aeromonas salmonicida subsp. salmonicida A449]",NA,"ANYA_13997"
"ANYA_13997.fasta","NZ_CP121854.1",1139279,1140451,"+","aopB","1-1194/1194","========/======","3/23",98.16,87.2,"vfdb","WP_005320780","(aopB) Type III secretion system translocator AopB [T3SS (VF0479) - Effector delivery system (VFC0086)] [Aeromonas salmonicida subsp. salmonicida A449]",NA,"ANYA_13997"
"ANYA_13997.fasta","NZ_CP121854.1",1140464,1141360,"+","aopD","1-897/897","===============","0/0",100,87.4,"vfdb","WP_005320781","(aopD) Type III secretion system translocator AopD [T3SS (VF0479) - Effector delivery system (VFC0086)] [Aeromonas salmonicida subsp. salmonicida A449]",NA,"ANYA_13997"
"ANYA_13997.fasta","NZ_CP121854.1",1141497,1141940,"+","exsC","1-444/444","===============","0/0",100,95.27,"vfdb","WP_005320783","(exsC) chaperone protein [T3SS (VF0479) - Effector delivery system (VFC0086)] [Aeromonas salmonicida subsp. salmonicida A449]",NA,"ANYA_13997"
"ANYA_13997.fasta","NZ_CP121854.1",1141943,1142176,"+","exsE","1-234/234","===============","0/0",100,91.03,"vfdb","WP_005320785","(exsE) Type III secretion system regulator [T3SS (VF0479) - Effector delivery system (VFC0086)] [Aeromonas salmonicida subsp. salmonicida A449]",NA,"ANYA_13997"
"ANYA_13997.fasta","NZ_CP121854.1",1142173,1142573,"+","exsB","1-401/402","===============","0/0",99.75,96.26,"vfdb","WP_011899440","(exsB) type III secretion system OM ring protein ExsB [T3SS (VF0479) - Effector delivery system (VFC0086)] [Aeromonas salmonicida subsp. salmonicida A449]",NA,"ANYA_13997"
"ANYA_13997.fasta","NZ_CP121854.1",1142952,1143734,"+","exsA","1-783/783","===============","0/0",100,97.32,"vfdb","WP_192914500","(exsA) Type III secretion system transcriptional regulator [T3SS (VF0479) - Effector delivery system (VFC0086)] [Aeromonas salmonicida subsp. salmonicida A449]",NA,"ANYA_13997"
"ANYA_13997.fasta","NZ_CP121854.1",1143854,1144669,"+","exsD","1-816/816","===============","0/0",100,95.96,"vfdb","WP_005320790","(exsD) Type III secretion system protein ExsD [T3SS (VF0479) - Effector delivery system (VFC0086)] [Aeromonas salmonicida subsp. salmonicida A449]",NA,"ANYA_13997"
"ANYA_13997.fasta","NZ_CP121854.1",1144685,1145110,"+","ascB","1-426/426","===============","0/0",100,96.71,"vfdb","WP_011899439","(ascB) chaperone protein [T3SS (VF0479) - Effector delivery system (VFC0086)] [Aeromonas salmonicida subsp. salmonicida A449]",NA,"ANYA_13997"
"ANYA_13997.fasta","NZ_CP121854.1",1145083,1146936,"+","ascC","1-1854/1854","===============","0/0",100,96.49,"vfdb","WP_011899438","(ascC) Type III secretion system OM ring protein AscC [T3SS (VF0479) - Effector delivery system (VFC0086)] [Aeromonas salmonicida subsp. salmonicida A449]",NA,"ANYA_13997"
"ANYA_13997.fasta","NZ_CP121854.1",1146933,1148237,"+","ascD","1-1305/1305","===============","0/0",100,96.63,"vfdb","WP_005320795","(ascD) Type III secretion system OM ring protein AscD [T3SS (VF0479) - Effector delivery system (VFC0086)] [Aeromonas salmonicida subsp. salmonicida A449]",NA,"ANYA_13997"
"ANYA_13997.fasta","NZ_CP121854.1",1148200,1148412,"+","ascE","1-213/213","===============","0/0",100,95.31,"vfdb","WP_005320797","(ascE) chaperone protein [T3SS (VF0479) - Effector delivery system (VFC0086)] [Aeromonas salmonicida subsp. salmonicida A449]",NA,"ANYA_13997"
"ANYA_13997.fasta","NZ_CP121854.1",1148405,1148662,"+","ascF","1-258/258","===============","0/0",100,88.37,"vfdb","WP_005320800","(ascF) Type III secretion system needle complex subunit AscF [T3SS (VF0479) - Effector delivery system (VFC0086)] [Aeromonas salmonicida subsp. salmonicida A449]",NA,"ANYA_13997"
"ANYA_13997.fasta","NZ_CP121854.1",1148662,1149015,"+","ascG","1-354/354","===============","0/0",100,89.55,"vfdb","WP_005320802","(ascG) chaperone protein [T3SS (VF0479) - Effector delivery system (VFC0086)] [Aeromonas salmonicida subsp. salmonicida A449]",NA,"ANYA_13997"
"ANYA_13997.fasta","NZ_CP121854.1",1149012,1149566,"+","ascH","1-555/555","===============","0/0",100,92.97,"vfdb","WP_005320804","(ascH) Type III secretion system protein AscH regulator needle assembling [T3SS (VF0479) - Effector delivery system (VFC0086)] [Aeromonas salmonicida subsp. salmonicida A449]",NA,"ANYA_13997"
"ANYA_13997.fasta","NZ_CP121854.1",1149566,1149904,"+","ascI","1-339/339","===============","0/0",100,97.05,"vfdb","WP_005320806","(ascI) Type III secretion system inner rod protein AscI [T3SS (VF0479) - Effector delivery system (VFC0086)] [Aeromonas salmonicida subsp. salmonicida A449]",NA,"ANYA_13997"
"ANYA_13997.fasta","NZ_CP121854.1",1149911,1150651,"+","ascJ","1-741/741","===============","0/0",100,96.49,"vfdb","WP_180975055","(ascJ) type III secretion system OM ring protein AscJ [T3SS (VF0479) - Effector delivery system (VFC0086)] [Aeromonas salmonicida subsp. salmonicida A449]",NA,"ANYA_13997"
"ANYA_13997.fasta","NZ_CP121854.1",1150648,1151276,"+","ascK","1-627/627","========/======","2/2",100,90.3,"vfdb","WP_005320811","(ascK) Type III secretion system C ring protein AscK [T3SS (VF0479) - Effector delivery system (VFC0086)] [Aeromonas salmonicida subsp. salmonicida A449]",NA,"ANYA_13997"
"ANYA_13997.fasta","NZ_CP121854.1",1151255,1151921,"+","ascL","1-666/666","========/======","1/1",100,95.95,"vfdb","WP_005320812","(ascL) Type III secretion system C ring protein AscL [T3SS (VF0479) - Effector delivery system (VFC0086)] [Aeromonas salmonicida subsp. salmonicida A449]",NA,"ANYA_13997"
"ANYA_13997.fasta","NZ_CP121854.1",1340925,1341243,"-","flgM","1-319/321","===============","0/0",99.38,80.25,"vfdb","WP_011706648","(flgM) anti-sigma-D factor [Polar flagella (VF0473) - Motility (VFC0204)] [Aeromonas hydrophila ML09-119]",NA,"ANYA_13997"
"ANYA_13997.fasta","NZ_CP121854.1",1342163,1343074,"+","cheV","1-912/912","===============","0/0",100,85.86,"vfdb","WP_011706646","(cheV) CheV [Polar flagella (VF0473) - Motility (VFC0204)] [Aeromonas hydrophila ML09-119]",NA,"ANYA_13997"
"ANYA_13997.fasta","NZ_CP121854.1",1343092,1343914,"+","cheR-3","1-823/825","===============","0/0",99.76,85.78,"vfdb","WP_011706645","(cheR-3) chemotaxis protein CheR [Polar flagella (VF0473) - Motility (VFC0204)] [Aeromonas hydrophila ML09-119]",NA,"ANYA_13997"
"ANYA_13997.fasta","NZ_CP121854.1",1344213,1344611,"+","flgB","1-399/399","========/======","2/6",99.25,81.84,"vfdb","WP_011706644","(flgB) flagellar basal-body rod protein FlgB [Polar flagella (VF0473) - Motility (VFC0204)] [Aeromonas hydrophila ML09-119]",NA,"ANYA_13997"
"ANYA_13997.fasta","NZ_CP121854.1",1344611,1345030,"+","flgC","1-420/420","===============","0/0",100,90.71,"vfdb","WP_011706643","(flgC) flagellar basal body rod protein FlgC [Polar flagella (VF0473) - Motility (VFC0204)] [Aeromonas hydrophila ML09-119]",NA,"ANYA_13997"
"ANYA_13997.fasta","NZ_CP121854.1",1347325,1348071,"+","flgF","1-747/747","===============","0/0",100,84.61,"vfdb","WP_011706640","(flgF) flagellar basal-body rod protein FlgF [Polar flagella (VF0473) - Motility (VFC0204)] [Aeromonas hydrophila ML09-119]",NA,"ANYA_13997"
"ANYA_13997.fasta","NZ_CP121854.1",1348086,1348874,"+","flgG","1-789/789","===============","0/0",100,86.06,"vfdb","WP_011706639","(flgG) flagellar basal body rod protein FlgG [Polar flagella (VF0473) - Motility (VFC0204)] [Aeromonas hydrophila ML09-119]",NA,"ANYA_13997"
"ANYA_13997.fasta","NZ_CP121854.1",1348889,1349560,"+","flgH","1-672/672","===============","0/0",100,86.46,"vfdb","WP_011706638","(flgH) flagellar basal body L-ring protein [Polar flagella (VF0473) - Motility (VFC0204)] [Aeromonas hydrophila ML09-119]",NA,"ANYA_13997"
"ANYA_13997.fasta","NZ_CP121854.1",1349569,1350666,"+","flgI","1-1098/1098","===============","0/0",100,86.89,"vfdb","WP_011706637","(flgI) flagellar basal body P-ring protein [Polar flagella (VF0473) - Motility (VFC0204)] [Aeromonas hydrophila ML09-119]",NA,"ANYA_13997"
"ANYA_13997.fasta","NZ_CP121854.1",1350710,1351759,"+","flgJ","1-1053/1092","========/======","11/31",94.87,80.69,"vfdb","WP_016351320","(flgJ) flagellar rod assembly protein/muramidase FlgJ [Polar flagella (VF0473) - Motility (VFC0204)] [Aeromonas hydrophila ML09-119]",NA,"ANYA_13997"
"ANYA_13997.fasta","NZ_CP121854.1",1362366,1363780,"+","flrA","1-1415/1422","========/======","2/2",99.44,86.44,"vfdb","WP_017409846","(flrA) FleQ protein [Polar flagella (VF0473) - Motility (VFC0204)] [Aeromonas hydrophila ML09-119]",NA,"ANYA_13997"
"ANYA_13997.fasta","NZ_CP121854.1",1363894,1364928,"+","flrB","1-1035/1035","========/======","2/2",99.9,85.04,"vfdb","WP_016351312","(flrB) two-component sensor kinase [Polar flagella (VF0473) - Motility (VFC0204)] [Aeromonas hydrophila ML09-119]",NA,"ANYA_13997"
"ANYA_13997.fasta","NZ_CP121854.1",1364925,1366268,"+","flrC","1-1344/1344","===============","0/0",100,87.95,"vfdb","WP_011706626","(flrC) transcriptional activator [Polar flagella (VF0473) - Motility (VFC0204)] [Aeromonas hydrophila ML09-119]",NA,"ANYA_13997"
"ANYA_13997.fasta","NZ_CP121854.1",1565854,1566645,"+","tapF","1-792/792","========/======","2/6",99.62,88.05,"vfdb","WP_011705643","(tapF) type IV pilus biogenesis/stability protein pilW-like [Tap type IV pili (VF0475) - Adherence (VFC0001)] [Aeromonas hydrophila ML09-119]",NA,"ANYA_13997"
"ANYA_13997.fasta","NZ_CP121854.1",2051720,2052454,"-","flmH","1-735/735","===============","0/0",100,90.61,"vfdb","WP_005300916","(flmH) short chain dehydrogenase/reductase family oxidoreductase [Polar flagella (VF0473) - Motility (VFC0204)] [Aeromonas hydrophila ML09-119]",NA,"ANYA_13997"
"ANYA_13997.fasta","NZ_CP121854.1",2566112,2566861,"-","nueA","1-762/762","========/======","2/12",98.43,87.8,"vfdb","WP_016351249","(nueA) NeuA protein [Polar flagella (VF0473) - Motility (VFC0204)] [Aeromonas hydrophila ML09-119]",NA,"ANYA_13997"
"ANYA_13997.fasta","NZ_CP121854.1",2616959,2617832,"-","motY","1-874/876","===============","0/0",99.77,88.1,"vfdb","WP_024944879","(motY) sodium-type flagellar protein MotY [Polar flagella (VF0473) - Motility (VFC0204)] [Aeromonas hydrophila ML09-119]",NA,"ANYA_13997"
"ANYA_13997.fasta","NZ_CP121854.1",2641648,2642785,"+","tapW","1-1138/1140","===============","0/0",99.82,90.51,"vfdb","WP_011706550","(tapW) twitching ATPase [Tap type IV pili (VF0475) - Adherence (VFC0001)] [Aeromonas hydrophila ML09-119]",NA,"ANYA_13997"
"ANYA_13997.fasta","NZ_CP121854.1",3005250,3006808,"+","exeA","1-1559/1647","========/======","2/2",94.6,82.95,"vfdb","WP_016352107","(exeA) general secretion pathway protein A [Exe T2SS (VF0478) - Effector delivery system (VFC0086)] [Aeromonas hydrophila ML09-119]",NA,"ANYA_13997"
"ANYA_13997.fasta","NZ_CP121854.1",3008596,3010553,"+","exeD","1-1970/2037","========/======","11/26",95.78,85.23,"vfdb","WP_016349335","(exeD) general secretion pathway protein D [Exe T2SS (VF0478) - Effector delivery system (VFC0086)] [Aeromonas hydrophila ML09-119]",NA,"ANYA_13997"
"ANYA_13997.fasta","NZ_CP121854.1",3010641,3012140,"+","exeE","7-1506/1506","===============","0/0",99.6,89.73,"vfdb","WP_016349336","(exeE) general secretory pathway protein E [Exe T2SS (VF0478) - Effector delivery system (VFC0086)] [Aeromonas hydrophila ML09-119]",NA,"ANYA_13997"
"ANYA_13997.fasta","NZ_CP121854.1",3012142,3013361,"+","exeF","1-1220/1221","===============","0/0",99.92,88.11,"vfdb","WP_016349337","(exeF) general secretion pathway protein F [Exe T2SS (VF0478) - Effector delivery system (VFC0086)] [Aeromonas hydrophila ML09-119]",NA,"ANYA_13997"
"ANYA_13997.fasta","NZ_CP121854.1",3013460,3013891,"+","exeG","1-432/432","===============","0/0",100,92.13,"vfdb","WP_005308483","(exeG) general secretion pathway protein G [Exe T2SS (VF0478) - Effector delivery system (VFC0086)] [Aeromonas hydrophila ML09-119]",NA,"ANYA_13997"
"ANYA_13997.fasta","NZ_CP121854.1",3013953,3014459,"+","exeH","12-518/552","===============","0/0",91.85,80.87,"vfdb","WP_016349339","(exeH) general secretion pathway protein H [Exe T2SS (VF0478) - Effector delivery system (VFC0086)] [Aeromonas hydrophila ML09-119]",NA,"ANYA_13997"
"ANYA_13997.fasta","NZ_CP121854.1",3014499,3014858,"+","exeI","1-360/360","===============","0/0",100,88.06,"vfdb","WP_016349340","(exeI) general secretion pathway protein I [Exe T2SS (VF0478) - Effector delivery system (VFC0086)] [Aeromonas hydrophila ML09-119]",NA,"ANYA_13997"
"ANYA_13997.fasta","NZ_CP121854.1",3014891,3015492,"+","exeJ","40-641/654","===============","0/0",92.05,88.54,"vfdb","WP_016349341","(exeJ) general secretion pathway protein J [Exe T2SS (VF0478) - Effector delivery system (VFC0086)] [Aeromonas hydrophila ML09-119]",NA,"ANYA_13997"
"ANYA_13997.fasta","NZ_CP121854.1",3016733,3017917,"+","exeL","1-1185/1185","========/======","2/2",99.92,81.87,"vfdb","WP_016349343","(exeL) general secretion pathway protein L [Exe T2SS (VF0478) - Effector delivery system (VFC0086)] [Aeromonas hydrophila ML09-119]",NA,"ANYA_13997"
"ANYA_13997.fasta","NZ_CP121854.1",3017914,3018405,"+","exeM","1-492/492","===============","0/0",100,83.54,"vfdb","WP_016349344","(exeM) general secretion pathway protein M [Exe T2SS (VF0478) - Effector delivery system (VFC0086)] [Aeromonas hydrophila ML09-119]",NA,"ANYA_13997"
"ANYA_13997.fasta","NZ_CP121854.1",3346952,3347814,"-","pomB2","10-878/900","========/======","2/6",95.89,82.74,"vfdb","WP_016351724","(pomB2) flagellar motor protein MotB [Polar flagella (VF0473) - Motility (VFC0204)] [Aeromonas hydrophila ML09-119]",NA,"ANYA_13997"
"ANYA_13997.fasta","NZ_CP121854.1",3347832,3348590,"-","pomA2","1-759/759","===============","0/0",100,86.69,"vfdb","WP_011707085","(pomA2) chemotaxis protein PomA [Polar flagella (VF0473) - Motility (VFC0204)] [Aeromonas hydrophila ML09-119]",NA,"ANYA_13997"
"ANYA_13997.fasta","NZ_CP121854.1",3659022,3659571,"-","motX","51-600/600",".==============","0/0",91.67,83.45,"vfdb","WP_016349413","(motX) sodium-type flagellar motor component [Polar flagella (VF0473) - Motility (VFC0204)] [Aeromonas hydrophila ML09-119]",NA,"ANYA_13997"
"ANYA_13997.fasta","NZ_CP121854.1",3673078,3674187,"-","tapU","1-1110/1110","===============","0/0",100,83.87,"vfdb","WP_016351972","(tapU) twitching ATPase [Tap type IV pili (VF0475) - Adherence (VFC0001)] [Aeromonas hydrophila ML09-119]",NA,"ANYA_13997"
"ANYA_13997.fasta","NZ_CP121854.1",3674216,3675250,"-","tapT","1-1035/1035","===============","0/0",100,91.79,"vfdb","WP_011707389","(tapT) twitching ATPase [Tap type IV pili (VF0475) - Adherence (VFC0001)] [Aeromonas hydrophila ML09-119]",NA,"ANYA_13997"
"ANYA_13997.fasta","NZ_CP121854.1",3942528,3943142,"-","mshB","58-672/672",".=======/======","3/6",91.07,86.08,"vfdb","WP_043118279","(mshB) MSHA (mannose-sensitive hemagglutinin) pili minor prepilin protein MshB [MSHA type IV pili (VF0477) - Adherence (VFC0001)] [Aeromonas hydrophila ML09-119]",NA,"ANYA_13997"
"ANYA_13997.fasta","NZ_CP121854.1",3943885,3945097,"-","mshG","9-1221/1221","===============","0/0",99.34,88.21,"vfdb","WP_016349160","(mshG) MSHA (mannose-sensitive hemagglutinin) pili biogenesis protein MshG GspF-like [MSHA type IV pili (VF0477) - Adherence (VFC0001)] [Aeromonas hydrophila ML09-119]",NA,"ANYA_13997"
"ANYA_13997.fasta","NZ_CP121854.1",3945109,3946820,"-","mshE","1-1710/1710","========/======","1/2",100,89.54,"vfdb","WP_043118275","(mshE) ATPase protein MshE GspE-like [MSHA type IV pili (VF0477) - Adherence (VFC0001)] [Aeromonas hydrophila ML09-119]",NA,"ANYA_13997"
"ANYA_13997.fasta","NZ_CP121854.1",3947971,3948861,"-","mshM","1-891/891","===============","0/0",100,87.32,"vfdb","WP_016349157","(mshM) membrane protein with ATPase domain GspA-like [MSHA type IV pili (VF0477) - Adherence (VFC0001)] [Aeromonas hydrophila ML09-119]",NA,"ANYA_13997"
"ANYA_13997.fasta","NZ_CP121854.1",3951733,3952326,"-","mshI1","1-594/594","========/======","7/8",99.33,80.44,"vfdb","WP_016349153","(mshI1) MSHA (mannose-sensitive hemagglutinin) pili biogenesis protein MshI1 bitopic inner membrane protein [MSHA type IV pili (VF0477) - Adherence (VFC0001)] [Aeromonas hydrophila ML09-119]",NA,"ANYA_13997"
"ANYA_13997.fasta","NZ_CP121854.1",3952326,3953189,"-","mshI","1-864/864","===============","0/0",100,83.22,"vfdb","WP_016349152","(mshI) MSHA (mannose-sensitive hemagglutinin) pili biogenesis protein MshI bitopic inner membrane protein [MSHA type IV pili (VF0477) - Adherence (VFC0001)] [Aeromonas hydrophila ML09-119]",NA,"ANYA_13997"
"ANYA_14430.fasta","NZ_CP121848.1",507118,507852,"-","flmH","1-735/735","===============","0/0",100,90.61,"vfdb","WP_005300916","(flmH) short chain dehydrogenase/reductase family oxidoreductase [Polar flagella (VF0473) - Motility (VFC0204)] [Aeromonas hydrophila ML09-119]",NA,"ANYA_14430"
"ANYA_14430.fasta","NZ_CP121848.1",896842,897633,"-","tapF","1-792/792","========/======","2/6",99.62,88.05,"vfdb","WP_011705643","(tapF) type IV pilus biogenesis/stability protein pilW-like [Tap type IV pili (VF0475) - Adherence (VFC0001)] [Aeromonas hydrophila ML09-119]",NA,"ANYA_14430"
"ANYA_14430.fasta","NZ_CP121848.1",1089916,1091259,"-","flrC","1-1344/1344","===============","0/0",100,88.09,"vfdb","WP_011706626","(flrC) transcriptional activator [Polar flagella (VF0473) - Motility (VFC0204)] [Aeromonas hydrophila ML09-119]",NA,"ANYA_14430"
"ANYA_14430.fasta","NZ_CP121848.1",1091256,1092290,"-","flrB","1-1035/1035","===============","0/0",100,85.89,"vfdb","WP_016351312","(flrB) two-component sensor kinase [Polar flagella (VF0473) - Motility (VFC0204)] [Aeromonas hydrophila ML09-119]",NA,"ANYA_14430"
"ANYA_14430.fasta","NZ_CP121848.1",1092404,1093818,"-","flrA","1-1415/1422","========/======","3/4",99.37,86.38,"vfdb","WP_017409846","(flrA) FleQ protein [Polar flagella (VF0473) - Motility (VFC0204)] [Aeromonas hydrophila ML09-119]",NA,"ANYA_14430"
"ANYA_14430.fasta","NZ_CP121848.1",1104427,1105476,"-","flgJ","1-1053/1092","========/======","10/31",94.87,80.6,"vfdb","WP_016351320","(flgJ) flagellar rod assembly protein/muramidase FlgJ [Polar flagella (VF0473) - Motility (VFC0204)] [Aeromonas hydrophila ML09-119]",NA,"ANYA_14430"
"ANYA_14430.fasta","NZ_CP121848.1",1105520,1106617,"-","flgI","1-1098/1098","===============","0/0",100,86.34,"vfdb","WP_011706637","(flgI) flagellar basal body P-ring protein [Polar flagella (VF0473) - Motility (VFC0204)] [Aeromonas hydrophila ML09-119]",NA,"ANYA_14430"
"ANYA_14430.fasta","NZ_CP121848.1",1106626,1107297,"-","flgH","1-672/672","===============","0/0",100,86.31,"vfdb","WP_011706638","(flgH) flagellar basal body L-ring protein [Polar flagella (VF0473) - Motility (VFC0204)] [Aeromonas hydrophila ML09-119]",NA,"ANYA_14430"
"ANYA_14430.fasta","NZ_CP121848.1",1107312,1108100,"-","flgG","1-789/789","===============","0/0",100,86.31,"vfdb","WP_011706639","(flgG) flagellar basal body rod protein FlgG [Polar flagella (VF0473) - Motility (VFC0204)] [Aeromonas hydrophila ML09-119]",NA,"ANYA_14430"
"ANYA_14430.fasta","NZ_CP121848.1",1108115,1108861,"-","flgF","1-747/747","===============","0/0",100,85.68,"vfdb","WP_011706640","(flgF) flagellar basal-body rod protein FlgF [Polar flagella (VF0473) - Motility (VFC0204)] [Aeromonas hydrophila ML09-119]",NA,"ANYA_14430"
"ANYA_14430.fasta","NZ_CP121848.1",1111160,1111579,"-","flgC","1-420/420","===============","0/0",100,89.76,"vfdb","WP_011706643","(flgC) flagellar basal body rod protein FlgC [Polar flagella (VF0473) - Motility (VFC0204)] [Aeromonas hydrophila ML09-119]",NA,"ANYA_14430"
"ANYA_14430.fasta","NZ_CP121848.1",1111579,1111977,"-","flgB","1-399/399","========/======","2/6",99.25,81.34,"vfdb","WP_011706644","(flgB) flagellar basal-body rod protein FlgB [Polar flagella (VF0473) - Motility (VFC0204)] [Aeromonas hydrophila ML09-119]",NA,"ANYA_14430"
"ANYA_14430.fasta","NZ_CP121848.1",1112275,1113097,"-","cheR-3","1-823/825","===============","0/0",99.76,85.91,"vfdb","WP_011706645","(cheR-3) chemotaxis protein CheR [Polar flagella (VF0473) - Motility (VFC0204)] [Aeromonas hydrophila ML09-119]",NA,"ANYA_14430"
"ANYA_14430.fasta","NZ_CP121848.1",1113115,1114026,"-","cheV","1-912/912","===============","0/0",100,85.86,"vfdb","WP_011706646","(cheV) CheV [Polar flagella (VF0473) - Motility (VFC0204)] [Aeromonas hydrophila ML09-119]",NA,"ANYA_14430"
"ANYA_14430.fasta","NZ_CP121848.1",1114946,1115264,"+","flgM","1-319/321","===============","0/0",99.38,80.25,"vfdb","WP_011706648","(flgM) anti-sigma-D factor [Polar flagella (VF0473) - Motility (VFC0204)] [Aeromonas hydrophila ML09-119]",NA,"ANYA_14430"
"ANYA_14430.fasta","NZ_CP121848.1",1338512,1339177,"-","ascL","1-666/666","===============","0/0",100,96.85,"vfdb","WP_005320812","(ascL) Type III secretion system C ring protein AscL [T3SS (VF0479) - Effector delivery system (VFC0086)] [Aeromonas salmonicida subsp. salmonicida A449]",NA,"ANYA_14430"
"ANYA_14430.fasta","NZ_CP121848.1",1339156,1339782,"-","ascK","1-627/627","===============","0/0",100,92.66,"vfdb","WP_005320811","(ascK) Type III secretion system C ring protein AscK [T3SS (VF0479) - Effector delivery system (VFC0086)] [Aeromonas salmonicida subsp. salmonicida A449]",NA,"ANYA_14430"
"ANYA_14430.fasta","NZ_CP121848.1",1339779,1340519,"-","ascJ","1-741/741","===============","0/0",100,96.49,"vfdb","WP_180975055","(ascJ) type III secretion system OM ring protein AscJ [T3SS (VF0479) - Effector delivery system (VFC0086)] [Aeromonas salmonicida subsp. salmonicida A449]",NA,"ANYA_14430"
"ANYA_14430.fasta","NZ_CP121848.1",1340526,1340864,"-","ascI","1-339/339","===============","0/0",100,97.64,"vfdb","WP_005320806","(ascI) Type III secretion system inner rod protein AscI [T3SS (VF0479) - Effector delivery system (VFC0086)] [Aeromonas salmonicida subsp. salmonicida A449]",NA,"ANYA_14430"
"ANYA_14430.fasta","NZ_CP121848.1",1340864,1341418,"-","ascH","1-555/555","===============","0/0",100,93.69,"vfdb","WP_005320804","(ascH) Type III secretion system protein AscH regulator needle assembling [T3SS (VF0479) - Effector delivery system (VFC0086)] [Aeromonas salmonicida subsp. salmonicida A449]",NA,"ANYA_14430"
"ANYA_14430.fasta","NZ_CP121848.1",1341415,1341768,"-","ascG","1-354/354","===============","0/0",100,88.42,"vfdb","WP_005320802","(ascG) chaperone protein [T3SS (VF0479) - Effector delivery system (VFC0086)] [Aeromonas salmonicida subsp. salmonicida A449]",NA,"ANYA_14430"
"ANYA_14430.fasta","NZ_CP121848.1",1341768,1342025,"-","ascF","1-258/258","===============","0/0",100,94.57,"vfdb","WP_005320800","(ascF) Type III secretion system needle complex subunit AscF [T3SS (VF0479) - Effector delivery system (VFC0086)] [Aeromonas salmonicida subsp. salmonicida A449]",NA,"ANYA_14430"
"ANYA_14430.fasta","NZ_CP121848.1",1342018,1342230,"-","ascE","1-213/213","===============","0/0",100,94.37,"vfdb","WP_005320797","(ascE) chaperone protein [T3SS (VF0479) - Effector delivery system (VFC0086)] [Aeromonas salmonicida subsp. salmonicida A449]",NA,"ANYA_14430"
"ANYA_14430.fasta","NZ_CP121848.1",1342193,1343497,"-","ascD","1-1305/1305","===============","0/0",100,95.78,"vfdb","WP_005320795","(ascD) Type III secretion system OM ring protein AscD [T3SS (VF0479) - Effector delivery system (VFC0086)] [Aeromonas salmonicida subsp. salmonicida A449]",NA,"ANYA_14430"
"ANYA_14430.fasta","NZ_CP121848.1",1343494,1345347,"-","ascC","1-1854/1854","===============","0/0",100,96.33,"vfdb","WP_011899438","(ascC) Type III secretion system OM ring protein AscC [T3SS (VF0479) - Effector delivery system (VFC0086)] [Aeromonas salmonicida subsp. salmonicida A449]",NA,"ANYA_14430"
"ANYA_14430.fasta","NZ_CP121848.1",1345320,1345745,"-","ascB","1-426/426","===============","0/0",100,95.54,"vfdb","WP_011899439","(ascB) chaperone protein [T3SS (VF0479) - Effector delivery system (VFC0086)] [Aeromonas salmonicida subsp. salmonicida A449]",NA,"ANYA_14430"
"ANYA_14430.fasta","NZ_CP121848.1",1345761,1346576,"-","exsD","1-816/816","===============","0/0",100,95.83,"vfdb","WP_005320790","(exsD) Type III secretion system protein ExsD [T3SS (VF0479) - Effector delivery system (VFC0086)] [Aeromonas salmonicida subsp. salmonicida A449]",NA,"ANYA_14430"
"ANYA_14430.fasta","NZ_CP121848.1",1346696,1347478,"-","exsA","1-783/783","===============","0/0",100,97.45,"vfdb","WP_192914500","(exsA) Type III secretion system transcriptional regulator [T3SS (VF0479) - Effector delivery system (VFC0086)] [Aeromonas salmonicida subsp. salmonicida A449]",NA,"ANYA_14430"
"ANYA_14430.fasta","NZ_CP121848.1",1347857,1348257,"-","exsB","1-401/402","===============","0/0",99.75,96.26,"vfdb","WP_011899440","(exsB) type III secretion system OM ring protein ExsB [T3SS (VF0479) - Effector delivery system (VFC0086)] [Aeromonas salmonicida subsp. salmonicida A449]",NA,"ANYA_14430"
"ANYA_14430.fasta","NZ_CP121848.1",1348254,1348487,"-","exsE","1-234/234","===============","0/0",100,91.03,"vfdb","WP_005320785","(exsE) Type III secretion system regulator [T3SS (VF0479) - Effector delivery system (VFC0086)] [Aeromonas salmonicida subsp. salmonicida A449]",NA,"ANYA_14430"
"ANYA_14430.fasta","NZ_CP121848.1",1348490,1348933,"-","exsC","1-444/444","===============","0/0",100,95.27,"vfdb","WP_005320783","(exsC) chaperone protein [T3SS (VF0479) - Effector delivery system (VFC0086)] [Aeromonas salmonicida subsp. salmonicida A449]",NA,"ANYA_14430"
"ANYA_14430.fasta","NZ_CP121848.1",1349070,1349966,"-","aopD","1-897/897","===============","0/0",100,87.51,"vfdb","WP_005320781","(aopD) Type III secretion system translocator AopD [T3SS (VF0479) - Effector delivery system (VFC0086)] [Aeromonas salmonicida subsp. salmonicida A449]",NA,"ANYA_14430"
"ANYA_14430.fasta","NZ_CP121848.1",1349979,1351151,"-","aopB","1-1194/1194","========/======","3/23",98.16,86.78,"vfdb","WP_005320780","(aopB) Type III secretion system translocator AopB [T3SS (VF0479) - Effector delivery system (VFC0086)] [Aeromonas salmonicida subsp. salmonicida A449]",NA,"ANYA_14430"
"ANYA_14430.fasta","NZ_CP121848.1",1351132,1351635,"-","acrH","1-504/504","===============","0/0",100,95.64,"vfdb","WP_005320778","(acrH) chaperon protein for AopB/AopD [T3SS (VF0479) - Effector delivery system (VFC0086)] [Aeromonas salmonicida subsp. salmonicida A449]",NA,"ANYA_14430"
"ANYA_14430.fasta","NZ_CP121848.1",1351645,1352730,"-","acrV","1-1086/1086","===============","0/0",100,89.96,"vfdb","WP_005320777","(acrV) Type III secretion system tip translocon AcrV  [T3SS (VF0479) - Effector delivery system (VFC0086)] [Aeromonas salmonicida subsp. salmonicida A449]",NA,"ANYA_14430"
"ANYA_14430.fasta","NZ_CP121848.1",1352740,1353024,"-","acrG","1-285/285","===============","0/0",100,94.74,"vfdb","WP_005320774","(acrG) Type III secretion system protein LcrG-like [T3SS (VF0479) - Effector delivery system (VFC0086)] [Aeromonas salmonicida subsp. salmonicida A449]",NA,"ANYA_14430"
"ANYA_14430.fasta","NZ_CP121848.1",1353064,1353519,"-","acrR","1-456/456","===============","0/0",100,93.42,"vfdb","WP_005320772","(acrR) Type III secretion system regulator LcrR-like [T3SS (VF0479) - Effector delivery system (VFC0086)] [Aeromonas salmonicida subsp. salmonicida A449]",NA,"ANYA_14430"
"ANYA_14430.fasta","NZ_CP121848.1",1353516,1355633,"-","ascV","1-2118/2118","===============","0/0",100,97.31,"vfdb","WP_005320770","(ascV) Type III secretion system inner membrane export apparatus protein AscV [T3SS (VF0479) - Effector delivery system (VFC0086)] [Aeromonas salmonicida subsp. salmonicida A449]",NA,"ANYA_14430"
"ANYA_14430.fasta","NZ_CP121848.1",1355614,1355964,"-","ascY","1-351/351","===============","0/0",100,98.01,"vfdb","WP_005320768","(ascY) chaperone protein [T3SS (VF0479) - Effector delivery system (VFC0086)] [Aeromonas salmonicida subsp. salmonicida A449]",NA,"ANYA_14430"
"ANYA_14430.fasta","NZ_CP121848.1",1355961,1356326,"-","ascX","1-366/366","===============","0/0",100,95.63,"vfdb","WP_005320766","(ascX) Unknown function chaperoned by AscY [T3SS (VF0479) - Effector delivery system (VFC0086)] [Aeromonas salmonicida subsp. salmonicida A449]",NA,"ANYA_14430"
"ANYA_14430.fasta","NZ_CP121848.1",1356323,1356694,"-","acr2","1-372/372","===============","0/0",100,96.24,"vfdb","WP_005320764","(acr2) chaperone protein [T3SS (VF0479) - Effector delivery system (VFC0086)] [Aeromonas salmonicida subsp. salmonicida A449]",NA,"ANYA_14430"
"ANYA_14430.fasta","NZ_CP121848.1",1356691,1356972,"-","acr1","1-282/282","===============","0/0",100,98.23,"vfdb","WP_005320760","(acr1) Type III secretion system gatekeeper subunit  [T3SS (VF0479) - Effector delivery system (VFC0086)] [Aeromonas salmonicida subsp. salmonicida A449]",NA,"ANYA_14430"
"ANYA_14430.fasta","NZ_CP121848.1",1356953,1357831,"-","aopN","1-879/879","===============","0/0",100,96.7,"vfdb","WP_005320757","(aopN) AopN secretion control of translocators and immune suppressor [T3SS (VF0479) - Effector delivery system (VFC0086)] [Aeromonas salmonicida subsp. salmonicida A449]",NA,"ANYA_14430"
"ANYA_14430.fasta","NZ_CP121848.1",1358021,1359343,"+","ascN","1-1323/1323","===============","0/0",100,96.83,"vfdb","WP_005320755","(ascN) Type III secretion system ATPase [T3SS (VF0479) - Effector delivery system (VFC0086)] [Aeromonas salmonicida subsp. salmonicida A449]",NA,"ANYA_14430"
"ANYA_14430.fasta","NZ_CP121848.1",1359340,1359801,"+","ascO","1-462/462","===============","0/0",100,96.75,"vfdb","WP_005320751","(ascO) Type III secretion system protein AscO [T3SS (VF0479) - Effector delivery system (VFC0086)] [Aeromonas salmonicida subsp. salmonicida A449]",NA,"ANYA_14430"
"ANYA_14430.fasta","NZ_CP121848.1",1361078,1362004,"+","ascQ","1-927/927","===============","0/0",100,95.25,"vfdb","WP_005320747","(ascQ) type III secretion system protein AscQ [T3SS (VF0479) - Effector delivery system (VFC0086)] [Aeromonas salmonicida subsp. salmonicida A449]",NA,"ANYA_14430"
"ANYA_14430.fasta","NZ_CP121848.1",1362001,1362654,"+","ascR","1-654/654","===============","0/0",100,96.48,"vfdb","WP_005320745","(ascR) Type III secretion system inner membrane export apparatus protein AscR [T3SS (VF0479) - Effector delivery system (VFC0086)] [Aeromonas salmonicida subsp. salmonicida A449]",NA,"ANYA_14430"
"ANYA_14430.fasta","NZ_CP121848.1",1362656,1362922,"+","ascS","1-267/267","===============","0/0",100,94.76,"vfdb","WP_005320743","(ascS) type III secretion system inner membrane export apparatus protein AscS [T3SS (VF0479) - Effector delivery system (VFC0086)] [Aeromonas salmonicida subsp. salmonicida A449]",NA,"ANYA_14430"
"ANYA_14430.fasta","NZ_CP121848.1",1362919,1363707,"+","ascT","1-789/789","===============","0/0",100,95.69,"vfdb","WP_005320741","(ascT) Type III secretion system inner membrane export apparatus protein AscT [T3SS (VF0479) - Effector delivery system (VFC0086)] [Aeromonas salmonicida subsp. salmonicida A449]",NA,"ANYA_14430"
"ANYA_14430.fasta","NZ_CP121848.1",1363704,1364762,"+","ascU","1-1059/1059","===============","0/0",100,96.51,"vfdb","WP_005320739","(ascU) Type III secretion system inner membrane export apparatus protein AscU [T3SS (VF0479) - Effector delivery system (VFC0086)] [Aeromonas salmonicida subsp. salmonicida A449]",NA,"ANYA_14430"
"ANYA_14430.fasta","NZ_CP121848.1",1364900,1365850,"+","aopX","1-971/971","========/======","1/20",97.94,94.44,"vfdb","","(aopX) hypothetical protein [T3SS (VF0479) - Effector delivery system (VFC0086)] [Aeromonas salmonicida subsp. salmonicida A449]",NA,"ANYA_14430"
"ANYA_14430.fasta","NZ_CP121848.1",1365850,1366173,"+","sycX","1-324/381","=============..","0/0",85.04,93.83,"vfdb","WP_005320736","(sycX) hypothetical protein [T3SS (VF0479) - Effector delivery system (VFC0086)] [Aeromonas salmonicida subsp. salmonicida A449]",NA,"ANYA_14430"
"ANYA_14430.fasta","NZ_CP121848.1",1414868,1415662,"-","AHML_RS07540","1-795/795","===============","0/0",100,83.14,"vfdb","WP_011705294","(AHML_RS07540) CobQ/CobB/MinD/ParA family protein [Polar flagella (VF0473) - Motility (VFC0204)] [Aeromonas hydrophila ML09-119]",NA,"ANYA_14430"
"ANYA_14430.fasta","NZ_CP121848.1",1417330,1418445,"-","cheB-2","1-1116/1116","===============","0/0",100,82.26,"vfdb","WP_016350060","(cheB-2) chemotaxis-specific methylesterase [Polar flagella (VF0473) - Motility (VFC0204)] [Aeromonas hydrophila ML09-119]",NA,"ANYA_14430"
"ANYA_14430.fasta","NZ_CP121848.1",1420700,1421440,"-","cheZ","1-741/741","===============","0/0",100,85.97,"vfdb","WP_011705289","(cheZ) chemotaxis protein CheZ [Polar flagella (VF0473) - Motility (VFC0204)] [Aeromonas hydrophila ML09-119]",NA,"ANYA_14430"
"ANYA_14430.fasta","NZ_CP121848.1",1421453,1421836,"-","cheY","1-384/384","===============","0/0",100,87.24,"vfdb","WP_010634617","(cheY) chemotaxis protein CheY [Polar flagella (VF0473) - Motility (VFC0204)] [Aeromonas hydrophila ML09-119]",NA,"ANYA_14430"
"ANYA_14430.fasta","NZ_CP121848.1",1421948,1422667,"-","fliA","1-720/720","========/======","2/2",99.86,83.22,"vfdb","WP_017409955","(fliA) flagellar biosynthesis sigma factor [Polar flagella (VF0473) - Motility (VFC0204)] [Aeromonas hydrophila ML09-119]",NA,"ANYA_14430"
"ANYA_14430.fasta","NZ_CP121848.1",1422660,1423535,"-","flhG","1-876/876","===============","0/0",100,88.7,"vfdb","WP_010634619","(flhG) CobQ/CobB/MinD/ParA family protein [Polar flagella (VF0473) - Motility (VFC0204)] [Aeromonas hydrophila ML09-119]",NA,"ANYA_14430"
"ANYA_14430.fasta","NZ_CP121848.1",1423537,1424961,"-","flhF","1-1422/1422","========/======","7/15",99.58,87.84,"vfdb","WP_016350057","(flhF) flagellar biosynthesis protein FlhF [Polar flagella (VF0473) - Motility (VFC0204)] [Aeromonas hydrophila ML09-119]",NA,"ANYA_14430"
"ANYA_14430.fasta","NZ_CP121848.1",1424978,1427080,"-","flhA","1-2103/2103","===============","0/0",100,86.69,"vfdb","WP_016350056","(flhA) flagellar biosynthesis protein FlhA [Polar flagella (VF0473) - Motility (VFC0204)] [Aeromonas hydrophila ML09-119]",NA,"ANYA_14430"
"ANYA_14430.fasta","NZ_CP121848.1",1427188,1428318,"-","flhB","1-1131/1131","========/======","2/8",99.65,85.37,"vfdb","WP_016350055","(flhB) flagellar biosynthetic protein FlhB [Polar flagella (VF0473) - Motility (VFC0204)] [Aeromonas hydrophila ML09-119]",NA,"ANYA_14430"
"ANYA_14430.fasta","NZ_CP121848.1",1428323,1429108,"-","fliR","1-786/792","===============","0/0",99.24,82.44,"vfdb","WP_011705283","(fliR) flagellar biosynthesis protein FliR [Polar flagella (VF0473) - Motility (VFC0204)] [Aeromonas hydrophila ML09-119]",NA,"ANYA_14430"
"ANYA_14430.fasta","NZ_CP121848.1",1429105,1429374,"-","fliQ","1-270/270","===============","0/0",100,85.56,"vfdb","WP_011705282","(fliQ) flagellar biosynthetic protein FliQ [Polar flagella (VF0473) - Motility (VFC0204)] [Aeromonas hydrophila ML09-119]",NA,"ANYA_14430"
"ANYA_14430.fasta","NZ_CP121848.1",1429405,1430175,"-","fliP","1-774/780","========/======","2/5",98.72,85.81,"vfdb","WP_016350054","(fliP) flagellar biosynthesis protein FliP [Polar flagella (VF0473) - Motility (VFC0204)] [Aeromonas hydrophila ML09-119]",NA,"ANYA_14430"
"ANYA_14430.fasta","NZ_CP121848.1",1430162,1430482,"-","fliO","64-384/384","..=============","0/0",83.59,86.6,"vfdb","WP_005298795","(fliO) flagellar biosynthesis protein FliO [Polar flagella (VF0473) - Motility (VFC0204)] [Aeromonas hydrophila ML09-119]",NA,"ANYA_14430"
"ANYA_14430.fasta","NZ_CP121848.1",1430539,1430931,"-","fliN","1-393/393","===============","0/0",100,89.57,"vfdb","WP_011705280","(fliN) flagellar motor switch protein FliN [Polar flagella (VF0473) - Motility (VFC0204)] [Aeromonas hydrophila ML09-119]",NA,"ANYA_14430"
"ANYA_14430.fasta","NZ_CP121848.1",1430981,1432051,"-","fliM","1-1071/1071","===============","0/0",100,90.57,"vfdb","WP_011705279","(fliM) flagellar motor switch protein FliM [Polar flagella (VF0473) - Motility (VFC0204)] [Aeromonas hydrophila ML09-119]",NA,"ANYA_14430"
"ANYA_14430.fasta","NZ_CP121848.1",1432060,1432574,"-","fliL","1-518/519","========/======","1/3",99.23,85.14,"vfdb","WP_011705278","(fliL) flagellar basal body-associated protein FliL [Polar flagella (VF0473) - Motility (VFC0204)] [Aeromonas hydrophila ML09-119]",NA,"ANYA_14430"
"ANYA_14430.fasta","NZ_CP121848.1",1434622,1435062,"-","fliJ","1-441/441","===============","0/0",100,85.94,"vfdb","WP_011705276","(fliJ) flagellar export protein FliJ [Polar flagella (VF0473) - Motility (VFC0204)] [Aeromonas hydrophila ML09-119]",NA,"ANYA_14430"
"ANYA_14430.fasta","NZ_CP121848.1",1435090,1436421,"-","fliI","1-1332/1332","===============","0/0",100,89.94,"vfdb","WP_011705275","(fliI) flagellum-specific ATP synthase [Polar flagella (VF0473) - Motility (VFC0204)] [Aeromonas hydrophila ML09-119]",NA,"ANYA_14430"
"ANYA_14430.fasta","NZ_CP121848.1",1436504,1437295,"-","fliH","7-792/807","========/======","3/12",97.03,81.01,"vfdb","WP_016350051","(fliH) flagellar assembly protein FliH [Polar flagella (VF0473) - Motility (VFC0204)] [Aeromonas hydrophila ML09-119]",NA,"ANYA_14430"
"ANYA_14430.fasta","NZ_CP121848.1",1437369,1438428,"-","fliG","1-1060/1062","===============","0/0",99.81,93.49,"vfdb","WP_011705273","(fliG) flagellar motor switch protein G [Polar flagella (VF0473) - Motility (VFC0204)] [Aeromonas hydrophila ML09-119]",NA,"ANYA_14430"
"ANYA_14430.fasta","NZ_CP121848.1",1438421,1440130,"-","fliF","1-1713/1713","========/======","1/3",99.82,86.75,"vfdb","WP_016350050","(fliF) flagellar MS-ring protein [Polar flagella (VF0473) - Motility (VFC0204)] [Aeromonas hydrophila ML09-119]",NA,"ANYA_14430"
"ANYA_14430.fasta","NZ_CP121848.1",1440193,1440510,"-","fliE","1-318/318","===============","0/0",100,88.36,"vfdb","WP_011705271","(fliE) flagellar hook-basal body complex protein FliE [Polar flagella (VF0473) - Motility (VFC0204)] [Aeromonas hydrophila ML09-119]",NA,"ANYA_14430"
"ANYA_14430.fasta","NZ_CP121848.1",1618035,1618634,"-","tapO","1-600/600","===============","0/0",100,80.33,"vfdb","WP_016351631","(tapO) type IV pilus biogenesis protein PilO [Tap type IV pili (VF0475) - Adherence (VFC0001)] [Aeromonas hydrophila ML09-119]",NA,"ANYA_14430"
"ANYA_14430.fasta","NZ_CP121848.1",1618677,1619209,"-","tapN","1-533/579","========/=====.","2/6",91.54,80.22,"vfdb","WP_016351632","(tapN) type IV pilus biogenesis protein PilN [Tap type IV pili (VF0475) - Adherence (VFC0001)] [Aeromonas hydrophila ML09-119]",NA,"ANYA_14430"
"ANYA_14430.fasta","NZ_CP121848.1",2284380,2286087,"+","tapB","1-1707/1707","========/======","1/1",100,87.3,"vfdb","WP_016352168","(tapB) type IV pilus assembly ATPase PilB-like [Tap type IV pili (VF0475) - Adherence (VFC0001)] [Aeromonas hydrophila ML09-119]",NA,"ANYA_14430"
"ANYA_14430.fasta","NZ_CP121848.1",2286327,2287552,"+","tapC","1-1226/1242","===============","0/0",98.71,86.87,"vfdb","WP_016352169","(tapC) type IV fimbrial assembly protein PilC-like [Tap type IV pili (VF0475) - Adherence (VFC0001)] [Aeromonas hydrophila ML09-119]",NA,"ANYA_14430"
"ANYA_14430.fasta","NZ_CP121848.1",2287653,2288487,"+","tapD/pilD","24-858/873","========/======","2/2",95.53,83.61,"vfdb","WP_016352170","(tapD/pilD) prepilin peptidase [Tap type IV pili (VF0475) - Adherence (VFC0001)] [Aeromonas hydrophila ML09-119]",NA,"ANYA_14430"
"ANYA_14430.fasta","NZ_CP121848.1",2314344,2315201,"-","lafT","1-858/858","===============","0/0",100,84.61,"vfdb","WP_005314215","(lafT) LafT flagella motor stator protein [Lateral flagella (VF0474) - Motility (VFC0204)] [Aeromonas salmonicida subsp. salmonicida A449]",NA,"ANYA_14430"
"ANYA_14430.fasta","NZ_CP121848.1",2324934,2326040,"-","flgI","1-1107/1107","===============","0/0",100,81.03,"vfdb","WP_005314254","(flgI) flagellar basal body P-ring protein [Lateral flagella (VF0474) - Motility (VFC0204)] [Aeromonas salmonicida subsp. salmonicida A449]",NA,"ANYA_14430"
"ANYA_14430.fasta","NZ_CP121848.1",2326049,2326720,"-","lfgH","1-672/672","===============","0/0",100,82.14,"vfdb","WP_005314257","(lfgH) lateral flagellar L-ring protein LfgH [Lateral flagella (VF0474) - Motility (VFC0204)] [Aeromonas salmonicida subsp. salmonicida A449]",NA,"ANYA_14430"
"ANYA_14430.fasta","NZ_CP121848.1",2326722,2327505,"-","lfgG","1-784/786","===============","0/0",99.75,82.65,"vfdb","WP_005314259","(lfgG) lateral flagellar basal-body rod protein LfgG [Lateral flagella (VF0474) - Motility (VFC0204)] [Aeromonas salmonicida subsp. salmonicida A449]",NA,"ANYA_14430"
"ANYA_14430.fasta","NZ_CP121848.1",2327588,2328318,"-","lfgF","1-731/735","===============","0/0",99.46,82.35,"vfdb","WP_005314261","(lfgF) lateral flagellar basal-body rod protein LfgF [Lateral flagella (VF0474) - Motility (VFC0204)] [Aeromonas salmonicida subsp. salmonicida A449]",NA,"ANYA_14430"
"ANYA_14430.fasta","NZ_CP121848.1",2330308,2330728,"-","flgC","1-421/426","===============","0/0",98.83,81.71,"vfdb","WP_005314270","(flgC) flagellar basal body rod protein FlgC [Lateral flagella (VF0474) - Motility (VFC0204)] [Aeromonas salmonicida subsp. salmonicida A449]",NA,"ANYA_14430"
"ANYA_14430.fasta","NZ_CP121848.1",2330731,2331120,"-","lfgB","1-390/390","===============","0/0",100,84.36,"vfdb","WP_005314272","(lfgB) lateral flagellar basal body protein LfgB [Lateral flagella (VF0474) - Motility (VFC0204)] [Aeromonas salmonicida subsp. salmonicida A449]",NA,"ANYA_14430"
"ANYA_14430.fasta","NZ_CP121848.1",2335225,2336253,"-","fliG","1-1029/1029","===============","0/0",100,84.64,"vfdb","WP_005314289","(fliG) flagellar motor switch protein G [Lateral flagella (VF0474) - Motility (VFC0204)] [Aeromonas salmonicida subsp. salmonicida A449]",NA,"ANYA_14430"
"ANYA_14430.fasta","NZ_CP121848.1",2338006,2338332,"-","lfiE","1-327/327","===============","0/0",100,84.1,"vfdb","WP_005314292","(lfiE) lateral flagellar hook basal body protein LfiE [Lateral flagella (VF0474) - Motility (VFC0204)] [Aeromonas salmonicida subsp. salmonicida A449]",NA,"ANYA_14430"
"ANYA_14430.fasta","NZ_CP121848.1",2340128,2342194,"-","lfhA","1-2067/2076","===============","0/0",99.57,82.2,"vfdb","WP_005314296","(lfhA) lateral flagellar biosynthesis protein [Lateral flagella (VF0474) - Motility (VFC0204)] [Aeromonas salmonicida subsp. salmonicida A449]",NA,"ANYA_14430"
"ANYA_14430.fasta","NZ_CP121848.1",2342198,2343334,"-","lfhB","1-1137/1137","===============","0/0",100,81.97,"vfdb","WP_005314298","(lfhB) lateral flagellar biosynthetic protein LfhB [Lateral flagella (VF0474) - Motility (VFC0204)] [Aeromonas salmonicida subsp. salmonicida A449]",NA,"ANYA_14430"
"ANYA_14430.fasta","NZ_CP121848.1",2344110,2344378,"-","lfiQ","2-270/270","===============","0/0",99.63,80.3,"vfdb","WP_005314303","(lfiQ) lateral flagellar biosynthetic protein LfiQ [Lateral flagella (VF0474) - Motility (VFC0204)] [Aeromonas salmonicida subsp. salmonicida A449]",NA,"ANYA_14430"
"ANYA_14430.fasta","NZ_CP121848.1",2344381,2345115,"-","fliP","1-735/735","===============","0/0",100,80.82,"vfdb","WP_005314307","(fliP) flagellar biosynthesis protein FliP [Lateral flagella (VF0474) - Motility (VFC0204)] [Aeromonas salmonicida subsp. salmonicida A449]",NA,"ANYA_14430"
"ANYA_14430.fasta","NZ_CP121848.1",2345115,2345492,"-","lfiN","1-378/378","===============","0/0",100,85.45,"vfdb","WP_005314315","(lfiN) lateral flagellar motor switch protein lfiN [Lateral flagella (VF0474) - Motility (VFC0204)] [Aeromonas salmonicida subsp. salmonicida A449]",NA,"ANYA_14430"
"ANYA_14430.fasta","NZ_CP121848.1",3125853,3126716,"+","mshI","1-864/864","===============","0/0",100,83.45,"vfdb","WP_016349152","(mshI) MSHA (mannose-sensitive hemagglutinin) pili biogenesis protein MshI bitopic inner membrane protein [MSHA type IV pili (VF0477) - Adherence (VFC0001)] [Aeromonas hydrophila ML09-119]",NA,"ANYA_14430"
"ANYA_14430.fasta","NZ_CP121848.1",3126716,3127309,"+","mshI1","1-594/594","========/======","4/4",99.66,80.03,"vfdb","WP_016349153","(mshI1) MSHA (mannose-sensitive hemagglutinin) pili biogenesis protein MshI1 bitopic inner membrane protein [MSHA type IV pili (VF0477) - Adherence (VFC0001)] [Aeromonas hydrophila ML09-119]",NA,"ANYA_14430"
"ANYA_14430.fasta","NZ_CP121848.1",3128349,3130022,"+","mshL","1-1674/1674","========/======","11/34",98.98,82.73,"vfdb","WP_016349156","(mshL) MSHA (mannose-sensitive hemagglutinin) pili biogenesis protein MshL outer membrane secretin GspD-like [MSHA type IV pili (VF0477) - Adherence (VFC0001)] [Aeromonas hydrophila ML09-119]",NA,"ANYA_14430"
"ANYA_14430.fasta","NZ_CP121848.1",3130115,3131005,"+","mshM","1-891/891","===============","0/0",100,87.09,"vfdb","WP_016349157","(mshM) membrane protein with ATPase domain GspA-like [MSHA type IV pili (VF0477) - Adherence (VFC0001)] [Aeromonas hydrophila ML09-119]",NA,"ANYA_14430"
"ANYA_14430.fasta","NZ_CP121848.1",3132157,3133866,"+","mshE","1-1710/1710","===============","0/0",100,90.06,"vfdb","WP_043118275","(mshE) ATPase protein MshE GspE-like [MSHA type IV pili (VF0477) - Adherence (VFC0001)] [Aeromonas hydrophila ML09-119]",NA,"ANYA_14430"
"ANYA_14430.fasta","NZ_CP121848.1",3133878,3135090,"+","mshG","9-1221/1221","========/======","2/2",99.26,88.06,"vfdb","WP_016349160","(mshG) MSHA (mannose-sensitive hemagglutinin) pili biogenesis protein MshG GspF-like [MSHA type IV pili (VF0477) - Adherence (VFC0001)] [Aeromonas hydrophila ML09-119]",NA,"ANYA_14430"
"ANYA_14430.fasta","NZ_CP121848.1",3135779,3136378,"+","mshB","73-672/672",".==============","0/0",89.29,86.5,"vfdb","WP_043118279","(mshB) MSHA (mannose-sensitive hemagglutinin) pili minor prepilin protein MshB [MSHA type IV pili (VF0477) - Adherence (VFC0001)] [Aeromonas hydrophila ML09-119]",NA,"ANYA_14430"
"ANYA_14430.fasta","NZ_CP121848.1",3342837,3343871,"+","tapT","1-1035/1035","===============","0/0",100,91.98,"vfdb","WP_011707389","(tapT) twitching ATPase [Tap type IV pili (VF0475) - Adherence (VFC0001)] [Aeromonas hydrophila ML09-119]",NA,"ANYA_14430"
"ANYA_14430.fasta","NZ_CP121848.1",3343900,3345009,"+","tapU","1-1110/1110","========/======","2/6",99.73,83.74,"vfdb","WP_016351972","(tapU) twitching ATPase [Tap type IV pili (VF0475) - Adherence (VFC0001)] [Aeromonas hydrophila ML09-119]",NA,"ANYA_14430"
"ANYA_14430.fasta","NZ_CP121848.1",3358518,3359067,"+","motX","51-600/600",".==============","0/0",91.67,83.45,"vfdb","WP_016349413","(motX) sodium-type flagellar motor component [Polar flagella (VF0473) - Motility (VFC0204)] [Aeromonas hydrophila ML09-119]",NA,"ANYA_14430"
"ANYA_14430.fasta","NZ_CP121848.1",3722609,3723367,"+","pomA2","1-759/759","===============","0/0",100,86.69,"vfdb","WP_011707085","(pomA2) chemotaxis protein PomA [Polar flagella (VF0473) - Motility (VFC0204)] [Aeromonas hydrophila ML09-119]",NA,"ANYA_14430"
"ANYA_14430.fasta","NZ_CP121848.1",3723385,3724247,"+","pomB2","10-878/900","========/======","2/6",95.89,82.74,"vfdb","WP_016351724","(pomB2) flagellar motor protein MotB [Polar flagella (VF0473) - Motility (VFC0204)] [Aeromonas hydrophila ML09-119]",NA,"ANYA_14430"
"ANYA_14430.fasta","NZ_CP121848.1",4043794,4044544,"-","exeN","16-754/756","========/======","2/12",97.75,80.03,"vfdb","WP_043118380","(exeN) general secretion pathway protein N [Exe T2SS (VF0478) - Effector delivery system (VFC0086)] [Aeromonas hydrophila ML09-119]",NA,"ANYA_14430"
"ANYA_14430.fasta","NZ_CP121848.1",4044657,4045148,"-","exeM","1-492/492","===============","0/0",100,83.13,"vfdb","WP_016349344","(exeM) general secretion pathway protein M [Exe T2SS (VF0478) - Effector delivery system (VFC0086)] [Aeromonas hydrophila ML09-119]",NA,"ANYA_14430"
"ANYA_14430.fasta","NZ_CP121848.1",4045145,4046329,"-","exeL","1-1185/1185","========/======","2/2",99.92,82.12,"vfdb","WP_016349343","(exeL) general secretion pathway protein L [Exe T2SS (VF0478) - Effector delivery system (VFC0086)] [Aeromonas hydrophila ML09-119]",NA,"ANYA_14430"
"ANYA_14430.fasta","NZ_CP121848.1",4047567,4048168,"-","exeJ","40-641/654","===============","0/0",92.05,88.21,"vfdb","WP_016349341","(exeJ) general secretion pathway protein J [Exe T2SS (VF0478) - Effector delivery system (VFC0086)] [Aeromonas hydrophila ML09-119]",NA,"ANYA_14430"
"ANYA_14430.fasta","NZ_CP121848.1",4048201,4048560,"-","exeI","1-360/360","===============","0/0",100,87.22,"vfdb","WP_016349340","(exeI) general secretion pathway protein I [Exe T2SS (VF0478) - Effector delivery system (VFC0086)] [Aeromonas hydrophila ML09-119]",NA,"ANYA_14430"
"ANYA_14430.fasta","NZ_CP121848.1",4048600,4049106,"-","exeH","12-518/552","===============","0/0",91.85,80.08,"vfdb","WP_016349339","(exeH) general secretion pathway protein H [Exe T2SS (VF0478) - Effector delivery system (VFC0086)] [Aeromonas hydrophila ML09-119]",NA,"ANYA_14430"
"ANYA_14430.fasta","NZ_CP121848.1",4049168,4049599,"-","exeG","1-432/432","===============","0/0",100,90.74,"vfdb","WP_005308483","(exeG) general secretion pathway protein G [Exe T2SS (VF0478) - Effector delivery system (VFC0086)] [Aeromonas hydrophila ML09-119]",NA,"ANYA_14430"
"ANYA_14430.fasta","NZ_CP121848.1",4049698,4050917,"-","exeF","1-1220/1221","===============","0/0",99.92,88.11,"vfdb","WP_016349337","(exeF) general secretion pathway protein F [Exe T2SS (VF0478) - Effector delivery system (VFC0086)] [Aeromonas hydrophila ML09-119]",NA,"ANYA_14430"
"ANYA_14430.fasta","NZ_CP121848.1",4050919,4052418,"-","exeE","7-1506/1506","===============","0/0",99.6,89.73,"vfdb","WP_016349336","(exeE) general secretory pathway protein E [Exe T2SS (VF0478) - Effector delivery system (VFC0086)] [Aeromonas hydrophila ML09-119]",NA,"ANYA_14430"
"ANYA_14430.fasta","NZ_CP121848.1",4052506,4054463,"-","exeD","1-1970/2037","========/======","11/24",95.83,85.58,"vfdb","WP_016349335","(exeD) general secretion pathway protein D [Exe T2SS (VF0478) - Effector delivery system (VFC0086)] [Aeromonas hydrophila ML09-119]",NA,"ANYA_14430"
"ANYA_14430.fasta","NZ_CP121848.1",4056251,4057809,"-","exeA","1-1559/1647","========/======","2/2",94.6,83.33,"vfdb","WP_016352107","(exeA) general secretion pathway protein A [Exe T2SS (VF0478) - Effector delivery system (VFC0086)] [Aeromonas hydrophila ML09-119]",NA,"ANYA_14430"
"ANYA_14430.fasta","NZ_CP121848.1",4412522,4413659,"-","tapW","1-1138/1140","===============","0/0",99.82,90.16,"vfdb","WP_011706550","(tapW) twitching ATPase [Tap type IV pili (VF0475) - Adherence (VFC0001)] [Aeromonas hydrophila ML09-119]",NA,"ANYA_14430"
"ANYA_14430.fasta","NZ_CP121848.1",4437421,4438294,"+","motY","1-874/876","===============","0/0",99.77,87.76,"vfdb","WP_024944879","(motY) sodium-type flagellar protein MotY [Polar flagella (VF0473) - Motility (VFC0204)] [Aeromonas hydrophila ML09-119]",NA,"ANYA_14430"
"ANYA_14430.fasta","NZ_CP121848.1",4488810,4489559,"+","nueA","1-762/762","========/======","2/12",98.43,87.8,"vfdb","WP_016351249","(nueA) NeuA protein [Polar flagella (VF0473) - Motility (VFC0204)] [Aeromonas hydrophila ML09-119]",NA,"ANYA_14430"
"ANYA_18196.fasta","NZ_CP121841.1",86046,86658,"-","mshB","58-670/672",".==============","0/0",91.22,86.46,"vfdb","WP_043118279","(mshB) MSHA (mannose-sensitive hemagglutinin) pili minor prepilin protein MshB [MSHA type IV pili (VF0477) - Adherence (VFC0001)] [Aeromonas hydrophila ML09-119]",NA,"ANYA_18196"
"ANYA_18196.fasta","NZ_CP121841.1",87332,88544,"-","mshG","9-1221/1221","========/======","2/2",99.26,88.55,"vfdb","WP_016349160","(mshG) MSHA (mannose-sensitive hemagglutinin) pili biogenesis protein MshG GspF-like [MSHA type IV pili (VF0477) - Adherence (VFC0001)] [Aeromonas hydrophila ML09-119]",NA,"ANYA_18196"
"ANYA_18196.fasta","NZ_CP121841.1",88556,90265,"-","mshE","1-1710/1710","===============","0/0",100,89.94,"vfdb","WP_043118275","(mshE) ATPase protein MshE GspE-like [MSHA type IV pili (VF0477) - Adherence (VFC0001)] [Aeromonas hydrophila ML09-119]",NA,"ANYA_18196"
"ANYA_18196.fasta","NZ_CP121841.1",91416,92306,"-","mshM","1-891/891","===============","0/0",100,87.54,"vfdb","WP_016349157","(mshM) membrane protein with ATPase domain GspA-like [MSHA type IV pili (VF0477) - Adherence (VFC0001)] [Aeromonas hydrophila ML09-119]",NA,"ANYA_18196"
"ANYA_18196.fasta","NZ_CP121841.1",92399,94066,"-","mshL","1-1674/1674","========/======","17/46",98.45,82.41,"vfdb","WP_016349156","(mshL) MSHA (mannose-sensitive hemagglutinin) pili biogenesis protein MshL outer membrane secretin GspD-like [MSHA type IV pili (VF0477) - Adherence (VFC0001)] [Aeromonas hydrophila ML09-119]",NA,"ANYA_18196"
"ANYA_18196.fasta","NZ_CP121841.1",95106,95699,"-","mshI1","1-594/594","========/======","4/4",99.66,80.2,"vfdb","WP_016349153","(mshI1) MSHA (mannose-sensitive hemagglutinin) pili biogenesis protein MshI1 bitopic inner membrane protein [MSHA type IV pili (VF0477) - Adherence (VFC0001)] [Aeromonas hydrophila ML09-119]",NA,"ANYA_18196"
"ANYA_18196.fasta","NZ_CP121841.1",95699,96562,"-","mshI","1-864/864","===============","0/0",100,83.45,"vfdb","WP_016349152","(mshI) MSHA (mannose-sensitive hemagglutinin) pili biogenesis protein MshI bitopic inner membrane protein [MSHA type IV pili (VF0477) - Adherence (VFC0001)] [Aeromonas hydrophila ML09-119]",NA,"ANYA_18196"
"ANYA_18196.fasta","NZ_CP121841.1",885865,886699,"-","tapD/pilD","24-858/873","========/======","2/2",95.53,82.54,"vfdb","WP_016352170","(tapD/pilD) prepilin peptidase [Tap type IV pili (VF0475) - Adherence (VFC0001)] [Aeromonas hydrophila ML09-119]",NA,"ANYA_18196"
"ANYA_18196.fasta","NZ_CP121841.1",886800,888025,"-","tapC","1-1226/1242","===============","0/0",98.71,85.97,"vfdb","WP_016352169","(tapC) type IV fimbrial assembly protein PilC-like [Tap type IV pili (VF0475) - Adherence (VFC0001)] [Aeromonas hydrophila ML09-119]",NA,"ANYA_18196"
"ANYA_18196.fasta","NZ_CP121841.1",888266,889972,"-","tapB","1-1707/1707","===============","0/0",100,86.47,"vfdb","WP_016352168","(tapB) type IV pilus assembly ATPase PilB-like [Tap type IV pili (VF0475) - Adherence (VFC0001)] [Aeromonas hydrophila ML09-119]",NA,"ANYA_18196"
"ANYA_18196.fasta","NZ_CP121841.1",1077459,1078493,"+","tapT","1-1035/1035","===============","0/0",100,92.08,"vfdb","WP_011707389","(tapT) twitching ATPase [Tap type IV pili (VF0475) - Adherence (VFC0001)] [Aeromonas hydrophila ML09-119]",NA,"ANYA_18196"
"ANYA_18196.fasta","NZ_CP121841.1",1078522,1079631,"+","tapU","1-1110/1110","===============","0/0",100,84.41,"vfdb","WP_016351972","(tapU) twitching ATPase [Tap type IV pili (VF0475) - Adherence (VFC0001)] [Aeromonas hydrophila ML09-119]",NA,"ANYA_18196"
"ANYA_18196.fasta","NZ_CP121841.1",1093143,1093692,"+","motX","51-600/600",".==============","0/0",91.67,82.91,"vfdb","WP_016349413","(motX) sodium-type flagellar motor component [Polar flagella (VF0473) - Motility (VFC0204)] [Aeromonas hydrophila ML09-119]",NA,"ANYA_18196"
"ANYA_18196.fasta","NZ_CP121841.1",1126337,1126738,"+","tppA","1-402/402","===============","0/0",100,81.09,"vfdb","WP_016349433","(tppA) type IV pilus pseudopilin [Tap type IV pili (VF0475) - Adherence (VFC0001)] [Aeromonas hydrophila ML09-119]",NA,"ANYA_18196"
"ANYA_18196.fasta","NZ_CP121841.1",1416857,1417605,"+","pomA2","1-749/759","===============","0/0",98.68,84.11,"vfdb","WP_011707085","(pomA2) chemotaxis protein PomA [Polar flagella (VF0473) - Motility (VFC0204)] [Aeromonas hydrophila ML09-119]",NA,"ANYA_18196"
"ANYA_18196.fasta","NZ_CP121841.1",1417630,1418477,"+","pomB2","10-863/900","========/======","2/6",94.22,83.02,"vfdb","WP_016351724","(pomB2) flagellar motor protein MotB [Polar flagella (VF0473) - Motility (VFC0204)] [Aeromonas hydrophila ML09-119]",NA,"ANYA_18196"
"ANYA_18196.fasta","NZ_CP121841.1",1716314,1717064,"-","exeN","16-754/756","========/======","4/14",97.62,80.19,"vfdb","WP_043118380","(exeN) general secretion pathway protein N [Exe T2SS (VF0478) - Effector delivery system (VFC0086)] [Aeromonas hydrophila ML09-119]",NA,"ANYA_18196"
"ANYA_18196.fasta","NZ_CP121841.1",1717076,1717567,"-","exeM","1-492/492","===============","0/0",100,83.54,"vfdb","WP_016349344","(exeM) general secretion pathway protein M [Exe T2SS (VF0478) - Effector delivery system (VFC0086)] [Aeromonas hydrophila ML09-119]",NA,"ANYA_18196"
"ANYA_18196.fasta","NZ_CP121841.1",1717564,1718748,"-","exeL","1-1185/1185","========/======","2/2",99.92,82.12,"vfdb","WP_016349343","(exeL) general secretion pathway protein L [Exe T2SS (VF0478) - Effector delivery system (VFC0086)] [Aeromonas hydrophila ML09-119]",NA,"ANYA_18196"
"ANYA_18196.fasta","NZ_CP121841.1",1719995,1720596,"-","exeJ","40-641/654","===============","0/0",92.05,88.7,"vfdb","WP_016349341","(exeJ) general secretion pathway protein J [Exe T2SS (VF0478) - Effector delivery system (VFC0086)] [Aeromonas hydrophila ML09-119]",NA,"ANYA_18196"
"ANYA_18196.fasta","NZ_CP121841.1",1720629,1720988,"-","exeI","1-360/360","===============","0/0",100,86.94,"vfdb","WP_016349340","(exeI) general secretion pathway protein I [Exe T2SS (VF0478) - Effector delivery system (VFC0086)] [Aeromonas hydrophila ML09-119]",NA,"ANYA_18196"
"ANYA_18196.fasta","NZ_CP121841.1",1721114,1721620,"-","exeH","12-518/552","===============","0/0",91.85,81.06,"vfdb","WP_016349339","(exeH) general secretion pathway protein H [Exe T2SS (VF0478) - Effector delivery system (VFC0086)] [Aeromonas hydrophila ML09-119]",NA,"ANYA_18196"
"ANYA_18196.fasta","NZ_CP121841.1",1721682,1722113,"-","exeG","1-432/432","===============","0/0",100,91.2,"vfdb","WP_005308483","(exeG) general secretion pathway protein G [Exe T2SS (VF0478) - Effector delivery system (VFC0086)] [Aeromonas hydrophila ML09-119]",NA,"ANYA_18196"
"ANYA_18196.fasta","NZ_CP121841.1",1722212,1723431,"-","exeF","1-1220/1221","===============","0/0",99.92,88.03,"vfdb","WP_016349337","(exeF) general secretion pathway protein F [Exe T2SS (VF0478) - Effector delivery system (VFC0086)] [Aeromonas hydrophila ML09-119]",NA,"ANYA_18196"
"ANYA_18196.fasta","NZ_CP121841.1",1723433,1724932,"-","exeE","7-1506/1506","===============","0/0",99.6,89.33,"vfdb","WP_016349336","(exeE) general secretory pathway protein E [Exe T2SS (VF0478) - Effector delivery system (VFC0086)] [Aeromonas hydrophila ML09-119]",NA,"ANYA_18196"
"ANYA_18196.fasta","NZ_CP121841.1",1725020,1726977,"-","exeD","1-1970/2037","========/======","11/24",95.83,85.27,"vfdb","WP_016349335","(exeD) general secretion pathway protein D [Exe T2SS (VF0478) - Effector delivery system (VFC0086)] [Aeromonas hydrophila ML09-119]",NA,"ANYA_18196"
"ANYA_18196.fasta","NZ_CP121841.1",1728762,1730320,"-","exeA","1-1559/1647","========/======","2/2",94.6,83.27,"vfdb","WP_016352107","(exeA) general secretion pathway protein A [Exe T2SS (VF0478) - Effector delivery system (VFC0086)] [Aeromonas hydrophila ML09-119]",NA,"ANYA_18196"
"ANYA_18196.fasta","NZ_CP121841.1",1922794,1922991,"+","flp1","7-204/204","===============","0/0",97.06,87.37,"vfdb","WP_011705350","(flp1) Flp pilus pilin subunit [Flp/Tad pili (VF0476) - Adherence (VFC0001)] [Aeromonas hydrophila ML09-119]",NA,"ANYA_18196"
"ANYA_18196.fasta","NZ_CP121841.1",1923414,1924304,"+","flpB","1-891/891","========/======","2/4",99.78,81.86,"vfdb","WP_016350148","(flpB) Flp pilus assembly protein [Flp/Tad pili (VF0476) - Adherence (VFC0001)] [Aeromonas hydrophila ML09-119]",NA,"ANYA_18196"
"ANYA_18196.fasta","NZ_CP121841.1",1924324,1925721,"+","flpC","1-1398/1398","========/======","2/4",99.86,83.43,"vfdb","WP_043118798","(flpC) Flp pilus secretin FlpC [Flp/Tad pili (VF0476) - Adherence (VFC0001)] [Aeromonas hydrophila ML09-119]",NA,"ANYA_18196"
"ANYA_18196.fasta","NZ_CP121841.1",1925733,1926280,"+","flpD","1-548/549","========/======","7/16",98.36,80.4,"vfdb","WP_016350150","(flpD) Flp pilus assembly protein FlpD [Flp/Tad pili (VF0476) - Adherence (VFC0001)] [Aeromonas hydrophila ML09-119]",NA,"ANYA_18196"
"ANYA_18196.fasta","NZ_CP121841.1",1926285,1927418,"+","flpE","1-1134/1134","========/======","2/2",99.91,80.79,"vfdb","WP_016350151","(flpE) Flp pilus assembly protein ATPase [Flp/Tad pili (VF0476) - Adherence (VFC0001)] [Aeromonas hydrophila ML09-119]",NA,"ANYA_18196"
"ANYA_18196.fasta","NZ_CP121841.1",1927418,1928731,"+","flpF","1-1314/1314","===============","0/0",100,85.31,"vfdb","WP_016350152","(flpF) traffic ATPase [Flp/Tad pili (VF0476) - Adherence (VFC0001)] [Aeromonas hydrophila ML09-119]",NA,"ANYA_18196"
"ANYA_18196.fasta","NZ_CP121841.1",1928746,1929612,"+","flpG","19-885/885","===============","0/0",97.97,85.35,"vfdb","WP_016350153","(flpG) Flp pilus assembly protein FlpG [Flp/Tad pili (VF0476) - Adherence (VFC0001)] [Aeromonas hydrophila ML09-119]",NA,"ANYA_18196"
"ANYA_18196.fasta","NZ_CP121841.1",1929628,1930500,"+","flpH","13-885/885","========/======","4/14",97.85,81.82,"vfdb","WP_043118801","(flpH) Flp pilus assembly protein FlpH [Flp/Tad pili (VF0476) - Adherence (VFC0001)] [Aeromonas hydrophila ML09-119]",NA,"ANYA_18196"
"ANYA_18196.fasta","NZ_CP121841.1",2069923,2070241,"-","flgM","1-319/321","===============","0/0",99.38,80.56,"vfdb","WP_011706648","(flgM) anti-sigma-D factor [Polar flagella (VF0473) - Motility (VFC0204)] [Aeromonas hydrophila ML09-119]",NA,"ANYA_18196"
"ANYA_18196.fasta","NZ_CP121841.1",2071161,2072072,"+","cheV","1-912/912","===============","0/0",100,85.75,"vfdb","WP_011706646","(cheV) CheV [Polar flagella (VF0473) - Motility (VFC0204)] [Aeromonas hydrophila ML09-119]",NA,"ANYA_18196"
"ANYA_18196.fasta","NZ_CP121841.1",2072090,2072912,"+","cheR-3","1-823/825","===============","0/0",99.76,86.39,"vfdb","WP_011706645","(cheR-3) chemotaxis protein CheR [Polar flagella (VF0473) - Motility (VFC0204)] [Aeromonas hydrophila ML09-119]",NA,"ANYA_18196"
"ANYA_18196.fasta","NZ_CP121841.1",2073210,2073608,"+","flgB","1-399/399","========/======","2/6",99.25,81.34,"vfdb","WP_011706644","(flgB) flagellar basal-body rod protein FlgB [Polar flagella (VF0473) - Motility (VFC0204)] [Aeromonas hydrophila ML09-119]",NA,"ANYA_18196"
"ANYA_18196.fasta","NZ_CP121841.1",2073608,2074027,"+","flgC","1-420/420","===============","0/0",100,89.29,"vfdb","WP_011706643","(flgC) flagellar basal body rod protein FlgC [Polar flagella (VF0473) - Motility (VFC0204)] [Aeromonas hydrophila ML09-119]",NA,"ANYA_18196"
"ANYA_18196.fasta","NZ_CP121841.1",2076324,2077070,"+","flgF","1-747/747","===============","0/0",100,85.41,"vfdb","WP_011706640","(flgF) flagellar basal-body rod protein FlgF [Polar flagella (VF0473) - Motility (VFC0204)] [Aeromonas hydrophila ML09-119]",NA,"ANYA_18196"
"ANYA_18196.fasta","NZ_CP121841.1",2077085,2077873,"+","flgG","1-789/789","========/======","2/2",99.87,86.58,"vfdb","WP_011706639","(flgG) flagellar basal body rod protein FlgG [Polar flagella (VF0473) - Motility (VFC0204)] [Aeromonas hydrophila ML09-119]",NA,"ANYA_18196"
"ANYA_18196.fasta","NZ_CP121841.1",2077888,2078559,"+","flgH","1-672/672","===============","0/0",100,86.16,"vfdb","WP_011706638","(flgH) flagellar basal body L-ring protein [Polar flagella (VF0473) - Motility (VFC0204)] [Aeromonas hydrophila ML09-119]",NA,"ANYA_18196"
"ANYA_18196.fasta","NZ_CP121841.1",2078568,2079665,"+","flgI","1-1098/1098","===============","0/0",100,86.25,"vfdb","WP_011706637","(flgI) flagellar basal body P-ring protein [Polar flagella (VF0473) - Motility (VFC0204)] [Aeromonas hydrophila ML09-119]",NA,"ANYA_18196"
"ANYA_18196.fasta","NZ_CP121841.1",2079709,2080758,"+","flgJ","1-1053/1092","========/======","9/25",95.15,80.83,"vfdb","WP_016351320","(flgJ) flagellar rod assembly protein/muramidase FlgJ [Polar flagella (VF0473) - Motility (VFC0204)] [Aeromonas hydrophila ML09-119]",NA,"ANYA_18196"
"ANYA_18196.fasta","NZ_CP121841.1",2091365,2092779,"+","flrA","1-1415/1422","========/======","3/4",99.37,85.81,"vfdb","WP_017409846","(flrA) FleQ protein [Polar flagella (VF0473) - Motility (VFC0204)] [Aeromonas hydrophila ML09-119]",NA,"ANYA_18196"
"ANYA_18196.fasta","NZ_CP121841.1",2092893,2093927,"+","flrB","1-1035/1035","========/======","4/4",99.81,85.25,"vfdb","WP_016351312","(flrB) two-component sensor kinase [Polar flagella (VF0473) - Motility (VFC0204)] [Aeromonas hydrophila ML09-119]",NA,"ANYA_18196"
"ANYA_18196.fasta","NZ_CP121841.1",2093924,2095267,"+","flrC","1-1344/1344","===============","0/0",100,88.47,"vfdb","WP_011706626","(flrC) transcriptional activator [Polar flagella (VF0473) - Motility (VFC0204)] [Aeromonas hydrophila ML09-119]",NA,"ANYA_18196"
"ANYA_18196.fasta","NZ_CP121841.1",2142242,2143115,"+","motY","1-874/876","===============","0/0",99.77,87.87,"vfdb","WP_024944879","(motY) sodium-type flagellar protein MotY [Polar flagella (VF0473) - Motility (VFC0204)] [Aeromonas hydrophila ML09-119]",NA,"ANYA_18196"
"ANYA_18196.fasta","NZ_CP121841.1",2201284,2202033,"+","nueA","1-762/762","========/======","2/12",98.43,88.32,"vfdb","WP_016351249","(nueA) NeuA protein [Polar flagella (VF0473) - Motility (VFC0204)] [Aeromonas hydrophila ML09-119]",NA,"ANYA_18196"
"ANYA_18196.fasta","NZ_CP121841.1",2743064,2743798,"-","flmH","1-735/735","===============","0/0",100,90.2,"vfdb","WP_005300916","(flmH) short chain dehydrogenase/reductase family oxidoreductase [Polar flagella (VF0473) - Motility (VFC0204)] [Aeromonas hydrophila ML09-119]",NA,"ANYA_18196"
"ANYA_18196.fasta","NZ_CP121841.1",3166487,3167278,"-","tapF","1-792/792","===============","0/0",100,87.88,"vfdb","WP_011705643","(tapF) type IV pilus biogenesis/stability protein pilW-like [Tap type IV pili (VF0475) - Adherence (VFC0001)] [Aeromonas hydrophila ML09-119]",NA,"ANYA_18196"
"ANYA_18196.fasta","NZ_CP121841.1",3387703,3388840,"+","tapW","1-1138/1140","===============","0/0",99.82,90.07,"vfdb","WP_011706550","(tapW) twitching ATPase [Tap type IV pili (VF0475) - Adherence (VFC0001)] [Aeromonas hydrophila ML09-119]",NA,"ANYA_18196"
"ANYA_18196.fasta","NZ_CP121841.1",3701377,3702171,"-","AHML_RS07540","1-795/795","===============","0/0",100,83.4,"vfdb","WP_011705294","(AHML_RS07540) CobQ/CobB/MinD/ParA family protein [Polar flagella (VF0473) - Motility (VFC0204)] [Aeromonas hydrophila ML09-119]",NA,"ANYA_18196"
"ANYA_18196.fasta","NZ_CP121841.1",3703839,3704954,"-","cheB-2","1-1116/1116","===============","0/0",100,82.08,"vfdb","WP_016350060","(cheB-2) chemotaxis-specific methylesterase [Polar flagella (VF0473) - Motility (VFC0204)] [Aeromonas hydrophila ML09-119]",NA,"ANYA_18196"
"ANYA_18196.fasta","NZ_CP121841.1",3707200,3707940,"-","cheZ","1-741/741","===============","0/0",100,86.1,"vfdb","WP_011705289","(cheZ) chemotaxis protein CheZ [Polar flagella (VF0473) - Motility (VFC0204)] [Aeromonas hydrophila ML09-119]",NA,"ANYA_18196"
"ANYA_18196.fasta","NZ_CP121841.1",3707953,3708336,"-","cheY","1-384/384","===============","0/0",100,87.5,"vfdb","WP_010634617","(cheY) chemotaxis protein CheY [Polar flagella (VF0473) - Motility (VFC0204)] [Aeromonas hydrophila ML09-119]",NA,"ANYA_18196"
"ANYA_18196.fasta","NZ_CP121841.1",3708448,3709167,"-","fliA","1-720/720","===============","0/0",100,83.33,"vfdb","WP_017409955","(fliA) flagellar biosynthesis sigma factor [Polar flagella (VF0473) - Motility (VFC0204)] [Aeromonas hydrophila ML09-119]",NA,"ANYA_18196"
"ANYA_18196.fasta","NZ_CP121841.1",3709160,3710035,"-","flhG","1-876/876","===============","0/0",100,88.47,"vfdb","WP_010634619","(flhG) CobQ/CobB/MinD/ParA family protein [Polar flagella (VF0473) - Motility (VFC0204)] [Aeromonas hydrophila ML09-119]",NA,"ANYA_18196"
"ANYA_18196.fasta","NZ_CP121841.1",3710037,3711461,"-","flhF","1-1422/1422","========/======","6/11",99.72,87.68,"vfdb","WP_016350057","(flhF) flagellar biosynthesis protein FlhF [Polar flagella (VF0473) - Motility (VFC0204)] [Aeromonas hydrophila ML09-119]",NA,"ANYA_18196"
"ANYA_18196.fasta","NZ_CP121841.1",3711478,3713580,"-","flhA","1-2103/2103","===============","0/0",100,87.68,"vfdb","WP_016350056","(flhA) flagellar biosynthesis protein FlhA [Polar flagella (VF0473) - Motility (VFC0204)] [Aeromonas hydrophila ML09-119]",NA,"ANYA_18196"
"ANYA_18196.fasta","NZ_CP121841.1",3713688,3714818,"-","flhB","1-1131/1131","========/======","2/8",99.65,86.17,"vfdb","WP_016350055","(flhB) flagellar biosynthetic protein FlhB [Polar flagella (VF0473) - Motility (VFC0204)] [Aeromonas hydrophila ML09-119]",NA,"ANYA_18196"
"ANYA_18196.fasta","NZ_CP121841.1",3714823,3715608,"-","fliR","1-786/792","===============","0/0",99.24,81.04,"vfdb","WP_011705283","(fliR) flagellar biosynthesis protein FliR [Polar flagella (VF0473) - Motility (VFC0204)] [Aeromonas hydrophila ML09-119]",NA,"ANYA_18196"
"ANYA_18196.fasta","NZ_CP121841.1",3715605,3715874,"-","fliQ","1-270/270","===============","0/0",100,84.81,"vfdb","WP_011705282","(fliQ) flagellar biosynthetic protein FliQ [Polar flagella (VF0473) - Motility (VFC0204)] [Aeromonas hydrophila ML09-119]",NA,"ANYA_18196"
"ANYA_18196.fasta","NZ_CP121841.1",3715903,3716673,"-","fliP","1-774/780","========/======","2/5",98.72,85.29,"vfdb","WP_016350054","(fliP) flagellar biosynthesis protein FliP [Polar flagella (VF0473) - Motility (VFC0204)] [Aeromonas hydrophila ML09-119]",NA,"ANYA_18196"
"ANYA_18196.fasta","NZ_CP121841.1",3716660,3716980,"-","fliO","64-384/384","..=============","0/0",83.59,87.85,"vfdb","WP_005298795","(fliO) flagellar biosynthesis protein FliO [Polar flagella (VF0473) - Motility (VFC0204)] [Aeromonas hydrophila ML09-119]",NA,"ANYA_18196"
"ANYA_18196.fasta","NZ_CP121841.1",3717037,3717429,"-","fliN","1-393/393","===============","0/0",100,89.82,"vfdb","WP_011705280","(fliN) flagellar motor switch protein FliN [Polar flagella (VF0473) - Motility (VFC0204)] [Aeromonas hydrophila ML09-119]",NA,"ANYA_18196"
"ANYA_18196.fasta","NZ_CP121841.1",3717479,3718549,"-","fliM","1-1071/1071","===============","0/0",100,91.13,"vfdb","WP_011705279","(fliM) flagellar motor switch protein FliM [Polar flagella (VF0473) - Motility (VFC0204)] [Aeromonas hydrophila ML09-119]",NA,"ANYA_18196"
"ANYA_18196.fasta","NZ_CP121841.1",3718558,3719072,"-","fliL","1-518/519","========/======","1/3",99.23,84.56,"vfdb","WP_011705278","(fliL) flagellar basal body-associated protein FliL [Polar flagella (VF0473) - Motility (VFC0204)] [Aeromonas hydrophila ML09-119]",NA,"ANYA_18196"
"ANYA_18196.fasta","NZ_CP121841.1",3721126,3721566,"-","fliJ","1-441/441","===============","0/0",100,85.94,"vfdb","WP_011705276","(fliJ) flagellar export protein FliJ [Polar flagella (VF0473) - Motility (VFC0204)] [Aeromonas hydrophila ML09-119]",NA,"ANYA_18196"
"ANYA_18196.fasta","NZ_CP121841.1",3721594,3722925,"-","fliI","1-1332/1332","===============","0/0",100,89.34,"vfdb","WP_011705275","(fliI) flagellum-specific ATP synthase [Polar flagella (VF0473) - Motility (VFC0204)] [Aeromonas hydrophila ML09-119]",NA,"ANYA_18196"
"ANYA_18196.fasta","NZ_CP121841.1",3723008,3723800,"-","fliH","7-792/807","========/======","5/13",97.03,81.03,"vfdb","WP_016350051","(fliH) flagellar assembly protein FliH [Polar flagella (VF0473) - Motility (VFC0204)] [Aeromonas hydrophila ML09-119]",NA,"ANYA_18196"
"ANYA_18196.fasta","NZ_CP121841.1",3723874,3724933,"-","fliG","1-1060/1062","===============","0/0",99.81,94.06,"vfdb","WP_011705273","(fliG) flagellar motor switch protein G [Polar flagella (VF0473) - Motility (VFC0204)] [Aeromonas hydrophila ML09-119]",NA,"ANYA_18196"
"ANYA_18196.fasta","NZ_CP121841.1",3724926,3726635,"-","fliF","1-1713/1713","========/======","1/3",99.82,86.86,"vfdb","WP_016350050","(fliF) flagellar MS-ring protein [Polar flagella (VF0473) - Motility (VFC0204)] [Aeromonas hydrophila ML09-119]",NA,"ANYA_18196"
"ANYA_18196.fasta","NZ_CP121841.1",3726698,3727015,"-","fliE","1-318/318","===============","0/0",100,89.94,"vfdb","WP_011705271","(fliE) flagellar hook-basal body complex protein FliE [Polar flagella (VF0473) - Motility (VFC0204)] [Aeromonas hydrophila ML09-119]",NA,"ANYA_18196"
"AV0110.fasta","NZ_CP196964.1",397815,398649,"-","tapD/pilD","24-858/873","========/======","2/2",95.53,82.89,"vfdb","WP_016352170","(tapD/pilD) prepilin peptidase [Tap type IV pili (VF0475) - Adherence (VFC0001)] [Aeromonas hydrophila ML09-119]",NA,"AV0110"
"AV0110.fasta","NZ_CP196964.1",398750,399975,"-","tapC","1-1226/1242","===============","0/0",98.71,86.62,"vfdb","WP_016352169","(tapC) type IV fimbrial assembly protein PilC-like [Tap type IV pili (VF0475) - Adherence (VFC0001)] [Aeromonas hydrophila ML09-119]",NA,"AV0110"
"AV0110.fasta","NZ_CP196964.1",400216,401921,"-","tapB","2-1707/1707","===============","0/0",99.94,87.05,"vfdb","WP_016352168","(tapB) type IV pilus assembly ATPase PilB-like [Tap type IV pili (VF0475) - Adherence (VFC0001)] [Aeromonas hydrophila ML09-119]",NA,"AV0110"
"AV0110.fasta","NZ_CP196964.1",1267850,1268167,"+","fliE","1-318/318","===============","0/0",100,88.05,"vfdb","WP_011705271","(fliE) flagellar hook-basal body complex protein FliE [Polar flagella (VF0473) - Motility (VFC0204)] [Aeromonas hydrophila ML09-119]",NA,"AV0110"
"AV0110.fasta","NZ_CP196964.1",1268230,1269939,"+","fliF","1-1713/1713","========/======","1/3",99.82,86.86,"vfdb","WP_016350050","(fliF) flagellar MS-ring protein [Polar flagella (VF0473) - Motility (VFC0204)] [Aeromonas hydrophila ML09-119]",NA,"AV0110"
"AV0110.fasta","NZ_CP196964.1",1269932,1270991,"+","fliG","1-1060/1062","===============","0/0",99.81,93.02,"vfdb","WP_011705273","(fliG) flagellar motor switch protein G [Polar flagella (VF0473) - Motility (VFC0204)] [Aeromonas hydrophila ML09-119]",NA,"AV0110"
"AV0110.fasta","NZ_CP196964.1",1271065,1271856,"+","fliH","7-792/807","========/======","4/12",97.03,81.38,"vfdb","WP_016350051","(fliH) flagellar assembly protein FliH [Polar flagella (VF0473) - Motility (VFC0204)] [Aeromonas hydrophila ML09-119]",NA,"AV0110"
"AV0110.fasta","NZ_CP196964.1",1271939,1273270,"+","fliI","1-1332/1332","===============","0/0",100,89.19,"vfdb","WP_011705275","(fliI) flagellum-specific ATP synthase [Polar flagella (VF0473) - Motility (VFC0204)] [Aeromonas hydrophila ML09-119]",NA,"AV0110"
"AV0110.fasta","NZ_CP196964.1",1273298,1273738,"+","fliJ","1-441/441","===============","0/0",100,86.39,"vfdb","WP_011705276","(fliJ) flagellar export protein FliJ [Polar flagella (VF0473) - Motility (VFC0204)] [Aeromonas hydrophila ML09-119]",NA,"AV0110"
"AV0110.fasta","NZ_CP196964.1",1275795,1276309,"+","fliL","1-518/519","========/======","1/3",99.23,85.14,"vfdb","WP_011705278","(fliL) flagellar basal body-associated protein FliL [Polar flagella (VF0473) - Motility (VFC0204)] [Aeromonas hydrophila ML09-119]",NA,"AV0110"
"AV0110.fasta","NZ_CP196964.1",1276318,1277388,"+","fliM","1-1071/1071","===============","0/0",100,91.22,"vfdb","WP_011705279","(fliM) flagellar motor switch protein FliM [Polar flagella (VF0473) - Motility (VFC0204)] [Aeromonas hydrophila ML09-119]",NA,"AV0110"
"AV0110.fasta","NZ_CP196964.1",1277438,1277830,"+","fliN","1-393/393","===============","0/0",100,89.31,"vfdb","WP_011705280","(fliN) flagellar motor switch protein FliN [Polar flagella (VF0473) - Motility (VFC0204)] [Aeromonas hydrophila ML09-119]",NA,"AV0110"
"AV0110.fasta","NZ_CP196964.1",1277887,1278207,"+","fliO","64-384/384","..=============","0/0",83.59,87.54,"vfdb","WP_005298795","(fliO) flagellar biosynthesis protein FliO [Polar flagella (VF0473) - Motility (VFC0204)] [Aeromonas hydrophila ML09-119]",NA,"AV0110"
"AV0110.fasta","NZ_CP196964.1",1278194,1278964,"+","fliP","1-774/780","========/======","2/5",98.72,86.45,"vfdb","WP_016350054","(fliP) flagellar biosynthesis protein FliP [Polar flagella (VF0473) - Motility (VFC0204)] [Aeromonas hydrophila ML09-119]",NA,"AV0110"
"AV0110.fasta","NZ_CP196964.1",1278993,1279262,"+","fliQ","1-270/270","===============","0/0",100,85.19,"vfdb","WP_011705282","(fliQ) flagellar biosynthetic protein FliQ [Polar flagella (VF0473) - Motility (VFC0204)] [Aeromonas hydrophila ML09-119]",NA,"AV0110"
"AV0110.fasta","NZ_CP196964.1",1279259,1280044,"+","fliR","1-786/792","===============","0/0",99.24,81.17,"vfdb","WP_011705283","(fliR) flagellar biosynthesis protein FliR [Polar flagella (VF0473) - Motility (VFC0204)] [Aeromonas hydrophila ML09-119]",NA,"AV0110"
"AV0110.fasta","NZ_CP196964.1",1280049,1281179,"+","flhB","1-1131/1131","========/======","2/8",99.65,85.9,"vfdb","WP_016350055","(flhB) flagellar biosynthetic protein FlhB [Polar flagella (VF0473) - Motility (VFC0204)] [Aeromonas hydrophila ML09-119]",NA,"AV0110"
"AV0110.fasta","NZ_CP196964.1",1281287,1283389,"+","flhA","1-2103/2103","===============","0/0",100,87.3,"vfdb","WP_016350056","(flhA) flagellar biosynthesis protein FlhA [Polar flagella (VF0473) - Motility (VFC0204)] [Aeromonas hydrophila ML09-119]",NA,"AV0110"
"AV0110.fasta","NZ_CP196964.1",1283406,1284830,"+","flhF","1-1422/1422","========/======","7/15",99.58,88.19,"vfdb","WP_016350057","(flhF) flagellar biosynthesis protein FlhF [Polar flagella (VF0473) - Motility (VFC0204)] [Aeromonas hydrophila ML09-119]",NA,"AV0110"
"AV0110.fasta","NZ_CP196964.1",1284832,1285707,"+","flhG","1-876/876","===============","0/0",100,88.58,"vfdb","WP_010634619","(flhG) CobQ/CobB/MinD/ParA family protein [Polar flagella (VF0473) - Motility (VFC0204)] [Aeromonas hydrophila ML09-119]",NA,"AV0110"
"AV0110.fasta","NZ_CP196964.1",1285700,1286419,"+","fliA","1-720/720","========/======","2/2",99.86,83.63,"vfdb","WP_017409955","(fliA) flagellar biosynthesis sigma factor [Polar flagella (VF0473) - Motility (VFC0204)] [Aeromonas hydrophila ML09-119]",NA,"AV0110"
"AV0110.fasta","NZ_CP196964.1",1286531,1286914,"+","cheY","1-384/384","===============","0/0",100,87.5,"vfdb","WP_010634617","(cheY) chemotaxis protein CheY [Polar flagella (VF0473) - Motility (VFC0204)] [Aeromonas hydrophila ML09-119]",NA,"AV0110"
"AV0110.fasta","NZ_CP196964.1",1286927,1287667,"+","cheZ","1-741/741","===============","0/0",100,85.83,"vfdb","WP_011705289","(cheZ) chemotaxis protein CheZ [Polar flagella (VF0473) - Motility (VFC0204)] [Aeromonas hydrophila ML09-119]",NA,"AV0110"
"AV0110.fasta","NZ_CP196964.1",1289949,1291064,"+","cheB-2","1-1116/1116","===============","0/0",100,81.9,"vfdb","WP_016350060","(cheB-2) chemotaxis-specific methylesterase [Polar flagella (VF0473) - Motility (VFC0204)] [Aeromonas hydrophila ML09-119]",NA,"AV0110"
"AV0110.fasta","NZ_CP196964.1",1292732,1293526,"+","AHML_RS07540","1-795/795","===============","0/0",100,82.77,"vfdb","WP_011705294","(AHML_RS07540) CobQ/CobB/MinD/ParA family protein [Polar flagella (VF0473) - Motility (VFC0204)] [Aeromonas hydrophila ML09-119]",NA,"AV0110"
"AV0110.fasta","NZ_CP196964.1",1649479,1650616,"-","tapW","1-1138/1140","===============","0/0",99.82,90.07,"vfdb","WP_011706550","(tapW) twitching ATPase [Tap type IV pili (VF0475) - Adherence (VFC0001)] [Aeromonas hydrophila ML09-119]",NA,"AV0110"
"AV0110.fasta","NZ_CP196964.1",1720436,1721332,"+","flaA","1-900/900","========/======","1/3",99.67,80.78,"vfdb","WP_016350347","(flaA) flagellin [Polar flagella (VF0473) - Motility (VFC0204)] [Aeromonas hydrophila ML09-119]",NA,"AV0110"
"AV0110.fasta","NZ_CP196964.1",1721369,1721794,"+","flaG","1-423/423","========/======","1/3",100,82.63,"vfdb","WP_043118910","(flaG) flagellin protein [Polar flagella (VF0473) - Motility (VFC0204)] [Aeromonas hydrophila ML09-119]",NA,"AV0110"
"AV0110.fasta","NZ_CP196964.1",1721820,1723220,"+","flaH","1-1398/1398","========/======","1/3",100,83.16,"vfdb","WP_016350352","(flaH) flagellar hook-associated protein 2 [Polar flagella (VF0473) - Motility (VFC0204)] [Aeromonas hydrophila ML09-119]",NA,"AV0110"
"AV0110.fasta","NZ_CP196964.1",1723244,1723666,"+","flaJ","1-423/423","===============","0/0",100,85.82,"vfdb","WP_016350353","(flaJ) flagellar specific chaperone FlaJ/FliS [Polar flagella (VF0473) - Motility (VFC0204)] [Aeromonas hydrophila ML09-119]",NA,"AV0110"
"AV0110.fasta","NZ_CP196964.1",1880002,1880793,"+","tapF","1-792/792","========/======","2/6",99.62,87.8,"vfdb","WP_011705643","(tapF) type IV pilus biogenesis/stability protein pilW-like [Tap type IV pili (VF0475) - Adherence (VFC0001)] [Aeromonas hydrophila ML09-119]",NA,"AV0110"
"AV0110.fasta","NZ_CP196964.1",2275108,2275842,"+","flmH","1-735/735","===============","0/0",100,90.34,"vfdb","WP_005300916","(flmH) short chain dehydrogenase/reductase family oxidoreductase [Polar flagella (VF0473) - Motility (VFC0204)] [Aeromonas hydrophila ML09-119]",NA,"AV0110"
"AV0110.fasta","NZ_CP196964.1",2883744,2884493,"-","nueA","1-762/762","========/======","2/12",98.43,87.53,"vfdb","WP_016351249","(nueA) NeuA protein [Polar flagella (VF0473) - Motility (VFC0204)] [Aeromonas hydrophila ML09-119]",NA,"AV0110"
"AV0110.fasta","NZ_CP196964.1",2939458,2940331,"-","motY","1-874/876","===============","0/0",99.77,87.76,"vfdb","WP_024944879","(motY) sodium-type flagellar protein MotY [Polar flagella (VF0473) - Motility (VFC0204)] [Aeromonas hydrophila ML09-119]",NA,"AV0110"
"AV0110.fasta","NZ_CP196964.1",2987507,2988850,"-","flrC","1-1344/1344","===============","0/0",100,88.17,"vfdb","WP_011706626","(flrC) transcriptional activator [Polar flagella (VF0473) - Motility (VFC0204)] [Aeromonas hydrophila ML09-119]",NA,"AV0110"
"AV0110.fasta","NZ_CP196964.1",2988847,2989881,"-","flrB","1-1035/1035","========/======","2/2",99.9,85.52,"vfdb","WP_016351312","(flrB) two-component sensor kinase [Polar flagella (VF0473) - Motility (VFC0204)] [Aeromonas hydrophila ML09-119]",NA,"AV0110"
"AV0110.fasta","NZ_CP196964.1",2989995,2991409,"-","flrA","1-1415/1422","========/======","2/2",99.44,86.65,"vfdb","WP_017409846","(flrA) FleQ protein [Polar flagella (VF0473) - Motility (VFC0204)] [Aeromonas hydrophila ML09-119]",NA,"AV0110"
"AV0110.fasta","NZ_CP196964.1",3002016,3003065,"-","flgJ","1-1053/1092","========/======","9/25",95.15,80.26,"vfdb","WP_016351320","(flgJ) flagellar rod assembly protein/muramidase FlgJ [Polar flagella (VF0473) - Motility (VFC0204)] [Aeromonas hydrophila ML09-119]",NA,"AV0110"
"AV0110.fasta","NZ_CP196964.1",3003109,3004206,"-","flgI","1-1098/1098","===============","0/0",100,86.89,"vfdb","WP_011706637","(flgI) flagellar basal body P-ring protein [Polar flagella (VF0473) - Motility (VFC0204)] [Aeromonas hydrophila ML09-119]",NA,"AV0110"
"AV0110.fasta","NZ_CP196964.1",3004215,3004886,"-","flgH","1-672/672","===============","0/0",100,85.56,"vfdb","WP_011706638","(flgH) flagellar basal body L-ring protein [Polar flagella (VF0473) - Motility (VFC0204)] [Aeromonas hydrophila ML09-119]",NA,"AV0110"
"AV0110.fasta","NZ_CP196964.1",3004901,3005689,"-","flgG","1-789/789","===============","0/0",100,86.56,"vfdb","WP_011706639","(flgG) flagellar basal body rod protein FlgG [Polar flagella (VF0473) - Motility (VFC0204)] [Aeromonas hydrophila ML09-119]",NA,"AV0110"
"AV0110.fasta","NZ_CP196964.1",3005704,3006450,"-","flgF","1-747/747","===============","0/0",100,85.68,"vfdb","WP_011706640","(flgF) flagellar basal-body rod protein FlgF [Polar flagella (VF0473) - Motility (VFC0204)] [Aeromonas hydrophila ML09-119]",NA,"AV0110"
"AV0110.fasta","NZ_CP196964.1",3008728,3009147,"-","flgC","1-420/420","===============","0/0",100,90,"vfdb","WP_011706643","(flgC) flagellar basal body rod protein FlgC [Polar flagella (VF0473) - Motility (VFC0204)] [Aeromonas hydrophila ML09-119]",NA,"AV0110"
"AV0110.fasta","NZ_CP196964.1",3009147,3009545,"-","flgB","1-399/399","========/======","2/6",99.25,80.85,"vfdb","WP_011706644","(flgB) flagellar basal-body rod protein FlgB [Polar flagella (VF0473) - Motility (VFC0204)] [Aeromonas hydrophila ML09-119]",NA,"AV0110"
"AV0110.fasta","NZ_CP196964.1",3009844,3010666,"-","cheR-3","1-823/825","===============","0/0",99.76,86.15,"vfdb","WP_011706645","(cheR-3) chemotaxis protein CheR [Polar flagella (VF0473) - Motility (VFC0204)] [Aeromonas hydrophila ML09-119]",NA,"AV0110"
"AV0110.fasta","NZ_CP196964.1",3010684,3011595,"-","cheV","1-912/912","===============","0/0",100,86.18,"vfdb","WP_011706646","(cheV) CheV [Polar flagella (VF0473) - Motility (VFC0204)] [Aeromonas hydrophila ML09-119]",NA,"AV0110"
"AV0110.fasta","NZ_CP196964.1",3012515,3012833,"+","flgM","1-319/321","===============","0/0",99.38,80.25,"vfdb","WP_011706648","(flgM) anti-sigma-D factor [Polar flagella (VF0473) - Motility (VFC0204)] [Aeromonas hydrophila ML09-119]",NA,"AV0110"
"AV0110.fasta","NZ_CP196964.1",3340993,3342551,"+","exeA","1-1559/1647","========/======","2/2",94.6,83.14,"vfdb","WP_016352107","(exeA) general secretion pathway protein A [Exe T2SS (VF0478) - Effector delivery system (VFC0086)] [Aeromonas hydrophila ML09-119]",NA,"AV0110"
"AV0110.fasta","NZ_CP196964.1",3344339,3346296,"+","exeD","1-1970/2037","========/======","11/24",95.83,85.37,"vfdb","WP_016349335","(exeD) general secretion pathway protein D [Exe T2SS (VF0478) - Effector delivery system (VFC0086)] [Aeromonas hydrophila ML09-119]",NA,"AV0110"
"AV0110.fasta","NZ_CP196964.1",3346384,3347883,"+","exeE","7-1506/1506","===============","0/0",99.6,89.47,"vfdb","WP_016349336","(exeE) general secretory pathway protein E [Exe T2SS (VF0478) - Effector delivery system (VFC0086)] [Aeromonas hydrophila ML09-119]",NA,"AV0110"
"AV0110.fasta","NZ_CP196964.1",3347885,3349104,"+","exeF","1-1220/1221","===============","0/0",99.92,88.11,"vfdb","WP_016349337","(exeF) general secretion pathway protein F [Exe T2SS (VF0478) - Effector delivery system (VFC0086)] [Aeromonas hydrophila ML09-119]",NA,"AV0110"
"AV0110.fasta","NZ_CP196964.1",3349203,3349634,"+","exeG","1-432/432","===============","0/0",100,91.44,"vfdb","WP_005308483","(exeG) general secretion pathway protein G [Exe T2SS (VF0478) - Effector delivery system (VFC0086)] [Aeromonas hydrophila ML09-119]",NA,"AV0110"
"AV0110.fasta","NZ_CP196964.1",3349696,3350202,"+","exeH","12-518/552","===============","0/0",91.85,81.06,"vfdb","WP_016349339","(exeH) general secretion pathway protein H [Exe T2SS (VF0478) - Effector delivery system (VFC0086)] [Aeromonas hydrophila ML09-119]",NA,"AV0110"
"AV0110.fasta","NZ_CP196964.1",3350242,3350601,"+","exeI","1-360/360","===============","0/0",100,87.5,"vfdb","WP_016349340","(exeI) general secretion pathway protein I [Exe T2SS (VF0478) - Effector delivery system (VFC0086)] [Aeromonas hydrophila ML09-119]",NA,"AV0110"
"AV0110.fasta","NZ_CP196964.1",3350634,3351235,"+","exeJ","40-641/654","===============","0/0",92.05,88.37,"vfdb","WP_016349341","(exeJ) general secretion pathway protein J [Exe T2SS (VF0478) - Effector delivery system (VFC0086)] [Aeromonas hydrophila ML09-119]",NA,"AV0110"
"AV0110.fasta","NZ_CP196964.1",3352482,3353666,"+","exeL","1-1185/1185","===============","0/0",100,81.94,"vfdb","WP_016349343","(exeL) general secretion pathway protein L [Exe T2SS (VF0478) - Effector delivery system (VFC0086)] [Aeromonas hydrophila ML09-119]",NA,"AV0110"
"AV0110.fasta","NZ_CP196964.1",3353663,3354154,"+","exeM","1-492/492","===============","0/0",100,82.72,"vfdb","WP_016349344","(exeM) general secretion pathway protein M [Exe T2SS (VF0478) - Effector delivery system (VFC0086)] [Aeromonas hydrophila ML09-119]",NA,"AV0110"
"AV0110.fasta","NZ_CP196964.1",3354166,3354916,"+","exeN","16-754/756","========/======","4/14",97.62,80.85,"vfdb","WP_043118380","(exeN) general secretion pathway protein N [Exe T2SS (VF0478) - Effector delivery system (VFC0086)] [Aeromonas hydrophila ML09-119]",NA,"AV0110"
"AV0110.fasta","NZ_CP196964.1",3686081,3686943,"-","pomB2","10-878/900","========/======","2/6",95.89,83.89,"vfdb","WP_016351724","(pomB2) flagellar motor protein MotB [Polar flagella (VF0473) - Motility (VFC0204)] [Aeromonas hydrophila ML09-119]",NA,"AV0110"
"AV0110.fasta","NZ_CP196964.1",3686961,3687719,"-","pomA2","1-759/759","===============","0/0",100,86.96,"vfdb","WP_011707085","(pomA2) chemotaxis protein PomA [Polar flagella (VF0473) - Motility (VFC0204)] [Aeromonas hydrophila ML09-119]",NA,"AV0110"
"AV0110.fasta","NZ_CP196964.1",4009820,4010379,"-","motX","42-600/600","========/======","1/1",93.17,81.96,"vfdb","WP_016349413","(motX) sodium-type flagellar motor component [Polar flagella (VF0473) - Motility (VFC0204)] [Aeromonas hydrophila ML09-119]",NA,"AV0110"
"AV0110.fasta","NZ_CP196964.1",4023875,4024984,"-","tapU","1-1110/1110","========/======","2/6",99.73,83.92,"vfdb","WP_016351972","(tapU) twitching ATPase [Tap type IV pili (VF0475) - Adherence (VFC0001)] [Aeromonas hydrophila ML09-119]",NA,"AV0110"
"AV0110.fasta","NZ_CP196964.1",4025013,4026047,"-","tapT","1-1035/1035","===============","0/0",100,91.88,"vfdb","WP_011707389","(tapT) twitching ATPase [Tap type IV pili (VF0475) - Adherence (VFC0001)] [Aeromonas hydrophila ML09-119]",NA,"AV0110"
"AV0110.fasta","NZ_CP196964.1",4224163,4224781,"-","mshB","52-670/672",".==============","0/0",92.11,86.11,"vfdb","WP_043118279","(mshB) MSHA (mannose-sensitive hemagglutinin) pili minor prepilin protein MshB [MSHA type IV pili (VF0477) - Adherence (VFC0001)] [Aeromonas hydrophila ML09-119]",NA,"AV0110"
"AV0110.fasta","NZ_CP196964.1",4225449,4226661,"-","mshG","9-1221/1221","========/======","2/2",99.26,88.55,"vfdb","WP_016349160","(mshG) MSHA (mannose-sensitive hemagglutinin) pili biogenesis protein MshG GspF-like [MSHA type IV pili (VF0477) - Adherence (VFC0001)] [Aeromonas hydrophila ML09-119]",NA,"AV0110"
"AV0110.fasta","NZ_CP196964.1",4226673,4228382,"-","mshE","1-1710/1710","===============","0/0",100,89.77,"vfdb","WP_043118275","(mshE) ATPase protein MshE GspE-like [MSHA type IV pili (VF0477) - Adherence (VFC0001)] [Aeromonas hydrophila ML09-119]",NA,"AV0110"
"AV0110.fasta","NZ_CP196964.1",4229548,4230438,"-","mshM","1-891/891","===============","0/0",100,87.88,"vfdb","WP_016349157","(mshM) membrane protein with ATPase domain GspA-like [MSHA type IV pili (VF0477) - Adherence (VFC0001)] [Aeromonas hydrophila ML09-119]",NA,"AV0110"
"AV0110.fasta","NZ_CP196964.1",4230531,4232198,"-","mshL","1-1674/1674","========/======","16/42",98.57,82.39,"vfdb","WP_016349156","(mshL) MSHA (mannose-sensitive hemagglutinin) pili biogenesis protein MshL outer membrane secretin GspD-like [MSHA type IV pili (VF0477) - Adherence (VFC0001)] [Aeromonas hydrophila ML09-119]",NA,"AV0110"
"AV0110.fasta","NZ_CP196964.1",4233238,4233831,"-","mshI1","1-594/594","========/======","4/4",99.66,80.2,"vfdb","WP_016349153","(mshI1) MSHA (mannose-sensitive hemagglutinin) pili biogenesis protein MshI1 bitopic inner membrane protein [MSHA type IV pili (VF0477) - Adherence (VFC0001)] [Aeromonas hydrophila ML09-119]",NA,"AV0110"
"AV0110.fasta","NZ_CP196964.1",4233831,4234694,"-","mshI","1-864/864","===============","0/0",100,83.33,"vfdb","WP_016349152","(mshI) MSHA (mannose-sensitive hemagglutinin) pili biogenesis protein MshI bitopic inner membrane protein [MSHA type IV pili (VF0477) - Adherence (VFC0001)] [Aeromonas hydrophila ML09-119]",NA,"AV0110"
"AV040.fasta","NZ_CP095841.1",492004,493710,"+","tapB","1-1707/1707","===============","0/0",100,86.76,"vfdb","WP_016352168","(tapB) type IV pilus assembly ATPase PilB-like [Tap type IV pili (VF0475) - Adherence (VFC0001)] [Aeromonas hydrophila ML09-119]",NA,"AV040"
"AV040.fasta","NZ_CP095841.1",493950,495175,"+","tapC","1-1226/1242","===============","0/0",98.71,86.79,"vfdb","WP_016352169","(tapC) type IV fimbrial assembly protein PilC-like [Tap type IV pili (VF0475) - Adherence (VFC0001)] [Aeromonas hydrophila ML09-119]",NA,"AV040"
"AV040.fasta","NZ_CP095841.1",495276,496110,"+","tapD/pilD","24-858/873","========/======","2/2",95.53,82.89,"vfdb","WP_016352170","(tapD/pilD) prepilin peptidase [Tap type IV pili (VF0475) - Adherence (VFC0001)] [Aeromonas hydrophila ML09-119]",NA,"AV040"
"AV040.fasta","NZ_CP095841.1",1304359,1305222,"+","mshI","1-864/864","===============","0/0",100,84.03,"vfdb","WP_016349152","(mshI) MSHA (mannose-sensitive hemagglutinin) pili biogenesis protein MshI bitopic inner membrane protein [MSHA type IV pili (VF0477) - Adherence (VFC0001)] [Aeromonas hydrophila ML09-119]",NA,"AV040"
"AV040.fasta","NZ_CP095841.1",1305222,1305815,"+","mshI1","1-594/594","========/======","4/4",99.66,80.7,"vfdb","WP_016349153","(mshI1) MSHA (mannose-sensitive hemagglutinin) pili biogenesis protein MshI1 bitopic inner membrane protein [MSHA type IV pili (VF0477) - Adherence (VFC0001)] [Aeromonas hydrophila ML09-119]",NA,"AV040"
"AV040.fasta","NZ_CP095841.1",1306855,1308522,"+","mshL","1-1674/1674","========/======","16/42",98.57,82.09,"vfdb","WP_016349156","(mshL) MSHA (mannose-sensitive hemagglutinin) pili biogenesis protein MshL outer membrane secretin GspD-like [MSHA type IV pili (VF0477) - Adherence (VFC0001)] [Aeromonas hydrophila ML09-119]",NA,"AV040"
"AV040.fasta","NZ_CP095841.1",1308615,1309505,"+","mshM","1-891/891","===============","0/0",100,87.88,"vfdb","WP_016349157","(mshM) membrane protein with ATPase domain GspA-like [MSHA type IV pili (VF0477) - Adherence (VFC0001)] [Aeromonas hydrophila ML09-119]",NA,"AV040"
"AV040.fasta","NZ_CP095841.1",1310656,1312365,"+","mshE","1-1710/1710","===============","0/0",100,89.83,"vfdb","WP_043118275","(mshE) ATPase protein MshE GspE-like [MSHA type IV pili (VF0477) - Adherence (VFC0001)] [Aeromonas hydrophila ML09-119]",NA,"AV040"
"AV040.fasta","NZ_CP095841.1",1312377,1313589,"+","mshG","9-1221/1221","===============","0/0",99.34,88.05,"vfdb","WP_016349160","(mshG) MSHA (mannose-sensitive hemagglutinin) pili biogenesis protein MshG GspF-like [MSHA type IV pili (VF0477) - Adherence (VFC0001)] [Aeromonas hydrophila ML09-119]",NA,"AV040"
"AV040.fasta","NZ_CP095841.1",1314268,1314886,"+","mshB","52-670/672",".==============","0/0",92.11,85.3,"vfdb","WP_043118279","(mshB) MSHA (mannose-sensitive hemagglutinin) pili minor prepilin protein MshB [MSHA type IV pili (VF0477) - Adherence (VFC0001)] [Aeromonas hydrophila ML09-119]",NA,"AV040"
"AV040.fasta","NZ_CP095841.1",1492729,1493763,"+","tapT","1-1035/1035","===============","0/0",100,91.79,"vfdb","WP_011707389","(tapT) twitching ATPase [Tap type IV pili (VF0475) - Adherence (VFC0001)] [Aeromonas hydrophila ML09-119]",NA,"AV040"
"AV040.fasta","NZ_CP095841.1",1493792,1494901,"+","tapU","1-1110/1110","===============","0/0",100,83.6,"vfdb","WP_016351972","(tapU) twitching ATPase [Tap type IV pili (VF0475) - Adherence (VFC0001)] [Aeromonas hydrophila ML09-119]",NA,"AV040"
"AV040.fasta","NZ_CP095841.1",1508400,1508962,"+","motX","38-600/600","===============","0/0",93.83,82.59,"vfdb","WP_016349413","(motX) sodium-type flagellar motor component [Polar flagella (VF0473) - Motility (VFC0204)] [Aeromonas hydrophila ML09-119]",NA,"AV040"
"AV040.fasta","NZ_CP095841.1",1540243,1540644,"+","tppA","1-402/402","===============","0/0",100,80.35,"vfdb","WP_016349433","(tppA) type IV pilus pseudopilin [Tap type IV pili (VF0475) - Adherence (VFC0001)] [Aeromonas hydrophila ML09-119]",NA,"AV040"
"AV040.fasta","NZ_CP095841.1",1832355,1833113,"+","pomA2","1-759/759","===============","0/0",100,86.69,"vfdb","WP_011707085","(pomA2) chemotaxis protein PomA [Polar flagella (VF0473) - Motility (VFC0204)] [Aeromonas hydrophila ML09-119]",NA,"AV040"
"AV040.fasta","NZ_CP095841.1",1833131,1833993,"+","pomB2","10-878/900","========/======","2/6",95.89,83.08,"vfdb","WP_016351724","(pomB2) flagellar motor protein MotB [Polar flagella (VF0473) - Motility (VFC0204)] [Aeromonas hydrophila ML09-119]",NA,"AV040"
"AV040.fasta","NZ_CP095841.1",2221747,2222497,"-","exeN","16-754/756","========/======","2/12",97.75,80.43,"vfdb","WP_043118380","(exeN) general secretion pathway protein N [Exe T2SS (VF0478) - Effector delivery system (VFC0086)] [Aeromonas hydrophila ML09-119]",NA,"AV040"
"AV040.fasta","NZ_CP095841.1",2222509,2223000,"-","exeM","1-492/492","===============","0/0",100,82.93,"vfdb","WP_016349344","(exeM) general secretion pathway protein M [Exe T2SS (VF0478) - Effector delivery system (VFC0086)] [Aeromonas hydrophila ML09-119]",NA,"AV040"
"AV040.fasta","NZ_CP095841.1",2222997,2224181,"-","exeL","1-1185/1185","========/======","2/2",99.92,81.53,"vfdb","WP_016349343","(exeL) general secretion pathway protein L [Exe T2SS (VF0478) - Effector delivery system (VFC0086)] [Aeromonas hydrophila ML09-119]",NA,"AV040"
"AV040.fasta","NZ_CP095841.1",2225479,2226080,"-","exeJ","40-641/654","===============","0/0",92.05,89.37,"vfdb","WP_016349341","(exeJ) general secretion pathway protein J [Exe T2SS (VF0478) - Effector delivery system (VFC0086)] [Aeromonas hydrophila ML09-119]",NA,"AV040"
"AV040.fasta","NZ_CP095841.1",2226113,2226472,"-","exeI","1-360/360","===============","0/0",100,86.94,"vfdb","WP_016349340","(exeI) general secretion pathway protein I [Exe T2SS (VF0478) - Effector delivery system (VFC0086)] [Aeromonas hydrophila ML09-119]",NA,"AV040"
"AV040.fasta","NZ_CP095841.1",2226598,2227104,"-","exeH","12-518/552","===============","0/0",91.85,80.47,"vfdb","WP_016349339","(exeH) general secretion pathway protein H [Exe T2SS (VF0478) - Effector delivery system (VFC0086)] [Aeromonas hydrophila ML09-119]",NA,"AV040"
"AV040.fasta","NZ_CP095841.1",2227166,2227597,"-","exeG","1-432/432","===============","0/0",100,91.9,"vfdb","WP_005308483","(exeG) general secretion pathway protein G [Exe T2SS (VF0478) - Effector delivery system (VFC0086)] [Aeromonas hydrophila ML09-119]",NA,"AV040"
"AV040.fasta","NZ_CP095841.1",2227696,2228915,"-","exeF","1-1220/1221","===============","0/0",99.92,88.44,"vfdb","WP_016349337","(exeF) general secretion pathway protein F [Exe T2SS (VF0478) - Effector delivery system (VFC0086)] [Aeromonas hydrophila ML09-119]",NA,"AV040"
"AV040.fasta","NZ_CP095841.1",2228917,2230416,"-","exeE","7-1506/1506","===============","0/0",99.6,89.67,"vfdb","WP_016349336","(exeE) general secretory pathway protein E [Exe T2SS (VF0478) - Effector delivery system (VFC0086)] [Aeromonas hydrophila ML09-119]",NA,"AV040"
"AV040.fasta","NZ_CP095841.1",2230504,2232461,"-","exeD","1-1970/2037","========/======","11/24",95.83,85.12,"vfdb","WP_016349335","(exeD) general secretion pathway protein D [Exe T2SS (VF0478) - Effector delivery system (VFC0086)] [Aeromonas hydrophila ML09-119]",NA,"AV040"
"AV040.fasta","NZ_CP095841.1",2234249,2235807,"-","exeA","1-1559/1647","========/======","2/2",94.6,83.14,"vfdb","WP_016352107","(exeA) general secretion pathway protein A [Exe T2SS (VF0478) - Effector delivery system (VFC0086)] [Aeromonas hydrophila ML09-119]",NA,"AV040"
"AV040.fasta","NZ_CP095841.1",2558142,2559053,"+","cheV","1-912/912","===============","0/0",100,86.18,"vfdb","WP_011706646","(cheV) CheV [Polar flagella (VF0473) - Motility (VFC0204)] [Aeromonas hydrophila ML09-119]",NA,"AV040"
"AV040.fasta","NZ_CP095841.1",2559071,2559893,"+","cheR-3","1-823/825","===============","0/0",99.76,86.39,"vfdb","WP_011706645","(cheR-3) chemotaxis protein CheR [Polar flagella (VF0473) - Motility (VFC0204)] [Aeromonas hydrophila ML09-119]",NA,"AV040"
"AV040.fasta","NZ_CP095841.1",2560191,2560589,"+","flgB","1-399/399","========/======","2/6",99.25,81.09,"vfdb","WP_011706644","(flgB) flagellar basal-body rod protein FlgB [Polar flagella (VF0473) - Motility (VFC0204)] [Aeromonas hydrophila ML09-119]",NA,"AV040"
"AV040.fasta","NZ_CP095841.1",2560589,2561008,"+","flgC","1-420/420","===============","0/0",100,90,"vfdb","WP_011706643","(flgC) flagellar basal body rod protein FlgC [Polar flagella (VF0473) - Motility (VFC0204)] [Aeromonas hydrophila ML09-119]",NA,"AV040"
"AV040.fasta","NZ_CP095841.1",2563284,2564030,"+","flgF","1-747/747","===============","0/0",100,85.94,"vfdb","WP_011706640","(flgF) flagellar basal-body rod protein FlgF [Polar flagella (VF0473) - Motility (VFC0204)] [Aeromonas hydrophila ML09-119]",NA,"AV040"
"AV040.fasta","NZ_CP095841.1",2564045,2564833,"+","flgG","1-789/789","========/======","2/2",99.87,86.33,"vfdb","WP_011706639","(flgG) flagellar basal body rod protein FlgG [Polar flagella (VF0473) - Motility (VFC0204)] [Aeromonas hydrophila ML09-119]",NA,"AV040"
"AV040.fasta","NZ_CP095841.1",2564848,2565519,"+","flgH","1-672/672","===============","0/0",100,86.16,"vfdb","WP_011706638","(flgH) flagellar basal body L-ring protein [Polar flagella (VF0473) - Motility (VFC0204)] [Aeromonas hydrophila ML09-119]",NA,"AV040"
"AV040.fasta","NZ_CP095841.1",2565528,2566625,"+","flgI","1-1098/1098","===============","0/0",100,86.89,"vfdb","WP_011706637","(flgI) flagellar basal body P-ring protein [Polar flagella (VF0473) - Motility (VFC0204)] [Aeromonas hydrophila ML09-119]",NA,"AV040"
"AV040.fasta","NZ_CP095841.1",2566669,2567718,"+","flgJ","1-1053/1092","========/======","8/23",95.24,80.9,"vfdb","WP_016351320","(flgJ) flagellar rod assembly protein/muramidase FlgJ [Polar flagella (VF0473) - Motility (VFC0204)] [Aeromonas hydrophila ML09-119]",NA,"AV040"
"AV040.fasta","NZ_CP095841.1",2578324,2579738,"+","flrA","1-1415/1422","========/======","2/2",99.44,86.37,"vfdb","WP_017409846","(flrA) FleQ protein [Polar flagella (VF0473) - Motility (VFC0204)] [Aeromonas hydrophila ML09-119]",NA,"AV040"
"AV040.fasta","NZ_CP095841.1",2579852,2580886,"+","flrB","1-1035/1035","===============","0/0",100,85.12,"vfdb","WP_016351312","(flrB) two-component sensor kinase [Polar flagella (VF0473) - Motility (VFC0204)] [Aeromonas hydrophila ML09-119]",NA,"AV040"
"AV040.fasta","NZ_CP095841.1",2580883,2582226,"+","flrC","1-1344/1344","===============","0/0",100,87.35,"vfdb","WP_011706626","(flrC) transcriptional activator [Polar flagella (VF0473) - Motility (VFC0204)] [Aeromonas hydrophila ML09-119]",NA,"AV040"
"AV040.fasta","NZ_CP095841.1",2629513,2630386,"+","motY","1-874/876","===============","0/0",99.77,87.19,"vfdb","WP_024944879","(motY) sodium-type flagellar protein MotY [Polar flagella (VF0473) - Motility (VFC0204)] [Aeromonas hydrophila ML09-119]",NA,"AV040"
"AV040.fasta","NZ_CP095841.1",2688229,2688972,"+","nueA","1-756/762","========/======","2/12",97.64,90.08,"vfdb","WP_016351249","(nueA) NeuA protein [Polar flagella (VF0473) - Motility (VFC0204)] [Aeromonas hydrophila ML09-119]",NA,"AV040"
"AV040.fasta","NZ_CP095841.1",3217669,3218403,"-","flmH","1-735/735","===============","0/0",100,90.34,"vfdb","WP_005300916","(flmH) short chain dehydrogenase/reductase family oxidoreductase [Polar flagella (VF0473) - Motility (VFC0204)] [Aeromonas hydrophila ML09-119]",NA,"AV040"
"AV040.fasta","NZ_CP095841.1",3608231,3609022,"-","tapF","1-792/792","========/======","2/6",99.62,87.8,"vfdb","WP_011705643","(tapF) type IV pilus biogenesis/stability protein pilW-like [Tap type IV pili (VF0475) - Adherence (VFC0001)] [Aeromonas hydrophila ML09-119]",NA,"AV040"
"AV040.fasta","NZ_CP095841.1",3763654,3765054,"-","flaH","1-1398/1398","========/======","1/3",100,83.37,"vfdb","WP_016350352","(flaH) flagellar hook-associated protein 2 [Polar flagella (VF0473) - Motility (VFC0204)] [Aeromonas hydrophila ML09-119]",NA,"AV040"
"AV040.fasta","NZ_CP095841.1",3765080,3765505,"-","flaG","1-423/423","========/======","1/3",100,82.16,"vfdb","WP_043118910","(flaG) flagellin protein [Polar flagella (VF0473) - Motility (VFC0204)] [Aeromonas hydrophila ML09-119]",NA,"AV040"
"AV040.fasta","NZ_CP095841.1",3836563,3837700,"+","tapW","1-1138/1140","===============","0/0",99.82,90.51,"vfdb","WP_011706550","(tapW) twitching ATPase [Tap type IV pili (VF0475) - Adherence (VFC0001)] [Aeromonas hydrophila ML09-119]",NA,"AV040"
"AV040.fasta","NZ_CP095841.1",4118382,4119176,"-","AHML_RS07540","1-795/795","===============","0/0",100,82.77,"vfdb","WP_011705294","(AHML_RS07540) CobQ/CobB/MinD/ParA family protein [Polar flagella (VF0473) - Motility (VFC0204)] [Aeromonas hydrophila ML09-119]",NA,"AV040"
"AV040.fasta","NZ_CP095841.1",4120844,4121959,"-","cheB-2","1-1116/1116","===============","0/0",100,82.53,"vfdb","WP_016350060","(cheB-2) chemotaxis-specific methylesterase [Polar flagella (VF0473) - Motility (VFC0204)] [Aeromonas hydrophila ML09-119]",NA,"AV040"
"AV040.fasta","NZ_CP095841.1",4124277,4125017,"-","cheZ","1-741/741","===============","0/0",100,85.83,"vfdb","WP_011705289","(cheZ) chemotaxis protein CheZ [Polar flagella (VF0473) - Motility (VFC0204)] [Aeromonas hydrophila ML09-119]",NA,"AV040"
"AV040.fasta","NZ_CP095841.1",4125030,4125413,"-","cheY","1-384/384","===============","0/0",100,87.24,"vfdb","WP_010634617","(cheY) chemotaxis protein CheY [Polar flagella (VF0473) - Motility (VFC0204)] [Aeromonas hydrophila ML09-119]",NA,"AV040"
"AV040.fasta","NZ_CP095841.1",4125525,4126244,"-","fliA","1-720/720","========/======","2/2",99.86,83.63,"vfdb","WP_017409955","(fliA) flagellar biosynthesis sigma factor [Polar flagella (VF0473) - Motility (VFC0204)] [Aeromonas hydrophila ML09-119]",NA,"AV040"
"AV040.fasta","NZ_CP095841.1",4126237,4127112,"-","flhG","1-876/876","===============","0/0",100,88.81,"vfdb","WP_010634619","(flhG) CobQ/CobB/MinD/ParA family protein [Polar flagella (VF0473) - Motility (VFC0204)] [Aeromonas hydrophila ML09-119]",NA,"AV040"
"AV040.fasta","NZ_CP095841.1",4127114,4128538,"-","flhF","1-1422/1422","========/======","6/11",99.72,88.24,"vfdb","WP_016350057","(flhF) flagellar biosynthesis protein FlhF [Polar flagella (VF0473) - Motility (VFC0204)] [Aeromonas hydrophila ML09-119]",NA,"AV040"
"AV040.fasta","NZ_CP095841.1",4128555,4130657,"-","flhA","1-2103/2103","===============","0/0",100,87.26,"vfdb","WP_016350056","(flhA) flagellar biosynthesis protein FlhA [Polar flagella (VF0473) - Motility (VFC0204)] [Aeromonas hydrophila ML09-119]",NA,"AV040"
"AV040.fasta","NZ_CP095841.1",4130765,4131895,"-","flhB","1-1131/1131","========/======","2/8",99.65,86.26,"vfdb","WP_016350055","(flhB) flagellar biosynthetic protein FlhB [Polar flagella (VF0473) - Motility (VFC0204)] [Aeromonas hydrophila ML09-119]",NA,"AV040"
"AV040.fasta","NZ_CP095841.1",4131910,4132685,"-","fliR","1-776/792","===============","0/0",97.98,81.44,"vfdb","WP_011705283","(fliR) flagellar biosynthesis protein FliR [Polar flagella (VF0473) - Motility (VFC0204)] [Aeromonas hydrophila ML09-119]",NA,"AV040"
"AV040.fasta","NZ_CP095841.1",4132682,4132951,"-","fliQ","1-270/270","===============","0/0",100,84.44,"vfdb","WP_011705282","(fliQ) flagellar biosynthetic protein FliQ [Polar flagella (VF0473) - Motility (VFC0204)] [Aeromonas hydrophila ML09-119]",NA,"AV040"
"AV040.fasta","NZ_CP095841.1",4132980,4133750,"-","fliP","1-774/780","========/======","2/5",98.72,86.32,"vfdb","WP_016350054","(fliP) flagellar biosynthesis protein FliP [Polar flagella (VF0473) - Motility (VFC0204)] [Aeromonas hydrophila ML09-119]",NA,"AV040"
"AV040.fasta","NZ_CP095841.1",4133737,4134057,"-","fliO","64-384/384","..=============","0/0",83.59,87.23,"vfdb","WP_005298795","(fliO) flagellar biosynthesis protein FliO [Polar flagella (VF0473) - Motility (VFC0204)] [Aeromonas hydrophila ML09-119]",NA,"AV040"
"AV040.fasta","NZ_CP095841.1",4134114,4134506,"-","fliN","1-393/393","===============","0/0",100,89.82,"vfdb","WP_011705280","(fliN) flagellar motor switch protein FliN [Polar flagella (VF0473) - Motility (VFC0204)] [Aeromonas hydrophila ML09-119]",NA,"AV040"
"AV040.fasta","NZ_CP095841.1",4134556,4135626,"-","fliM","1-1071/1071","===============","0/0",100,90.76,"vfdb","WP_011705279","(fliM) flagellar motor switch protein FliM [Polar flagella (VF0473) - Motility (VFC0204)] [Aeromonas hydrophila ML09-119]",NA,"AV040"
"AV040.fasta","NZ_CP095841.1",4135635,4136149,"-","fliL","1-518/519","========/======","1/3",99.23,84.94,"vfdb","WP_011705278","(fliL) flagellar basal body-associated protein FliL [Polar flagella (VF0473) - Motility (VFC0204)] [Aeromonas hydrophila ML09-119]",NA,"AV040"
"AV040.fasta","NZ_CP095841.1",4138200,4138640,"-","fliJ","1-441/441","===============","0/0",100,85.49,"vfdb","WP_011705276","(fliJ) flagellar export protein FliJ [Polar flagella (VF0473) - Motility (VFC0204)] [Aeromonas hydrophila ML09-119]",NA,"AV040"
"AV040.fasta","NZ_CP095841.1",4138668,4139999,"-","fliI","1-1332/1332","===============","0/0",100,89.11,"vfdb","WP_011705275","(fliI) flagellum-specific ATP synthase [Polar flagella (VF0473) - Motility (VFC0204)] [Aeromonas hydrophila ML09-119]",NA,"AV040"
"AV040.fasta","NZ_CP095841.1",4140082,4140873,"-","fliH","7-792/807","========/======","4/12",97.03,81.13,"vfdb","WP_016350051","(fliH) flagellar assembly protein FliH [Polar flagella (VF0473) - Motility (VFC0204)] [Aeromonas hydrophila ML09-119]",NA,"AV040"
"AV040.fasta","NZ_CP095841.1",4140947,4142006,"-","fliG","1-1060/1062","===============","0/0",99.81,93.68,"vfdb","WP_011705273","(fliG) flagellar motor switch protein G [Polar flagella (VF0473) - Motility (VFC0204)] [Aeromonas hydrophila ML09-119]",NA,"AV040"
"AV040.fasta","NZ_CP095841.1",4141999,4143708,"-","fliF","1-1713/1713","========/======","1/3",99.82,86.57,"vfdb","WP_016350050","(fliF) flagellar MS-ring protein [Polar flagella (VF0473) - Motility (VFC0204)] [Aeromonas hydrophila ML09-119]",NA,"AV040"
"AV040.fasta","NZ_CP095841.1",4143755,4144072,"-","fliE","1-318/318","===============","0/0",100,88.99,"vfdb","WP_011705271","(fliE) flagellar hook-basal body complex protein FliE [Polar flagella (VF0473) - Motility (VFC0204)] [Aeromonas hydrophila ML09-119]",NA,"AV040"
"AV040.fasta","NZ_CP095841.1",4292314,4292913,"-","tapO","1-600/600","===============","0/0",100,80,"vfdb","WP_016351631","(tapO) type IV pilus biogenesis protein PilO [Tap type IV pili (VF0475) - Adherence (VFC0001)] [Aeromonas hydrophila ML09-119]",NA,"AV040"
"b1-3.fasta","NZ_CP091140.1",398208,399042,"-","tapD/pilD","24-858/873","========/======","2/2",95.53,83.49,"vfdb","WP_016352170","(tapD/pilD) prepilin peptidase [Tap type IV pili (VF0475) - Adherence (VFC0001)] [Aeromonas hydrophila ML09-119]",NA,"b1-3"
"b1-3.fasta","NZ_CP091140.1",399143,400368,"-","tapC","1-1226/1242","===============","0/0",98.71,86.05,"vfdb","WP_016352169","(tapC) type IV fimbrial assembly protein PilC-like [Tap type IV pili (VF0475) - Adherence (VFC0001)] [Aeromonas hydrophila ML09-119]",NA,"b1-3"
"b1-3.fasta","NZ_CP091140.1",400609,402315,"-","tapB","1-1707/1707","===============","0/0",100,86.41,"vfdb","WP_016352168","(tapB) type IV pilus assembly ATPase PilB-like [Tap type IV pili (VF0475) - Adherence (VFC0001)] [Aeromonas hydrophila ML09-119]",NA,"b1-3"
"b1-3.fasta","NZ_CP091140.1",542737,543282,"+","fimA","1-543/543","========/======","1/3",100,89.93,"vfdb","WP_011704492","(fimA) fimbrial protein [Type I pili (VF0486) - Adherence (VFC0001)] [Aeromonas hydrophila ML09-119]",NA,"b1-3"
"b1-3.fasta","NZ_CP091140.1",543839,546373,"+","fimC","1-2535/2535","===============","0/0",100,92.31,"vfdb","WP_043118350","(fimC) outer membrane usher protein [Type I pili (VF0486) - Adherence (VFC0001)] [Aeromonas hydrophila ML09-119]",NA,"b1-3"
"b1-3.fasta","NZ_CP091140.1",546384,547115,"+","fimD","1-732/732","===============","0/0",100,93.58,"vfdb","WP_016349294","(fimD) fimbrial chaperone protein [Type I pili (VF0486) - Adherence (VFC0001)] [Aeromonas hydrophila ML09-119]",NA,"b1-3"
"b1-3.fasta","NZ_CP091140.1",921276,922034,"+","pomA2","1-759/759","===============","0/0",100,86.56,"vfdb","WP_011707085","(pomA2) chemotaxis protein PomA [Polar flagella (VF0473) - Motility (VFC0204)] [Aeromonas hydrophila ML09-119]",NA,"b1-3"
"b1-3.fasta","NZ_CP091140.1",922052,922899,"+","pomB2","10-863/900","========/======","2/6",94.22,83.84,"vfdb","WP_016351724","(pomB2) flagellar motor protein MotB [Polar flagella (VF0473) - Motility (VFC0204)] [Aeromonas hydrophila ML09-119]",NA,"b1-3"
"b1-3.fasta","NZ_CP091140.1",1287563,1288054,"-","exeM","1-492/492","===============","0/0",100,83.13,"vfdb","WP_016349344","(exeM) general secretion pathway protein M [Exe T2SS (VF0478) - Effector delivery system (VFC0086)] [Aeromonas hydrophila ML09-119]",NA,"b1-3"
"b1-3.fasta","NZ_CP091140.1",1288051,1289235,"-","exeL","1-1185/1185","===============","0/0",100,81.27,"vfdb","WP_016349343","(exeL) general secretion pathway protein L [Exe T2SS (VF0478) - Effector delivery system (VFC0086)] [Aeromonas hydrophila ML09-119]",NA,"b1-3"
"b1-3.fasta","NZ_CP091140.1",1290482,1291083,"-","exeJ","40-641/654","===============","0/0",92.05,88.04,"vfdb","WP_016349341","(exeJ) general secretion pathway protein J [Exe T2SS (VF0478) - Effector delivery system (VFC0086)] [Aeromonas hydrophila ML09-119]",NA,"b1-3"
"b1-3.fasta","NZ_CP091140.1",1291116,1291475,"-","exeI","1-360/360","===============","0/0",100,88.06,"vfdb","WP_016349340","(exeI) general secretion pathway protein I [Exe T2SS (VF0478) - Effector delivery system (VFC0086)] [Aeromonas hydrophila ML09-119]",NA,"b1-3"
"b1-3.fasta","NZ_CP091140.1",1291599,1292105,"-","exeH","12-518/552","===============","0/0",91.85,80.67,"vfdb","WP_016349339","(exeH) general secretion pathway protein H [Exe T2SS (VF0478) - Effector delivery system (VFC0086)] [Aeromonas hydrophila ML09-119]",NA,"b1-3"
"b1-3.fasta","NZ_CP091140.1",1292167,1292598,"-","exeG","1-432/432","===============","0/0",100,91.44,"vfdb","WP_005308483","(exeG) general secretion pathway protein G [Exe T2SS (VF0478) - Effector delivery system (VFC0086)] [Aeromonas hydrophila ML09-119]",NA,"b1-3"
"b1-3.fasta","NZ_CP091140.1",1292697,1293916,"-","exeF","1-1220/1221","===============","0/0",99.92,89.43,"vfdb","WP_016349337","(exeF) general secretion pathway protein F [Exe T2SS (VF0478) - Effector delivery system (VFC0086)] [Aeromonas hydrophila ML09-119]",NA,"b1-3"
"b1-3.fasta","NZ_CP091140.1",1293918,1295417,"-","exeE","7-1506/1506","===============","0/0",99.6,89.73,"vfdb","WP_016349336","(exeE) general secretory pathway protein E [Exe T2SS (VF0478) - Effector delivery system (VFC0086)] [Aeromonas hydrophila ML09-119]",NA,"b1-3"
"b1-3.fasta","NZ_CP091140.1",1295505,1297462,"-","exeD","1-1970/2037","========/======","7/20",95.93,84.75,"vfdb","WP_016349335","(exeD) general secretion pathway protein D [Exe T2SS (VF0478) - Effector delivery system (VFC0086)] [Aeromonas hydrophila ML09-119]",NA,"b1-3"
"b1-3.fasta","NZ_CP091140.1",1299247,1300805,"-","exeA","1-1559/1647","===============","0/0",94.66,83.39,"vfdb","WP_016352107","(exeA) general secretion pathway protein A [Exe T2SS (VF0478) - Effector delivery system (VFC0086)] [Aeromonas hydrophila ML09-119]",NA,"b1-3"
"b1-3.fasta","NZ_CP091140.1",1654395,1654713,"-","flgM","1-319/321","===============","0/0",99.38,80.25,"vfdb","WP_011706648","(flgM) anti-sigma-D factor [Polar flagella (VF0473) - Motility (VFC0204)] [Aeromonas hydrophila ML09-119]",NA,"b1-3"
"b1-3.fasta","NZ_CP091140.1",1655633,1656544,"+","cheV","1-912/912","===============","0/0",100,86.08,"vfdb","WP_011706646","(cheV) CheV [Polar flagella (VF0473) - Motility (VFC0204)] [Aeromonas hydrophila ML09-119]",NA,"b1-3"
"b1-3.fasta","NZ_CP091140.1",1656562,1657384,"+","cheR-3","1-823/825","===============","0/0",99.76,85.78,"vfdb","WP_011706645","(cheR-3) chemotaxis protein CheR [Polar flagella (VF0473) - Motility (VFC0204)] [Aeromonas hydrophila ML09-119]",NA,"b1-3"
"b1-3.fasta","NZ_CP091140.1",1657682,1658080,"+","flgB","1-399/399","========/======","2/6",99.25,81.59,"vfdb","WP_011706644","(flgB) flagellar basal-body rod protein FlgB [Polar flagella (VF0473) - Motility (VFC0204)] [Aeromonas hydrophila ML09-119]",NA,"b1-3"
"b1-3.fasta","NZ_CP091140.1",1658080,1658499,"+","flgC","1-420/420","===============","0/0",100,90,"vfdb","WP_011706643","(flgC) flagellar basal body rod protein FlgC [Polar flagella (VF0473) - Motility (VFC0204)] [Aeromonas hydrophila ML09-119]",NA,"b1-3"
"b1-3.fasta","NZ_CP091140.1",1660780,1661526,"+","flgF","1-747/747","===============","0/0",100,85.54,"vfdb","WP_011706640","(flgF) flagellar basal-body rod protein FlgF [Polar flagella (VF0473) - Motility (VFC0204)] [Aeromonas hydrophila ML09-119]",NA,"b1-3"
"b1-3.fasta","NZ_CP091140.1",1661541,1662329,"+","flgG","1-789/789","========/======","2/2",99.87,86.33,"vfdb","WP_011706639","(flgG) flagellar basal body rod protein FlgG [Polar flagella (VF0473) - Motility (VFC0204)] [Aeromonas hydrophila ML09-119]",NA,"b1-3"
"b1-3.fasta","NZ_CP091140.1",1662344,1663015,"+","flgH","1-672/672","===============","0/0",100,86.31,"vfdb","WP_011706638","(flgH) flagellar basal body L-ring protein [Polar flagella (VF0473) - Motility (VFC0204)] [Aeromonas hydrophila ML09-119]",NA,"b1-3"
"b1-3.fasta","NZ_CP091140.1",1663024,1664121,"+","flgI","1-1098/1098","===============","0/0",100,86.52,"vfdb","WP_011706637","(flgI) flagellar basal body P-ring protein [Polar flagella (VF0473) - Motility (VFC0204)] [Aeromonas hydrophila ML09-119]",NA,"b1-3"
"b1-3.fasta","NZ_CP091140.1",1664165,1665214,"+","flgJ","1-1053/1092","========/======","9/23",95.24,80.9,"vfdb","WP_016351320","(flgJ) flagellar rod assembly protein/muramidase FlgJ [Polar flagella (VF0473) - Motility (VFC0204)] [Aeromonas hydrophila ML09-119]",NA,"b1-3"
"b1-3.fasta","NZ_CP091140.1",1675821,1677235,"+","flrA","1-1415/1422","========/======","2/2",99.44,86.65,"vfdb","WP_017409846","(flrA) FleQ protein [Polar flagella (VF0473) - Motility (VFC0204)] [Aeromonas hydrophila ML09-119]",NA,"b1-3"
"b1-3.fasta","NZ_CP091140.1",1677349,1678383,"+","flrB","1-1035/1035","========/======","2/2",99.9,84.94,"vfdb","WP_016351312","(flrB) two-component sensor kinase [Polar flagella (VF0473) - Motility (VFC0204)] [Aeromonas hydrophila ML09-119]",NA,"b1-3"
"b1-3.fasta","NZ_CP091140.1",1678380,1679723,"+","flrC","1-1344/1344","===============","0/0",100,87.8,"vfdb","WP_011706626","(flrC) transcriptional activator [Polar flagella (VF0473) - Motility (VFC0204)] [Aeromonas hydrophila ML09-119]",NA,"b1-3"
"b1-3.fasta","NZ_CP091140.1",1790630,1791503,"+","motY","1-874/876","===============","0/0",99.77,88.1,"vfdb","WP_024944879","(motY) sodium-type flagellar protein MotY [Polar flagella (VF0473) - Motility (VFC0204)] [Aeromonas hydrophila ML09-119]",NA,"b1-3"
"b1-3.fasta","NZ_CP091140.1",1845988,1846737,"+","nueA","1-762/762","========/======","2/12",98.43,87.93,"vfdb","WP_016351249","(nueA) NeuA protein [Polar flagella (VF0473) - Motility (VFC0204)] [Aeromonas hydrophila ML09-119]",NA,"b1-3"
"b1-3.fasta","NZ_CP091140.1",2352680,2353414,"-","flmH","1-735/735","===============","0/0",100,90.34,"vfdb","WP_005300916","(flmH) short chain dehydrogenase/reductase family oxidoreductase [Polar flagella (VF0473) - Motility (VFC0204)] [Aeromonas hydrophila ML09-119]",NA,"b1-3"
"b1-3.fasta","NZ_CP091140.1",2810681,2810968,"-","AHA_RS09305","1-288/288","===============","0/0",100,81.25,"vfdb","WP_011705727","(AHA_RS09305) type VI secretion system PAAR protein [T6SS (VF0480) - Effector delivery system (VFC0086)] [Aeromonas hydrophila subsp. hydrophila ATCC 7966]",NA,"b1-3"
"b1-3.fasta","NZ_CP091140.1",2811274,2812701,"-","atsS","1-1431/1431","========/======","1/3",99.79,86.09,"vfdb","WP_011705726","(atsS) Type VI secretion system protein [T6SS (VF0480) - Effector delivery system (VFC0086)] [Aeromonas hydrophila subsp. hydrophila ATCC 7966]",NA,"b1-3"
"b1-3.fasta","NZ_CP091140.1",2812745,2816242,"-","vasK/icmF","1-3486/3486","========/======","4/14",99.97,86.14,"vfdb","WP_011705725","(vasK/icmF) Type VI secretion system protein [T6SS (VF0480) - Effector delivery system (VFC0086)] [Aeromonas hydrophila subsp. hydrophila ATCC 7966]",NA,"b1-3"
"b1-3.fasta","NZ_CP091140.1",2816313,2817711,"-","atsQ","1-1408/1437","========/======","9/29",96.66,82.23,"vfdb","WP_011705724","(atsQ) Type VI secretion system protein [T6SS (VF0480) - Effector delivery system (VFC0086)] [Aeromonas hydrophila subsp. hydrophila ATCC 7966]",NA,"b1-3"
"b1-3.fasta","NZ_CP091140.1",2818325,2819863,"-","vasH","1-1539/1539","===============","0/0",100,86.88,"vfdb","WP_011705722","(vasH) sigma-54 dependent transcriptional regulator [T6SS (VF0480) - Effector delivery system (VFC0086)] [Aeromonas hydrophila subsp. hydrophila ATCC 7966]",NA,"b1-3"
"b1-3.fasta","NZ_CP091140.1",2819868,2822508,"-","clpB","1-2640/2643","========/======","1/1",99.89,88.6,"vfdb","WP_011705721","(clpB) type VI secretion system ATPase ClpV1 [T6SS (VF0480) - Effector delivery system (VFC0086)] [Aeromonas hydrophila subsp. hydrophila ATCC 7966]",NA,"b1-3"
"b1-3.fasta","NZ_CP091140.1",2822529,2823308,"-","dotU","1-780/780","===============","0/0",100,89.36,"vfdb","WP_010634228","(dotU) Type VI secretion system protein DotU [T6SS (VF0480) - Effector delivery system (VFC0086)] [Aeromonas hydrophila subsp. hydrophila ATCC 7966]",NA,"b1-3"
"b1-3.fasta","NZ_CP091140.1",2823332,2824666,"-","atsL","1-1335/1335","===============","0/0",100,92.36,"vfdb","WP_011705719","(atsL) Type VI secretion system protein [T6SS (VF0480) - Effector delivery system (VFC0086)] [Aeromonas hydrophila subsp. hydrophila ATCC 7966]",NA,"b1-3"
"b1-3.fasta","NZ_CP091140.1",2824668,2825181,"-","atsK","1-514/516","===============","0/0",99.61,90.47,"vfdb","WP_011705718","(atsK) Type VI secretion system protein [T6SS (VF0480) - Effector delivery system (VFC0086)] [Aeromonas hydrophila subsp. hydrophila ATCC 7966]",NA,"b1-3"
"b1-3.fasta","NZ_CP091140.1",2825181,2826416,"-","atsJ","1-1251/1251","========/======","5/25",98.4,84.47,"vfdb","WP_011705717","(atsJ) Type VI secretion system protein [T6SS (VF0480) - Effector delivery system (VFC0086)] [Aeromonas hydrophila subsp. hydrophila ATCC 7966]",NA,"b1-3"
"b1-3.fasta","NZ_CP091140.1",2826456,2827453,"-","atsI","2-999/999","===============","0/0",99.9,87.98,"vfdb","WP_011705716","(atsI) Type VI secretion system protein [T6SS (VF0480) - Effector delivery system (VFC0086)] [Aeromonas hydrophila subsp. hydrophila ATCC 7966]",NA,"b1-3"
"b1-3.fasta","NZ_CP091140.1",2827418,2829184,"-","atsH","1-1767/1767","===============","0/0",100,90.44,"vfdb","WP_011705715","(atsH) Type VI secretion system protein [T6SS (VF0480) - Effector delivery system (VFC0086)] [Aeromonas hydrophila subsp. hydrophila ATCC 7966]",NA,"b1-3"
"b1-3.fasta","NZ_CP091140.1",2829188,2829619,"-","atsG","1-432/432","===============","0/0",100,90.97,"vfdb","WP_011705714","(atsG) Type VI secretion system protein [T6SS (VF0480) - Effector delivery system (VFC0086)] [Aeromonas hydrophila subsp. hydrophila ATCC 7966]",NA,"b1-3"
"b1-3.fasta","NZ_CP091140.1",2829626,2831107,"-","vipB","1-1479/1479","========/======","1/3",100,92.17,"vfdb","WP_043163044","(vipB) Type VI secretion system contractile sheath large subunit TssC/VipB [T6SS (VF0480) - Effector delivery system (VFC0086)] [Aeromonas hydrophila subsp. hydrophila ATCC 7966]",NA,"b1-3"
"b1-3.fasta","NZ_CP091140.1",2831145,2831648,"-","vipA","1-504/504","===============","0/0",100,88.89,"vfdb","WP_011705712","(vipA) Type VI secretion system contractile sheath small subunit TssB/VipA [T6SS (VF0480) - Effector delivery system (VFC0086)] [Aeromonas hydrophila subsp. hydrophila ATCC 7966]",NA,"b1-3"
"b1-3.fasta","NZ_CP091140.1",2837749,2838036,"-","AHA_RS09305","1-288/288","===============","0/0",100,81.6,"vfdb","WP_011705727","(AHA_RS09305) type VI secretion system PAAR protein [T6SS (VF0480) - Effector delivery system (VFC0086)] [Aeromonas hydrophila subsp. hydrophila ATCC 7966]",NA,"b1-3"
"b1-3.fasta","NZ_CP091140.1",2838236,2838754,"-","hcp","1-519/519","===============","0/0",100,93.64,"vfdb","WP_011705706","(hcp) hemolysin co-regulated protein [T6SS (VF0480) - Effector delivery system (VFC0086)] [Aeromonas hydrophila subsp. hydrophila ATCC 7966]",NA,"b1-3"
"b1-3.fasta","NZ_CP091140.1",2917561,2918352,"-","tapF","1-792/792","========/======","2/6",99.62,88.18,"vfdb","WP_011705643","(tapF) type IV pilus biogenesis/stability protein pilW-like [Tap type IV pili (VF0475) - Adherence (VFC0001)] [Aeromonas hydrophila ML09-119]",NA,"b1-3"
"b1-3.fasta","NZ_CP091140.1",3108593,3109730,"+","tapW","1-1138/1140","===============","0/0",99.82,90.51,"vfdb","WP_011706550","(tapW) twitching ATPase [Tap type IV pili (VF0475) - Adherence (VFC0001)] [Aeromonas hydrophila ML09-119]",NA,"b1-3"
"b1-3.fasta","NZ_CP091140.1",3384201,3384995,"-","AHML_RS07540","1-795/795","===============","0/0",100,82.77,"vfdb","WP_011705294","(AHML_RS07540) CobQ/CobB/MinD/ParA family protein [Polar flagella (VF0473) - Motility (VFC0204)] [Aeromonas hydrophila ML09-119]",NA,"b1-3"
"b1-3.fasta","NZ_CP091140.1",3386663,3387778,"-","cheB-2","1-1116/1116","========/======","2/2",99.91,82.18,"vfdb","WP_016350060","(cheB-2) chemotaxis-specific methylesterase [Polar flagella (VF0473) - Motility (VFC0204)] [Aeromonas hydrophila ML09-119]",NA,"b1-3"
"b1-3.fasta","NZ_CP091140.1",3390036,3390776,"-","cheZ","1-741/741","===============","0/0",100,85.56,"vfdb","WP_011705289","(cheZ) chemotaxis protein CheZ [Polar flagella (VF0473) - Motility (VFC0204)] [Aeromonas hydrophila ML09-119]",NA,"b1-3"
"b1-3.fasta","NZ_CP091140.1",3390789,3391172,"-","cheY","1-384/384","===============","0/0",100,87.5,"vfdb","WP_010634617","(cheY) chemotaxis protein CheY [Polar flagella (VF0473) - Motility (VFC0204)] [Aeromonas hydrophila ML09-119]",NA,"b1-3"
"b1-3.fasta","NZ_CP091140.1",3391284,3392003,"-","fliA","1-720/720","===============","0/0",100,82.78,"vfdb","WP_017409955","(fliA) flagellar biosynthesis sigma factor [Polar flagella (VF0473) - Motility (VFC0204)] [Aeromonas hydrophila ML09-119]",NA,"b1-3"
"b1-3.fasta","NZ_CP091140.1",3391996,3392871,"-","flhG","1-876/876","===============","0/0",100,88.93,"vfdb","WP_010634619","(flhG) CobQ/CobB/MinD/ParA family protein [Polar flagella (VF0473) - Motility (VFC0204)] [Aeromonas hydrophila ML09-119]",NA,"b1-3"
"b1-3.fasta","NZ_CP091140.1",3392873,3394297,"-","flhF","1-1422/1422","========/======","6/15",99.58,88.26,"vfdb","WP_016350057","(flhF) flagellar biosynthesis protein FlhF [Polar flagella (VF0473) - Motility (VFC0204)] [Aeromonas hydrophila ML09-119]",NA,"b1-3"
"b1-3.fasta","NZ_CP091140.1",3394314,3396416,"-","flhA","1-2103/2103","===============","0/0",100,86.69,"vfdb","WP_016350056","(flhA) flagellar biosynthesis protein FlhA [Polar flagella (VF0473) - Motility (VFC0204)] [Aeromonas hydrophila ML09-119]",NA,"b1-3"
"b1-3.fasta","NZ_CP091140.1",3396524,3397654,"-","flhB","1-1131/1131","===============","0/0",100,86.74,"vfdb","WP_016350055","(flhB) flagellar biosynthetic protein FlhB [Polar flagella (VF0473) - Motility (VFC0204)] [Aeromonas hydrophila ML09-119]",NA,"b1-3"
"b1-3.fasta","NZ_CP091140.1",3397659,3398444,"-","fliR","1-786/792","===============","0/0",99.24,82.57,"vfdb","WP_011705283","(fliR) flagellar biosynthesis protein FliR [Polar flagella (VF0473) - Motility (VFC0204)] [Aeromonas hydrophila ML09-119]",NA,"b1-3"
"b1-3.fasta","NZ_CP091140.1",3398441,3398710,"-","fliQ","1-270/270","===============","0/0",100,86.67,"vfdb","WP_011705282","(fliQ) flagellar biosynthetic protein FliQ [Polar flagella (VF0473) - Motility (VFC0204)] [Aeromonas hydrophila ML09-119]",NA,"b1-3"
"b1-3.fasta","NZ_CP091140.1",3398739,3399509,"-","fliP","1-774/780","========/======","2/5",98.72,85.29,"vfdb","WP_016350054","(fliP) flagellar biosynthesis protein FliP [Polar flagella (VF0473) - Motility (VFC0204)] [Aeromonas hydrophila ML09-119]",NA,"b1-3"
"b1-3.fasta","NZ_CP091140.1",3399496,3399816,"-","fliO","64-384/384","..=============","0/0",83.59,87.85,"vfdb","WP_005298795","(fliO) flagellar biosynthesis protein FliO [Polar flagella (VF0473) - Motility (VFC0204)] [Aeromonas hydrophila ML09-119]",NA,"b1-3"
"b1-3.fasta","NZ_CP091140.1",3399873,3400265,"-","fliN","1-393/393","===============","0/0",100,90.08,"vfdb","WP_011705280","(fliN) flagellar motor switch protein FliN [Polar flagella (VF0473) - Motility (VFC0204)] [Aeromonas hydrophila ML09-119]",NA,"b1-3"
"b1-3.fasta","NZ_CP091140.1",3400315,3401385,"-","fliM","1-1071/1071","===============","0/0",100,90.57,"vfdb","WP_011705279","(fliM) flagellar motor switch protein FliM [Polar flagella (VF0473) - Motility (VFC0204)] [Aeromonas hydrophila ML09-119]",NA,"b1-3"
"b1-3.fasta","NZ_CP091140.1",3401394,3401908,"-","fliL","1-518/519","========/======","1/3",99.23,84.56,"vfdb","WP_011705278","(fliL) flagellar basal body-associated protein FliL [Polar flagella (VF0473) - Motility (VFC0204)] [Aeromonas hydrophila ML09-119]",NA,"b1-3"
"b1-3.fasta","NZ_CP091140.1",3403956,3404396,"-","fliJ","1-441/441","===============","0/0",100,85.94,"vfdb","WP_011705276","(fliJ) flagellar export protein FliJ [Polar flagella (VF0473) - Motility (VFC0204)] [Aeromonas hydrophila ML09-119]",NA,"b1-3"
"b1-3.fasta","NZ_CP091140.1",3404424,3405755,"-","fliI","1-1332/1332","===============","0/0",100,89.04,"vfdb","WP_011705275","(fliI) flagellum-specific ATP synthase [Polar flagella (VF0473) - Motility (VFC0204)] [Aeromonas hydrophila ML09-119]",NA,"b1-3"
"b1-3.fasta","NZ_CP091140.1",3405838,3406629,"-","fliH","7-792/807","========/======","3/12",97.03,81.89,"vfdb","WP_016350051","(fliH) flagellar assembly protein FliH [Polar flagella (VF0473) - Motility (VFC0204)] [Aeromonas hydrophila ML09-119]",NA,"b1-3"
"b1-3.fasta","NZ_CP091140.1",3406703,3407762,"-","fliG","1-1060/1062","===============","0/0",99.81,92.83,"vfdb","WP_011705273","(fliG) flagellar motor switch protein G [Polar flagella (VF0473) - Motility (VFC0204)] [Aeromonas hydrophila ML09-119]",NA,"b1-3"
"b1-3.fasta","NZ_CP091140.1",3407755,3409464,"-","fliF","1-1713/1713","========/======","1/3",99.82,86.34,"vfdb","WP_016350050","(fliF) flagellar MS-ring protein [Polar flagella (VF0473) - Motility (VFC0204)] [Aeromonas hydrophila ML09-119]",NA,"b1-3"
"b1-3.fasta","NZ_CP091140.1",3409511,3409828,"-","fliE","1-318/318","===============","0/0",100,88.36,"vfdb","WP_011705271","(fliE) flagellar hook-basal body complex protein FliE [Polar flagella (VF0473) - Motility (VFC0204)] [Aeromonas hydrophila ML09-119]",NA,"b1-3"
"b1-3.fasta","NZ_CP091140.1",3737805,3739732,"-","vgrG2","13-1940/2232","========/=====.","2/2",86.34,84.45,"vfdb","WP_011705707","(vgrG2) VgrG protein [T6SS (VF0480) - Effector delivery system (VFC0086)] [Aeromonas hydrophila subsp. hydrophila ATCC 7966]",NA,"b1-3"
"b1-3.fasta","NZ_CP091140.1",3740107,3740625,"-","hcp","1-519/519","===============","0/0",100,94.03,"vfdb","WP_011705706","(hcp) hemolysin co-regulated protein [T6SS (VF0480) - Effector delivery system (VFC0086)] [Aeromonas hydrophila subsp. hydrophila ATCC 7966]",NA,"b1-3"
"b1-3.fasta","NZ_CP091140.1",4100223,4100772,"-","motX","51-600/600",".==============","0/0",91.67,83.27,"vfdb","WP_016349413","(motX) sodium-type flagellar motor component [Polar flagella (VF0473) - Motility (VFC0204)] [Aeromonas hydrophila ML09-119]",NA,"b1-3"
"b1-3.fasta","NZ_CP091140.1",4114272,4115381,"-","tapU","1-1110/1110","===============","0/0",100,84.23,"vfdb","WP_016351972","(tapU) twitching ATPase [Tap type IV pili (VF0475) - Adherence (VFC0001)] [Aeromonas hydrophila ML09-119]",NA,"b1-3"
"b1-3.fasta","NZ_CP091140.1",4115410,4116444,"-","tapT","1-1035/1035","===============","0/0",100,91.5,"vfdb","WP_011707389","(tapT) twitching ATPase [Tap type IV pili (VF0475) - Adherence (VFC0001)] [Aeromonas hydrophila ML09-119]",NA,"b1-3"
"b1-3.fasta","NZ_CP091140.1",4290667,4291287,"-","mshB","52-672/672",".==============","0/0",92.41,86.47,"vfdb","WP_043118279","(mshB) MSHA (mannose-sensitive hemagglutinin) pili minor prepilin protein MshB [MSHA type IV pili (VF0477) - Adherence (VFC0001)] [Aeromonas hydrophila ML09-119]",NA,"b1-3"
"b1-3.fasta","NZ_CP091140.1",4291955,4293167,"-","mshG","9-1221/1221","===============","0/0",99.34,88.46,"vfdb","WP_016349160","(mshG) MSHA (mannose-sensitive hemagglutinin) pili biogenesis protein MshG GspF-like [MSHA type IV pili (VF0477) - Adherence (VFC0001)] [Aeromonas hydrophila ML09-119]",NA,"b1-3"
"b1-3.fasta","NZ_CP091140.1",4293179,4294888,"-","mshE","1-1710/1710","===============","0/0",100,90.23,"vfdb","WP_043118275","(mshE) ATPase protein MshE GspE-like [MSHA type IV pili (VF0477) - Adherence (VFC0001)] [Aeromonas hydrophila ML09-119]",NA,"b1-3"
"b1-3.fasta","NZ_CP091140.1",4296163,4297051,"-","mshM","1-889/891","===============","0/0",99.78,87.96,"vfdb","WP_016349157","(mshM) membrane protein with ATPase domain GspA-like [MSHA type IV pili (VF0477) - Adherence (VFC0001)] [Aeromonas hydrophila ML09-119]",NA,"b1-3"
"b1-3.fasta","NZ_CP091140.1",4297144,4298820,"-","mshL","1-1674/1674","========/======","7/21",99.46,83.81,"vfdb","WP_016349156","(mshL) MSHA (mannose-sensitive hemagglutinin) pili biogenesis protein MshL outer membrane secretin GspD-like [MSHA type IV pili (VF0477) - Adherence (VFC0001)] [Aeromonas hydrophila ML09-119]",NA,"b1-3"
"b1-3.fasta","NZ_CP091140.1",4299860,4300453,"-","mshI1","1-594/594","========/======","4/6",99.49,80.07,"vfdb","WP_016349153","(mshI1) MSHA (mannose-sensitive hemagglutinin) pili biogenesis protein MshI1 bitopic inner membrane protein [MSHA type IV pili (VF0477) - Adherence (VFC0001)] [Aeromonas hydrophila ML09-119]",NA,"b1-3"
"b1-3.fasta","NZ_CP091140.1",4300453,4301316,"-","mshI","1-864/864","===============","0/0",100,84.14,"vfdb","WP_016349152","(mshI) MSHA (mannose-sensitive hemagglutinin) pili biogenesis protein MshI bitopic inner membrane protein [MSHA type IV pili (VF0477) - Adherence (VFC0001)] [Aeromonas hydrophila ML09-119]",NA,"b1-3"
"C4.fasta","NZ_CP110364.1",363764,364141,"+","lfiN","1-378/378","===============","0/0",100,85.45,"vfdb","WP_005314315","(lfiN) lateral flagellar motor switch protein lfiN [Lateral flagella (VF0474) - Motility (VFC0204)] [Aeromonas salmonicida subsp. salmonicida A449]",NA,"C4"
"C4.fasta","NZ_CP110364.1",364141,364875,"+","fliP","1-735/735","===============","0/0",100,80,"vfdb","WP_005314307","(fliP) flagellar biosynthesis protein FliP [Lateral flagella (VF0474) - Motility (VFC0204)] [Aeromonas salmonicida subsp. salmonicida A449]",NA,"C4"
"C4.fasta","NZ_CP110364.1",364878,365146,"+","lfiQ","2-270/270","===============","0/0",99.63,80.3,"vfdb","WP_005314303","(lfiQ) lateral flagellar biosynthetic protein LfiQ [Lateral flagella (VF0474) - Motility (VFC0204)] [Aeromonas salmonicida subsp. salmonicida A449]",NA,"C4"
"C4.fasta","NZ_CP110364.1",365922,367058,"+","lfhB","1-1137/1137","===============","0/0",100,81.62,"vfdb","WP_005314298","(lfhB) lateral flagellar biosynthetic protein LfhB [Lateral flagella (VF0474) - Motility (VFC0204)] [Aeromonas salmonicida subsp. salmonicida A449]",NA,"C4"
"C4.fasta","NZ_CP110364.1",367062,369137,"+","lfhA","1-2076/2076","===============","0/0",100,81.5,"vfdb","WP_005314296","(lfhA) lateral flagellar biosynthesis protein [Lateral flagella (VF0474) - Motility (VFC0204)] [Aeromonas salmonicida subsp. salmonicida A449]",NA,"C4"
"C4.fasta","NZ_CP110364.1",370939,371265,"+","lfiE","1-327/327","===============","0/0",100,85.02,"vfdb","WP_005314292","(lfiE) lateral flagellar hook basal body protein LfiE [Lateral flagella (VF0474) - Motility (VFC0204)] [Aeromonas salmonicida subsp. salmonicida A449]",NA,"C4"
"C4.fasta","NZ_CP110364.1",373018,374046,"+","fliG","1-1029/1029","===============","0/0",100,84.06,"vfdb","WP_005314289","(fliG) flagellar motor switch protein G [Lateral flagella (VF0474) - Motility (VFC0204)] [Aeromonas salmonicida subsp. salmonicida A449]",NA,"C4"
"C4.fasta","NZ_CP110364.1",378147,378536,"+","lfgB","1-390/390","===============","0/0",100,84.1,"vfdb","WP_005314272","(lfgB) lateral flagellar basal body protein LfgB [Lateral flagella (VF0474) - Motility (VFC0204)] [Aeromonas salmonicida subsp. salmonicida A449]",NA,"C4"
"C4.fasta","NZ_CP110364.1",378539,378959,"+","flgC","1-421/426","===============","0/0",98.83,82.66,"vfdb","WP_005314270","(flgC) flagellar basal body rod protein FlgC [Lateral flagella (VF0474) - Motility (VFC0204)] [Aeromonas salmonicida subsp. salmonicida A449]",NA,"C4"
"C4.fasta","NZ_CP110364.1",380912,381640,"+","lfgF","1-731/735","========/======","2/2",99.18,83.04,"vfdb","WP_005314261","(lfgF) lateral flagellar basal-body rod protein LfgF [Lateral flagella (VF0474) - Motility (VFC0204)] [Aeromonas salmonicida subsp. salmonicida A449]",NA,"C4"
"C4.fasta","NZ_CP110364.1",381723,382506,"+","lfgG","1-784/786","===============","0/0",99.75,82.91,"vfdb","WP_005314259","(lfgG) lateral flagellar basal-body rod protein LfgG [Lateral flagella (VF0474) - Motility (VFC0204)] [Aeromonas salmonicida subsp. salmonicida A449]",NA,"C4"
"C4.fasta","NZ_CP110364.1",382508,383179,"+","lfgH","1-672/672","===============","0/0",100,82.44,"vfdb","WP_005314257","(lfgH) lateral flagellar L-ring protein LfgH [Lateral flagella (VF0474) - Motility (VFC0204)] [Aeromonas salmonicida subsp. salmonicida A449]",NA,"C4"
"C4.fasta","NZ_CP110364.1",383188,384294,"+","flgI","1-1107/1107","===============","0/0",100,81.03,"vfdb","WP_005314254","(flgI) flagellar basal body P-ring protein [Lateral flagella (VF0474) - Motility (VFC0204)] [Aeromonas salmonicida subsp. salmonicida A449]",NA,"C4"
"C4.fasta","NZ_CP110364.1",384303,384701,"+","flgJ","1-399/399","===============","0/0",100,80.45,"vfdb","WP_005314251","(flgJ) peptidoglycan hydrolase [Lateral flagella (VF0474) - Motility (VFC0204)] [Aeromonas salmonicida subsp. salmonicida A449]",NA,"C4"
"C4.fasta","NZ_CP110364.1",384701,386020,"+","lfgK","1-1320/1320","===============","0/0",100,82.05,"vfdb","WP_005314250","(lfgK) lateral flagellar hook-associated protein [Lateral flagella (VF0474) - Motility (VFC0204)] [Aeromonas salmonicida subsp. salmonicida A449]",NA,"C4"
"C4.fasta","NZ_CP110364.1",391450,392733,"+","lafB","1-1284/1284","===============","0/0",100,82.56,"vfdb","WP_005314227","(lafB) flagellar hook associated protein LafB [Lateral flagella (VF0474) - Motility (VFC0204)] [Aeromonas salmonicida subsp. salmonicida A449]",NA,"C4"
"C4.fasta","NZ_CP110364.1",395978,396835,"+","lafT","1-858/858","========/======","2/2",99.88,84.52,"vfdb","WP_005314215","(lafT) LafT flagella motor stator protein [Lateral flagella (VF0474) - Motility (VFC0204)] [Aeromonas salmonicida subsp. salmonicida A449]",NA,"C4"
"C4.fasta","NZ_CP110364.1",422688,423527,"-","tapD/pilD","24-863/873","========/======","2/2",96.11,83,"vfdb","WP_016352170","(tapD/pilD) prepilin peptidase [Tap type IV pili (VF0475) - Adherence (VFC0001)] [Aeromonas hydrophila ML09-119]",NA,"C4"
"C4.fasta","NZ_CP110364.1",423628,424852,"-","tapC","1-1226/1242","========/======","1/1",98.63,87.03,"vfdb","WP_016352169","(tapC) type IV fimbrial assembly protein PilC-like [Tap type IV pili (VF0475) - Adherence (VFC0001)] [Aeromonas hydrophila ML09-119]",NA,"C4"
"C4.fasta","NZ_CP110364.1",425092,426798,"-","tapB","1-1707/1707","===============","0/0",100,86.41,"vfdb","WP_016352168","(tapB) type IV pilus assembly ATPase PilB-like [Tap type IV pili (VF0475) - Adherence (VFC0001)] [Aeromonas hydrophila ML09-119]",NA,"C4"
"C4.fasta","NZ_CP110364.1",514239,514781,"+","fimA","1-543/543","===============","0/0",100,92.08,"vfdb","WP_011704492","(fimA) fimbrial protein [Type I pili (VF0486) - Adherence (VFC0001)] [Aeromonas hydrophila ML09-119]",NA,"C4"
"C4.fasta","NZ_CP110364.1",515338,517872,"+","fimC","1-2535/2535","===============","0/0",100,93.33,"vfdb","WP_043118350","(fimC) outer membrane usher protein [Type I pili (VF0486) - Adherence (VFC0001)] [Aeromonas hydrophila ML09-119]",NA,"C4"
"C4.fasta","NZ_CP110364.1",517883,518605,"+","fimD","1-723/732","===============","0/0",98.77,92.39,"vfdb","WP_016349294","(fimD) fimbrial chaperone protein [Type I pili (VF0486) - Adherence (VFC0001)] [Aeromonas hydrophila ML09-119]",NA,"C4"
"C4.fasta","NZ_CP110364.1",519659,520210,"+","fimF","1-552/552","===============","0/0",100,80.62,"vfdb","WP_016349296","(fimF) fimbrial protein [Type I pili (VF0486) - Adherence (VFC0001)] [Aeromonas hydrophila ML09-119]",NA,"C4"
"C4.fasta","NZ_CP110364.1",594794,595828,"+","tapT","1-1035/1035","===============","0/0",100,91.59,"vfdb","WP_011707389","(tapT) twitching ATPase [Tap type IV pili (VF0475) - Adherence (VFC0001)] [Aeromonas hydrophila ML09-119]",NA,"C4"
"C4.fasta","NZ_CP110364.1",595857,596966,"+","tapU","1-1110/1110","===============","0/0",100,84.14,"vfdb","WP_016351972","(tapU) twitching ATPase [Tap type IV pili (VF0475) - Adherence (VFC0001)] [Aeromonas hydrophila ML09-119]",NA,"C4"
"C4.fasta","NZ_CP110364.1",610469,611018,"+","motX","51-600/600",".==============","0/0",91.67,82.73,"vfdb","WP_016349413","(motX) sodium-type flagellar motor component [Polar flagella (VF0473) - Motility (VFC0204)] [Aeromonas hydrophila ML09-119]",NA,"C4"
"C4.fasta","NZ_CP110364.1",983441,984199,"+","pomA2","1-759/759","===============","0/0",100,86.43,"vfdb","WP_011707085","(pomA2) chemotaxis protein PomA [Polar flagella (VF0473) - Motility (VFC0204)] [Aeromonas hydrophila ML09-119]",NA,"C4"
"C4.fasta","NZ_CP110364.1",984217,985079,"+","pomB2","10-878/900","========/======","2/6",95.89,83.2,"vfdb","WP_016351724","(pomB2) flagellar motor protein MotB [Polar flagella (VF0473) - Motility (VFC0204)] [Aeromonas hydrophila ML09-119]",NA,"C4"
"C4.fasta","NZ_CP110364.1",1035318,1035836,"+","hcp","1-519/519","===============","0/0",100,94.61,"vfdb","WP_011705706","(hcp) hemolysin co-regulated protein [T6SS (VF0480) - Effector delivery system (VFC0086)] [Aeromonas hydrophila subsp. hydrophila ATCC 7966]",NA,"C4"
"C4.fasta","NZ_CP110364.1",1036212,1038136,"+","vgrG2","13-1937/2232","========/=====.","8/14",85.93,83.49,"vfdb","WP_011705707","(vgrG2) VgrG protein [T6SS (VF0480) - Effector delivery system (VFC0086)] [Aeromonas hydrophila subsp. hydrophila ATCC 7966]",NA,"C4"
"C4.fasta","NZ_CP110364.1",1340470,1340787,"+","fliE","1-318/318","===============","0/0",100,88.68,"vfdb","WP_011705271","(fliE) flagellar hook-basal body complex protein FliE [Polar flagella (VF0473) - Motility (VFC0204)] [Aeromonas hydrophila ML09-119]",NA,"C4"
"C4.fasta","NZ_CP110364.1",1340850,1342559,"+","fliF","1-1713/1713","========/======","1/3",99.82,86.92,"vfdb","WP_016350050","(fliF) flagellar MS-ring protein [Polar flagella (VF0473) - Motility (VFC0204)] [Aeromonas hydrophila ML09-119]",NA,"C4"
"C4.fasta","NZ_CP110364.1",1342552,1343611,"+","fliG","1-1060/1062","===============","0/0",99.81,92.92,"vfdb","WP_011705273","(fliG) flagellar motor switch protein G [Polar flagella (VF0473) - Motility (VFC0204)] [Aeromonas hydrophila ML09-119]",NA,"C4"
"C4.fasta","NZ_CP110364.1",1343685,1344479,"+","fliH","7-795/807","========/======","4/12",97.4,81.58,"vfdb","WP_016350051","(fliH) flagellar assembly protein FliH [Polar flagella (VF0473) - Motility (VFC0204)] [Aeromonas hydrophila ML09-119]",NA,"C4"
"C4.fasta","NZ_CP110364.1",1344559,1345890,"+","fliI","1-1332/1332","===============","0/0",100,89.26,"vfdb","WP_011705275","(fliI) flagellum-specific ATP synthase [Polar flagella (VF0473) - Motility (VFC0204)] [Aeromonas hydrophila ML09-119]",NA,"C4"
"C4.fasta","NZ_CP110364.1",1345918,1346358,"+","fliJ","1-441/441","===============","0/0",100,86.62,"vfdb","WP_011705276","(fliJ) flagellar export protein FliJ [Polar flagella (VF0473) - Motility (VFC0204)] [Aeromonas hydrophila ML09-119]",NA,"C4"
"C4.fasta","NZ_CP110364.1",1348412,1348926,"+","fliL","1-518/519","========/======","1/3",99.23,84.56,"vfdb","WP_011705278","(fliL) flagellar basal body-associated protein FliL [Polar flagella (VF0473) - Motility (VFC0204)] [Aeromonas hydrophila ML09-119]",NA,"C4"
"C4.fasta","NZ_CP110364.1",1348935,1350005,"+","fliM","1-1071/1071","===============","0/0",100,90.66,"vfdb","WP_011705279","(fliM) flagellar motor switch protein FliM [Polar flagella (VF0473) - Motility (VFC0204)] [Aeromonas hydrophila ML09-119]",NA,"C4"
"C4.fasta","NZ_CP110364.1",1350055,1350447,"+","fliN","1-393/393","===============","0/0",100,89.82,"vfdb","WP_011705280","(fliN) flagellar motor switch protein FliN [Polar flagella (VF0473) - Motility (VFC0204)] [Aeromonas hydrophila ML09-119]",NA,"C4"
"C4.fasta","NZ_CP110364.1",1350504,1350824,"+","fliO","64-384/384","..=============","0/0",83.59,86.92,"vfdb","WP_005298795","(fliO) flagellar biosynthesis protein FliO [Polar flagella (VF0473) - Motility (VFC0204)] [Aeromonas hydrophila ML09-119]",NA,"C4"
"C4.fasta","NZ_CP110364.1",1350811,1351581,"+","fliP","1-774/780","========/======","2/5",98.72,85.42,"vfdb","WP_016350054","(fliP) flagellar biosynthesis protein FliP [Polar flagella (VF0473) - Motility (VFC0204)] [Aeromonas hydrophila ML09-119]",NA,"C4"
"C4.fasta","NZ_CP110364.1",1351610,1351879,"+","fliQ","1-270/270","===============","0/0",100,84.81,"vfdb","WP_011705282","(fliQ) flagellar biosynthetic protein FliQ [Polar flagella (VF0473) - Motility (VFC0204)] [Aeromonas hydrophila ML09-119]",NA,"C4"
"C4.fasta","NZ_CP110364.1",1351876,1352651,"+","fliR","1-776/792","===============","0/0",97.98,81.19,"vfdb","WP_011705283","(fliR) flagellar biosynthesis protein FliR [Polar flagella (VF0473) - Motility (VFC0204)] [Aeromonas hydrophila ML09-119]",NA,"C4"
"C4.fasta","NZ_CP110364.1",1352666,1353796,"+","flhB","1-1131/1131","========/======","2/8",99.65,86.34,"vfdb","WP_016350055","(flhB) flagellar biosynthetic protein FlhB [Polar flagella (VF0473) - Motility (VFC0204)] [Aeromonas hydrophila ML09-119]",NA,"C4"
"C4.fasta","NZ_CP110364.1",1353904,1356006,"+","flhA","1-2103/2103","===============","0/0",100,87.26,"vfdb","WP_016350056","(flhA) flagellar biosynthesis protein FlhA [Polar flagella (VF0473) - Motility (VFC0204)] [Aeromonas hydrophila ML09-119]",NA,"C4"
"C4.fasta","NZ_CP110364.1",1356023,1357447,"+","flhF","1-1422/1422","========/======","6/11",99.72,88.45,"vfdb","WP_016350057","(flhF) flagellar biosynthesis protein FlhF [Polar flagella (VF0473) - Motility (VFC0204)] [Aeromonas hydrophila ML09-119]",NA,"C4"
"C4.fasta","NZ_CP110364.1",1357449,1358324,"+","flhG","1-876/876","===============","0/0",100,88.47,"vfdb","WP_010634619","(flhG) CobQ/CobB/MinD/ParA family protein [Polar flagella (VF0473) - Motility (VFC0204)] [Aeromonas hydrophila ML09-119]",NA,"C4"
"C4.fasta","NZ_CP110364.1",1358317,1359036,"+","fliA","1-720/720","===============","0/0",100,83.61,"vfdb","WP_017409955","(fliA) flagellar biosynthesis sigma factor [Polar flagella (VF0473) - Motility (VFC0204)] [Aeromonas hydrophila ML09-119]",NA,"C4"
"C4.fasta","NZ_CP110364.1",1359148,1359531,"+","cheY","1-384/384","===============","0/0",100,87.76,"vfdb","WP_010634617","(cheY) chemotaxis protein CheY [Polar flagella (VF0473) - Motility (VFC0204)] [Aeromonas hydrophila ML09-119]",NA,"C4"
"C4.fasta","NZ_CP110364.1",1359544,1360284,"+","cheZ","1-741/741","===============","0/0",100,85.83,"vfdb","WP_011705289","(cheZ) chemotaxis protein CheZ [Polar flagella (VF0473) - Motility (VFC0204)] [Aeromonas hydrophila ML09-119]",NA,"C4"
"C4.fasta","NZ_CP110364.1",1362530,1363645,"+","cheB-2","1-1116/1116","===============","0/0",100,82.53,"vfdb","WP_016350060","(cheB-2) chemotaxis-specific methylesterase [Polar flagella (VF0473) - Motility (VFC0204)] [Aeromonas hydrophila ML09-119]",NA,"C4"
"C4.fasta","NZ_CP110364.1",1365313,1366107,"+","AHML_RS07540","1-795/795","===============","0/0",100,83.14,"vfdb","WP_011705294","(AHML_RS07540) CobQ/CobB/MinD/ParA family protein [Polar flagella (VF0473) - Motility (VFC0204)] [Aeromonas hydrophila ML09-119]",NA,"C4"
"C4.fasta","NZ_CP110364.1",1413927,1414250,"-","sycX","1-324/381","=============..","0/0",85.04,91.97,"vfdb","WP_005320736","(sycX) hypothetical protein [T3SS (VF0479) - Effector delivery system (VFC0086)] [Aeromonas salmonicida subsp. salmonicida A449]",NA,"C4"
"C4.fasta","NZ_CP110364.1",1414250,1415200,"-","aopX","1-971/971","========/======","1/20",97.94,93.31,"vfdb","","(aopX) hypothetical protein [T3SS (VF0479) - Effector delivery system (VFC0086)] [Aeromonas salmonicida subsp. salmonicida A449]",NA,"C4"
"C4.fasta","NZ_CP110364.1",1415338,1416396,"-","ascU","1-1059/1059","===============","0/0",100,96.22,"vfdb","WP_005320739","(ascU) Type III secretion system inner membrane export apparatus protein AscU [T3SS (VF0479) - Effector delivery system (VFC0086)] [Aeromonas salmonicida subsp. salmonicida A449]",NA,"C4"
"C4.fasta","NZ_CP110364.1",1416393,1417181,"-","ascT","1-789/789","===============","0/0",100,96.07,"vfdb","WP_005320741","(ascT) Type III secretion system inner membrane export apparatus protein AscT [T3SS (VF0479) - Effector delivery system (VFC0086)] [Aeromonas salmonicida subsp. salmonicida A449]",NA,"C4"
"C4.fasta","NZ_CP110364.1",1417178,1417444,"-","ascS","1-267/267","===============","0/0",100,96.25,"vfdb","WP_005320743","(ascS) type III secretion system inner membrane export apparatus protein AscS [T3SS (VF0479) - Effector delivery system (VFC0086)] [Aeromonas salmonicida subsp. salmonicida A449]",NA,"C4"
"C4.fasta","NZ_CP110364.1",1417446,1418098,"-","ascR","1-654/654","========/======","1/1",99.85,96.18,"vfdb","WP_005320745","(ascR) Type III secretion system inner membrane export apparatus protein AscR [T3SS (VF0479) - Effector delivery system (VFC0086)] [Aeromonas salmonicida subsp. salmonicida A449]",NA,"C4"
"C4.fasta","NZ_CP110364.1",1418095,1419021,"-","ascQ","1-927/927","===============","0/0",100,93.53,"vfdb","WP_005320747","(ascQ) type III secretion system protein AscQ [T3SS (VF0479) - Effector delivery system (VFC0086)] [Aeromonas salmonicida subsp. salmonicida A449]",NA,"C4"
"C4.fasta","NZ_CP110364.1",1420212,1420673,"-","ascO","1-462/462","===============","0/0",100,97.4,"vfdb","WP_005320751","(ascO) Type III secretion system protein AscO [T3SS (VF0479) - Effector delivery system (VFC0086)] [Aeromonas salmonicida subsp. salmonicida A449]",NA,"C4"
"C4.fasta","NZ_CP110364.1",1420670,1421992,"-","ascN","1-1323/1323","===============","0/0",100,96.45,"vfdb","WP_005320755","(ascN) Type III secretion system ATPase [T3SS (VF0479) - Effector delivery system (VFC0086)] [Aeromonas salmonicida subsp. salmonicida A449]",NA,"C4"
"C4.fasta","NZ_CP110364.1",1422182,1423060,"+","aopN","1-879/879","===============","0/0",100,96.36,"vfdb","WP_005320757","(aopN) AopN secretion control of translocators and immune suppressor [T3SS (VF0479) - Effector delivery system (VFC0086)] [Aeromonas salmonicida subsp. salmonicida A449]",NA,"C4"
"C4.fasta","NZ_CP110364.1",1423041,1423322,"+","acr1","1-282/282","===============","0/0",100,97.16,"vfdb","WP_005320760","(acr1) Type III secretion system gatekeeper subunit  [T3SS (VF0479) - Effector delivery system (VFC0086)] [Aeromonas salmonicida subsp. salmonicida A449]",NA,"C4"
"C4.fasta","NZ_CP110364.1",1423319,1423690,"+","acr2","1-372/372","===============","0/0",100,94.62,"vfdb","WP_005320764","(acr2) chaperone protein [T3SS (VF0479) - Effector delivery system (VFC0086)] [Aeromonas salmonicida subsp. salmonicida A449]",NA,"C4"
"C4.fasta","NZ_CP110364.1",1423770,1424135,"+","ascX","1-366/366","===============","0/0",100,97,"vfdb","WP_005320766","(ascX) Unknown function chaperoned by AscY [T3SS (VF0479) - Effector delivery system (VFC0086)] [Aeromonas salmonicida subsp. salmonicida A449]",NA,"C4"
"C4.fasta","NZ_CP110364.1",1424132,1424482,"+","ascY","1-351/351","===============","0/0",100,96.58,"vfdb","WP_005320768","(ascY) chaperone protein [T3SS (VF0479) - Effector delivery system (VFC0086)] [Aeromonas salmonicida subsp. salmonicida A449]",NA,"C4"
"C4.fasta","NZ_CP110364.1",1424463,1426580,"+","ascV","1-2118/2118","===============","0/0",100,96.93,"vfdb","WP_005320770","(ascV) Type III secretion system inner membrane export apparatus protein AscV [T3SS (VF0479) - Effector delivery system (VFC0086)] [Aeromonas salmonicida subsp. salmonicida A449]",NA,"C4"
"C4.fasta","NZ_CP110364.1",1426577,1427032,"+","acrR","1-456/456","===============","0/0",100,92.11,"vfdb","WP_005320772","(acrR) Type III secretion system regulator LcrR-like [T3SS (VF0479) - Effector delivery system (VFC0086)] [Aeromonas salmonicida subsp. salmonicida A449]",NA,"C4"
"C4.fasta","NZ_CP110364.1",1427072,1427356,"+","acrG","1-285/285","===============","0/0",100,95.44,"vfdb","WP_005320774","(acrG) Type III secretion system protein LcrG-like [T3SS (VF0479) - Effector delivery system (VFC0086)] [Aeromonas salmonicida subsp. salmonicida A449]",NA,"C4"
"C4.fasta","NZ_CP110364.1",1427366,1428450,"+","acrV","1-1086/1086","========/======","1/1",99.91,93,"vfdb","WP_005320777","(acrV) Type III secretion system tip translocon AcrV  [T3SS (VF0479) - Effector delivery system (VFC0086)] [Aeromonas salmonicida subsp. salmonicida A449]",NA,"C4"
"C4.fasta","NZ_CP110364.1",1428460,1428963,"+","acrH","1-504/504","===============","0/0",100,96.03,"vfdb","WP_005320778","(acrH) chaperon protein for AopB/AopD [T3SS (VF0479) - Effector delivery system (VFC0086)] [Aeromonas salmonicida subsp. salmonicida A449]",NA,"C4"
"C4.fasta","NZ_CP110364.1",1428944,1430137,"+","aopB","1-1194/1194","===============","0/0",100,93.22,"vfdb","WP_005320780","(aopB) Type III secretion system translocator AopB [T3SS (VF0479) - Effector delivery system (VFC0086)] [Aeromonas salmonicida subsp. salmonicida A449]",NA,"C4"
"C4.fasta","NZ_CP110364.1",1430150,1431046,"+","aopD","1-897/897","===============","0/0",100,90.52,"vfdb","WP_005320781","(aopD) Type III secretion system translocator AopD [T3SS (VF0479) - Effector delivery system (VFC0086)] [Aeromonas salmonicida subsp. salmonicida A449]",NA,"C4"
"C4.fasta","NZ_CP110364.1",1431182,1431625,"+","exsC","1-444/444","===============","0/0",100,93.69,"vfdb","WP_005320783","(exsC) chaperone protein [T3SS (VF0479) - Effector delivery system (VFC0086)] [Aeromonas salmonicida subsp. salmonicida A449]",NA,"C4"
"C4.fasta","NZ_CP110364.1",1431628,1431861,"+","exsE","1-234/234","===============","0/0",100,90.6,"vfdb","WP_005320785","(exsE) Type III secretion system regulator [T3SS (VF0479) - Effector delivery system (VFC0086)] [Aeromonas salmonicida subsp. salmonicida A449]",NA,"C4"
"C4.fasta","NZ_CP110364.1",1431858,1432258,"+","exsB","1-402/402","========/======","1/1",99.75,92.79,"vfdb","WP_011899440","(exsB) type III secretion system OM ring protein ExsB [T3SS (VF0479) - Effector delivery system (VFC0086)] [Aeromonas salmonicida subsp. salmonicida A449]",NA,"C4"
"C4.fasta","NZ_CP110364.1",1432635,1433413,"+","exsA","1-783/783","========/======","4/4",99.49,96.81,"vfdb","WP_192914500","(exsA) Type III secretion system transcriptional regulator [T3SS (VF0479) - Effector delivery system (VFC0086)] [Aeromonas salmonicida subsp. salmonicida A449]",NA,"C4"
"C4.fasta","NZ_CP110364.1",1433533,1434347,"+","exsD","1-816/816","========/======","1/1",99.88,95.1,"vfdb","WP_005320790","(exsD) Type III secretion system protein ExsD [T3SS (VF0479) - Effector delivery system (VFC0086)] [Aeromonas salmonicida subsp. salmonicida A449]",NA,"C4"
"C4.fasta","NZ_CP110364.1",1434363,1434785,"+","ascB","1-426/426","========/======","3/3",99.3,96.95,"vfdb","WP_011899439","(ascB) chaperone protein [T3SS (VF0479) - Effector delivery system (VFC0086)] [Aeromonas salmonicida subsp. salmonicida A449]",NA,"C4"
"C4.fasta","NZ_CP110364.1",1434758,1436598,"+","ascC","1-1854/1854","========/======","17/17",99.19,95.37,"vfdb","WP_011899438","(ascC) Type III secretion system OM ring protein AscC [T3SS (VF0479) - Effector delivery system (VFC0086)] [Aeromonas salmonicida subsp. salmonicida A449]",NA,"C4"
"C4.fasta","NZ_CP110364.1",1436595,1437895,"+","ascD","1-1305/1305","========/======","4/4",99.69,95.48,"vfdb","WP_005320795","(ascD) Type III secretion system OM ring protein AscD [T3SS (VF0479) - Effector delivery system (VFC0086)] [Aeromonas salmonicida subsp. salmonicida A449]",NA,"C4"
"C4.fasta","NZ_CP110364.1",1437858,1438070,"+","ascE","1-213/213","===============","0/0",100,96.24,"vfdb","WP_005320797","(ascE) chaperone protein [T3SS (VF0479) - Effector delivery system (VFC0086)] [Aeromonas salmonicida subsp. salmonicida A449]",NA,"C4"
"C4.fasta","NZ_CP110364.1",1438063,1438320,"+","ascF","1-258/258","===============","0/0",100,94.57,"vfdb","WP_005320800","(ascF) Type III secretion system needle complex subunit AscF [T3SS (VF0479) - Effector delivery system (VFC0086)] [Aeromonas salmonicida subsp. salmonicida A449]",NA,"C4"
"C4.fasta","NZ_CP110364.1",1438320,1438672,"+","ascG","1-354/354","========/======","1/1",99.72,87.01,"vfdb","WP_005320802","(ascG) chaperone protein [T3SS (VF0479) - Effector delivery system (VFC0086)] [Aeromonas salmonicida subsp. salmonicida A449]",NA,"C4"
"C4.fasta","NZ_CP110364.1",1438669,1439221,"+","ascH","1-555/555","========/======","2/2",99.64,93.87,"vfdb","WP_005320804","(ascH) Type III secretion system protein AscH regulator needle assembling [T3SS (VF0479) - Effector delivery system (VFC0086)] [Aeromonas salmonicida subsp. salmonicida A449]",NA,"C4"
"C4.fasta","NZ_CP110364.1",1439221,1439558,"+","ascI","1-339/339","========/======","1/1",99.71,96.17,"vfdb","WP_005320806","(ascI) Type III secretion system inner rod protein AscI [T3SS (VF0479) - Effector delivery system (VFC0086)] [Aeromonas salmonicida subsp. salmonicida A449]",NA,"C4"
"C4.fasta","NZ_CP110364.1",1439565,1440305,"+","ascJ","1-741/741","===============","0/0",100,95.68,"vfdb","WP_180975055","(ascJ) type III secretion system OM ring protein AscJ [T3SS (VF0479) - Effector delivery system (VFC0086)] [Aeromonas salmonicida subsp. salmonicida A449]",NA,"C4"
"C4.fasta","NZ_CP110364.1",1440302,1440926,"+","ascK","1-627/627","========/======","2/2",99.68,92.98,"vfdb","WP_005320811","(ascK) Type III secretion system C ring protein AscK [T3SS (VF0479) - Effector delivery system (VFC0086)] [Aeromonas salmonicida subsp. salmonicida A449]",NA,"C4"
"C4.fasta","NZ_CP110364.1",1440905,1441570,"+","ascL","1-666/666","===============","0/0",100,95.65,"vfdb","WP_005320812","(ascL) Type III secretion system C ring protein AscL [T3SS (VF0479) - Effector delivery system (VFC0086)] [Aeromonas salmonicida subsp. salmonicida A449]",NA,"C4"
"C4.fasta","NZ_CP110364.1",1721424,1722561,"-","tapW","1-1138/1140","===============","0/0",99.82,90.07,"vfdb","WP_011706550","(tapW) twitching ATPase [Tap type IV pili (VF0475) - Adherence (VFC0001)] [Aeromonas hydrophila ML09-119]",NA,"C4"
"C4.fasta","NZ_CP110364.1",1994000,1994266,"-","ascS","1-267/267","===============","0/0",100,96.25,"vfdb","WP_005320743","(ascS) type III secretion system inner membrane export apparatus protein AscS [T3SS (VF0479) - Effector delivery system (VFC0086)] [Aeromonas salmonicida subsp. salmonicida A449]",NA,"C4"
"C4.fasta","NZ_CP110364.1",1994268,1994921,"-","ascR","1-654/654","===============","0/0",100,96.94,"vfdb","WP_005320745","(ascR) Type III secretion system inner membrane export apparatus protein AscR [T3SS (VF0479) - Effector delivery system (VFC0086)] [Aeromonas salmonicida subsp. salmonicida A449]",NA,"C4"
"C4.fasta","NZ_CP110364.1",1994918,1995844,"-","ascQ","1-927/927","===============","0/0",100,94.07,"vfdb","WP_005320747","(ascQ) type III secretion system protein AscQ [T3SS (VF0479) - Effector delivery system (VFC0086)] [Aeromonas salmonicida subsp. salmonicida A449]",NA,"C4"
"C4.fasta","NZ_CP110364.1",1995841,1997002,"-","ascP","147-1308/1308",".==============","0/0",88.84,92,"vfdb","WP_005320749","(ascP) Type III secretion system protein AscP needle length control ruler protein [T3SS (VF0479) - Effector delivery system (VFC0086)] [Aeromonas salmonicida subsp. salmonicida A449]",NA,"C4"
"C4.fasta","NZ_CP110364.1",1997401,1997862,"-","ascO","1-462/462","===============","0/0",100,97.19,"vfdb","WP_005320751","(ascO) Type III secretion system protein AscO [T3SS (VF0479) - Effector delivery system (VFC0086)] [Aeromonas salmonicida subsp. salmonicida A449]",NA,"C4"
"C4.fasta","NZ_CP110364.1",1997859,1999181,"-","ascN","1-1323/1323","===============","0/0",100,97.58,"vfdb","WP_005320755","(ascN) Type III secretion system ATPase [T3SS (VF0479) - Effector delivery system (VFC0086)] [Aeromonas salmonicida subsp. salmonicida A449]",NA,"C4"
"C4.fasta","NZ_CP110364.1",1999371,2000249,"+","aopN","1-879/879","===============","0/0",100,96.02,"vfdb","WP_005320757","(aopN) AopN secretion control of translocators and immune suppressor [T3SS (VF0479) - Effector delivery system (VFC0086)] [Aeromonas salmonicida subsp. salmonicida A449]",NA,"C4"
"C4.fasta","NZ_CP110364.1",2000230,2000511,"+","acr1","1-282/282","===============","0/0",100,97.87,"vfdb","WP_005320760","(acr1) Type III secretion system gatekeeper subunit  [T3SS (VF0479) - Effector delivery system (VFC0086)] [Aeromonas salmonicida subsp. salmonicida A449]",NA,"C4"
"C4.fasta","NZ_CP110364.1",2000508,2000879,"+","acr2","1-372/372","===============","0/0",100,94.62,"vfdb","WP_005320764","(acr2) chaperone protein [T3SS (VF0479) - Effector delivery system (VFC0086)] [Aeromonas salmonicida subsp. salmonicida A449]",NA,"C4"
"C4.fasta","NZ_CP110364.1",2000876,2001241,"+","ascX","1-366/366","===============","0/0",100,95.63,"vfdb","WP_005320766","(ascX) Unknown function chaperoned by AscY [T3SS (VF0479) - Effector delivery system (VFC0086)] [Aeromonas salmonicida subsp. salmonicida A449]",NA,"C4"
"C4.fasta","NZ_CP110364.1",2001238,2001588,"+","ascY","1-351/351","===============","0/0",100,96.87,"vfdb","WP_005320768","(ascY) chaperone protein [T3SS (VF0479) - Effector delivery system (VFC0086)] [Aeromonas salmonicida subsp. salmonicida A449]",NA,"C4"
"C4.fasta","NZ_CP110364.1",2001569,2003685,"+","ascV","1-2118/2118","========/======","1/1",99.95,96.84,"vfdb","WP_005320770","(ascV) Type III secretion system inner membrane export apparatus protein AscV [T3SS (VF0479) - Effector delivery system (VFC0086)] [Aeromonas salmonicida subsp. salmonicida A449]",NA,"C4"
"C4.fasta","NZ_CP110364.1",2003682,2004137,"+","acrR","1-456/456","===============","0/0",100,92.76,"vfdb","WP_005320772","(acrR) Type III secretion system regulator LcrR-like [T3SS (VF0479) - Effector delivery system (VFC0086)] [Aeromonas salmonicida subsp. salmonicida A449]",NA,"C4"
"C4.fasta","NZ_CP110364.1",2004177,2004461,"+","acrG","1-285/285","===============","0/0",100,93.68,"vfdb","WP_005320774","(acrG) Type III secretion system protein LcrG-like [T3SS (VF0479) - Effector delivery system (VFC0086)] [Aeromonas salmonicida subsp. salmonicida A449]",NA,"C4"
"C4.fasta","NZ_CP110364.1",2004471,2005555,"+","acrV","1-1086/1086","========/======","1/1",99.91,93.55,"vfdb","WP_005320777","(acrV) Type III secretion system tip translocon AcrV  [T3SS (VF0479) - Effector delivery system (VFC0086)] [Aeromonas salmonicida subsp. salmonicida A449]",NA,"C4"
"C4.fasta","NZ_CP110364.1",2005565,2006068,"+","acrH","1-504/504","===============","0/0",100,96.03,"vfdb","WP_005320778","(acrH) chaperon protein for AopB/AopD [T3SS (VF0479) - Effector delivery system (VFC0086)] [Aeromonas salmonicida subsp. salmonicida A449]",NA,"C4"
"C4.fasta","NZ_CP110364.1",2006049,2007242,"+","aopB","1-1194/1194","===============","0/0",100,93.22,"vfdb","WP_005320780","(aopB) Type III secretion system translocator AopB [T3SS (VF0479) - Effector delivery system (VFC0086)] [Aeromonas salmonicida subsp. salmonicida A449]",NA,"C4"
"C4.fasta","NZ_CP110364.1",2007255,2008151,"+","aopD","1-897/897","===============","0/0",100,90.52,"vfdb","WP_005320781","(aopD) Type III secretion system translocator AopD [T3SS (VF0479) - Effector delivery system (VFC0086)] [Aeromonas salmonicida subsp. salmonicida A449]",NA,"C4"
"C4.fasta","NZ_CP110364.1",2008287,2008730,"+","exsC","1-444/444","===============","0/0",100,93.69,"vfdb","WP_005320783","(exsC) chaperone protein [T3SS (VF0479) - Effector delivery system (VFC0086)] [Aeromonas salmonicida subsp. salmonicida A449]",NA,"C4"
"C4.fasta","NZ_CP110364.1",2008733,2008966,"+","exsE","1-234/234","===============","0/0",100,90.6,"vfdb","WP_005320785","(exsE) Type III secretion system regulator [T3SS (VF0479) - Effector delivery system (VFC0086)] [Aeromonas salmonicida subsp. salmonicida A449]",NA,"C4"
"C4.fasta","NZ_CP110364.1",2008963,2009364,"+","exsB","1-402/402","===============","0/0",100,93.03,"vfdb","WP_011899440","(exsB) type III secretion system OM ring protein ExsB [T3SS (VF0479) - Effector delivery system (VFC0086)] [Aeromonas salmonicida subsp. salmonicida A449]",NA,"C4"
"C4.fasta","NZ_CP110364.1",2009743,2010525,"+","exsA","1-783/783","===============","0/0",100,97.32,"vfdb","WP_192914500","(exsA) Type III secretion system transcriptional regulator [T3SS (VF0479) - Effector delivery system (VFC0086)] [Aeromonas salmonicida subsp. salmonicida A449]",NA,"C4"
"C4.fasta","NZ_CP110364.1",2010645,2011459,"+","exsD","1-816/816","========/======","1/1",99.88,95.1,"vfdb","WP_005320790","(exsD) Type III secretion system protein ExsD [T3SS (VF0479) - Effector delivery system (VFC0086)] [Aeromonas salmonicida subsp. salmonicida A449]",NA,"C4"
"C4.fasta","NZ_CP110364.1",2011475,2011900,"+","ascB","1-426/426","===============","0/0",100,97.42,"vfdb","WP_011899439","(ascB) chaperone protein [T3SS (VF0479) - Effector delivery system (VFC0086)] [Aeromonas salmonicida subsp. salmonicida A449]",NA,"C4"
"C4.fasta","NZ_CP110364.1",2011873,2013726,"+","ascC","1-1854/1854","===============","0/0",100,96.17,"vfdb","WP_011899438","(ascC) Type III secretion system OM ring protein AscC [T3SS (VF0479) - Effector delivery system (VFC0086)] [Aeromonas salmonicida subsp. salmonicida A449]",NA,"C4"
"C4.fasta","NZ_CP110364.1",2013723,2015026,"+","ascD","1-1305/1305","========/======","1/1",99.92,95.71,"vfdb","WP_005320795","(ascD) Type III secretion system OM ring protein AscD [T3SS (VF0479) - Effector delivery system (VFC0086)] [Aeromonas salmonicida subsp. salmonicida A449]",NA,"C4"
"C4.fasta","NZ_CP110364.1",2014989,2015201,"+","ascE","1-213/213","===============","0/0",100,96.24,"vfdb","WP_005320797","(ascE) chaperone protein [T3SS (VF0479) - Effector delivery system (VFC0086)] [Aeromonas salmonicida subsp. salmonicida A449]",NA,"C4"
"C4.fasta","NZ_CP110364.1",2015194,2015451,"+","ascF","1-258/258","===============","0/0",100,94.57,"vfdb","WP_005320800","(ascF) Type III secretion system needle complex subunit AscF [T3SS (VF0479) - Effector delivery system (VFC0086)] [Aeromonas salmonicida subsp. salmonicida A449]",NA,"C4"
"C4.fasta","NZ_CP110364.1",2015451,2015804,"+","ascG","1-354/354","===============","0/0",100,87.01,"vfdb","WP_005320802","(ascG) chaperone protein [T3SS (VF0479) - Effector delivery system (VFC0086)] [Aeromonas salmonicida subsp. salmonicida A449]",NA,"C4"
"C4.fasta","NZ_CP110364.1",2015801,2016354,"+","ascH","1-555/555","========/======","1/1",99.82,94.05,"vfdb","WP_005320804","(ascH) Type III secretion system protein AscH regulator needle assembling [T3SS (VF0479) - Effector delivery system (VFC0086)] [Aeromonas salmonicida subsp. salmonicida A449]",NA,"C4"
"C4.fasta","NZ_CP110364.1",2016354,2016692,"+","ascI","1-339/339","===============","0/0",100,96.46,"vfdb","WP_005320806","(ascI) Type III secretion system inner rod protein AscI [T3SS (VF0479) - Effector delivery system (VFC0086)] [Aeromonas salmonicida subsp. salmonicida A449]",NA,"C4"
"C4.fasta","NZ_CP110364.1",2016699,2017439,"+","ascJ","1-741/741","===============","0/0",100,95.95,"vfdb","WP_180975055","(ascJ) type III secretion system OM ring protein AscJ [T3SS (VF0479) - Effector delivery system (VFC0086)] [Aeromonas salmonicida subsp. salmonicida A449]",NA,"C4"
"C4.fasta","NZ_CP110364.1",2017436,2018062,"+","ascK","1-627/627","===============","0/0",100,91.87,"vfdb","WP_005320811","(ascK) Type III secretion system C ring protein AscK [T3SS (VF0479) - Effector delivery system (VFC0086)] [Aeromonas salmonicida subsp. salmonicida A449]",NA,"C4"
"C4.fasta","NZ_CP110364.1",2018041,2018706,"+","ascL","1-666/666","===============","0/0",100,94.75,"vfdb","WP_005320812","(ascL) Type III secretion system C ring protein AscL [T3SS (VF0479) - Effector delivery system (VFC0086)] [Aeromonas salmonicida subsp. salmonicida A449]",NA,"C4"
"C4.fasta","NZ_CP110364.1",2019490,2019939,"+","ati1","1-450/450","===============","0/0",100,91.11,"vfdb","WP_005320818","(ati1) Ati2 chaperone [T3SS (VF0479) - Effector delivery system (VFC0086)] [Aeromonas salmonicida subsp. salmonicida A449]",NA,"C4"
"C4.fasta","NZ_CP110364.1",2019979,2021466,"+","ati2","1-1488/1488","===============","0/0",100,93.35,"vfdb","WP_011899436","(ati2) Type III secretion system effector Ati2 Inositol polyphosphate 5-phosphatase [T3SS secreted effectors (VF0652) - Effector delivery system (VFC0086)] [Aeromonas salmonicida subsp. salmonicida A449]",NA,"C4"
"C4.fasta","NZ_CP110364.1",2036333,2036836,"+","vipA","1-504/504","===============","0/0",100,88.89,"vfdb","WP_011705712","(vipA) Type VI secretion system contractile sheath small subunit TssB/VipA [T6SS (VF0480) - Effector delivery system (VFC0086)] [Aeromonas hydrophila subsp. hydrophila ATCC 7966]",NA,"C4"
"C4.fasta","NZ_CP110364.1",2036874,2038355,"+","vipB","1-1479/1479","========/======","1/3",100,90.15,"vfdb","WP_043163044","(vipB) Type VI secretion system contractile sheath large subunit TssC/VipB [T6SS (VF0480) - Effector delivery system (VFC0086)] [Aeromonas hydrophila subsp. hydrophila ATCC 7966]",NA,"C4"
"C4.fasta","NZ_CP110364.1",2038362,2038793,"+","atsG","1-432/432","===============","0/0",100,93.98,"vfdb","WP_011705714","(atsG) Type VI secretion system protein [T6SS (VF0480) - Effector delivery system (VFC0086)] [Aeromonas hydrophila subsp. hydrophila ATCC 7966]",NA,"C4"
"C4.fasta","NZ_CP110364.1",2038797,2040563,"+","atsH","1-1767/1767","===============","0/0",100,89.81,"vfdb","WP_011705715","(atsH) Type VI secretion system protein [T6SS (VF0480) - Effector delivery system (VFC0086)] [Aeromonas hydrophila subsp. hydrophila ATCC 7966]",NA,"C4"
"C4.fasta","NZ_CP110364.1",2040528,2041525,"+","atsI","2-999/999","===============","0/0",99.9,88.18,"vfdb","WP_011705716","(atsI) Type VI secretion system protein [T6SS (VF0480) - Effector delivery system (VFC0086)] [Aeromonas hydrophila subsp. hydrophila ATCC 7966]",NA,"C4"
"C4.fasta","NZ_CP110364.1",2041565,2042800,"+","atsJ","1-1251/1251","========/======","7/29",98.24,84.82,"vfdb","WP_011705717","(atsJ) Type VI secretion system protein [T6SS (VF0480) - Effector delivery system (VFC0086)] [Aeromonas hydrophila subsp. hydrophila ATCC 7966]",NA,"C4"
"C4.fasta","NZ_CP110364.1",2042800,2043315,"+","atsK","1-516/516","===============","0/0",100,89.92,"vfdb","WP_011705718","(atsK) Type VI secretion system protein [T6SS (VF0480) - Effector delivery system (VFC0086)] [Aeromonas hydrophila subsp. hydrophila ATCC 7966]",NA,"C4"
"C4.fasta","NZ_CP110364.1",2043318,2044652,"+","atsL","1-1335/1335","===============","0/0",100,91.61,"vfdb","WP_011705719","(atsL) Type VI secretion system protein [T6SS (VF0480) - Effector delivery system (VFC0086)] [Aeromonas hydrophila subsp. hydrophila ATCC 7966]",NA,"C4"
"C4.fasta","NZ_CP110364.1",2044676,2045455,"+","dotU","1-780/780","===============","0/0",100,89.1,"vfdb","WP_010634228","(dotU) Type VI secretion system protein DotU [T6SS (VF0480) - Effector delivery system (VFC0086)] [Aeromonas hydrophila subsp. hydrophila ATCC 7966]",NA,"C4"
"C4.fasta","NZ_CP110364.1",2045476,2048116,"+","clpB","1-2640/2643","========/======","1/1",99.89,88.41,"vfdb","WP_011705721","(clpB) type VI secretion system ATPase ClpV1 [T6SS (VF0480) - Effector delivery system (VFC0086)] [Aeromonas hydrophila subsp. hydrophila ATCC 7966]",NA,"C4"
"C4.fasta","NZ_CP110364.1",2048121,2049659,"+","vasH","1-1539/1539","===============","0/0",100,86.88,"vfdb","WP_011705722","(vasH) sigma-54 dependent transcriptional regulator [T6SS (VF0480) - Effector delivery system (VFC0086)] [Aeromonas hydrophila subsp. hydrophila ATCC 7966]",NA,"C4"
"C4.fasta","NZ_CP110364.1",2050273,2051671,"+","atsQ","1-1408/1437","========/======","7/27",96.73,82.43,"vfdb","WP_011705724","(atsQ) Type VI secretion system protein [T6SS (VF0480) - Effector delivery system (VFC0086)] [Aeromonas hydrophila subsp. hydrophila ATCC 7966]",NA,"C4"
"C4.fasta","NZ_CP110364.1",2051742,2055239,"+","vasK/icmF","1-3486/3486","========/======","2/12",100,86.14,"vfdb","WP_011705725","(vasK/icmF) Type VI secretion system protein [T6SS (VF0480) - Effector delivery system (VFC0086)] [Aeromonas hydrophila subsp. hydrophila ATCC 7966]",NA,"C4"
"C4.fasta","NZ_CP110364.1",2055285,2056712,"+","atsS","1-1431/1431","========/======","3/5",99.72,85.75,"vfdb","WP_011705726","(atsS) Type VI secretion system protein [T6SS (VF0480) - Effector delivery system (VFC0086)] [Aeromonas hydrophila subsp. hydrophila ATCC 7966]",NA,"C4"
"C4.fasta","NZ_CP110364.1",2057018,2057305,"+","AHA_RS09305","1-288/288","========/======","2/2",99.65,81.66,"vfdb","WP_011705727","(AHA_RS09305) type VI secretion system PAAR protein [T6SS (VF0480) - Effector delivery system (VFC0086)] [Aeromonas hydrophila subsp. hydrophila ATCC 7966]",NA,"C4"
"C4.fasta","NZ_CP110364.1",2520584,2521318,"-","flmH","1-735/735","===============","0/0",100,89.93,"vfdb","WP_005300916","(flmH) short chain dehydrogenase/reductase family oxidoreductase [Polar flagella (VF0473) - Motility (VFC0204)] [Aeromonas hydrophila ML09-119]",NA,"C4"
"C4.fasta","NZ_CP110364.1",2947055,2947846,"-","tapF","1-792/792","========/======","2/6",99.62,88.18,"vfdb","WP_011705643","(tapF) type IV pilus biogenesis/stability protein pilW-like [Tap type IV pili (VF0475) - Adherence (VFC0001)] [Aeromonas hydrophila ML09-119]",NA,"C4"
"C4.fasta","NZ_CP110364.1",3113280,3114029,"-","nueA","1-762/762","========/======","2/12",98.43,87.53,"vfdb","WP_016351249","(nueA) NeuA protein [Polar flagella (VF0473) - Motility (VFC0204)] [Aeromonas hydrophila ML09-119]",NA,"C4"
"C4.fasta","NZ_CP110364.1",3170510,3171383,"-","motY","1-874/876","===============","0/0",99.77,87.76,"vfdb","WP_024944879","(motY) sodium-type flagellar protein MotY [Polar flagella (VF0473) - Motility (VFC0204)] [Aeromonas hydrophila ML09-119]",NA,"C4"
"C4.fasta","NZ_CP110364.1",3224993,3226336,"-","flrC","1-1344/1344","===============","0/0",100,88.69,"vfdb","WP_011706626","(flrC) transcriptional activator [Polar flagella (VF0473) - Motility (VFC0204)] [Aeromonas hydrophila ML09-119]",NA,"C4"
"C4.fasta","NZ_CP110364.1",3226333,3227367,"-","flrB","1-1035/1035","========/======","2/2",99.9,84.94,"vfdb","WP_016351312","(flrB) two-component sensor kinase [Polar flagella (VF0473) - Motility (VFC0204)] [Aeromonas hydrophila ML09-119]",NA,"C4"
"C4.fasta","NZ_CP110364.1",3227481,3228895,"-","flrA","1-1415/1422","========/======","2/2",99.44,86.3,"vfdb","WP_017409846","(flrA) FleQ protein [Polar flagella (VF0473) - Motility (VFC0204)] [Aeromonas hydrophila ML09-119]",NA,"C4"
"C4.fasta","NZ_CP110364.1",3239502,3240551,"-","flgJ","1-1053/1092","========/======","8/31",94.87,80.13,"vfdb","WP_016351320","(flgJ) flagellar rod assembly protein/muramidase FlgJ [Polar flagella (VF0473) - Motility (VFC0204)] [Aeromonas hydrophila ML09-119]",NA,"C4"
"C4.fasta","NZ_CP110364.1",3240595,3241692,"-","flgI","1-1098/1098","===============","0/0",100,86.98,"vfdb","WP_011706637","(flgI) flagellar basal body P-ring protein [Polar flagella (VF0473) - Motility (VFC0204)] [Aeromonas hydrophila ML09-119]",NA,"C4"
"C4.fasta","NZ_CP110364.1",3241701,3242372,"-","flgH","1-672/672","===============","0/0",100,86.31,"vfdb","WP_011706638","(flgH) flagellar basal body L-ring protein [Polar flagella (VF0473) - Motility (VFC0204)] [Aeromonas hydrophila ML09-119]",NA,"C4"
"C4.fasta","NZ_CP110364.1",3242387,3243175,"-","flgG","1-789/789","========/======","2/2",99.87,86.83,"vfdb","WP_011706639","(flgG) flagellar basal body rod protein FlgG [Polar flagella (VF0473) - Motility (VFC0204)] [Aeromonas hydrophila ML09-119]",NA,"C4"
"C4.fasta","NZ_CP110364.1",3243190,3243936,"-","flgF","1-747/747","===============","0/0",100,84.87,"vfdb","WP_011706640","(flgF) flagellar basal-body rod protein FlgF [Polar flagella (VF0473) - Motility (VFC0204)] [Aeromonas hydrophila ML09-119]",NA,"C4"
"C4.fasta","NZ_CP110364.1",3246185,3246604,"-","flgC","1-420/420","===============","0/0",100,90.24,"vfdb","WP_011706643","(flgC) flagellar basal body rod protein FlgC [Polar flagella (VF0473) - Motility (VFC0204)] [Aeromonas hydrophila ML09-119]",NA,"C4"
"C4.fasta","NZ_CP110364.1",3246604,3247002,"-","flgB","1-399/399","========/======","2/6",99.25,81.09,"vfdb","WP_011706644","(flgB) flagellar basal-body rod protein FlgB [Polar flagella (VF0473) - Motility (VFC0204)] [Aeromonas hydrophila ML09-119]",NA,"C4"
"C4.fasta","NZ_CP110364.1",3247300,3248122,"-","cheR-3","1-823/825","===============","0/0",99.76,86.15,"vfdb","WP_011706645","(cheR-3) chemotaxis protein CheR [Polar flagella (VF0473) - Motility (VFC0204)] [Aeromonas hydrophila ML09-119]",NA,"C4"
"C4.fasta","NZ_CP110364.1",3248140,3249051,"-","cheV","1-912/912","===============","0/0",100,85.42,"vfdb","WP_011706646","(cheV) CheV [Polar flagella (VF0473) - Motility (VFC0204)] [Aeromonas hydrophila ML09-119]",NA,"C4"
"C4.fasta","NZ_CP110364.1",3249971,3250289,"+","flgM","1-319/321","===============","0/0",99.38,80.25,"vfdb","WP_011706648","(flgM) anti-sigma-D factor [Polar flagella (VF0473) - Motility (VFC0204)] [Aeromonas hydrophila ML09-119]",NA,"C4"
"C4.fasta","NZ_CP110364.1",3384230,3385102,"-","flpH","13-885/885","========/======","4/14",97.85,81.7,"vfdb","WP_043118801","(flpH) Flp pilus assembly protein FlpH [Flp/Tad pili (VF0476) - Adherence (VFC0001)] [Aeromonas hydrophila ML09-119]",NA,"C4"
"C4.fasta","NZ_CP110364.1",3385118,3385984,"-","flpG","19-885/885","===============","0/0",97.97,84.78,"vfdb","WP_016350153","(flpG) Flp pilus assembly protein FlpG [Flp/Tad pili (VF0476) - Adherence (VFC0001)] [Aeromonas hydrophila ML09-119]",NA,"C4"
"C4.fasta","NZ_CP110364.1",3386025,3387312,"-","flpF","1-1288/1314","===============","0/0",98.02,85.95,"vfdb","WP_016350152","(flpF) traffic ATPase [Flp/Tad pili (VF0476) - Adherence (VFC0001)] [Aeromonas hydrophila ML09-119]",NA,"C4"
"C4.fasta","NZ_CP110364.1",3387312,3388445,"-","flpE","1-1134/1134","========/======","4/4",99.82,81.25,"vfdb","WP_016350151","(flpE) Flp pilus assembly protein ATPase [Flp/Tad pili (VF0476) - Adherence (VFC0001)] [Aeromonas hydrophila ML09-119]",NA,"C4"
"C4.fasta","NZ_CP110364.1",3388450,3388997,"-","flpD","1-548/549","========/======","7/16",98.36,80.4,"vfdb","WP_016350150","(flpD) Flp pilus assembly protein FlpD [Flp/Tad pili (VF0476) - Adherence (VFC0001)] [Aeromonas hydrophila ML09-119]",NA,"C4"
"C4.fasta","NZ_CP110364.1",3389009,3390406,"-","flpC","1-1398/1398","========/======","2/4",99.86,83.5,"vfdb","WP_043118798","(flpC) Flp pilus secretin FlpC [Flp/Tad pili (VF0476) - Adherence (VFC0001)] [Aeromonas hydrophila ML09-119]",NA,"C4"
"C4.fasta","NZ_CP110364.1",3390426,3391316,"-","flpB","1-891/891","========/======","5/18",98.99,81.33,"vfdb","WP_016350148","(flpB) Flp pilus assembly protein [Flp/Tad pili (VF0476) - Adherence (VFC0001)] [Aeromonas hydrophila ML09-119]",NA,"C4"
"C4.fasta","NZ_CP110364.1",3391739,3391936,"-","flp1","7-204/204","===============","0/0",97.06,86.87,"vfdb","WP_011705350","(flp1) Flp pilus pilin subunit [Flp/Tad pili (VF0476) - Adherence (VFC0001)] [Aeromonas hydrophila ML09-119]",NA,"C4"
"C4.fasta","NZ_CP110364.1",3570477,3572035,"+","exeA","1-1559/1647","===============","0/0",94.66,82.87,"vfdb","WP_016352107","(exeA) general secretion pathway protein A [Exe T2SS (VF0478) - Effector delivery system (VFC0086)] [Aeromonas hydrophila ML09-119]",NA,"C4"
"C4.fasta","NZ_CP110364.1",3573822,3575779,"+","exeD","1-1970/2037","========/======","11/24",95.83,85.22,"vfdb","WP_016349335","(exeD) general secretion pathway protein D [Exe T2SS (VF0478) - Effector delivery system (VFC0086)] [Aeromonas hydrophila ML09-119]",NA,"C4"
"C4.fasta","NZ_CP110364.1",3575867,3577366,"+","exeE","7-1506/1506","===============","0/0",99.6,88.93,"vfdb","WP_016349336","(exeE) general secretory pathway protein E [Exe T2SS (VF0478) - Effector delivery system (VFC0086)] [Aeromonas hydrophila ML09-119]",NA,"C4"
"C4.fasta","NZ_CP110364.1",3577368,3578587,"+","exeF","1-1220/1221","===============","0/0",99.92,88.61,"vfdb","WP_016349337","(exeF) general secretion pathway protein F [Exe T2SS (VF0478) - Effector delivery system (VFC0086)] [Aeromonas hydrophila ML09-119]",NA,"C4"
"C4.fasta","NZ_CP110364.1",3578686,3579117,"+","exeG","1-432/432","===============","0/0",100,91.67,"vfdb","WP_005308483","(exeG) general secretion pathway protein G [Exe T2SS (VF0478) - Effector delivery system (VFC0086)] [Aeromonas hydrophila ML09-119]",NA,"C4"
"C4.fasta","NZ_CP110364.1",3579187,3579726,"+","exeH","11-547/552","========/======","2/3",97.28,80.37,"vfdb","WP_016349339","(exeH) general secretion pathway protein H [Exe T2SS (VF0478) - Effector delivery system (VFC0086)] [Aeromonas hydrophila ML09-119]",NA,"C4"
"C4.fasta","NZ_CP110364.1",3579737,3580096,"+","exeI","1-360/360","===============","0/0",100,87.22,"vfdb","WP_016349340","(exeI) general secretion pathway protein I [Exe T2SS (VF0478) - Effector delivery system (VFC0086)] [Aeromonas hydrophila ML09-119]",NA,"C4"
"C4.fasta","NZ_CP110364.1",3580129,3580721,"+","exeJ","49-641/654",".==============","0/0",90.67,89.38,"vfdb","WP_016349341","(exeJ) general secretion pathway protein J [Exe T2SS (VF0478) - Effector delivery system (VFC0086)] [Aeromonas hydrophila ML09-119]",NA,"C4"
"C4.fasta","NZ_CP110364.1",3581965,3583149,"+","exeL","1-1185/1185","===============","0/0",100,81.44,"vfdb","WP_016349343","(exeL) general secretion pathway protein L [Exe T2SS (VF0478) - Effector delivery system (VFC0086)] [Aeromonas hydrophila ML09-119]",NA,"C4"
"C4.fasta","NZ_CP110364.1",3583146,3583637,"+","exeM","1-492/492","===============","0/0",100,82.93,"vfdb","WP_016349344","(exeM) general secretion pathway protein M [Exe T2SS (VF0478) - Effector delivery system (VFC0086)] [Aeromonas hydrophila ML09-119]",NA,"C4"
"C4.fasta","NZ_CP110364.1",3676014,3676613,"-","tapO","1-600/600","===============","0/0",100,80.17,"vfdb","WP_016351631","(tapO) type IV pilus biogenesis protein PilO [Tap type IV pili (VF0475) - Adherence (VFC0001)] [Aeromonas hydrophila ML09-119]",NA,"C4"
"C4.fasta","NZ_CP110364.1",3676656,3677188,"-","tapN","1-533/579","==============.","0/0",92.06,80.11,"vfdb","WP_016351632","(tapN) type IV pilus biogenesis protein PilN [Tap type IV pili (VF0475) - Adherence (VFC0001)] [Aeromonas hydrophila ML09-119]",NA,"C4"
"C4.fasta","NZ_CP110364.1",3828308,3830232,"-","vgrG2","13-1937/2232","========/=====.","6/6",86.11,83.25,"vfdb","WP_011705707","(vgrG2) VgrG protein [T6SS (VF0480) - Effector delivery system (VFC0086)] [Aeromonas hydrophila subsp. hydrophila ATCC 7966]",NA,"C4"
"C4.fasta","NZ_CP110364.1",3830607,3831125,"-","hcp","1-519/519","===============","0/0",100,94.61,"vfdb","WP_011705706","(hcp) hemolysin co-regulated protein [T6SS (VF0480) - Effector delivery system (VFC0086)] [Aeromonas hydrophila subsp. hydrophila ATCC 7966]",NA,"C4"
"C4.fasta","NZ_CP110364.1",4309734,4310252,"+","hcp","1-519/519","===============","0/0",100,92.1,"vfdb","WP_011705706","(hcp) hemolysin co-regulated protein [T6SS (VF0480) - Effector delivery system (VFC0086)] [Aeromonas hydrophila subsp. hydrophila ATCC 7966]",NA,"C4"
"C4.fasta","NZ_CP110364.1",4310437,4310724,"+","AHA_RS09305","1-288/288","========/======","2/2",99.65,81.31,"vfdb","WP_011705727","(AHA_RS09305) type VI secretion system PAAR protein [T6SS (VF0480) - Effector delivery system (VFC0086)] [Aeromonas hydrophila subsp. hydrophila ATCC 7966]",NA,"C4"
"C4.fasta","NZ_CP110364.1",4493186,4493806,"-","mshB","52-672/672",".==============","0/0",92.41,86.15,"vfdb","WP_043118279","(mshB) MSHA (mannose-sensitive hemagglutinin) pili minor prepilin protein MshB [MSHA type IV pili (VF0477) - Adherence (VFC0001)] [Aeromonas hydrophila ML09-119]",NA,"C4"
"C4.fasta","NZ_CP110364.1",4494485,4495697,"-","mshG","9-1221/1221","===============","0/0",99.34,88.21,"vfdb","WP_016349160","(mshG) MSHA (mannose-sensitive hemagglutinin) pili biogenesis protein MshG GspF-like [MSHA type IV pili (VF0477) - Adherence (VFC0001)] [Aeromonas hydrophila ML09-119]",NA,"C4"
"C4.fasta","NZ_CP110364.1",4495709,4497418,"-","mshE","1-1710/1710","===============","0/0",100,89.94,"vfdb","WP_043118275","(mshE) ATPase protein MshE GspE-like [MSHA type IV pili (VF0477) - Adherence (VFC0001)] [Aeromonas hydrophila ML09-119]",NA,"C4"
"C4.fasta","NZ_CP110364.1",4498584,4499474,"-","mshM","1-891/891","===============","0/0",100,86.87,"vfdb","WP_016349157","(mshM) membrane protein with ATPase domain GspA-like [MSHA type IV pili (VF0477) - Adherence (VFC0001)] [Aeromonas hydrophila ML09-119]",NA,"C4"
"C4.fasta","NZ_CP110364.1",4499567,4501240,"-","mshL","1-1674/1674","========/======","9/32",99.04,81.72,"vfdb","WP_016349156","(mshL) MSHA (mannose-sensitive hemagglutinin) pili biogenesis protein MshL outer membrane secretin GspD-like [MSHA type IV pili (VF0477) - Adherence (VFC0001)] [Aeromonas hydrophila ML09-119]",NA,"C4"
"C4.fasta","NZ_CP110364.1",4502280,4502873,"-","mshI1","1-594/594","========/======","4/4",99.66,80.37,"vfdb","WP_016349153","(mshI1) MSHA (mannose-sensitive hemagglutinin) pili biogenesis protein MshI1 bitopic inner membrane protein [MSHA type IV pili (VF0477) - Adherence (VFC0001)] [Aeromonas hydrophila ML09-119]",NA,"C4"
"C4.fasta","NZ_CP110364.1",4502878,4503736,"-","mshI","1-859/864","===============","0/0",99.42,83.7,"vfdb","WP_016349152","(mshI) MSHA (mannose-sensitive hemagglutinin) pili biogenesis protein MshI bitopic inner membrane protein [MSHA type IV pili (VF0477) - Adherence (VFC0001)] [Aeromonas hydrophila ML09-119]",NA,"C4"
"D3.fasta","NZ_CP186281.1",365215,366078,"+","mshI","1-864/864","===============","0/0",100,83.91,"vfdb","WP_016349152","(mshI) MSHA (mannose-sensitive hemagglutinin) pili biogenesis protein MshI bitopic inner membrane protein [MSHA type IV pili (VF0477) - Adherence (VFC0001)] [Aeromonas hydrophila ML09-119]",NA,"D3"
"D3.fasta","NZ_CP186281.1",366078,366671,"+","mshI1","1-594/594","========/======","4/4",99.66,80.2,"vfdb","WP_016349153","(mshI1) MSHA (mannose-sensitive hemagglutinin) pili biogenesis protein MshI1 bitopic inner membrane protein [MSHA type IV pili (VF0477) - Adherence (VFC0001)] [Aeromonas hydrophila ML09-119]",NA,"D3"
"D3.fasta","NZ_CP186281.1",369552,370442,"+","mshM","1-891/891","===============","0/0",100,87.54,"vfdb","WP_016349157","(mshM) membrane protein with ATPase domain GspA-like [MSHA type IV pili (VF0477) - Adherence (VFC0001)] [Aeromonas hydrophila ML09-119]",NA,"D3"
"D3.fasta","NZ_CP186281.1",371608,373317,"+","mshE","1-1710/1710","===============","0/0",100,89.88,"vfdb","WP_043118275","(mshE) ATPase protein MshE GspE-like [MSHA type IV pili (VF0477) - Adherence (VFC0001)] [Aeromonas hydrophila ML09-119]",NA,"D3"
"D3.fasta","NZ_CP186281.1",373329,374541,"+","mshG","9-1221/1221","===============","0/0",99.34,87.88,"vfdb","WP_016349160","(mshG) MSHA (mannose-sensitive hemagglutinin) pili biogenesis protein MshG GspF-like [MSHA type IV pili (VF0477) - Adherence (VFC0001)] [Aeromonas hydrophila ML09-119]",NA,"D3"
"D3.fasta","NZ_CP186281.1",375209,375827,"+","mshB","52-670/672",".=======/======","2/4",91.82,86.31,"vfdb","WP_043118279","(mshB) MSHA (mannose-sensitive hemagglutinin) pili minor prepilin protein MshB [MSHA type IV pili (VF0477) - Adherence (VFC0001)] [Aeromonas hydrophila ML09-119]",NA,"D3"
"D3.fasta","NZ_CP186281.1",563119,564153,"+","tapT","1-1035/1035","===============","0/0",100,91.11,"vfdb","WP_011707389","(tapT) twitching ATPase [Tap type IV pili (VF0475) - Adherence (VFC0001)] [Aeromonas hydrophila ML09-119]",NA,"D3"
"D3.fasta","NZ_CP186281.1",564182,565291,"+","tapU","1-1110/1110","========/======","2/6",99.73,83.74,"vfdb","WP_016351972","(tapU) twitching ATPase [Tap type IV pili (VF0475) - Adherence (VFC0001)] [Aeromonas hydrophila ML09-119]",NA,"D3"
"D3.fasta","NZ_CP186281.1",578798,579347,"+","motX","51-600/600",".==============","0/0",91.67,82.91,"vfdb","WP_016349413","(motX) sodium-type flagellar motor component [Polar flagella (VF0473) - Motility (VFC0204)] [Aeromonas hydrophila ML09-119]",NA,"D3"
"D3.fasta","NZ_CP186281.1",607341,610659,"+","tapY1","34-3354/3354","========/======","1/2",98.96,85.94,"vfdb","WP_016349432","(tapY1) type IV pilus biogenesis protein [Tap type IV pili (VF0475) - Adherence (VFC0001)] [Aeromonas hydrophila ML09-119]",NA,"D3"
"D3.fasta","NZ_CP186281.1",610668,611069,"+","tppA","1-402/402","===============","0/0",100,81.34,"vfdb","WP_016349433","(tppA) type IV pilus pseudopilin [Tap type IV pili (VF0475) - Adherence (VFC0001)] [Aeromonas hydrophila ML09-119]",NA,"D3"
"D3.fasta","NZ_CP186281.1",900039,900797,"+","pomA2","1-759/759","===============","0/0",100,86.56,"vfdb","WP_011707085","(pomA2) chemotaxis protein PomA [Polar flagella (VF0473) - Motility (VFC0204)] [Aeromonas hydrophila ML09-119]",NA,"D3"
"D3.fasta","NZ_CP186281.1",900815,901677,"+","pomB2","10-878/900","========/======","2/6",95.89,83.66,"vfdb","WP_016351724","(pomB2) flagellar motor protein MotB [Polar flagella (VF0473) - Motility (VFC0204)] [Aeromonas hydrophila ML09-119]",NA,"D3"
"D3.fasta","NZ_CP186281.1",1271890,1272381,"-","exeM","1-492/492","===============","0/0",100,82.93,"vfdb","WP_016349344","(exeM) general secretion pathway protein M [Exe T2SS (VF0478) - Effector delivery system (VFC0086)] [Aeromonas hydrophila ML09-119]",NA,"D3"
"D3.fasta","NZ_CP186281.1",1272378,1273562,"-","exeL","1-1185/1185","========/======","2/2",99.92,81.7,"vfdb","WP_016349343","(exeL) general secretion pathway protein L [Exe T2SS (VF0478) - Effector delivery system (VFC0086)] [Aeromonas hydrophila ML09-119]",NA,"D3"
"D3.fasta","NZ_CP186281.1",1274812,1275413,"-","exeJ","40-641/654","===============","0/0",92.05,88.21,"vfdb","WP_016349341","(exeJ) general secretion pathway protein J [Exe T2SS (VF0478) - Effector delivery system (VFC0086)] [Aeromonas hydrophila ML09-119]",NA,"D3"
"D3.fasta","NZ_CP186281.1",1275446,1275805,"-","exeI","1-360/360","===============","0/0",100,86.67,"vfdb","WP_016349340","(exeI) general secretion pathway protein I [Exe T2SS (VF0478) - Effector delivery system (VFC0086)] [Aeromonas hydrophila ML09-119]",NA,"D3"
"D3.fasta","NZ_CP186281.1",1276499,1276930,"-","exeG","1-432/432","===============","0/0",100,91.44,"vfdb","WP_005308483","(exeG) general secretion pathway protein G [Exe T2SS (VF0478) - Effector delivery system (VFC0086)] [Aeromonas hydrophila ML09-119]",NA,"D3"
"D3.fasta","NZ_CP186281.1",1277029,1278248,"-","exeF","1-1220/1221","===============","0/0",99.92,87.54,"vfdb","WP_016349337","(exeF) general secretion pathway protein F [Exe T2SS (VF0478) - Effector delivery system (VFC0086)] [Aeromonas hydrophila ML09-119]",NA,"D3"
"D3.fasta","NZ_CP186281.1",1278250,1279749,"-","exeE","7-1506/1506","===============","0/0",99.6,89.8,"vfdb","WP_016349336","(exeE) general secretory pathway protein E [Exe T2SS (VF0478) - Effector delivery system (VFC0086)] [Aeromonas hydrophila ML09-119]",NA,"D3"
"D3.fasta","NZ_CP186281.1",1279837,1281794,"-","exeD","1-1970/2037","========/======","11/24",95.83,84.97,"vfdb","WP_016349335","(exeD) general secretion pathway protein D [Exe T2SS (VF0478) - Effector delivery system (VFC0086)] [Aeromonas hydrophila ML09-119]",NA,"D3"
"D3.fasta","NZ_CP186281.1",1283582,1285140,"-","exeA","1-1559/1647","===============","0/0",94.66,82.68,"vfdb","WP_016352107","(exeA) general secretion pathway protein A [Exe T2SS (VF0478) - Effector delivery system (VFC0086)] [Aeromonas hydrophila ML09-119]",NA,"D3"
"D3.fasta","NZ_CP186281.1",1598342,1598660,"-","flgM","1-319/321","===============","0/0",99.38,80.25,"vfdb","WP_011706648","(flgM) anti-sigma-D factor [Polar flagella (VF0473) - Motility (VFC0204)] [Aeromonas hydrophila ML09-119]",NA,"D3"
"D3.fasta","NZ_CP186281.1",1599580,1600491,"+","cheV","1-912/912","===============","0/0",100,86.08,"vfdb","WP_011706646","(cheV) CheV [Polar flagella (VF0473) - Motility (VFC0204)] [Aeromonas hydrophila ML09-119]",NA,"D3"
"D3.fasta","NZ_CP186281.1",1600509,1601331,"+","cheR-3","1-823/825","===============","0/0",99.76,86.27,"vfdb","WP_011706645","(cheR-3) chemotaxis protein CheR [Polar flagella (VF0473) - Motility (VFC0204)] [Aeromonas hydrophila ML09-119]",NA,"D3"
"D3.fasta","NZ_CP186281.1",1601629,1602027,"+","flgB","1-399/399","========/======","2/6",99.25,81.59,"vfdb","WP_011706644","(flgB) flagellar basal-body rod protein FlgB [Polar flagella (VF0473) - Motility (VFC0204)] [Aeromonas hydrophila ML09-119]",NA,"D3"
"D3.fasta","NZ_CP186281.1",1602027,1602446,"+","flgC","1-420/420","===============","0/0",100,90.48,"vfdb","WP_011706643","(flgC) flagellar basal body rod protein FlgC [Polar flagella (VF0473) - Motility (VFC0204)] [Aeromonas hydrophila ML09-119]",NA,"D3"
"D3.fasta","NZ_CP186281.1",1604744,1605490,"+","flgF","1-747/747","===============","0/0",100,85.54,"vfdb","WP_011706640","(flgF) flagellar basal-body rod protein FlgF [Polar flagella (VF0473) - Motility (VFC0204)] [Aeromonas hydrophila ML09-119]",NA,"D3"
"D3.fasta","NZ_CP186281.1",1605506,1606294,"+","flgG","1-789/789","========/======","2/2",99.87,87.34,"vfdb","WP_011706639","(flgG) flagellar basal body rod protein FlgG [Polar flagella (VF0473) - Motility (VFC0204)] [Aeromonas hydrophila ML09-119]",NA,"D3"
"D3.fasta","NZ_CP186281.1",1606309,1606980,"+","flgH","1-672/672","===============","0/0",100,86.01,"vfdb","WP_011706638","(flgH) flagellar basal body L-ring protein [Polar flagella (VF0473) - Motility (VFC0204)] [Aeromonas hydrophila ML09-119]",NA,"D3"
"D3.fasta","NZ_CP186281.1",1606989,1608086,"+","flgI","1-1098/1098","===============","0/0",100,86.34,"vfdb","WP_011706637","(flgI) flagellar basal body P-ring protein [Polar flagella (VF0473) - Motility (VFC0204)] [Aeromonas hydrophila ML09-119]",NA,"D3"
"D3.fasta","NZ_CP186281.1",1608130,1609179,"+","flgJ","1-1053/1092","========/======","9/25",95.15,80.64,"vfdb","WP_016351320","(flgJ) flagellar rod assembly protein/muramidase FlgJ [Polar flagella (VF0473) - Motility (VFC0204)] [Aeromonas hydrophila ML09-119]",NA,"D3"
"D3.fasta","NZ_CP186281.1",1619786,1621200,"+","flrA","1-1415/1422","========/======","2/2",99.44,86.79,"vfdb","WP_017409846","(flrA) FleQ protein [Polar flagella (VF0473) - Motility (VFC0204)] [Aeromonas hydrophila ML09-119]",NA,"D3"
"D3.fasta","NZ_CP186281.1",1621314,1622348,"+","flrB","1-1035/1035","========/======","4/4",99.81,85.63,"vfdb","WP_016351312","(flrB) two-component sensor kinase [Polar flagella (VF0473) - Motility (VFC0204)] [Aeromonas hydrophila ML09-119]",NA,"D3"
"D3.fasta","NZ_CP186281.1",1622345,1623688,"+","flrC","1-1344/1344","===============","0/0",100,88.24,"vfdb","WP_011706626","(flrC) transcriptional activator [Polar flagella (VF0473) - Motility (VFC0204)] [Aeromonas hydrophila ML09-119]",NA,"D3"
"D3.fasta","NZ_CP186281.1",1724353,1724778,"+","flaG","1-423/423","========/======","1/3",100,81.22,"vfdb","WP_043118910","(flaG) flagellin protein [Polar flagella (VF0473) - Motility (VFC0204)] [Aeromonas hydrophila ML09-119]",NA,"D3"
"D3.fasta","NZ_CP186281.1",1724804,1726204,"+","flaH","1-1398/1398","========/======","1/3",100,82.51,"vfdb","WP_016350352","(flaH) flagellar hook-associated protein 2 [Polar flagella (VF0473) - Motility (VFC0204)] [Aeromonas hydrophila ML09-119]",NA,"D3"
"D3.fasta","NZ_CP186281.1",1726228,1726650,"+","flaJ","1-423/423","===============","0/0",100,85.34,"vfdb","WP_016350353","(flaJ) flagellar specific chaperone FlaJ/FliS [Polar flagella (VF0473) - Motility (VFC0204)] [Aeromonas hydrophila ML09-119]",NA,"D3"
"D3.fasta","NZ_CP186281.1",1729868,1730883,"-","nueB","10-1025/1050","===============","0/0",96.76,87.7,"vfdb","WP_016350359","(nueB) pseudaminic acid synthase NeuB [Polar flagella (VF0473) - Motility (VFC0204)] [Aeromonas hydrophila ML09-119]",NA,"D3"
"D3.fasta","NZ_CP186281.1",2235689,2236423,"+","flmH","1-735/735","===============","0/0",100,90.61,"vfdb","WP_005300916","(flmH) short chain dehydrogenase/reductase family oxidoreductase [Polar flagella (VF0473) - Motility (VFC0204)] [Aeromonas hydrophila ML09-119]",NA,"D3"
"D3.fasta","NZ_CP186281.1",2761530,2762321,"-","tapF","1-792/792","========/======","2/6",99.62,88.18,"vfdb","WP_011705643","(tapF) type IV pilus biogenesis/stability protein pilW-like [Tap type IV pili (VF0475) - Adherence (VFC0001)] [Aeromonas hydrophila ML09-119]",NA,"D3"
"D3.fasta","NZ_CP186281.1",2850758,2851507,"-","nueA","1-762/762","========/======","2/12",98.43,88.06,"vfdb","WP_016351249","(nueA) NeuA protein [Polar flagella (VF0473) - Motility (VFC0204)] [Aeromonas hydrophila ML09-119]",NA,"D3"
"D3.fasta","NZ_CP186281.1",2913070,2913943,"-","motY","1-874/876","===============","0/0",99.77,87.99,"vfdb","WP_024944879","(motY) sodium-type flagellar protein MotY [Polar flagella (VF0473) - Motility (VFC0204)] [Aeromonas hydrophila ML09-119]",NA,"D3"
"D3.fasta","NZ_CP186281.1",2937244,2938381,"+","tapW","1-1138/1140","===============","0/0",99.82,90.6,"vfdb","WP_011706550","(tapW) twitching ATPase [Tap type IV pili (VF0475) - Adherence (VFC0001)] [Aeromonas hydrophila ML09-119]",NA,"D3"
"D3.fasta","NZ_CP186281.1",3212869,3213663,"-","AHML_RS07540","1-795/795","===============","0/0",100,84.53,"vfdb","WP_011705294","(AHML_RS07540) CobQ/CobB/MinD/ParA family protein [Polar flagella (VF0473) - Motility (VFC0204)] [Aeromonas hydrophila ML09-119]",NA,"D3"
"D3.fasta","NZ_CP186281.1",3215331,3216446,"-","cheB-2","1-1116/1116","========/======","2/2",99.91,83.35,"vfdb","WP_016350060","(cheB-2) chemotaxis-specific methylesterase [Polar flagella (VF0473) - Motility (VFC0204)] [Aeromonas hydrophila ML09-119]",NA,"D3"
"D3.fasta","NZ_CP186281.1",3218683,3219423,"-","cheZ","1-741/741","===============","0/0",100,85.83,"vfdb","WP_011705289","(cheZ) chemotaxis protein CheZ [Polar flagella (VF0473) - Motility (VFC0204)] [Aeromonas hydrophila ML09-119]",NA,"D3"
"D3.fasta","NZ_CP186281.1",3219436,3219819,"-","cheY","1-384/384","===============","0/0",100,87.5,"vfdb","WP_010634617","(cheY) chemotaxis protein CheY [Polar flagella (VF0473) - Motility (VFC0204)] [Aeromonas hydrophila ML09-119]",NA,"D3"
"D3.fasta","NZ_CP186281.1",3219931,3220650,"-","fliA","1-720/720","========/======","2/2",99.86,83.22,"vfdb","WP_017409955","(fliA) flagellar biosynthesis sigma factor [Polar flagella (VF0473) - Motility (VFC0204)] [Aeromonas hydrophila ML09-119]",NA,"D3"
"D3.fasta","NZ_CP186281.1",3220643,3221518,"-","flhG","1-876/876","===============","0/0",100,88.58,"vfdb","WP_010634619","(flhG) CobQ/CobB/MinD/ParA family protein [Polar flagella (VF0473) - Motility (VFC0204)] [Aeromonas hydrophila ML09-119]",NA,"D3"
"D3.fasta","NZ_CP186281.1",3221520,3222944,"-","flhF","1-1422/1422","========/======","6/13",99.65,88.81,"vfdb","WP_016350057","(flhF) flagellar biosynthesis protein FlhF [Polar flagella (VF0473) - Motility (VFC0204)] [Aeromonas hydrophila ML09-119]",NA,"D3"
"D3.fasta","NZ_CP186281.1",3222961,3225063,"-","flhA","1-2103/2103","===============","0/0",100,87.26,"vfdb","WP_016350056","(flhA) flagellar biosynthesis protein FlhA [Polar flagella (VF0473) - Motility (VFC0204)] [Aeromonas hydrophila ML09-119]",NA,"D3"
"D3.fasta","NZ_CP186281.1",3225171,3226301,"-","flhB","1-1131/1131","========/======","2/8",99.65,85.99,"vfdb","WP_016350055","(flhB) flagellar biosynthetic protein FlhB [Polar flagella (VF0473) - Motility (VFC0204)] [Aeromonas hydrophila ML09-119]",NA,"D3"
"D3.fasta","NZ_CP186281.1",3226306,3227091,"-","fliR","1-786/792","===============","0/0",99.24,81.42,"vfdb","WP_011705283","(fliR) flagellar biosynthesis protein FliR [Polar flagella (VF0473) - Motility (VFC0204)] [Aeromonas hydrophila ML09-119]",NA,"D3"
"D3.fasta","NZ_CP186281.1",3227088,3227357,"-","fliQ","1-270/270","===============","0/0",100,84.44,"vfdb","WP_011705282","(fliQ) flagellar biosynthetic protein FliQ [Polar flagella (VF0473) - Motility (VFC0204)] [Aeromonas hydrophila ML09-119]",NA,"D3"
"D3.fasta","NZ_CP186281.1",3227386,3228156,"-","fliP","1-774/780","========/======","2/5",98.72,86.06,"vfdb","WP_016350054","(fliP) flagellar biosynthesis protein FliP [Polar flagella (VF0473) - Motility (VFC0204)] [Aeromonas hydrophila ML09-119]",NA,"D3"
"D3.fasta","NZ_CP186281.1",3228143,3228463,"-","fliO","64-384/384","..=============","0/0",83.59,86.92,"vfdb","WP_005298795","(fliO) flagellar biosynthesis protein FliO [Polar flagella (VF0473) - Motility (VFC0204)] [Aeromonas hydrophila ML09-119]",NA,"D3"
"D3.fasta","NZ_CP186281.1",3228520,3228912,"-","fliN","1-393/393","===============","0/0",100,89.57,"vfdb","WP_011705280","(fliN) flagellar motor switch protein FliN [Polar flagella (VF0473) - Motility (VFC0204)] [Aeromonas hydrophila ML09-119]",NA,"D3"
"D3.fasta","NZ_CP186281.1",3228962,3230032,"-","fliM","1-1071/1071","===============","0/0",100,90.76,"vfdb","WP_011705279","(fliM) flagellar motor switch protein FliM [Polar flagella (VF0473) - Motility (VFC0204)] [Aeromonas hydrophila ML09-119]",NA,"D3"
"D3.fasta","NZ_CP186281.1",3230041,3230555,"-","fliL","1-518/519","========/======","1/3",99.23,85.14,"vfdb","WP_011705278","(fliL) flagellar basal body-associated protein FliL [Polar flagella (VF0473) - Motility (VFC0204)] [Aeromonas hydrophila ML09-119]",NA,"D3"
"D3.fasta","NZ_CP186281.1",3232609,3233049,"-","fliJ","1-441/441","===============","0/0",100,86.39,"vfdb","WP_011705276","(fliJ) flagellar export protein FliJ [Polar flagella (VF0473) - Motility (VFC0204)] [Aeromonas hydrophila ML09-119]",NA,"D3"
"D3.fasta","NZ_CP186281.1",3233077,3234408,"-","fliI","1-1332/1332","===============","0/0",100,89.11,"vfdb","WP_011705275","(fliI) flagellum-specific ATP synthase [Polar flagella (VF0473) - Motility (VFC0204)] [Aeromonas hydrophila ML09-119]",NA,"D3"
"D3.fasta","NZ_CP186281.1",3234491,3235282,"-","fliH","7-792/807","========/======","4/12",97.03,81.26,"vfdb","WP_016350051","(fliH) flagellar assembly protein FliH [Polar flagella (VF0473) - Motility (VFC0204)] [Aeromonas hydrophila ML09-119]",NA,"D3"
"D3.fasta","NZ_CP186281.1",3235356,3236415,"-","fliG","1-1060/1062","===============","0/0",99.81,93.11,"vfdb","WP_011705273","(fliG) flagellar motor switch protein G [Polar flagella (VF0473) - Motility (VFC0204)] [Aeromonas hydrophila ML09-119]",NA,"D3"
"D3.fasta","NZ_CP186281.1",3236408,3238117,"-","fliF","1-1713/1713","========/======","1/3",99.82,86.69,"vfdb","WP_016350050","(fliF) flagellar MS-ring protein [Polar flagella (VF0473) - Motility (VFC0204)] [Aeromonas hydrophila ML09-119]",NA,"D3"
"D3.fasta","NZ_CP186281.1",3238180,3238497,"-","fliE","1-318/318","===============","0/0",100,89.62,"vfdb","WP_011705271","(fliE) flagellar hook-basal body complex protein FliE [Polar flagella (VF0473) - Motility (VFC0204)] [Aeromonas hydrophila ML09-119]",NA,"D3"
"D3.fasta","NZ_CP186281.1",4083110,4084816,"+","tapB","1-1707/1707","===============","0/0",100,87.11,"vfdb","WP_016352168","(tapB) type IV pilus assembly ATPase PilB-like [Tap type IV pili (VF0475) - Adherence (VFC0001)] [Aeromonas hydrophila ML09-119]",NA,"D3"
"D3.fasta","NZ_CP186281.1",4085056,4086281,"+","tapC","1-1226/1242","===============","0/0",98.71,86.05,"vfdb","WP_016352169","(tapC) type IV fimbrial assembly protein PilC-like [Tap type IV pili (VF0475) - Adherence (VFC0001)] [Aeromonas hydrophila ML09-119]",NA,"D3"
"D3.fasta","NZ_CP186281.1",4086382,4087216,"+","tapD/pilD","24-858/873","========/======","2/2",95.53,82.78,"vfdb","WP_016352170","(tapD/pilD) prepilin peptidase [Tap type IV pili (VF0475) - Adherence (VFC0001)] [Aeromonas hydrophila ML09-119]",NA,"D3"
"D3.fasta","NZ_CP186281.1",4112964,4113821,"-","lafT","1-858/858","========/======","2/2",99.88,84.75,"vfdb","WP_005314215","(lafT) LafT flagella motor stator protein [Lateral flagella (VF0474) - Motility (VFC0204)] [Aeromonas salmonicida subsp. salmonicida A449]",NA,"D3"
"D3.fasta","NZ_CP186281.1",4123190,4123588,"-","flgJ","1-399/399","===============","0/0",100,80.7,"vfdb","WP_005314251","(flgJ) peptidoglycan hydrolase [Lateral flagella (VF0474) - Motility (VFC0204)] [Aeromonas salmonicida subsp. salmonicida A449]",NA,"D3"
"D3.fasta","NZ_CP186281.1",4123597,4124703,"-","flgI","1-1107/1107","===============","0/0",100,81.84,"vfdb","WP_005314254","(flgI) flagellar basal body P-ring protein [Lateral flagella (VF0474) - Motility (VFC0204)] [Aeromonas salmonicida subsp. salmonicida A449]",NA,"D3"
"D3.fasta","NZ_CP186281.1",4124712,4125383,"-","lfgH","1-672/672","===============","0/0",100,82.59,"vfdb","WP_005314257","(lfgH) lateral flagellar L-ring protein LfgH [Lateral flagella (VF0474) - Motility (VFC0204)] [Aeromonas salmonicida subsp. salmonicida A449]",NA,"D3"
"D3.fasta","NZ_CP186281.1",4125385,4126168,"-","lfgG","1-784/786","===============","0/0",99.75,83.55,"vfdb","WP_005314259","(lfgG) lateral flagellar basal-body rod protein LfgG [Lateral flagella (VF0474) - Motility (VFC0204)] [Aeromonas salmonicida subsp. salmonicida A449]",NA,"D3"
"D3.fasta","NZ_CP186281.1",4126251,4126981,"-","lfgF","1-731/735","===============","0/0",99.46,82.08,"vfdb","WP_005314261","(lfgF) lateral flagellar basal-body rod protein LfgF [Lateral flagella (VF0474) - Motility (VFC0204)] [Aeromonas salmonicida subsp. salmonicida A449]",NA,"D3"
"D3.fasta","NZ_CP186281.1",4126991,4128193,"-","flgE","1-1194/1194","========/======","3/33",98.99,80,"vfdb","WP_005314263","(flgE) flagellar hook protein FlgE [Lateral flagella (VF0474) - Motility (VFC0204)] [Aeromonas salmonicida subsp. salmonicida A449]",NA,"D3"
"D3.fasta","NZ_CP186281.1",4128928,4129348,"-","flgC","1-421/426","===============","0/0",98.83,81.47,"vfdb","WP_005314270","(flgC) flagellar basal body rod protein FlgC [Lateral flagella (VF0474) - Motility (VFC0204)] [Aeromonas salmonicida subsp. salmonicida A449]",NA,"D3"
"D3.fasta","NZ_CP186281.1",4129351,4129740,"-","lfgB","1-390/390","===============","0/0",100,83.85,"vfdb","WP_005314272","(lfgB) lateral flagellar basal body protein LfgB [Lateral flagella (VF0474) - Motility (VFC0204)] [Aeromonas salmonicida subsp. salmonicida A449]",NA,"D3"
"D3.fasta","NZ_CP186281.1",4133845,4134873,"-","fliG","1-1029/1029","===============","0/0",100,83.97,"vfdb","WP_005314289","(fliG) flagellar motor switch protein G [Lateral flagella (VF0474) - Motility (VFC0204)] [Aeromonas salmonicida subsp. salmonicida A449]",NA,"D3"
"D3.fasta","NZ_CP186281.1",4136626,4136952,"-","lfiE","1-327/327","===============","0/0",100,83.79,"vfdb","WP_005314292","(lfiE) lateral flagellar hook basal body protein LfiE [Lateral flagella (VF0474) - Motility (VFC0204)] [Aeromonas salmonicida subsp. salmonicida A449]",NA,"D3"
"D3.fasta","NZ_CP186281.1",4138748,4140814,"-","lfhA","1-2067/2076","===============","0/0",99.57,82.05,"vfdb","WP_005314296","(lfhA) lateral flagellar biosynthesis protein [Lateral flagella (VF0474) - Motility (VFC0204)] [Aeromonas salmonicida subsp. salmonicida A449]",NA,"D3"
"D3.fasta","NZ_CP186281.1",4140818,4141954,"-","lfhB","1-1137/1137","===============","0/0",100,80.92,"vfdb","WP_005314298","(lfhB) lateral flagellar biosynthetic protein LfhB [Lateral flagella (VF0474) - Motility (VFC0204)] [Aeromonas salmonicida subsp. salmonicida A449]",NA,"D3"
"D3.fasta","NZ_CP186281.1",4143001,4143735,"-","fliP","1-735/735","===============","0/0",100,80.95,"vfdb","WP_005314307","(fliP) flagellar biosynthesis protein FliP [Lateral flagella (VF0474) - Motility (VFC0204)] [Aeromonas salmonicida subsp. salmonicida A449]",NA,"D3"
"D3.fasta","NZ_CP186281.1",4143735,4144112,"-","lfiN","1-378/378","===============","0/0",100,85.19,"vfdb","WP_005314315","(lfiN) lateral flagellar motor switch protein lfiN [Lateral flagella (VF0474) - Motility (VFC0204)] [Aeromonas salmonicida subsp. salmonicida A449]",NA,"D3"
"FC951.fasta","NZ_CP032839.1",385935,386312,"+","lfiN","1-378/378","===============","0/0",100,85.45,"vfdb","WP_005314315","(lfiN) lateral flagellar motor switch protein lfiN [Lateral flagella (VF0474) - Motility (VFC0204)] [Aeromonas salmonicida subsp. salmonicida A449]",NA,"FC951"
"FC951.fasta","NZ_CP032839.1",386312,387046,"+","fliP","1-735/735","===============","0/0",100,80.54,"vfdb","WP_005314307","(fliP) flagellar biosynthesis protein FliP [Lateral flagella (VF0474) - Motility (VFC0204)] [Aeromonas salmonicida subsp. salmonicida A449]",NA,"FC951"
"FC951.fasta","NZ_CP032839.1",387049,387317,"+","lfiQ","2-270/270","===============","0/0",99.63,80.3,"vfdb","WP_005314303","(lfiQ) lateral flagellar biosynthetic protein LfiQ [Lateral flagella (VF0474) - Motility (VFC0204)] [Aeromonas salmonicida subsp. salmonicida A449]",NA,"FC951"
"FC951.fasta","NZ_CP032839.1",388093,389229,"+","lfhB","1-1137/1137","===============","0/0",100,81.09,"vfdb","WP_005314298","(lfhB) lateral flagellar biosynthetic protein LfhB [Lateral flagella (VF0474) - Motility (VFC0204)] [Aeromonas salmonicida subsp. salmonicida A449]",NA,"FC951"
"FC951.fasta","NZ_CP032839.1",389233,391299,"+","lfhA","1-2067/2076","===============","0/0",99.57,82.1,"vfdb","WP_005314296","(lfhA) lateral flagellar biosynthesis protein [Lateral flagella (VF0474) - Motility (VFC0204)] [Aeromonas salmonicida subsp. salmonicida A449]",NA,"FC951"
"FC951.fasta","NZ_CP032839.1",394544,394870,"+","lfiE","1-327/327","===============","0/0",100,83.79,"vfdb","WP_005314292","(lfiE) lateral flagellar hook basal body protein LfiE [Lateral flagella (VF0474) - Motility (VFC0204)] [Aeromonas salmonicida subsp. salmonicida A449]",NA,"FC951"
"FC951.fasta","NZ_CP032839.1",396623,397651,"+","fliG","1-1029/1029","===============","0/0",100,84.84,"vfdb","WP_005314289","(fliG) flagellar motor switch protein G [Lateral flagella (VF0474) - Motility (VFC0204)] [Aeromonas salmonicida subsp. salmonicida A449]",NA,"FC951"
"FC951.fasta","NZ_CP032839.1",401757,402146,"+","lfgB","1-390/390","===============","0/0",100,84.87,"vfdb","WP_005314272","(lfgB) lateral flagellar basal body protein LfgB [Lateral flagella (VF0474) - Motility (VFC0204)] [Aeromonas salmonicida subsp. salmonicida A449]",NA,"FC951"
"FC951.fasta","NZ_CP032839.1",402149,402569,"+","flgC","1-421/426","===============","0/0",98.83,81.95,"vfdb","WP_005314270","(flgC) flagellar basal body rod protein FlgC [Lateral flagella (VF0474) - Motility (VFC0204)] [Aeromonas salmonicida subsp. salmonicida A449]",NA,"FC951"
"FC951.fasta","NZ_CP032839.1",404556,405286,"+","lfgF","1-731/735","===============","0/0",99.46,83.04,"vfdb","WP_005314261","(lfgF) lateral flagellar basal-body rod protein LfgF [Lateral flagella (VF0474) - Motility (VFC0204)] [Aeromonas salmonicida subsp. salmonicida A449]",NA,"FC951"
"FC951.fasta","NZ_CP032839.1",405369,406152,"+","lfgG","1-784/786","===============","0/0",99.75,83.04,"vfdb","WP_005314259","(lfgG) lateral flagellar basal-body rod protein LfgG [Lateral flagella (VF0474) - Motility (VFC0204)] [Aeromonas salmonicida subsp. salmonicida A449]",NA,"FC951"
"FC951.fasta","NZ_CP032839.1",406154,406825,"+","lfgH","1-672/672","===============","0/0",100,82.14,"vfdb","WP_005314257","(lfgH) lateral flagellar L-ring protein LfgH [Lateral flagella (VF0474) - Motility (VFC0204)] [Aeromonas salmonicida subsp. salmonicida A449]",NA,"FC951"
"FC951.fasta","NZ_CP032839.1",406834,407940,"+","flgI","1-1107/1107","===============","0/0",100,81.48,"vfdb","WP_005314254","(flgI) flagellar basal body P-ring protein [Lateral flagella (VF0474) - Motility (VFC0204)] [Aeromonas salmonicida subsp. salmonicida A449]",NA,"FC951"
"FC951.fasta","NZ_CP032839.1",407949,408347,"+","flgJ","1-399/399","===============","0/0",100,80.45,"vfdb","WP_005314251","(flgJ) peptidoglycan hydrolase [Lateral flagella (VF0474) - Motility (VFC0204)] [Aeromonas salmonicida subsp. salmonicida A449]",NA,"FC951"
"FC951.fasta","NZ_CP032839.1",417685,418542,"+","lafT","1-858/858","===============","0/0",100,84.61,"vfdb","WP_005314215","(lafT) LafT flagella motor stator protein [Lateral flagella (VF0474) - Motility (VFC0204)] [Aeromonas salmonicida subsp. salmonicida A449]",NA,"FC951"
"FC951.fasta","NZ_CP032839.1",444401,445235,"-","tapD/pilD","24-858/873","========/======","2/2",95.53,82.42,"vfdb","WP_016352170","(tapD/pilD) prepilin peptidase [Tap type IV pili (VF0475) - Adherence (VFC0001)] [Aeromonas hydrophila ML09-119]",NA,"FC951"
"FC951.fasta","NZ_CP032839.1",445336,446561,"-","tapC","1-1226/1242","===============","0/0",98.71,86.46,"vfdb","WP_016352169","(tapC) type IV fimbrial assembly protein PilC-like [Tap type IV pili (VF0475) - Adherence (VFC0001)] [Aeromonas hydrophila ML09-119]",NA,"FC951"
"FC951.fasta","NZ_CP032839.1",446802,448508,"-","tapB","1-1707/1707","===============","0/0",100,86.35,"vfdb","WP_016352168","(tapB) type IV pilus assembly ATPase PilB-like [Tap type IV pili (VF0475) - Adherence (VFC0001)] [Aeromonas hydrophila ML09-119]",NA,"FC951"
"FC951.fasta","NZ_CP032839.1",965749,966497,"+","pomA2","1-749/759","===============","0/0",98.68,83.58,"vfdb","WP_011707085","(pomA2) chemotaxis protein PomA [Polar flagella (VF0473) - Motility (VFC0204)] [Aeromonas hydrophila ML09-119]",NA,"FC951"
"FC951.fasta","NZ_CP032839.1",966522,967369,"+","pomB2","10-863/900","========/======","2/6",94.22,83.61,"vfdb","WP_016351724","(pomB2) flagellar motor protein MotB [Polar flagella (VF0473) - Motility (VFC0204)] [Aeromonas hydrophila ML09-119]",NA,"FC951"
"FC951.fasta","NZ_CP032839.1",1124433,1124965,"+","tapN","1-533/579","==============.","0/0",92.06,80.49,"vfdb","WP_016351632","(tapN) type IV pilus biogenesis protein PilN [Tap type IV pili (VF0475) - Adherence (VFC0001)] [Aeromonas hydrophila ML09-119]",NA,"FC951"
"FC951.fasta","NZ_CP032839.1",1125008,1125607,"+","tapO","1-600/600","===============","0/0",100,80.33,"vfdb","WP_016351631","(tapO) type IV pilus biogenesis protein PilO [Tap type IV pili (VF0475) - Adherence (VFC0001)] [Aeromonas hydrophila ML09-119]",NA,"FC951"
"FC951.fasta","NZ_CP032839.1",1262124,1262441,"+","fliE","1-318/318","===============","0/0",100,89.31,"vfdb","WP_011705271","(fliE) flagellar hook-basal body complex protein FliE [Polar flagella (VF0473) - Motility (VFC0204)] [Aeromonas hydrophila ML09-119]",NA,"FC951"
"FC951.fasta","NZ_CP032839.1",1262504,1264213,"+","fliF","1-1713/1713","========/======","1/3",99.82,86.63,"vfdb","WP_016350050","(fliF) flagellar MS-ring protein [Polar flagella (VF0473) - Motility (VFC0204)] [Aeromonas hydrophila ML09-119]",NA,"FC951"
"FC951.fasta","NZ_CP032839.1",1264206,1265265,"+","fliG","1-1060/1062","===============","0/0",99.81,93.4,"vfdb","WP_011705273","(fliG) flagellar motor switch protein G [Polar flagella (VF0473) - Motility (VFC0204)] [Aeromonas hydrophila ML09-119]",NA,"FC951"
"FC951.fasta","NZ_CP032839.1",1265339,1266130,"+","fliH","7-792/807","========/======","4/12",97.03,81.26,"vfdb","WP_016350051","(fliH) flagellar assembly protein FliH [Polar flagella (VF0473) - Motility (VFC0204)] [Aeromonas hydrophila ML09-119]",NA,"FC951"
"FC951.fasta","NZ_CP032839.1",1266213,1267543,"+","fliI","1-1332/1332","========/======","1/1",99.92,89.49,"vfdb","WP_011705275","(fliI) flagellum-specific ATP synthase [Polar flagella (VF0473) - Motility (VFC0204)] [Aeromonas hydrophila ML09-119]",NA,"FC951"
"FC951.fasta","NZ_CP032839.1",1267571,1268011,"+","fliJ","1-441/441","===============","0/0",100,85.49,"vfdb","WP_011705276","(fliJ) flagellar export protein FliJ [Polar flagella (VF0473) - Motility (VFC0204)] [Aeromonas hydrophila ML09-119]",NA,"FC951"
"FC951.fasta","NZ_CP032839.1",1270074,1270588,"+","fliL","1-518/519","========/======","1/3",99.23,84.94,"vfdb","WP_011705278","(fliL) flagellar basal body-associated protein FliL [Polar flagella (VF0473) - Motility (VFC0204)] [Aeromonas hydrophila ML09-119]",NA,"FC951"
"FC951.fasta","NZ_CP032839.1",1270597,1271667,"+","fliM","1-1071/1071","===============","0/0",100,91.04,"vfdb","WP_011705279","(fliM) flagellar motor switch protein FliM [Polar flagella (VF0473) - Motility (VFC0204)] [Aeromonas hydrophila ML09-119]",NA,"FC951"
"FC951.fasta","NZ_CP032839.1",1271717,1272109,"+","fliN","1-393/393","===============","0/0",100,89.31,"vfdb","WP_011705280","(fliN) flagellar motor switch protein FliN [Polar flagella (VF0473) - Motility (VFC0204)] [Aeromonas hydrophila ML09-119]",NA,"FC951"
"FC951.fasta","NZ_CP032839.1",1272166,1272486,"+","fliO","64-384/384","..=============","0/0",83.59,87.54,"vfdb","WP_005298795","(fliO) flagellar biosynthesis protein FliO [Polar flagella (VF0473) - Motility (VFC0204)] [Aeromonas hydrophila ML09-119]",NA,"FC951"
"FC951.fasta","NZ_CP032839.1",1272473,1273243,"+","fliP","1-774/780","========/======","2/5",98.72,85.68,"vfdb","WP_016350054","(fliP) flagellar biosynthesis protein FliP [Polar flagella (VF0473) - Motility (VFC0204)] [Aeromonas hydrophila ML09-119]",NA,"FC951"
"FC951.fasta","NZ_CP032839.1",1273272,1273541,"+","fliQ","1-270/270","===============","0/0",100,84.81,"vfdb","WP_011705282","(fliQ) flagellar biosynthetic protein FliQ [Polar flagella (VF0473) - Motility (VFC0204)] [Aeromonas hydrophila ML09-119]",NA,"FC951"
"FC951.fasta","NZ_CP032839.1",1273538,1274323,"+","fliR","1-786/792","===============","0/0",99.24,81.42,"vfdb","WP_011705283","(fliR) flagellar biosynthesis protein FliR [Polar flagella (VF0473) - Motility (VFC0204)] [Aeromonas hydrophila ML09-119]",NA,"FC951"
"FC951.fasta","NZ_CP032839.1",1274328,1275458,"+","flhB","1-1131/1131","===============","0/0",100,86.3,"vfdb","WP_016350055","(flhB) flagellar biosynthetic protein FlhB [Polar flagella (VF0473) - Motility (VFC0204)] [Aeromonas hydrophila ML09-119]",NA,"FC951"
"FC951.fasta","NZ_CP032839.1",1275566,1277668,"+","flhA","1-2103/2103","===============","0/0",100,87.4,"vfdb","WP_016350056","(flhA) flagellar biosynthesis protein FlhA [Polar flagella (VF0473) - Motility (VFC0204)] [Aeromonas hydrophila ML09-119]",NA,"FC951"
"FC951.fasta","NZ_CP032839.1",1277685,1279109,"+","flhF","1-1422/1422","========/======","9/25",99.23,88.02,"vfdb","WP_016350057","(flhF) flagellar biosynthesis protein FlhF [Polar flagella (VF0473) - Motility (VFC0204)] [Aeromonas hydrophila ML09-119]",NA,"FC951"
"FC951.fasta","NZ_CP032839.1",1279111,1279985,"+","flhG","1-876/876","========/======","1/1",99.89,88.36,"vfdb","WP_010634619","(flhG) CobQ/CobB/MinD/ParA family protein [Polar flagella (VF0473) - Motility (VFC0204)] [Aeromonas hydrophila ML09-119]",NA,"FC951"
"FC951.fasta","NZ_CP032839.1",1279978,1280697,"+","fliA","1-720/720","========/======","2/2",99.86,82.94,"vfdb","WP_017409955","(fliA) flagellar biosynthesis sigma factor [Polar flagella (VF0473) - Motility (VFC0204)] [Aeromonas hydrophila ML09-119]",NA,"FC951"
"FC951.fasta","NZ_CP032839.1",1280809,1281192,"+","cheY","1-384/384","===============","0/0",100,87.5,"vfdb","WP_010634617","(cheY) chemotaxis protein CheY [Polar flagella (VF0473) - Motility (VFC0204)] [Aeromonas hydrophila ML09-119]",NA,"FC951"
"FC951.fasta","NZ_CP032839.1",1281205,1281945,"+","cheZ","1-741/741","===============","0/0",100,85.83,"vfdb","WP_011705289","(cheZ) chemotaxis protein CheZ [Polar flagella (VF0473) - Motility (VFC0204)] [Aeromonas hydrophila ML09-119]",NA,"FC951"
"FC951.fasta","NZ_CP032839.1",1284209,1285324,"+","cheB-2","1-1116/1116","========/======","2/2",99.91,82.18,"vfdb","WP_016350060","(cheB-2) chemotaxis-specific methylesterase [Polar flagella (VF0473) - Motility (VFC0204)] [Aeromonas hydrophila ML09-119]",NA,"FC951"
"FC951.fasta","NZ_CP032839.1",1286992,1287786,"+","AHML_RS07540","1-795/795","===============","0/0",100,83.27,"vfdb","WP_011705294","(AHML_RS07540) CobQ/CobB/MinD/ParA family protein [Polar flagella (VF0473) - Motility (VFC0204)] [Aeromonas hydrophila ML09-119]",NA,"FC951"
"FC951.fasta","NZ_CP032839.1",1570146,1571019,"+","motY","1-874/876","===============","0/0",99.77,87.64,"vfdb","WP_024944879","(motY) sodium-type flagellar protein MotY [Polar flagella (VF0473) - Motility (VFC0204)] [Aeromonas hydrophila ML09-119]",NA,"FC951"
"FC951.fasta","NZ_CP032839.1",1635806,1636555,"+","nueA","1-762/762","========/======","2/12",98.43,87.8,"vfdb","WP_016351249","(nueA) NeuA protein [Polar flagella (VF0473) - Motility (VFC0204)] [Aeromonas hydrophila ML09-119]",NA,"FC951"
"FC951.fasta","NZ_CP032839.1",1723835,1724626,"+","tapF","1-792/792","========/======","2/6",99.62,87.8,"vfdb","WP_011705643","(tapF) type IV pilus biogenesis/stability protein pilW-like [Tap type IV pili (VF0475) - Adherence (VFC0001)] [Aeromonas hydrophila ML09-119]",NA,"FC951"
"FC951.fasta","NZ_CP032839.1",2179843,2180577,"+","flmH","1-735/735","===============","0/0",100,90.2,"vfdb","WP_005300916","(flmH) short chain dehydrogenase/reductase family oxidoreductase [Polar flagella (VF0473) - Motility (VFC0204)] [Aeromonas hydrophila ML09-119]",NA,"FC951"
"FC951.fasta","NZ_CP032839.1",2729211,2730226,"+","nueB","10-1025/1050","===============","0/0",96.76,87.7,"vfdb","WP_016350359","(nueB) pseudaminic acid synthase NeuB [Polar flagella (VF0473) - Motility (VFC0204)] [Aeromonas hydrophila ML09-119]",NA,"FC951"
"FC951.fasta","NZ_CP032839.1",2733444,2733866,"-","flaJ","1-423/423","===============","0/0",100,85.34,"vfdb","WP_016350353","(flaJ) flagellar specific chaperone FlaJ/FliS [Polar flagella (VF0473) - Motility (VFC0204)] [Aeromonas hydrophila ML09-119]",NA,"FC951"
"FC951.fasta","NZ_CP032839.1",2733890,2735290,"-","flaH","1-1398/1398","========/======","1/3",100,82.73,"vfdb","WP_016350352","(flaH) flagellar hook-associated protein 2 [Polar flagella (VF0473) - Motility (VFC0204)] [Aeromonas hydrophila ML09-119]",NA,"FC951"
"FC951.fasta","NZ_CP032839.1",2735316,2735741,"-","flaG","1-423/423","========/======","1/3",100,81.45,"vfdb","WP_043118910","(flaG) flagellin protein [Polar flagella (VF0473) - Motility (VFC0204)] [Aeromonas hydrophila ML09-119]",NA,"FC951"
"FC951.fasta","NZ_CP032839.1",2810838,2812181,"-","flrC","1-1344/1344","===============","0/0",100,88.32,"vfdb","WP_011706626","(flrC) transcriptional activator [Polar flagella (VF0473) - Motility (VFC0204)] [Aeromonas hydrophila ML09-119]",NA,"FC951"
"FC951.fasta","NZ_CP032839.1",2812178,2813212,"-","flrB","1-1035/1035","========/======","2/2",99.9,85.04,"vfdb","WP_016351312","(flrB) two-component sensor kinase [Polar flagella (VF0473) - Motility (VFC0204)] [Aeromonas hydrophila ML09-119]",NA,"FC951"
"FC951.fasta","NZ_CP032839.1",2813326,2814739,"-","flrA","1-1415/1422","========/======","3/3",99.37,86.51,"vfdb","WP_017409846","(flrA) FleQ protein [Polar flagella (VF0473) - Motility (VFC0204)] [Aeromonas hydrophila ML09-119]",NA,"FC951"
"FC951.fasta","NZ_CP032839.1",2825342,2826391,"-","flgJ","1-1053/1092","========/======","10/27",95.05,80.66,"vfdb","WP_016351320","(flgJ) flagellar rod assembly protein/muramidase FlgJ [Polar flagella (VF0473) - Motility (VFC0204)] [Aeromonas hydrophila ML09-119]",NA,"FC951"
"FC951.fasta","NZ_CP032839.1",2826435,2827532,"-","flgI","1-1098/1098","===============","0/0",100,86.7,"vfdb","WP_011706637","(flgI) flagellar basal body P-ring protein [Polar flagella (VF0473) - Motility (VFC0204)] [Aeromonas hydrophila ML09-119]",NA,"FC951"
"FC951.fasta","NZ_CP032839.1",2827541,2828212,"-","flgH","1-672/672","===============","0/0",100,85.86,"vfdb","WP_011706638","(flgH) flagellar basal body L-ring protein [Polar flagella (VF0473) - Motility (VFC0204)] [Aeromonas hydrophila ML09-119]",NA,"FC951"
"FC951.fasta","NZ_CP032839.1",2828227,2829015,"-","flgG","1-789/789","========/======","2/2",99.87,86.33,"vfdb","WP_011706639","(flgG) flagellar basal body rod protein FlgG [Polar flagella (VF0473) - Motility (VFC0204)] [Aeromonas hydrophila ML09-119]",NA,"FC951"
"FC951.fasta","NZ_CP032839.1",2829030,2829776,"-","flgF","1-747/747","===============","0/0",100,85.27,"vfdb","WP_011706640","(flgF) flagellar basal-body rod protein FlgF [Polar flagella (VF0473) - Motility (VFC0204)] [Aeromonas hydrophila ML09-119]",NA,"FC951"
"FC951.fasta","NZ_CP032839.1",2832074,2832493,"-","flgC","1-420/420","===============","0/0",100,89.52,"vfdb","WP_011706643","(flgC) flagellar basal body rod protein FlgC [Polar flagella (VF0473) - Motility (VFC0204)] [Aeromonas hydrophila ML09-119]",NA,"FC951"
"FC951.fasta","NZ_CP032839.1",2832493,2832891,"-","flgB","1-399/399","========/======","2/6",99.25,81.09,"vfdb","WP_011706644","(flgB) flagellar basal-body rod protein FlgB [Polar flagella (VF0473) - Motility (VFC0204)] [Aeromonas hydrophila ML09-119]",NA,"FC951"
"FC951.fasta","NZ_CP032839.1",2833190,2834012,"-","cheR-3","1-823/825","===============","0/0",99.76,85.66,"vfdb","WP_011706645","(cheR-3) chemotaxis protein CheR [Polar flagella (VF0473) - Motility (VFC0204)] [Aeromonas hydrophila ML09-119]",NA,"FC951"
"FC951.fasta","NZ_CP032839.1",2834030,2834941,"-","cheV","1-912/912","===============","0/0",100,85.53,"vfdb","WP_011706646","(cheV) CheV [Polar flagella (VF0473) - Motility (VFC0204)] [Aeromonas hydrophila ML09-119]",NA,"FC951"
"FC951.fasta","NZ_CP032839.1",2980001,2981138,"+","tapW","1-1138/1140","===============","0/0",99.82,90.42,"vfdb","WP_011706550","(tapW) twitching ATPase [Tap type IV pili (VF0475) - Adherence (VFC0001)] [Aeromonas hydrophila ML09-119]",NA,"FC951"
"FC951.fasta","NZ_CP032839.1",3220346,3221904,"+","exeA","1-1559/1647","========/======","2/2",94.6,83.08,"vfdb","WP_016352107","(exeA) general secretion pathway protein A [Exe T2SS (VF0478) - Effector delivery system (VFC0086)] [Aeromonas hydrophila ML09-119]",NA,"FC951"
"FC951.fasta","NZ_CP032839.1",3223692,3225649,"+","exeD","1-1970/2037","========/======","11/24",95.83,85.17,"vfdb","WP_016349335","(exeD) general secretion pathway protein D [Exe T2SS (VF0478) - Effector delivery system (VFC0086)] [Aeromonas hydrophila ML09-119]",NA,"FC951"
"FC951.fasta","NZ_CP032839.1",3225737,3227236,"+","exeE","7-1506/1506","===============","0/0",99.6,89.87,"vfdb","WP_016349336","(exeE) general secretory pathway protein E [Exe T2SS (VF0478) - Effector delivery system (VFC0086)] [Aeromonas hydrophila ML09-119]",NA,"FC951"
"FC951.fasta","NZ_CP032839.1",3227238,3228452,"+","exeF","1-1215/1221","===============","0/0",99.51,88.56,"vfdb","WP_016349337","(exeF) general secretion pathway protein F [Exe T2SS (VF0478) - Effector delivery system (VFC0086)] [Aeromonas hydrophila ML09-119]",NA,"FC951"
"FC951.fasta","NZ_CP032839.1",3228629,3229060,"+","exeG","1-432/432","===============","0/0",100,91.67,"vfdb","WP_005308483","(exeG) general secretion pathway protein G [Exe T2SS (VF0478) - Effector delivery system (VFC0086)] [Aeromonas hydrophila ML09-119]",NA,"FC951"
"FC951.fasta","NZ_CP032839.1",3229122,3229628,"+","exeH","12-518/552","===============","0/0",91.85,80.28,"vfdb","WP_016349339","(exeH) general secretion pathway protein H [Exe T2SS (VF0478) - Effector delivery system (VFC0086)] [Aeromonas hydrophila ML09-119]",NA,"FC951"
"FC951.fasta","NZ_CP032839.1",3229754,3230113,"+","exeI","1-360/360","===============","0/0",100,86.94,"vfdb","WP_016349340","(exeI) general secretion pathway protein I [Exe T2SS (VF0478) - Effector delivery system (VFC0086)] [Aeromonas hydrophila ML09-119]",NA,"FC951"
"FC951.fasta","NZ_CP032839.1",3230146,3230747,"+","exeJ","40-641/654","===============","0/0",92.05,88.7,"vfdb","WP_016349341","(exeJ) general secretion pathway protein J [Exe T2SS (VF0478) - Effector delivery system (VFC0086)] [Aeromonas hydrophila ML09-119]",NA,"FC951"
"FC951.fasta","NZ_CP032839.1",3231982,3233166,"+","exeL","1-1185/1185","========/======","2/2",99.92,82.04,"vfdb","WP_016349343","(exeL) general secretion pathway protein L [Exe T2SS (VF0478) - Effector delivery system (VFC0086)] [Aeromonas hydrophila ML09-119]",NA,"FC951"
"FC951.fasta","NZ_CP032839.1",3233163,3233654,"+","exeM","1-492/492","===============","0/0",100,81.91,"vfdb","WP_016349344","(exeM) general secretion pathway protein M [Exe T2SS (VF0478) - Effector delivery system (VFC0086)] [Aeromonas hydrophila ML09-119]",NA,"FC951"
"FC951.fasta","NZ_CP032839.1",3233666,3234416,"+","exeN","16-754/756","========/======","4/14",97.62,80.45,"vfdb","WP_043118380","(exeN) general secretion pathway protein N [Exe T2SS (VF0478) - Effector delivery system (VFC0086)] [Aeromonas hydrophila ML09-119]",NA,"FC951"
"FC951.fasta","NZ_CP032839.1",3934410,3934959,"-","motX","51-600/600",".==============","0/0",91.67,82.91,"vfdb","WP_016349413","(motX) sodium-type flagellar motor component [Polar flagella (VF0473) - Motility (VFC0204)] [Aeromonas hydrophila ML09-119]",NA,"FC951"
"FC951.fasta","NZ_CP032839.1",3948469,3949578,"-","tapU","1-1110/1110","========/======","2/4",99.82,83.9,"vfdb","WP_016351972","(tapU) twitching ATPase [Tap type IV pili (VF0475) - Adherence (VFC0001)] [Aeromonas hydrophila ML09-119]",NA,"FC951"
"FC951.fasta","NZ_CP032839.1",3949607,3950641,"-","tapT","1-1035/1035","===============","0/0",100,91.98,"vfdb","WP_011707389","(tapT) twitching ATPase [Tap type IV pili (VF0475) - Adherence (VFC0001)] [Aeromonas hydrophila ML09-119]",NA,"FC951"
"FDAARGOS_632.fasta","NZ_CP044060.1",96493,96690,"+","flp1","7-204/204","===============","0/0",97.06,85.86,"vfdb","WP_011705350","(flp1) Flp pilus pilin subunit [Flp/Tad pili (VF0476) - Adherence (VFC0001)] [Aeromonas hydrophila ML09-119]",NA,"FDAARGOS_632"
"FDAARGOS_632.fasta","NZ_CP044060.1",97113,98003,"+","flpB","1-891/891","========/======","5/18",98.99,81.89,"vfdb","WP_016350148","(flpB) Flp pilus assembly protein [Flp/Tad pili (VF0476) - Adherence (VFC0001)] [Aeromonas hydrophila ML09-119]",NA,"FDAARGOS_632"
"FDAARGOS_632.fasta","NZ_CP044060.1",98023,99420,"+","flpC","1-1398/1398","========/======","2/4",99.86,83.79,"vfdb","WP_043118798","(flpC) Flp pilus secretin FlpC [Flp/Tad pili (VF0476) - Adherence (VFC0001)] [Aeromonas hydrophila ML09-119]",NA,"FDAARGOS_632"
"FDAARGOS_632.fasta","NZ_CP044060.1",99432,99979,"+","flpD","1-548/549","========/======","7/16",98.36,80.75,"vfdb","WP_016350150","(flpD) Flp pilus assembly protein FlpD [Flp/Tad pili (VF0476) - Adherence (VFC0001)] [Aeromonas hydrophila ML09-119]",NA,"FDAARGOS_632"
"FDAARGOS_632.fasta","NZ_CP044060.1",99984,101117,"+","flpE","1-1134/1134","========/======","2/2",99.91,80.97,"vfdb","WP_016350151","(flpE) Flp pilus assembly protein ATPase [Flp/Tad pili (VF0476) - Adherence (VFC0001)] [Aeromonas hydrophila ML09-119]",NA,"FDAARGOS_632"
"FDAARGOS_632.fasta","NZ_CP044060.1",101117,102404,"+","flpF","1-1288/1314","===============","0/0",98.02,85.71,"vfdb","WP_016350152","(flpF) traffic ATPase [Flp/Tad pili (VF0476) - Adherence (VFC0001)] [Aeromonas hydrophila ML09-119]",NA,"FDAARGOS_632"
"FDAARGOS_632.fasta","NZ_CP044060.1",102455,103311,"+","flpG","29-885/885","===============","0/0",96.84,85.18,"vfdb","WP_016350153","(flpG) Flp pilus assembly protein FlpG [Flp/Tad pili (VF0476) - Adherence (VFC0001)] [Aeromonas hydrophila ML09-119]",NA,"FDAARGOS_632"
"FDAARGOS_632.fasta","NZ_CP044060.1",103327,104199,"+","flpH","13-885/885","========/======","4/14",97.85,81.25,"vfdb","WP_043118801","(flpH) Flp pilus assembly protein FlpH [Flp/Tad pili (VF0476) - Adherence (VFC0001)] [Aeromonas hydrophila ML09-119]",NA,"FDAARGOS_632"
"FDAARGOS_632.fasta","NZ_CP044060.1",239391,240302,"+","cheV","1-912/912","===============","0/0",100,85.86,"vfdb","WP_011706646","(cheV) CheV [Polar flagella (VF0473) - Motility (VFC0204)] [Aeromonas hydrophila ML09-119]",NA,"FDAARGOS_632"
"FDAARGOS_632.fasta","NZ_CP044060.1",240320,241142,"+","cheR-3","1-823/825","===============","0/0",99.76,86.76,"vfdb","WP_011706645","(cheR-3) chemotaxis protein CheR [Polar flagella (VF0473) - Motility (VFC0204)] [Aeromonas hydrophila ML09-119]",NA,"FDAARGOS_632"
"FDAARGOS_632.fasta","NZ_CP044060.1",241440,241838,"+","flgB","1-399/399","========/======","2/6",99.25,81.09,"vfdb","WP_011706644","(flgB) flagellar basal-body rod protein FlgB [Polar flagella (VF0473) - Motility (VFC0204)] [Aeromonas hydrophila ML09-119]",NA,"FDAARGOS_632"
"FDAARGOS_632.fasta","NZ_CP044060.1",241838,242257,"+","flgC","1-420/420","===============","0/0",100,90.71,"vfdb","WP_011706643","(flgC) flagellar basal body rod protein FlgC [Polar flagella (VF0473) - Motility (VFC0204)] [Aeromonas hydrophila ML09-119]",NA,"FDAARGOS_632"
"FDAARGOS_632.fasta","NZ_CP044060.1",244542,245288,"+","flgF","1-747/747","===============","0/0",100,85.94,"vfdb","WP_011706640","(flgF) flagellar basal-body rod protein FlgF [Polar flagella (VF0473) - Motility (VFC0204)] [Aeromonas hydrophila ML09-119]",NA,"FDAARGOS_632"
"FDAARGOS_632.fasta","NZ_CP044060.1",245303,246091,"+","flgG","1-789/789","========/======","2/2",99.87,86.83,"vfdb","WP_011706639","(flgG) flagellar basal body rod protein FlgG [Polar flagella (VF0473) - Motility (VFC0204)] [Aeromonas hydrophila ML09-119]",NA,"FDAARGOS_632"
"FDAARGOS_632.fasta","NZ_CP044060.1",246106,246777,"+","flgH","1-672/672","===============","0/0",100,85.42,"vfdb","WP_011706638","(flgH) flagellar basal body L-ring protein [Polar flagella (VF0473) - Motility (VFC0204)] [Aeromonas hydrophila ML09-119]",NA,"FDAARGOS_632"
"FDAARGOS_632.fasta","NZ_CP044060.1",246786,247883,"+","flgI","1-1098/1098","===============","0/0",100,86.79,"vfdb","WP_011706637","(flgI) flagellar basal body P-ring protein [Polar flagella (VF0473) - Motility (VFC0204)] [Aeromonas hydrophila ML09-119]",NA,"FDAARGOS_632"
"FDAARGOS_632.fasta","NZ_CP044060.1",247927,248976,"+","flgJ","1-1053/1092","========/======","10/33",94.78,80.52,"vfdb","WP_016351320","(flgJ) flagellar rod assembly protein/muramidase FlgJ [Polar flagella (VF0473) - Motility (VFC0204)] [Aeromonas hydrophila ML09-119]",NA,"FDAARGOS_632"
"FDAARGOS_632.fasta","NZ_CP044060.1",259798,261212,"+","flrA","1-1415/1422","========/======","2/2",99.44,86.94,"vfdb","WP_017409846","(flrA) FleQ protein [Polar flagella (VF0473) - Motility (VFC0204)] [Aeromonas hydrophila ML09-119]",NA,"FDAARGOS_632"
"FDAARGOS_632.fasta","NZ_CP044060.1",261326,262360,"+","flrB","1-1035/1035","========/======","2/2",99.9,85.33,"vfdb","WP_016351312","(flrB) two-component sensor kinase [Polar flagella (VF0473) - Motility (VFC0204)] [Aeromonas hydrophila ML09-119]",NA,"FDAARGOS_632"
"FDAARGOS_632.fasta","NZ_CP044060.1",262357,263700,"+","flrC","1-1344/1344","===============","0/0",100,87.8,"vfdb","WP_011706626","(flrC) transcriptional activator [Polar flagella (VF0473) - Motility (VFC0204)] [Aeromonas hydrophila ML09-119]",NA,"FDAARGOS_632"
"FDAARGOS_632.fasta","NZ_CP044060.1",313532,314405,"+","motY","1-874/876","===============","0/0",99.77,87.76,"vfdb","WP_024944879","(motY) sodium-type flagellar protein MotY [Polar flagella (VF0473) - Motility (VFC0204)] [Aeromonas hydrophila ML09-119]",NA,"FDAARGOS_632"
"FDAARGOS_632.fasta","NZ_CP044060.1",374839,375588,"+","nueA","1-762/762","========/======","2/12",98.43,88.32,"vfdb","WP_016351249","(nueA) NeuA protein [Polar flagella (VF0473) - Motility (VFC0204)] [Aeromonas hydrophila ML09-119]",NA,"FDAARGOS_632"
"FDAARGOS_632.fasta","NZ_CP044060.1",961997,962731,"-","flmH","1-735/735","===============","0/0",100,90.48,"vfdb","WP_005300916","(flmH) short chain dehydrogenase/reductase family oxidoreductase [Polar flagella (VF0473) - Motility (VFC0204)] [Aeromonas hydrophila ML09-119]",NA,"FDAARGOS_632"
"FDAARGOS_632.fasta","NZ_CP044060.1",1355866,1356657,"-","tapF","1-792/792","========/======","2/6",99.62,88.18,"vfdb","WP_011705643","(tapF) type IV pilus biogenesis/stability protein pilW-like [Tap type IV pili (VF0475) - Adherence (VFC0001)] [Aeromonas hydrophila ML09-119]",NA,"FDAARGOS_632"
"FDAARGOS_632.fasta","NZ_CP044060.1",1509744,1510166,"-","flaJ","1-423/423","===============","0/0",100,85.82,"vfdb","WP_016350353","(flaJ) flagellar specific chaperone FlaJ/FliS [Polar flagella (VF0473) - Motility (VFC0204)] [Aeromonas hydrophila ML09-119]",NA,"FDAARGOS_632"
"FDAARGOS_632.fasta","NZ_CP044060.1",1510190,1511590,"-","flaH","1-1398/1398","========/======","1/3",100,83.23,"vfdb","WP_016350352","(flaH) flagellar hook-associated protein 2 [Polar flagella (VF0473) - Motility (VFC0204)] [Aeromonas hydrophila ML09-119]",NA,"FDAARGOS_632"
"FDAARGOS_632.fasta","NZ_CP044060.1",1511616,1512041,"-","flaG","1-423/423","========/======","1/3",100,82.86,"vfdb","WP_043118910","(flaG) flagellin protein [Polar flagella (VF0473) - Motility (VFC0204)] [Aeromonas hydrophila ML09-119]",NA,"FDAARGOS_632"
"FDAARGOS_632.fasta","NZ_CP044060.1",1512078,1512974,"-","flaA","1-900/900","========/======","1/3",99.67,80.67,"vfdb","WP_016350347","(flaA) flagellin [Polar flagella (VF0473) - Motility (VFC0204)] [Aeromonas hydrophila ML09-119]",NA,"FDAARGOS_632"
"FDAARGOS_632.fasta","NZ_CP044060.1",1582707,1583844,"+","tapW","1-1138/1140","===============","0/0",99.82,90.51,"vfdb","WP_011706550","(tapW) twitching ATPase [Tap type IV pili (VF0475) - Adherence (VFC0001)] [Aeromonas hydrophila ML09-119]",NA,"FDAARGOS_632"
"FDAARGOS_632.fasta","NZ_CP044060.1",1909627,1910421,"-","AHML_RS07540","1-795/795","===============","0/0",100,82.89,"vfdb","WP_011705294","(AHML_RS07540) CobQ/CobB/MinD/ParA family protein [Polar flagella (VF0473) - Motility (VFC0204)] [Aeromonas hydrophila ML09-119]",NA,"FDAARGOS_632"
"FDAARGOS_632.fasta","NZ_CP044060.1",1912089,1913204,"-","cheB-2","1-1116/1116","===============","0/0",100,81.99,"vfdb","WP_016350060","(cheB-2) chemotaxis-specific methylesterase [Polar flagella (VF0473) - Motility (VFC0204)] [Aeromonas hydrophila ML09-119]",NA,"FDAARGOS_632"
"FDAARGOS_632.fasta","NZ_CP044060.1",1915477,1916217,"-","cheZ","1-741/741","===============","0/0",100,86.1,"vfdb","WP_011705289","(cheZ) chemotaxis protein CheZ [Polar flagella (VF0473) - Motility (VFC0204)] [Aeromonas hydrophila ML09-119]",NA,"FDAARGOS_632"
"FDAARGOS_632.fasta","NZ_CP044060.1",1916230,1916613,"-","cheY","1-384/384","===============","0/0",100,87.5,"vfdb","WP_010634617","(cheY) chemotaxis protein CheY [Polar flagella (VF0473) - Motility (VFC0204)] [Aeromonas hydrophila ML09-119]",NA,"FDAARGOS_632"
"FDAARGOS_632.fasta","NZ_CP044060.1",1916725,1917444,"-","fliA","1-720/720","========/======","2/2",99.86,82.8,"vfdb","WP_017409955","(fliA) flagellar biosynthesis sigma factor [Polar flagella (VF0473) - Motility (VFC0204)] [Aeromonas hydrophila ML09-119]",NA,"FDAARGOS_632"
"FDAARGOS_632.fasta","NZ_CP044060.1",1917437,1918312,"-","flhG","1-876/876","===============","0/0",100,89.27,"vfdb","WP_010634619","(flhG) CobQ/CobB/MinD/ParA family protein [Polar flagella (VF0473) - Motility (VFC0204)] [Aeromonas hydrophila ML09-119]",NA,"FDAARGOS_632"
"FDAARGOS_632.fasta","NZ_CP044060.1",1918314,1919738,"-","flhF","1-1422/1422","========/======","7/15",99.58,88.05,"vfdb","WP_016350057","(flhF) flagellar biosynthesis protein FlhF [Polar flagella (VF0473) - Motility (VFC0204)] [Aeromonas hydrophila ML09-119]",NA,"FDAARGOS_632"
"FDAARGOS_632.fasta","NZ_CP044060.1",1919755,1921857,"-","flhA","1-2103/2103","===============","0/0",100,87.26,"vfdb","WP_016350056","(flhA) flagellar biosynthesis protein FlhA [Polar flagella (VF0473) - Motility (VFC0204)] [Aeromonas hydrophila ML09-119]",NA,"FDAARGOS_632"
"FDAARGOS_632.fasta","NZ_CP044060.1",1921965,1923095,"-","flhB","1-1131/1131","===============","0/0",100,86.47,"vfdb","WP_016350055","(flhB) flagellar biosynthetic protein FlhB [Polar flagella (VF0473) - Motility (VFC0204)] [Aeromonas hydrophila ML09-119]",NA,"FDAARGOS_632"
"FDAARGOS_632.fasta","NZ_CP044060.1",1923101,1923885,"-","fliR","1-785/792","===============","0/0",99.12,81.4,"vfdb","WP_011705283","(fliR) flagellar biosynthesis protein FliR [Polar flagella (VF0473) - Motility (VFC0204)] [Aeromonas hydrophila ML09-119]",NA,"FDAARGOS_632"
"FDAARGOS_632.fasta","NZ_CP044060.1",1923882,1924151,"-","fliQ","1-270/270","===============","0/0",100,84.07,"vfdb","WP_011705282","(fliQ) flagellar biosynthetic protein FliQ [Polar flagella (VF0473) - Motility (VFC0204)] [Aeromonas hydrophila ML09-119]",NA,"FDAARGOS_632"
"FDAARGOS_632.fasta","NZ_CP044060.1",1924180,1924950,"-","fliP","1-774/780","========/======","2/5",98.72,85.42,"vfdb","WP_016350054","(fliP) flagellar biosynthesis protein FliP [Polar flagella (VF0473) - Motility (VFC0204)] [Aeromonas hydrophila ML09-119]",NA,"FDAARGOS_632"
"FDAARGOS_632.fasta","NZ_CP044060.1",1924937,1925257,"-","fliO","64-384/384","..=============","0/0",83.59,87.54,"vfdb","WP_005298795","(fliO) flagellar biosynthesis protein FliO [Polar flagella (VF0473) - Motility (VFC0204)] [Aeromonas hydrophila ML09-119]",NA,"FDAARGOS_632"
"FDAARGOS_632.fasta","NZ_CP044060.1",1925314,1925706,"-","fliN","1-393/393","===============","0/0",100,89.06,"vfdb","WP_011705280","(fliN) flagellar motor switch protein FliN [Polar flagella (VF0473) - Motility (VFC0204)] [Aeromonas hydrophila ML09-119]",NA,"FDAARGOS_632"
"FDAARGOS_632.fasta","NZ_CP044060.1",1925756,1926826,"-","fliM","1-1071/1071","===============","0/0",100,90.85,"vfdb","WP_011705279","(fliM) flagellar motor switch protein FliM [Polar flagella (VF0473) - Motility (VFC0204)] [Aeromonas hydrophila ML09-119]",NA,"FDAARGOS_632"
"FDAARGOS_632.fasta","NZ_CP044060.1",1926835,1927349,"-","fliL","1-518/519","========/======","1/3",99.23,85.14,"vfdb","WP_011705278","(fliL) flagellar basal body-associated protein FliL [Polar flagella (VF0473) - Motility (VFC0204)] [Aeromonas hydrophila ML09-119]",NA,"FDAARGOS_632"
"FDAARGOS_632.fasta","NZ_CP044060.1",1929403,1929843,"-","fliJ","1-441/441","===============","0/0",100,86.17,"vfdb","WP_011705276","(fliJ) flagellar export protein FliJ [Polar flagella (VF0473) - Motility (VFC0204)] [Aeromonas hydrophila ML09-119]",NA,"FDAARGOS_632"
"FDAARGOS_632.fasta","NZ_CP044060.1",1929871,1931202,"-","fliI","1-1332/1332","===============","0/0",100,89.11,"vfdb","WP_011705275","(fliI) flagellum-specific ATP synthase [Polar flagella (VF0473) - Motility (VFC0204)] [Aeromonas hydrophila ML09-119]",NA,"FDAARGOS_632"
"FDAARGOS_632.fasta","NZ_CP044060.1",1931285,1932076,"-","fliH","7-792/807","========/======","4/12",97.03,80.88,"vfdb","WP_016350051","(fliH) flagellar assembly protein FliH [Polar flagella (VF0473) - Motility (VFC0204)] [Aeromonas hydrophila ML09-119]",NA,"FDAARGOS_632"
"FDAARGOS_632.fasta","NZ_CP044060.1",1932150,1933209,"-","fliG","1-1060/1062","===============","0/0",99.81,94.34,"vfdb","WP_011705273","(fliG) flagellar motor switch protein G [Polar flagella (VF0473) - Motility (VFC0204)] [Aeromonas hydrophila ML09-119]",NA,"FDAARGOS_632"
"FDAARGOS_632.fasta","NZ_CP044060.1",1933202,1934911,"-","fliF","1-1713/1713","========/======","1/3",99.82,86.86,"vfdb","WP_016350050","(fliF) flagellar MS-ring protein [Polar flagella (VF0473) - Motility (VFC0204)] [Aeromonas hydrophila ML09-119]",NA,"FDAARGOS_632"
"FDAARGOS_632.fasta","NZ_CP044060.1",1934974,1935291,"-","fliE","1-318/318","===============","0/0",100,88.68,"vfdb","WP_011705271","(fliE) flagellar hook-basal body complex protein FliE [Polar flagella (VF0473) - Motility (VFC0204)] [Aeromonas hydrophila ML09-119]",NA,"FDAARGOS_632"
"FDAARGOS_632.fasta","NZ_CP044060.1",2815142,2816844,"+","tapB","1-1703/1707","===============","0/0",99.77,86.85,"vfdb","WP_016352168","(tapB) type IV pilus assembly ATPase PilB-like [Tap type IV pili (VF0475) - Adherence (VFC0001)] [Aeromonas hydrophila ML09-119]",NA,"FDAARGOS_632"
"FDAARGOS_632.fasta","NZ_CP044060.1",2816978,2818203,"+","tapC","1-1226/1242","===============","0/0",98.71,86.54,"vfdb","WP_016352169","(tapC) type IV fimbrial assembly protein PilC-like [Tap type IV pili (VF0475) - Adherence (VFC0001)] [Aeromonas hydrophila ML09-119]",NA,"FDAARGOS_632"
"FDAARGOS_632.fasta","NZ_CP044060.1",2818304,2819143,"+","tapD/pilD","24-863/873","========/======","2/2",96.11,82.76,"vfdb","WP_016352170","(tapD/pilD) prepilin peptidase [Tap type IV pili (VF0475) - Adherence (VFC0001)] [Aeromonas hydrophila ML09-119]",NA,"FDAARGOS_632"
"FDAARGOS_632.fasta","NZ_CP044060.1",3624127,3624990,"+","mshI","1-864/864","===============","0/0",100,83.1,"vfdb","WP_016349152","(mshI) MSHA (mannose-sensitive hemagglutinin) pili biogenesis protein MshI bitopic inner membrane protein [MSHA type IV pili (VF0477) - Adherence (VFC0001)] [Aeromonas hydrophila ML09-119]",NA,"FDAARGOS_632"
"FDAARGOS_632.fasta","NZ_CP044060.1",3624990,3625583,"+","mshI1","1-594/594","========/======","4/4",99.66,80.7,"vfdb","WP_016349153","(mshI1) MSHA (mannose-sensitive hemagglutinin) pili biogenesis protein MshI1 bitopic inner membrane protein [MSHA type IV pili (VF0477) - Adherence (VFC0001)] [Aeromonas hydrophila ML09-119]",NA,"FDAARGOS_632"
"FDAARGOS_632.fasta","NZ_CP044060.1",3626623,3628290,"+","mshL","1-1674/1674","========/======","17/46",98.45,82.35,"vfdb","WP_016349156","(mshL) MSHA (mannose-sensitive hemagglutinin) pili biogenesis protein MshL outer membrane secretin GspD-like [MSHA type IV pili (VF0477) - Adherence (VFC0001)] [Aeromonas hydrophila ML09-119]",NA,"FDAARGOS_632"
"FDAARGOS_632.fasta","NZ_CP044060.1",3628383,3629273,"+","mshM","1-891/891","===============","0/0",100,87.43,"vfdb","WP_016349157","(mshM) membrane protein with ATPase domain GspA-like [MSHA type IV pili (VF0477) - Adherence (VFC0001)] [Aeromonas hydrophila ML09-119]",NA,"FDAARGOS_632"
"FDAARGOS_632.fasta","NZ_CP044060.1",3630424,3632133,"+","mshE","1-1710/1710","===============","0/0",100,89.65,"vfdb","WP_043118275","(mshE) ATPase protein MshE GspE-like [MSHA type IV pili (VF0477) - Adherence (VFC0001)] [Aeromonas hydrophila ML09-119]",NA,"FDAARGOS_632"
"FDAARGOS_632.fasta","NZ_CP044060.1",3632145,3633357,"+","mshG","9-1221/1221","========/======","2/2",99.26,88.22,"vfdb","WP_016349160","(mshG) MSHA (mannose-sensitive hemagglutinin) pili biogenesis protein MshG GspF-like [MSHA type IV pili (VF0477) - Adherence (VFC0001)] [Aeromonas hydrophila ML09-119]",NA,"FDAARGOS_632"
"FDAARGOS_632.fasta","NZ_CP044060.1",3634025,3634643,"+","mshB","52-670/672",".==============","0/0",92.11,85.78,"vfdb","WP_043118279","(mshB) MSHA (mannose-sensitive hemagglutinin) pili minor prepilin protein MshB [MSHA type IV pili (VF0477) - Adherence (VFC0001)] [Aeromonas hydrophila ML09-119]",NA,"FDAARGOS_632"
"FDAARGOS_632.fasta","NZ_CP044060.1",3817757,3818791,"+","tapT","1-1035/1035","===============","0/0",100,92.56,"vfdb","WP_011707389","(tapT) twitching ATPase [Tap type IV pili (VF0475) - Adherence (VFC0001)] [Aeromonas hydrophila ML09-119]",NA,"FDAARGOS_632"
"FDAARGOS_632.fasta","NZ_CP044060.1",3818820,3819929,"+","tapU","1-1110/1110","========/======","2/6",99.73,84.1,"vfdb","WP_016351972","(tapU) twitching ATPase [Tap type IV pili (VF0475) - Adherence (VFC0001)] [Aeromonas hydrophila ML09-119]",NA,"FDAARGOS_632"
"FDAARGOS_632.fasta","NZ_CP044060.1",3833427,3833989,"+","motX","38-600/600","===============","0/0",93.83,82.59,"vfdb","WP_016349413","(motX) sodium-type flagellar motor component [Polar flagella (VF0473) - Motility (VFC0204)] [Aeromonas hydrophila ML09-119]",NA,"FDAARGOS_632"
"FDAARGOS_632.fasta","NZ_CP044060.1",4153302,4154060,"+","pomA2","1-759/759","===============","0/0",100,87.09,"vfdb","WP_011707085","(pomA2) chemotaxis protein PomA [Polar flagella (VF0473) - Motility (VFC0204)] [Aeromonas hydrophila ML09-119]",NA,"FDAARGOS_632"
"FDAARGOS_632.fasta","NZ_CP044060.1",4154078,4154940,"+","pomB2","10-878/900","========/======","2/6",95.89,82.97,"vfdb","WP_016351724","(pomB2) flagellar motor protein MotB [Polar flagella (VF0473) - Motility (VFC0204)] [Aeromonas hydrophila ML09-119]",NA,"FDAARGOS_632"
"FDAARGOS_632.fasta","NZ_CP044060.1",4447483,4447974,"-","exeM","1-492/492","===============","0/0",100,82.52,"vfdb","WP_016349344","(exeM) general secretion pathway protein M [Exe T2SS (VF0478) - Effector delivery system (VFC0086)] [Aeromonas hydrophila ML09-119]",NA,"FDAARGOS_632"
"FDAARGOS_632.fasta","NZ_CP044060.1",4447971,4449155,"-","exeL","1-1185/1185","========/======","2/2",99.92,82.29,"vfdb","WP_016349343","(exeL) general secretion pathway protein L [Exe T2SS (VF0478) - Effector delivery system (VFC0086)] [Aeromonas hydrophila ML09-119]",NA,"FDAARGOS_632"
"FDAARGOS_632.fasta","NZ_CP044060.1",4450399,4451000,"-","exeJ","40-641/654","===============","0/0",92.05,88.21,"vfdb","WP_016349341","(exeJ) general secretion pathway protein J [Exe T2SS (VF0478) - Effector delivery system (VFC0086)] [Aeromonas hydrophila ML09-119]",NA,"FDAARGOS_632"
"FDAARGOS_632.fasta","NZ_CP044060.1",4451033,4451392,"-","exeI","1-360/360","===============","0/0",100,87.22,"vfdb","WP_016349340","(exeI) general secretion pathway protein I [Exe T2SS (VF0478) - Effector delivery system (VFC0086)] [Aeromonas hydrophila ML09-119]",NA,"FDAARGOS_632"
"FDAARGOS_632.fasta","NZ_CP044060.1",4451432,4451938,"-","exeH","12-518/552","===============","0/0",91.85,80.47,"vfdb","WP_016349339","(exeH) general secretion pathway protein H [Exe T2SS (VF0478) - Effector delivery system (VFC0086)] [Aeromonas hydrophila ML09-119]",NA,"FDAARGOS_632"
"FDAARGOS_632.fasta","NZ_CP044060.1",4452000,4452431,"-","exeG","1-432/432","===============","0/0",100,92.13,"vfdb","WP_005308483","(exeG) general secretion pathway protein G [Exe T2SS (VF0478) - Effector delivery system (VFC0086)] [Aeromonas hydrophila ML09-119]",NA,"FDAARGOS_632"
"FDAARGOS_632.fasta","NZ_CP044060.1",4452608,4453822,"-","exeF","1-1215/1221","===============","0/0",99.51,88.64,"vfdb","WP_016349337","(exeF) general secretion pathway protein F [Exe T2SS (VF0478) - Effector delivery system (VFC0086)] [Aeromonas hydrophila ML09-119]",NA,"FDAARGOS_632"
"FDAARGOS_632.fasta","NZ_CP044060.1",4453824,4455323,"-","exeE","7-1506/1506","===============","0/0",99.6,89.53,"vfdb","WP_016349336","(exeE) general secretory pathway protein E [Exe T2SS (VF0478) - Effector delivery system (VFC0086)] [Aeromonas hydrophila ML09-119]",NA,"FDAARGOS_632"
"FDAARGOS_632.fasta","NZ_CP044060.1",4455411,4457368,"-","exeD","1-1970/2037","========/======","11/24",95.83,85.32,"vfdb","WP_016349335","(exeD) general secretion pathway protein D [Exe T2SS (VF0478) - Effector delivery system (VFC0086)] [Aeromonas hydrophila ML09-119]",NA,"FDAARGOS_632"
"FDAARGOS_632.fasta","NZ_CP044060.1",4459156,4460714,"-","exeA","1-1559/1647","========/======","2/2",94.6,82.5,"vfdb","WP_016352107","(exeA) general secretion pathway protein A [Exe T2SS (VF0478) - Effector delivery system (VFC0086)] [Aeromonas hydrophila ML09-119]",NA,"FDAARGOS_632"
"Hm21.fasta","NZ_CP059396.1",373236,373613,"+","lfiN","1-378/378","===============","0/0",100,85.45,"vfdb","WP_005314315","(lfiN) lateral flagellar motor switch protein lfiN [Lateral flagella (VF0474) - Motility (VFC0204)] [Aeromonas salmonicida subsp. salmonicida A449]",NA,"Hm21"
"Hm21.fasta","NZ_CP059396.1",373613,374347,"+","fliP","1-735/735","===============","0/0",100,80.27,"vfdb","WP_005314307","(fliP) flagellar biosynthesis protein FliP [Lateral flagella (VF0474) - Motility (VFC0204)] [Aeromonas salmonicida subsp. salmonicida A449]",NA,"Hm21"
"Hm21.fasta","NZ_CP059396.1",375394,376530,"+","lfhB","1-1137/1137","===============","0/0",100,80.65,"vfdb","WP_005314298","(lfhB) lateral flagellar biosynthetic protein LfhB [Lateral flagella (VF0474) - Motility (VFC0204)] [Aeromonas salmonicida subsp. salmonicida A449]",NA,"Hm21"
"Hm21.fasta","NZ_CP059396.1",376534,378599,"+","lfhA","1-2066/2076","===============","0/0",99.52,82.14,"vfdb","WP_005314296","(lfhA) lateral flagellar biosynthesis protein [Lateral flagella (VF0474) - Motility (VFC0204)] [Aeromonas salmonicida subsp. salmonicida A449]",NA,"Hm21"
"Hm21.fasta","NZ_CP059396.1",380411,380737,"+","lfiE","1-327/327","===============","0/0",100,83.79,"vfdb","WP_005314292","(lfiE) lateral flagellar hook basal body protein LfiE [Lateral flagella (VF0474) - Motility (VFC0204)] [Aeromonas salmonicida subsp. salmonicida A449]",NA,"Hm21"
"Hm21.fasta","NZ_CP059396.1",382484,383512,"+","fliG","1-1029/1029","===============","0/0",100,84.26,"vfdb","WP_005314289","(fliG) flagellar motor switch protein G [Lateral flagella (VF0474) - Motility (VFC0204)] [Aeromonas salmonicida subsp. salmonicida A449]",NA,"Hm21"
"Hm21.fasta","NZ_CP059396.1",387617,388006,"+","lfgB","1-390/390","===============","0/0",100,83.59,"vfdb","WP_005314272","(lfgB) lateral flagellar basal body protein LfgB [Lateral flagella (VF0474) - Motility (VFC0204)] [Aeromonas salmonicida subsp. salmonicida A449]",NA,"Hm21"
"Hm21.fasta","NZ_CP059396.1",388009,388429,"+","flgC","1-421/426","===============","0/0",98.83,81.47,"vfdb","WP_005314270","(flgC) flagellar basal body rod protein FlgC [Lateral flagella (VF0474) - Motility (VFC0204)] [Aeromonas salmonicida subsp. salmonicida A449]",NA,"Hm21"
"Hm21.fasta","NZ_CP059396.1",390367,391097,"+","lfgF","1-731/735","===============","0/0",99.46,82.49,"vfdb","WP_005314261","(lfgF) lateral flagellar basal-body rod protein LfgF [Lateral flagella (VF0474) - Motility (VFC0204)] [Aeromonas salmonicida subsp. salmonicida A449]",NA,"Hm21"
"Hm21.fasta","NZ_CP059396.1",391180,391963,"+","lfgG","1-784/786","===============","0/0",99.75,82.65,"vfdb","WP_005314259","(lfgG) lateral flagellar basal-body rod protein LfgG [Lateral flagella (VF0474) - Motility (VFC0204)] [Aeromonas salmonicida subsp. salmonicida A449]",NA,"Hm21"
"Hm21.fasta","NZ_CP059396.1",391965,392636,"+","lfgH","1-672/672","===============","0/0",100,81.84,"vfdb","WP_005314257","(lfgH) lateral flagellar L-ring protein LfgH [Lateral flagella (VF0474) - Motility (VFC0204)] [Aeromonas salmonicida subsp. salmonicida A449]",NA,"Hm21"
"Hm21.fasta","NZ_CP059396.1",392645,393751,"+","flgI","1-1107/1107","===============","0/0",100,80.94,"vfdb","WP_005314254","(flgI) flagellar basal body P-ring protein [Lateral flagella (VF0474) - Motility (VFC0204)] [Aeromonas salmonicida subsp. salmonicida A449]",NA,"Hm21"
"Hm21.fasta","NZ_CP059396.1",393760,394158,"+","flgJ","1-399/399","===============","0/0",100,80.45,"vfdb","WP_005314251","(flgJ) peptidoglycan hydrolase [Lateral flagella (VF0474) - Motility (VFC0204)] [Aeromonas salmonicida subsp. salmonicida A449]",NA,"Hm21"
"Hm21.fasta","NZ_CP059396.1",394158,395477,"+","lfgK","1-1320/1320","===============","0/0",100,82.27,"vfdb","WP_005314250","(lfgK) lateral flagellar hook-associated protein [Lateral flagella (VF0474) - Motility (VFC0204)] [Aeromonas salmonicida subsp. salmonicida A449]",NA,"Hm21"
"Hm21.fasta","NZ_CP059396.1",401777,403060,"+","lafB","1-1284/1284","===============","0/0",100,82.4,"vfdb","WP_005314227","(lafB) flagellar hook associated protein LafB [Lateral flagella (VF0474) - Motility (VFC0204)] [Aeromonas salmonicida subsp. salmonicida A449]",NA,"Hm21"
"Hm21.fasta","NZ_CP059396.1",406302,407159,"+","lafT","1-858/858","========/======","2/2",99.88,84.75,"vfdb","WP_005314215","(lafT) LafT flagella motor stator protein [Lateral flagella (VF0474) - Motility (VFC0204)] [Aeromonas salmonicida subsp. salmonicida A449]",NA,"Hm21"
"Hm21.fasta","NZ_CP059396.1",433016,433850,"-","tapD/pilD","24-858/873","========/======","2/2",95.53,83.37,"vfdb","WP_016352170","(tapD/pilD) prepilin peptidase [Tap type IV pili (VF0475) - Adherence (VFC0001)] [Aeromonas hydrophila ML09-119]",NA,"Hm21"
"Hm21.fasta","NZ_CP059396.1",433951,435176,"-","tapC","1-1226/1242","===============","0/0",98.71,86.38,"vfdb","WP_016352169","(tapC) type IV fimbrial assembly protein PilC-like [Tap type IV pili (VF0475) - Adherence (VFC0001)] [Aeromonas hydrophila ML09-119]",NA,"Hm21"
"Hm21.fasta","NZ_CP059396.1",435417,437123,"-","tapB","1-1707/1707","===============","0/0",100,87.29,"vfdb","WP_016352168","(tapB) type IV pilus assembly ATPase PilB-like [Tap type IV pili (VF0475) - Adherence (VFC0001)] [Aeromonas hydrophila ML09-119]",NA,"Hm21"
"Hm21.fasta","NZ_CP059396.1",612567,613601,"+","tapT","1-1035/1035","===============","0/0",100,91.59,"vfdb","WP_011707389","(tapT) twitching ATPase [Tap type IV pili (VF0475) - Adherence (VFC0001)] [Aeromonas hydrophila ML09-119]",NA,"Hm21"
"Hm21.fasta","NZ_CP059396.1",613630,614739,"+","tapU","1-1110/1110","========/======","2/6",99.73,84.1,"vfdb","WP_016351972","(tapU) twitching ATPase [Tap type IV pili (VF0475) - Adherence (VFC0001)] [Aeromonas hydrophila ML09-119]",NA,"Hm21"
"Hm21.fasta","NZ_CP059396.1",628251,628800,"+","motX","51-600/600",".==============","0/0",91.67,82.18,"vfdb","WP_016349413","(motX) sodium-type flagellar motor component [Polar flagella (VF0473) - Motility (VFC0204)] [Aeromonas hydrophila ML09-119]",NA,"Hm21"
"Hm21.fasta","NZ_CP059396.1",933707,934455,"+","pomA2","1-749/759","===============","0/0",98.68,83.58,"vfdb","WP_011707085","(pomA2) chemotaxis protein PomA [Polar flagella (VF0473) - Motility (VFC0204)] [Aeromonas hydrophila ML09-119]",NA,"Hm21"
"Hm21.fasta","NZ_CP059396.1",934480,935342,"+","pomB2","10-878/900","========/======","2/6",95.89,82.51,"vfdb","WP_016351724","(pomB2) flagellar motor protein MotB [Polar flagella (VF0473) - Motility (VFC0204)] [Aeromonas hydrophila ML09-119]",NA,"Hm21"
"Hm21.fasta","NZ_CP059396.1",985646,986164,"+","hcp","1-519/519","===============","0/0",100,94.61,"vfdb","WP_011705706","(hcp) hemolysin co-regulated protein [T6SS (VF0480) - Effector delivery system (VFC0086)] [Aeromonas hydrophila subsp. hydrophila ATCC 7966]",NA,"Hm21"
"Hm21.fasta","NZ_CP059396.1",986522,988446,"+","vgrG2","13-1937/2232","========/=====.","4/4",86.16,84.07,"vfdb","WP_011705707","(vgrG2) VgrG protein [T6SS (VF0480) - Effector delivery system (VFC0086)] [Aeromonas hydrophila subsp. hydrophila ATCC 7966]",NA,"Hm21"
"Hm21.fasta","NZ_CP059396.1",1249875,1250366,"-","exeM","1-492/492","===============","0/0",100,82.93,"vfdb","WP_016349344","(exeM) general secretion pathway protein M [Exe T2SS (VF0478) - Effector delivery system (VFC0086)] [Aeromonas hydrophila ML09-119]",NA,"Hm21"
"Hm21.fasta","NZ_CP059396.1",1250363,1251547,"-","exeL","1-1185/1185","========/======","2/2",99.92,81.62,"vfdb","WP_016349343","(exeL) general secretion pathway protein L [Exe T2SS (VF0478) - Effector delivery system (VFC0086)] [Aeromonas hydrophila ML09-119]",NA,"Hm21"
"Hm21.fasta","NZ_CP059396.1",1252806,1253398,"-","exeJ","40-632/654","===============","0/0",90.67,89.04,"vfdb","WP_016349341","(exeJ) general secretion pathway protein J [Exe T2SS (VF0478) - Effector delivery system (VFC0086)] [Aeromonas hydrophila ML09-119]",NA,"Hm21"
"Hm21.fasta","NZ_CP059396.1",1253431,1253790,"-","exeI","1-360/360","===============","0/0",100,86.11,"vfdb","WP_016349340","(exeI) general secretion pathway protein I [Exe T2SS (VF0478) - Effector delivery system (VFC0086)] [Aeromonas hydrophila ML09-119]",NA,"Hm21"
"Hm21.fasta","NZ_CP059396.1",1254398,1254829,"-","exeG","1-432/432","===============","0/0",100,90.97,"vfdb","WP_005308483","(exeG) general secretion pathway protein G [Exe T2SS (VF0478) - Effector delivery system (VFC0086)] [Aeromonas hydrophila ML09-119]",NA,"Hm21"
"Hm21.fasta","NZ_CP059396.1",1255006,1256220,"-","exeF","1-1215/1221","===============","0/0",99.51,88.56,"vfdb","WP_016349337","(exeF) general secretion pathway protein F [Exe T2SS (VF0478) - Effector delivery system (VFC0086)] [Aeromonas hydrophila ML09-119]",NA,"Hm21"
"Hm21.fasta","NZ_CP059396.1",1256222,1257721,"-","exeE","7-1506/1506","===============","0/0",99.6,89.6,"vfdb","WP_016349336","(exeE) general secretory pathway protein E [Exe T2SS (VF0478) - Effector delivery system (VFC0086)] [Aeromonas hydrophila ML09-119]",NA,"Hm21"
"Hm21.fasta","NZ_CP059396.1",1257809,1259766,"-","exeD","1-1970/2037","========/======","11/28",95.73,85.09,"vfdb","WP_016349335","(exeD) general secretion pathway protein D [Exe T2SS (VF0478) - Effector delivery system (VFC0086)] [Aeromonas hydrophila ML09-119]",NA,"Hm21"
"Hm21.fasta","NZ_CP059396.1",1261554,1263112,"-","exeA","1-1559/1647","===============","0/0",94.66,82.75,"vfdb","WP_016352107","(exeA) general secretion pathway protein A [Exe T2SS (VF0478) - Effector delivery system (VFC0086)] [Aeromonas hydrophila ML09-119]",NA,"Hm21"
"Hm21.fasta","NZ_CP059396.1",1580974,1581885,"+","cheV","1-912/912","===============","0/0",100,86.08,"vfdb","WP_011706646","(cheV) CheV [Polar flagella (VF0473) - Motility (VFC0204)] [Aeromonas hydrophila ML09-119]",NA,"Hm21"
"Hm21.fasta","NZ_CP059396.1",1581903,1582725,"+","cheR-3","1-823/825","===============","0/0",99.76,85.91,"vfdb","WP_011706645","(cheR-3) chemotaxis protein CheR [Polar flagella (VF0473) - Motility (VFC0204)] [Aeromonas hydrophila ML09-119]",NA,"Hm21"
"Hm21.fasta","NZ_CP059396.1",1583023,1583421,"+","flgB","1-399/399","========/======","2/6",99.25,80.85,"vfdb","WP_011706644","(flgB) flagellar basal-body rod protein FlgB [Polar flagella (VF0473) - Motility (VFC0204)] [Aeromonas hydrophila ML09-119]",NA,"Hm21"
"Hm21.fasta","NZ_CP059396.1",1583421,1583840,"+","flgC","1-420/420","===============","0/0",100,90,"vfdb","WP_011706643","(flgC) flagellar basal body rod protein FlgC [Polar flagella (VF0473) - Motility (VFC0204)] [Aeromonas hydrophila ML09-119]",NA,"Hm21"
"Hm21.fasta","NZ_CP059396.1",1586086,1586832,"+","flgF","1-747/747","===============","0/0",100,85.41,"vfdb","WP_011706640","(flgF) flagellar basal-body rod protein FlgF [Polar flagella (VF0473) - Motility (VFC0204)] [Aeromonas hydrophila ML09-119]",NA,"Hm21"
"Hm21.fasta","NZ_CP059396.1",1586847,1587635,"+","flgG","1-789/789","===============","0/0",100,86.56,"vfdb","WP_011706639","(flgG) flagellar basal body rod protein FlgG [Polar flagella (VF0473) - Motility (VFC0204)] [Aeromonas hydrophila ML09-119]",NA,"Hm21"
"Hm21.fasta","NZ_CP059396.1",1587650,1588321,"+","flgH","1-672/672","===============","0/0",100,85.86,"vfdb","WP_011706638","(flgH) flagellar basal body L-ring protein [Polar flagella (VF0473) - Motility (VFC0204)] [Aeromonas hydrophila ML09-119]",NA,"Hm21"
"Hm21.fasta","NZ_CP059396.1",1588330,1589427,"+","flgI","1-1098/1098","===============","0/0",100,86.7,"vfdb","WP_011706637","(flgI) flagellar basal body P-ring protein [Polar flagella (VF0473) - Motility (VFC0204)] [Aeromonas hydrophila ML09-119]",NA,"Hm21"
"Hm21.fasta","NZ_CP059396.1",1589471,1590520,"+","flgJ","1-1053/1092","========/======","10/29",94.96,80.21,"vfdb","WP_016351320","(flgJ) flagellar rod assembly protein/muramidase FlgJ [Polar flagella (VF0473) - Motility (VFC0204)] [Aeromonas hydrophila ML09-119]",NA,"Hm21"
"Hm21.fasta","NZ_CP059396.1",1601124,1602538,"+","flrA","1-1415/1422","========/======","3/4",99.37,86.38,"vfdb","WP_017409846","(flrA) FleQ protein [Polar flagella (VF0473) - Motility (VFC0204)] [Aeromonas hydrophila ML09-119]",NA,"Hm21"
"Hm21.fasta","NZ_CP059396.1",1602652,1603686,"+","flrB","1-1035/1035","========/======","2/2",99.9,85.33,"vfdb","WP_016351312","(flrB) two-component sensor kinase [Polar flagella (VF0473) - Motility (VFC0204)] [Aeromonas hydrophila ML09-119]",NA,"Hm21"
"Hm21.fasta","NZ_CP059396.1",1603683,1605026,"+","flrC","1-1344/1344","===============","0/0",100,88.24,"vfdb","WP_011706626","(flrC) transcriptional activator [Polar flagella (VF0473) - Motility (VFC0204)] [Aeromonas hydrophila ML09-119]",NA,"Hm21"
"Hm21.fasta","NZ_CP059396.1",2315065,2315799,"-","flmH","1-735/735","===============","0/0",100,90.34,"vfdb","WP_005300916","(flmH) short chain dehydrogenase/reductase family oxidoreductase [Polar flagella (VF0473) - Motility (VFC0204)] [Aeromonas hydrophila ML09-119]",NA,"Hm21"
"Hm21.fasta","NZ_CP059396.1",2667552,2667839,"-","AHA_RS09305","1-288/288","===============","0/0",100,80.56,"vfdb","WP_011705727","(AHA_RS09305) type VI secretion system PAAR protein [T6SS (VF0480) - Effector delivery system (VFC0086)] [Aeromonas hydrophila subsp. hydrophila ATCC 7966]",NA,"Hm21"
"Hm21.fasta","NZ_CP059396.1",2668145,2669572,"-","atsS","1-1431/1431","========/======","3/5",99.72,86.1,"vfdb","WP_011705726","(atsS) Type VI secretion system protein [T6SS (VF0480) - Effector delivery system (VFC0086)] [Aeromonas hydrophila subsp. hydrophila ATCC 7966]",NA,"Hm21"
"Hm21.fasta","NZ_CP059396.1",2669616,2673113,"-","vasK/icmF","1-3486/3486","========/======","2/12",100,86.48,"vfdb","WP_011705725","(vasK/icmF) Type VI secretion system protein [T6SS (VF0480) - Effector delivery system (VFC0086)] [Aeromonas hydrophila subsp. hydrophila ATCC 7966]",NA,"Hm21"
"Hm21.fasta","NZ_CP059396.1",2673184,2674582,"-","atsQ","1-1408/1437","========/======","12/35",96.45,82.83,"vfdb","WP_011705724","(atsQ) Type VI secretion system protein [T6SS (VF0480) - Effector delivery system (VFC0086)] [Aeromonas hydrophila subsp. hydrophila ATCC 7966]",NA,"Hm21"
"Hm21.fasta","NZ_CP059396.1",2675196,2676734,"-","vasH","1-1539/1539","===============","0/0",100,86.68,"vfdb","WP_011705722","(vasH) sigma-54 dependent transcriptional regulator [T6SS (VF0480) - Effector delivery system (VFC0086)] [Aeromonas hydrophila subsp. hydrophila ATCC 7966]",NA,"Hm21"
"Hm21.fasta","NZ_CP059396.1",2676739,2679379,"-","clpB","1-2640/2643","========/======","1/1",99.89,88.6,"vfdb","WP_011705721","(clpB) type VI secretion system ATPase ClpV1 [T6SS (VF0480) - Effector delivery system (VFC0086)] [Aeromonas hydrophila subsp. hydrophila ATCC 7966]",NA,"Hm21"
"Hm21.fasta","NZ_CP059396.1",2679400,2680179,"-","dotU","1-780/780","===============","0/0",100,88.2,"vfdb","WP_010634228","(dotU) Type VI secretion system protein DotU [T6SS (VF0480) - Effector delivery system (VFC0086)] [Aeromonas hydrophila subsp. hydrophila ATCC 7966]",NA,"Hm21"
"Hm21.fasta","NZ_CP059396.1",2680203,2681537,"-","atsL","1-1335/1335","===============","0/0",100,91.91,"vfdb","WP_011705719","(atsL) Type VI secretion system protein [T6SS (VF0480) - Effector delivery system (VFC0086)] [Aeromonas hydrophila subsp. hydrophila ATCC 7966]",NA,"Hm21"
"Hm21.fasta","NZ_CP059396.1",2681540,2682055,"-","atsK","1-516/516","===============","0/0",100,90.12,"vfdb","WP_011705718","(atsK) Type VI secretion system protein [T6SS (VF0480) - Effector delivery system (VFC0086)] [Aeromonas hydrophila subsp. hydrophila ATCC 7966]",NA,"Hm21"
"Hm21.fasta","NZ_CP059396.1",2682055,2683290,"-","atsJ","1-1251/1251","========/======","7/29",98.24,84.58,"vfdb","WP_011705717","(atsJ) Type VI secretion system protein [T6SS (VF0480) - Effector delivery system (VFC0086)] [Aeromonas hydrophila subsp. hydrophila ATCC 7966]",NA,"Hm21"
"Hm21.fasta","NZ_CP059396.1",2683330,2684327,"-","atsI","2-999/999","===============","0/0",99.9,88.08,"vfdb","WP_011705716","(atsI) Type VI secretion system protein [T6SS (VF0480) - Effector delivery system (VFC0086)] [Aeromonas hydrophila subsp. hydrophila ATCC 7966]",NA,"Hm21"
"Hm21.fasta","NZ_CP059396.1",2684292,2686058,"-","atsH","1-1767/1767","===============","0/0",100,90.49,"vfdb","WP_011705715","(atsH) Type VI secretion system protein [T6SS (VF0480) - Effector delivery system (VFC0086)] [Aeromonas hydrophila subsp. hydrophila ATCC 7966]",NA,"Hm21"
"Hm21.fasta","NZ_CP059396.1",2686062,2686493,"-","atsG","1-432/432","===============","0/0",100,93.52,"vfdb","WP_011705714","(atsG) Type VI secretion system protein [T6SS (VF0480) - Effector delivery system (VFC0086)] [Aeromonas hydrophila subsp. hydrophila ATCC 7966]",NA,"Hm21"
"Hm21.fasta","NZ_CP059396.1",2686500,2687981,"-","vipB","1-1479/1479","========/======","1/3",100,90.42,"vfdb","WP_043163044","(vipB) Type VI secretion system contractile sheath large subunit TssC/VipB [T6SS (VF0480) - Effector delivery system (VFC0086)] [Aeromonas hydrophila subsp. hydrophila ATCC 7966]",NA,"Hm21"
"Hm21.fasta","NZ_CP059396.1",2688019,2688522,"-","vipA","1-504/504","===============","0/0",100,89.29,"vfdb","WP_011705712","(vipA) Type VI secretion system contractile sheath small subunit TssB/VipA [T6SS (VF0480) - Effector delivery system (VFC0086)] [Aeromonas hydrophila subsp. hydrophila ATCC 7966]",NA,"Hm21"
"Hm21.fasta","NZ_CP059396.1",2842017,2842808,"-","tapF","1-792/792","========/======","2/6",99.62,87.92,"vfdb","WP_011705643","(tapF) type IV pilus biogenesis/stability protein pilW-like [Tap type IV pili (VF0475) - Adherence (VFC0001)] [Aeromonas hydrophila ML09-119]",NA,"Hm21"
"Hm21.fasta","NZ_CP059396.1",2956121,2956870,"-","nueA","1-762/762","========/======","2/12",98.43,88.58,"vfdb","WP_016351249","(nueA) NeuA protein [Polar flagella (VF0473) - Motility (VFC0204)] [Aeromonas hydrophila ML09-119]",NA,"Hm21"
"Hm21.fasta","NZ_CP059396.1",3015508,3016381,"-","motY","1-874/876","===============","0/0",99.77,88.33,"vfdb","WP_024944879","(motY) sodium-type flagellar protein MotY [Polar flagella (VF0473) - Motility (VFC0204)] [Aeromonas hydrophila ML09-119]",NA,"Hm21"
"Hm21.fasta","NZ_CP059396.1",3040612,3041749,"+","tapW","1-1138/1140","===============","0/0",99.82,90.25,"vfdb","WP_011706550","(tapW) twitching ATPase [Tap type IV pili (VF0475) - Adherence (VFC0001)] [Aeromonas hydrophila ML09-119]",NA,"Hm21"
"Hm21.fasta","NZ_CP059396.1",3176266,3176784,"-","hcp","1-519/519","===============","0/0",100,94.22,"vfdb","WP_011705706","(hcp) hemolysin co-regulated protein [T6SS (VF0480) - Effector delivery system (VFC0086)] [Aeromonas hydrophila subsp. hydrophila ATCC 7966]",NA,"Hm21"
"Hm21.fasta","NZ_CP059396.1",3293190,3293855,"-","ascL","1-666/666","===============","0/0",100,95.65,"vfdb","WP_005320812","(ascL) Type III secretion system C ring protein AscL [T3SS (VF0479) - Effector delivery system (VFC0086)] [Aeromonas salmonicida subsp. salmonicida A449]",NA,"Hm21"
"Hm21.fasta","NZ_CP059396.1",3293834,3294460,"-","ascK","1-627/627","===============","0/0",100,91.87,"vfdb","WP_005320811","(ascK) Type III secretion system C ring protein AscK [T3SS (VF0479) - Effector delivery system (VFC0086)] [Aeromonas salmonicida subsp. salmonicida A449]",NA,"Hm21"
"Hm21.fasta","NZ_CP059396.1",3294457,3295197,"-","ascJ","1-741/741","===============","0/0",100,96.76,"vfdb","WP_180975055","(ascJ) type III secretion system OM ring protein AscJ [T3SS (VF0479) - Effector delivery system (VFC0086)] [Aeromonas salmonicida subsp. salmonicida A449]",NA,"Hm21"
"Hm21.fasta","NZ_CP059396.1",3295204,3295542,"-","ascI","1-339/339","===============","0/0",100,96.75,"vfdb","WP_005320806","(ascI) Type III secretion system inner rod protein AscI [T3SS (VF0479) - Effector delivery system (VFC0086)] [Aeromonas salmonicida subsp. salmonicida A449]",NA,"Hm21"
"Hm21.fasta","NZ_CP059396.1",3295542,3296096,"-","ascH","1-555/555","===============","0/0",100,92.61,"vfdb","WP_005320804","(ascH) Type III secretion system protein AscH regulator needle assembling [T3SS (VF0479) - Effector delivery system (VFC0086)] [Aeromonas salmonicida subsp. salmonicida A449]",NA,"Hm21"
"Hm21.fasta","NZ_CP059396.1",3296093,3296446,"-","ascG","1-354/354","===============","0/0",100,87.85,"vfdb","WP_005320802","(ascG) chaperone protein [T3SS (VF0479) - Effector delivery system (VFC0086)] [Aeromonas salmonicida subsp. salmonicida A449]",NA,"Hm21"
"Hm21.fasta","NZ_CP059396.1",3296446,3296703,"-","ascF","1-258/258","===============","0/0",100,94.19,"vfdb","WP_005320800","(ascF) Type III secretion system needle complex subunit AscF [T3SS (VF0479) - Effector delivery system (VFC0086)] [Aeromonas salmonicida subsp. salmonicida A449]",NA,"Hm21"
"Hm21.fasta","NZ_CP059396.1",3296696,3296908,"-","ascE","1-213/213","===============","0/0",100,96.71,"vfdb","WP_005320797","(ascE) chaperone protein [T3SS (VF0479) - Effector delivery system (VFC0086)] [Aeromonas salmonicida subsp. salmonicida A449]",NA,"Hm21"
"Hm21.fasta","NZ_CP059396.1",3296871,3298175,"-","ascD","1-1305/1305","===============","0/0",100,96.09,"vfdb","WP_005320795","(ascD) Type III secretion system OM ring protein AscD [T3SS (VF0479) - Effector delivery system (VFC0086)] [Aeromonas salmonicida subsp. salmonicida A449]",NA,"Hm21"
"Hm21.fasta","NZ_CP059396.1",3298172,3300025,"-","ascC","1-1854/1854","===============","0/0",100,95.79,"vfdb","WP_011899438","(ascC) Type III secretion system OM ring protein AscC [T3SS (VF0479) - Effector delivery system (VFC0086)] [Aeromonas salmonicida subsp. salmonicida A449]",NA,"Hm21"
"Hm21.fasta","NZ_CP059396.1",3299998,3300423,"-","ascB","1-426/426","===============","0/0",100,96.24,"vfdb","WP_011899439","(ascB) chaperone protein [T3SS (VF0479) - Effector delivery system (VFC0086)] [Aeromonas salmonicida subsp. salmonicida A449]",NA,"Hm21"
"Hm21.fasta","NZ_CP059396.1",3300439,3301254,"-","exsD","1-816/816","===============","0/0",100,96.32,"vfdb","WP_005320790","(exsD) Type III secretion system protein ExsD [T3SS (VF0479) - Effector delivery system (VFC0086)] [Aeromonas salmonicida subsp. salmonicida A449]",NA,"Hm21"
"Hm21.fasta","NZ_CP059396.1",3301374,3302156,"-","exsA","1-783/783","===============","0/0",100,97.7,"vfdb","WP_192914500","(exsA) Type III secretion system transcriptional regulator [T3SS (VF0479) - Effector delivery system (VFC0086)] [Aeromonas salmonicida subsp. salmonicida A449]",NA,"Hm21"
"Hm21.fasta","NZ_CP059396.1",3302535,3302935,"-","exsB","1-401/402","===============","0/0",99.75,95.51,"vfdb","WP_011899440","(exsB) type III secretion system OM ring protein ExsB [T3SS (VF0479) - Effector delivery system (VFC0086)] [Aeromonas salmonicida subsp. salmonicida A449]",NA,"Hm21"
"Hm21.fasta","NZ_CP059396.1",3302932,3303165,"-","exsE","1-234/234","===============","0/0",100,91.45,"vfdb","WP_005320785","(exsE) Type III secretion system regulator [T3SS (VF0479) - Effector delivery system (VFC0086)] [Aeromonas salmonicida subsp. salmonicida A449]",NA,"Hm21"
"Hm21.fasta","NZ_CP059396.1",3303168,3303611,"-","exsC","1-444/444","===============","0/0",100,95.72,"vfdb","WP_005320783","(exsC) chaperone protein [T3SS (VF0479) - Effector delivery system (VFC0086)] [Aeromonas salmonicida subsp. salmonicida A449]",NA,"Hm21"
"Hm21.fasta","NZ_CP059396.1",3303747,3304643,"-","aopD","1-897/897","===============","0/0",100,87.96,"vfdb","WP_005320781","(aopD) Type III secretion system translocator AopD [T3SS (VF0479) - Effector delivery system (VFC0086)] [Aeromonas salmonicida subsp. salmonicida A449]",NA,"Hm21"
"Hm21.fasta","NZ_CP059396.1",3304656,3305828,"-","aopB","1-1194/1194","========/======","1/21",98.24,87.1,"vfdb","WP_005320780","(aopB) Type III secretion system translocator AopB [T3SS (VF0479) - Effector delivery system (VFC0086)] [Aeromonas salmonicida subsp. salmonicida A449]",NA,"Hm21"
"Hm21.fasta","NZ_CP059396.1",3305809,3306312,"-","acrH","1-504/504","===============","0/0",100,95.24,"vfdb","WP_005320778","(acrH) chaperon protein for AopB/AopD [T3SS (VF0479) - Effector delivery system (VFC0086)] [Aeromonas salmonicida subsp. salmonicida A449]",NA,"Hm21"
"Hm21.fasta","NZ_CP059396.1",3306322,3307407,"-","acrV","1-1086/1086","===============","0/0",100,91.44,"vfdb","WP_005320777","(acrV) Type III secretion system tip translocon AcrV  [T3SS (VF0479) - Effector delivery system (VFC0086)] [Aeromonas salmonicida subsp. salmonicida A449]",NA,"Hm21"
"Hm21.fasta","NZ_CP059396.1",3307417,3307701,"-","acrG","1-285/285","===============","0/0",100,94.74,"vfdb","WP_005320774","(acrG) Type III secretion system protein LcrG-like [T3SS (VF0479) - Effector delivery system (VFC0086)] [Aeromonas salmonicida subsp. salmonicida A449]",NA,"Hm21"
"Hm21.fasta","NZ_CP059396.1",3307741,3308196,"-","acrR","1-456/456","===============","0/0",100,93.2,"vfdb","WP_005320772","(acrR) Type III secretion system regulator LcrR-like [T3SS (VF0479) - Effector delivery system (VFC0086)] [Aeromonas salmonicida subsp. salmonicida A449]",NA,"Hm21"
"Hm21.fasta","NZ_CP059396.1",3308193,3310310,"-","ascV","1-2118/2118","===============","0/0",100,97.03,"vfdb","WP_005320770","(ascV) Type III secretion system inner membrane export apparatus protein AscV [T3SS (VF0479) - Effector delivery system (VFC0086)] [Aeromonas salmonicida subsp. salmonicida A449]",NA,"Hm21"
"Hm21.fasta","NZ_CP059396.1",3310291,3310641,"-","ascY","1-351/351","===============","0/0",100,97.72,"vfdb","WP_005320768","(ascY) chaperone protein [T3SS (VF0479) - Effector delivery system (VFC0086)] [Aeromonas salmonicida subsp. salmonicida A449]",NA,"Hm21"
"Hm21.fasta","NZ_CP059396.1",3310638,3311003,"-","ascX","1-366/366","===============","0/0",100,97.54,"vfdb","WP_005320766","(ascX) Unknown function chaperoned by AscY [T3SS (VF0479) - Effector delivery system (VFC0086)] [Aeromonas salmonicida subsp. salmonicida A449]",NA,"Hm21"
"Hm21.fasta","NZ_CP059396.1",3311000,3311371,"-","acr2","1-372/372","===============","0/0",100,96.77,"vfdb","WP_005320764","(acr2) chaperone protein [T3SS (VF0479) - Effector delivery system (VFC0086)] [Aeromonas salmonicida subsp. salmonicida A449]",NA,"Hm21"
"Hm21.fasta","NZ_CP059396.1",3311368,3311649,"-","acr1","1-282/282","===============","0/0",100,98.58,"vfdb","WP_005320760","(acr1) Type III secretion system gatekeeper subunit  [T3SS (VF0479) - Effector delivery system (VFC0086)] [Aeromonas salmonicida subsp. salmonicida A449]",NA,"Hm21"
"Hm21.fasta","NZ_CP059396.1",3311630,3312508,"-","aopN","1-879/879","===============","0/0",100,96.25,"vfdb","WP_005320757","(aopN) AopN secretion control of translocators and immune suppressor [T3SS (VF0479) - Effector delivery system (VFC0086)] [Aeromonas salmonicida subsp. salmonicida A449]",NA,"Hm21"
"Hm21.fasta","NZ_CP059396.1",3312698,3314020,"+","ascN","1-1323/1323","===============","0/0",100,97.88,"vfdb","WP_005320755","(ascN) Type III secretion system ATPase [T3SS (VF0479) - Effector delivery system (VFC0086)] [Aeromonas salmonicida subsp. salmonicida A449]",NA,"Hm21"
"Hm21.fasta","NZ_CP059396.1",3314017,3314478,"+","ascO","1-462/462","===============","0/0",100,96.75,"vfdb","WP_005320751","(ascO) Type III secretion system protein AscO [T3SS (VF0479) - Effector delivery system (VFC0086)] [Aeromonas salmonicida subsp. salmonicida A449]",NA,"Hm21"
"Hm21.fasta","NZ_CP059396.1",3315675,3316601,"+","ascQ","1-927/927","===============","0/0",100,92.56,"vfdb","WP_005320747","(ascQ) type III secretion system protein AscQ [T3SS (VF0479) - Effector delivery system (VFC0086)] [Aeromonas salmonicida subsp. salmonicida A449]",NA,"Hm21"
"Hm21.fasta","NZ_CP059396.1",3316598,3317251,"+","ascR","1-654/654","===============","0/0",100,96.94,"vfdb","WP_005320745","(ascR) Type III secretion system inner membrane export apparatus protein AscR [T3SS (VF0479) - Effector delivery system (VFC0086)] [Aeromonas salmonicida subsp. salmonicida A449]",NA,"Hm21"
"Hm21.fasta","NZ_CP059396.1",3317253,3317519,"+","ascS","1-267/267","===============","0/0",100,96.63,"vfdb","WP_005320743","(ascS) type III secretion system inner membrane export apparatus protein AscS [T3SS (VF0479) - Effector delivery system (VFC0086)] [Aeromonas salmonicida subsp. salmonicida A449]",NA,"Hm21"
"Hm21.fasta","NZ_CP059396.1",3317516,3318304,"+","ascT","1-789/789","===============","0/0",100,96.32,"vfdb","WP_005320741","(ascT) Type III secretion system inner membrane export apparatus protein AscT [T3SS (VF0479) - Effector delivery system (VFC0086)] [Aeromonas salmonicida subsp. salmonicida A449]",NA,"Hm21"
"Hm21.fasta","NZ_CP059396.1",3318301,3319359,"+","ascU","1-1059/1059","===============","0/0",100,96.69,"vfdb","WP_005320739","(ascU) Type III secretion system inner membrane export apparatus protein AscU [T3SS (VF0479) - Effector delivery system (VFC0086)] [Aeromonas salmonicida subsp. salmonicida A449]",NA,"Hm21"
"Hm21.fasta","NZ_CP059396.1",3319497,3320447,"+","aopX","1-971/971","========/======","1/20",97.94,94.03,"vfdb","","(aopX) hypothetical protein [T3SS (VF0479) - Effector delivery system (VFC0086)] [Aeromonas salmonicida subsp. salmonicida A449]",NA,"Hm21"
"Hm21.fasta","NZ_CP059396.1",3320447,3320770,"+","sycX","1-324/381","=============..","0/0",85.04,94.14,"vfdb","WP_005320736","(sycX) hypothetical protein [T3SS (VF0479) - Effector delivery system (VFC0086)] [Aeromonas salmonicida subsp. salmonicida A449]",NA,"Hm21"
"Hm21.fasta","NZ_CP059396.1",3376215,3377009,"-","AHML_RS07540","1-795/795","===============","0/0",100,83.27,"vfdb","WP_011705294","(AHML_RS07540) CobQ/CobB/MinD/ParA family protein [Polar flagella (VF0473) - Motility (VFC0204)] [Aeromonas hydrophila ML09-119]",NA,"Hm21"
"Hm21.fasta","NZ_CP059396.1",3378677,3379792,"-","cheB-2","1-1116/1116","===============","0/0",100,82.35,"vfdb","WP_016350060","(cheB-2) chemotaxis-specific methylesterase [Polar flagella (VF0473) - Motility (VFC0204)] [Aeromonas hydrophila ML09-119]",NA,"Hm21"
"Hm21.fasta","NZ_CP059396.1",3382065,3382805,"-","cheZ","1-741/741","===============","0/0",100,86.1,"vfdb","WP_011705289","(cheZ) chemotaxis protein CheZ [Polar flagella (VF0473) - Motility (VFC0204)] [Aeromonas hydrophila ML09-119]",NA,"Hm21"
"Hm21.fasta","NZ_CP059396.1",3382818,3383201,"-","cheY","1-384/384","===============","0/0",100,87.5,"vfdb","WP_010634617","(cheY) chemotaxis protein CheY [Polar flagella (VF0473) - Motility (VFC0204)] [Aeromonas hydrophila ML09-119]",NA,"Hm21"
"Hm21.fasta","NZ_CP059396.1",3383313,3384032,"-","fliA","1-720/720","========/======","2/2",99.86,83.08,"vfdb","WP_017409955","(fliA) flagellar biosynthesis sigma factor [Polar flagella (VF0473) - Motility (VFC0204)] [Aeromonas hydrophila ML09-119]",NA,"Hm21"
"Hm21.fasta","NZ_CP059396.1",3384025,3384900,"-","flhG","1-876/876","===============","0/0",100,88.36,"vfdb","WP_010634619","(flhG) CobQ/CobB/MinD/ParA family protein [Polar flagella (VF0473) - Motility (VFC0204)] [Aeromonas hydrophila ML09-119]",NA,"Hm21"
"Hm21.fasta","NZ_CP059396.1",3384902,3386326,"-","flhF","1-1422/1422","========/======","7/15",99.58,87.91,"vfdb","WP_016350057","(flhF) flagellar biosynthesis protein FlhF [Polar flagella (VF0473) - Motility (VFC0204)] [Aeromonas hydrophila ML09-119]",NA,"Hm21"
"Hm21.fasta","NZ_CP059396.1",3386343,3388445,"-","flhA","1-2103/2103","===============","0/0",100,87.26,"vfdb","WP_016350056","(flhA) flagellar biosynthesis protein FlhA [Polar flagella (VF0473) - Motility (VFC0204)] [Aeromonas hydrophila ML09-119]",NA,"Hm21"
"Hm21.fasta","NZ_CP059396.1",3388553,3389683,"-","flhB","1-1131/1131","===============","0/0",100,86.03,"vfdb","WP_016350055","(flhB) flagellar biosynthetic protein FlhB [Polar flagella (VF0473) - Motility (VFC0204)] [Aeromonas hydrophila ML09-119]",NA,"Hm21"
"Hm21.fasta","NZ_CP059396.1",3389688,3390473,"-","fliR","1-786/792","===============","0/0",99.24,81.55,"vfdb","WP_011705283","(fliR) flagellar biosynthesis protein FliR [Polar flagella (VF0473) - Motility (VFC0204)] [Aeromonas hydrophila ML09-119]",NA,"Hm21"
"Hm21.fasta","NZ_CP059396.1",3390470,3390739,"-","fliQ","1-270/270","===============","0/0",100,84.44,"vfdb","WP_011705282","(fliQ) flagellar biosynthetic protein FliQ [Polar flagella (VF0473) - Motility (VFC0204)] [Aeromonas hydrophila ML09-119]",NA,"Hm21"
"Hm21.fasta","NZ_CP059396.1",3390768,3391538,"-","fliP","1-774/780","========/======","2/5",98.72,86.06,"vfdb","WP_016350054","(fliP) flagellar biosynthesis protein FliP [Polar flagella (VF0473) - Motility (VFC0204)] [Aeromonas hydrophila ML09-119]",NA,"Hm21"
"Hm21.fasta","NZ_CP059396.1",3391525,3391845,"-","fliO","64-384/384","..=============","0/0",83.59,87.85,"vfdb","WP_005298795","(fliO) flagellar biosynthesis protein FliO [Polar flagella (VF0473) - Motility (VFC0204)] [Aeromonas hydrophila ML09-119]",NA,"Hm21"
"Hm21.fasta","NZ_CP059396.1",3391902,3392294,"-","fliN","1-393/393","===============","0/0",100,90.08,"vfdb","WP_011705280","(fliN) flagellar motor switch protein FliN [Polar flagella (VF0473) - Motility (VFC0204)] [Aeromonas hydrophila ML09-119]",NA,"Hm21"
"Hm21.fasta","NZ_CP059396.1",3392344,3393414,"-","fliM","1-1071/1071","===============","0/0",100,90.85,"vfdb","WP_011705279","(fliM) flagellar motor switch protein FliM [Polar flagella (VF0473) - Motility (VFC0204)] [Aeromonas hydrophila ML09-119]",NA,"Hm21"
"Hm21.fasta","NZ_CP059396.1",3393423,3393937,"-","fliL","1-518/519","========/======","1/3",99.23,85.33,"vfdb","WP_011705278","(fliL) flagellar basal body-associated protein FliL [Polar flagella (VF0473) - Motility (VFC0204)] [Aeromonas hydrophila ML09-119]",NA,"Hm21"
"Hm21.fasta","NZ_CP059396.1",3395976,3396416,"-","fliJ","1-441/441","===============","0/0",100,86.17,"vfdb","WP_011705276","(fliJ) flagellar export protein FliJ [Polar flagella (VF0473) - Motility (VFC0204)] [Aeromonas hydrophila ML09-119]",NA,"Hm21"
"Hm21.fasta","NZ_CP059396.1",3396444,3397775,"-","fliI","1-1332/1332","===============","0/0",100,89.34,"vfdb","WP_011705275","(fliI) flagellum-specific ATP synthase [Polar flagella (VF0473) - Motility (VFC0204)] [Aeromonas hydrophila ML09-119]",NA,"Hm21"
"Hm21.fasta","NZ_CP059396.1",3397858,3398649,"-","fliH","7-792/807","========/======","3/12",97.03,80.63,"vfdb","WP_016350051","(fliH) flagellar assembly protein FliH [Polar flagella (VF0473) - Motility (VFC0204)] [Aeromonas hydrophila ML09-119]",NA,"Hm21"
"Hm21.fasta","NZ_CP059396.1",3398723,3399782,"-","fliG","1-1060/1062","===============","0/0",99.81,93.02,"vfdb","WP_011705273","(fliG) flagellar motor switch protein G [Polar flagella (VF0473) - Motility (VFC0204)] [Aeromonas hydrophila ML09-119]",NA,"Hm21"
"Hm21.fasta","NZ_CP059396.1",3399775,3401484,"-","fliF","1-1713/1713","========/======","1/3",99.82,86.75,"vfdb","WP_016350050","(fliF) flagellar MS-ring protein [Polar flagella (VF0473) - Motility (VFC0204)] [Aeromonas hydrophila ML09-119]",NA,"Hm21"
"Hm21.fasta","NZ_CP059396.1",3401547,3401864,"-","fliE","1-318/318","===============","0/0",100,88.99,"vfdb","WP_011705271","(fliE) flagellar hook-basal body complex protein FliE [Polar flagella (VF0473) - Motility (VFC0204)] [Aeromonas hydrophila ML09-119]",NA,"Hm21"
"Hm21.fasta","NZ_CP059396.1",3546864,3547463,"-","tapO","1-600/600","===============","0/0",100,80,"vfdb","WP_016351631","(tapO) type IV pilus biogenesis protein PilO [Tap type IV pili (VF0475) - Adherence (VFC0001)] [Aeromonas hydrophila ML09-119]",NA,"Hm21"
"Hm21.fasta","NZ_CP059396.1",3698788,3700712,"-","vgrG2","13-1937/2232","========/=====.","6/6",86.11,83.97,"vfdb","WP_011705707","(vgrG2) VgrG protein [T6SS (VF0480) - Effector delivery system (VFC0086)] [Aeromonas hydrophila subsp. hydrophila ATCC 7966]",NA,"Hm21"
"Hm21.fasta","NZ_CP059396.1",3701070,3701588,"-","hcp","1-519/519","===============","0/0",100,94.61,"vfdb","WP_011705706","(hcp) hemolysin co-regulated protein [T6SS (VF0480) - Effector delivery system (VFC0086)] [Aeromonas hydrophila subsp. hydrophila ATCC 7966]",NA,"Hm21"
"Hm21.fasta","NZ_CP059396.1",4256741,4257359,"-","mshB","52-670/672",".==============","0/0",92.11,85.14,"vfdb","WP_043118279","(mshB) MSHA (mannose-sensitive hemagglutinin) pili minor prepilin protein MshB [MSHA type IV pili (VF0477) - Adherence (VFC0001)] [Aeromonas hydrophila ML09-119]",NA,"Hm21"
"Hm21.fasta","NZ_CP059396.1",4258038,4259250,"-","mshG","9-1221/1221","========/======","2/2",99.26,88.22,"vfdb","WP_016349160","(mshG) MSHA (mannose-sensitive hemagglutinin) pili biogenesis protein MshG GspF-like [MSHA type IV pili (VF0477) - Adherence (VFC0001)] [Aeromonas hydrophila ML09-119]",NA,"Hm21"
"Hm21.fasta","NZ_CP059396.1",4259262,4260971,"-","mshE","1-1710/1710","===============","0/0",100,89.47,"vfdb","WP_043118275","(mshE) ATPase protein MshE GspE-like [MSHA type IV pili (VF0477) - Adherence (VFC0001)] [Aeromonas hydrophila ML09-119]",NA,"Hm21"
"Hm21.fasta","NZ_CP059396.1",4262137,4263027,"-","mshM","1-891/891","===============","0/0",100,87.54,"vfdb","WP_016349157","(mshM) membrane protein with ATPase domain GspA-like [MSHA type IV pili (VF0477) - Adherence (VFC0001)] [Aeromonas hydrophila ML09-119]",NA,"Hm21"
"Hm21.fasta","NZ_CP059396.1",4263120,4264793,"-","mshL","1-1674/1674","========/======","11/34",98.98,82.26,"vfdb","WP_016349156","(mshL) MSHA (mannose-sensitive hemagglutinin) pili biogenesis protein MshL outer membrane secretin GspD-like [MSHA type IV pili (VF0477) - Adherence (VFC0001)] [Aeromonas hydrophila ML09-119]",NA,"Hm21"
"Hm21.fasta","NZ_CP059396.1",4265833,4266426,"-","mshI1","1-594/594","========/======","4/4",99.66,80.54,"vfdb","WP_016349153","(mshI1) MSHA (mannose-sensitive hemagglutinin) pili biogenesis protein MshI1 bitopic inner membrane protein [MSHA type IV pili (VF0477) - Adherence (VFC0001)] [Aeromonas hydrophila ML09-119]",NA,"Hm21"
"Hm21.fasta","NZ_CP059396.1",4266426,4267289,"-","mshI","1-864/864","===============","0/0",100,82.18,"vfdb","WP_016349152","(mshI) MSHA (mannose-sensitive hemagglutinin) pili biogenesis protein MshI bitopic inner membrane protein [MSHA type IV pili (VF0477) - Adherence (VFC0001)] [Aeromonas hydrophila ML09-119]",NA,"Hm21"
"Hm22.fasta","NZ_NKWH01000001.1",100800,101465,"-","ascL","1-666/666","===============","0/0",100,95.5,"vfdb","WP_005320812","(ascL) Type III secretion system C ring protein AscL [T3SS (VF0479) - Effector delivery system (VFC0086)] [Aeromonas salmonicida subsp. salmonicida A449]",NA,"Hm22"
"Hm22.fasta","NZ_NKWH01000001.1",101444,102070,"-","ascK","1-627/627","===============","0/0",100,92.19,"vfdb","WP_005320811","(ascK) Type III secretion system C ring protein AscK [T3SS (VF0479) - Effector delivery system (VFC0086)] [Aeromonas salmonicida subsp. salmonicida A449]",NA,"Hm22"
"Hm22.fasta","NZ_NKWH01000001.1",102067,102807,"-","ascJ","1-741/741","===============","0/0",100,96.49,"vfdb","WP_180975055","(ascJ) type III secretion system OM ring protein AscJ [T3SS (VF0479) - Effector delivery system (VFC0086)] [Aeromonas salmonicida subsp. salmonicida A449]",NA,"Hm22"
"Hm22.fasta","NZ_NKWH01000001.1",102814,103152,"-","ascI","1-339/339","===============","0/0",100,97.64,"vfdb","WP_005320806","(ascI) Type III secretion system inner rod protein AscI [T3SS (VF0479) - Effector delivery system (VFC0086)] [Aeromonas salmonicida subsp. salmonicida A449]",NA,"Hm22"
"Hm22.fasta","NZ_NKWH01000001.1",103152,103706,"-","ascH","1-555/555","===============","0/0",100,93.69,"vfdb","WP_005320804","(ascH) Type III secretion system protein AscH regulator needle assembling [T3SS (VF0479) - Effector delivery system (VFC0086)] [Aeromonas salmonicida subsp. salmonicida A449]",NA,"Hm22"
"Hm22.fasta","NZ_NKWH01000001.1",103703,104056,"-","ascG","1-354/354","===============","0/0",100,88.7,"vfdb","WP_005320802","(ascG) chaperone protein [T3SS (VF0479) - Effector delivery system (VFC0086)] [Aeromonas salmonicida subsp. salmonicida A449]",NA,"Hm22"
"Hm22.fasta","NZ_NKWH01000001.1",104056,104313,"-","ascF","1-258/258","===============","0/0",100,93.8,"vfdb","WP_005320800","(ascF) Type III secretion system needle complex subunit AscF [T3SS (VF0479) - Effector delivery system (VFC0086)] [Aeromonas salmonicida subsp. salmonicida A449]",NA,"Hm22"
"Hm22.fasta","NZ_NKWH01000001.1",104306,104518,"-","ascE","1-213/213","===============","0/0",100,94.84,"vfdb","WP_005320797","(ascE) chaperone protein [T3SS (VF0479) - Effector delivery system (VFC0086)] [Aeromonas salmonicida subsp. salmonicida A449]",NA,"Hm22"
"Hm22.fasta","NZ_NKWH01000001.1",104481,105785,"-","ascD","1-1305/1305","===============","0/0",100,96.09,"vfdb","WP_005320795","(ascD) Type III secretion system OM ring protein AscD [T3SS (VF0479) - Effector delivery system (VFC0086)] [Aeromonas salmonicida subsp. salmonicida A449]",NA,"Hm22"
"Hm22.fasta","NZ_NKWH01000001.1",105782,107635,"-","ascC","1-1854/1854","===============","0/0",100,96.71,"vfdb","WP_011899438","(ascC) Type III secretion system OM ring protein AscC [T3SS (VF0479) - Effector delivery system (VFC0086)] [Aeromonas salmonicida subsp. salmonicida A449]",NA,"Hm22"
"Hm22.fasta","NZ_NKWH01000001.1",107608,108033,"-","ascB","1-426/426","===============","0/0",100,96.48,"vfdb","WP_011899439","(ascB) chaperone protein [T3SS (VF0479) - Effector delivery system (VFC0086)] [Aeromonas salmonicida subsp. salmonicida A449]",NA,"Hm22"
"Hm22.fasta","NZ_NKWH01000001.1",108049,108864,"-","exsD","1-816/816","===============","0/0",100,96.08,"vfdb","WP_005320790","(exsD) Type III secretion system protein ExsD [T3SS (VF0479) - Effector delivery system (VFC0086)] [Aeromonas salmonicida subsp. salmonicida A449]",NA,"Hm22"
"Hm22.fasta","NZ_NKWH01000001.1",108984,109766,"-","exsA","1-783/783","===============","0/0",100,97.45,"vfdb","WP_192914500","(exsA) Type III secretion system transcriptional regulator [T3SS (VF0479) - Effector delivery system (VFC0086)] [Aeromonas salmonicida subsp. salmonicida A449]",NA,"Hm22"
"Hm22.fasta","NZ_NKWH01000001.1",110145,110545,"-","exsB","1-401/402","===============","0/0",99.75,95.51,"vfdb","WP_011899440","(exsB) type III secretion system OM ring protein ExsB [T3SS (VF0479) - Effector delivery system (VFC0086)] [Aeromonas salmonicida subsp. salmonicida A449]",NA,"Hm22"
"Hm22.fasta","NZ_NKWH01000001.1",110542,110775,"-","exsE","1-234/234","===============","0/0",100,93.16,"vfdb","WP_005320785","(exsE) Type III secretion system regulator [T3SS (VF0479) - Effector delivery system (VFC0086)] [Aeromonas salmonicida subsp. salmonicida A449]",NA,"Hm22"
"Hm22.fasta","NZ_NKWH01000001.1",110778,111221,"-","exsC","1-444/444","===============","0/0",100,95.72,"vfdb","WP_005320783","(exsC) chaperone protein [T3SS (VF0479) - Effector delivery system (VFC0086)] [Aeromonas salmonicida subsp. salmonicida A449]",NA,"Hm22"
"Hm22.fasta","NZ_NKWH01000001.1",111358,112254,"-","aopD","1-897/897","===============","0/0",100,88.29,"vfdb","WP_005320781","(aopD) Type III secretion system translocator AopD [T3SS (VF0479) - Effector delivery system (VFC0086)] [Aeromonas salmonicida subsp. salmonicida A449]",NA,"Hm22"
"Hm22.fasta","NZ_NKWH01000001.1",112267,113439,"-","aopB","1-1194/1194","========/======","1/21",98.24,87.35,"vfdb","WP_005320780","(aopB) Type III secretion system translocator AopB [T3SS (VF0479) - Effector delivery system (VFC0086)] [Aeromonas salmonicida subsp. salmonicida A449]",NA,"Hm22"
"Hm22.fasta","NZ_NKWH01000001.1",113420,113923,"-","acrH","1-504/504","===============","0/0",100,96.03,"vfdb","WP_005320778","(acrH) chaperon protein for AopB/AopD [T3SS (VF0479) - Effector delivery system (VFC0086)] [Aeromonas salmonicida subsp. salmonicida A449]",NA,"Hm22"
"Hm22.fasta","NZ_NKWH01000001.1",113933,115018,"-","acrV","1-1086/1086","===============","0/0",100,91.9,"vfdb","WP_005320777","(acrV) Type III secretion system tip translocon AcrV  [T3SS (VF0479) - Effector delivery system (VFC0086)] [Aeromonas salmonicida subsp. salmonicida A449]",NA,"Hm22"
"Hm22.fasta","NZ_NKWH01000001.1",115028,115312,"-","acrG","1-285/285","===============","0/0",100,95.09,"vfdb","WP_005320774","(acrG) Type III secretion system protein LcrG-like [T3SS (VF0479) - Effector delivery system (VFC0086)] [Aeromonas salmonicida subsp. salmonicida A449]",NA,"Hm22"
"Hm22.fasta","NZ_NKWH01000001.1",115352,115807,"-","acrR","1-456/456","===============","0/0",100,92.98,"vfdb","WP_005320772","(acrR) Type III secretion system regulator LcrR-like [T3SS (VF0479) - Effector delivery system (VFC0086)] [Aeromonas salmonicida subsp. salmonicida A449]",NA,"Hm22"
"Hm22.fasta","NZ_NKWH01000001.1",115804,117921,"-","ascV","1-2118/2118","===============","0/0",100,96.79,"vfdb","WP_005320770","(ascV) Type III secretion system inner membrane export apparatus protein AscV [T3SS (VF0479) - Effector delivery system (VFC0086)] [Aeromonas salmonicida subsp. salmonicida A449]",NA,"Hm22"
"Hm22.fasta","NZ_NKWH01000001.1",117902,118252,"-","ascY","1-351/351","===============","0/0",100,98.01,"vfdb","WP_005320768","(ascY) chaperone protein [T3SS (VF0479) - Effector delivery system (VFC0086)] [Aeromonas salmonicida subsp. salmonicida A449]",NA,"Hm22"
"Hm22.fasta","NZ_NKWH01000001.1",118249,118614,"-","ascX","1-366/366","===============","0/0",100,96.45,"vfdb","WP_005320766","(ascX) Unknown function chaperoned by AscY [T3SS (VF0479) - Effector delivery system (VFC0086)] [Aeromonas salmonicida subsp. salmonicida A449]",NA,"Hm22"
"Hm22.fasta","NZ_NKWH01000001.1",118611,118982,"-","acr2","1-372/372","===============","0/0",100,96.24,"vfdb","WP_005320764","(acr2) chaperone protein [T3SS (VF0479) - Effector delivery system (VFC0086)] [Aeromonas salmonicida subsp. salmonicida A449]",NA,"Hm22"
"Hm22.fasta","NZ_NKWH01000001.1",118979,119260,"-","acr1","1-282/282","===============","0/0",100,97.87,"vfdb","WP_005320760","(acr1) Type III secretion system gatekeeper subunit  [T3SS (VF0479) - Effector delivery system (VFC0086)] [Aeromonas salmonicida subsp. salmonicida A449]",NA,"Hm22"
"Hm22.fasta","NZ_NKWH01000001.1",119241,120119,"-","aopN","1-879/879","===============","0/0",100,96.7,"vfdb","WP_005320757","(aopN) AopN secretion control of translocators and immune suppressor [T3SS (VF0479) - Effector delivery system (VFC0086)] [Aeromonas salmonicida subsp. salmonicida A449]",NA,"Hm22"
"Hm22.fasta","NZ_NKWH01000001.1",120309,121631,"+","ascN","1-1323/1323","===============","0/0",100,97.28,"vfdb","WP_005320755","(ascN) Type III secretion system ATPase [T3SS (VF0479) - Effector delivery system (VFC0086)] [Aeromonas salmonicida subsp. salmonicida A449]",NA,"Hm22"
"Hm22.fasta","NZ_NKWH01000001.1",121628,122089,"+","ascO","1-462/462","===============","0/0",100,96.32,"vfdb","WP_005320751","(ascO) Type III secretion system protein AscO [T3SS (VF0479) - Effector delivery system (VFC0086)] [Aeromonas salmonicida subsp. salmonicida A449]",NA,"Hm22"
"Hm22.fasta","NZ_NKWH01000001.1",123286,124212,"+","ascQ","1-927/927","===============","0/0",100,94.5,"vfdb","WP_005320747","(ascQ) type III secretion system protein AscQ [T3SS (VF0479) - Effector delivery system (VFC0086)] [Aeromonas salmonicida subsp. salmonicida A449]",NA,"Hm22"
"Hm22.fasta","NZ_NKWH01000001.1",124209,124862,"+","ascR","1-654/654","===============","0/0",100,96.33,"vfdb","WP_005320745","(ascR) Type III secretion system inner membrane export apparatus protein AscR [T3SS (VF0479) - Effector delivery system (VFC0086)] [Aeromonas salmonicida subsp. salmonicida A449]",NA,"Hm22"
"Hm22.fasta","NZ_NKWH01000001.1",124864,125130,"+","ascS","1-267/267","===============","0/0",100,96.25,"vfdb","WP_005320743","(ascS) type III secretion system inner membrane export apparatus protein AscS [T3SS (VF0479) - Effector delivery system (VFC0086)] [Aeromonas salmonicida subsp. salmonicida A449]",NA,"Hm22"
"Hm22.fasta","NZ_NKWH01000001.1",125127,125915,"+","ascT","1-789/789","===============","0/0",100,95.94,"vfdb","WP_005320741","(ascT) Type III secretion system inner membrane export apparatus protein AscT [T3SS (VF0479) - Effector delivery system (VFC0086)] [Aeromonas salmonicida subsp. salmonicida A449]",NA,"Hm22"
"Hm22.fasta","NZ_NKWH01000001.1",125912,126970,"+","ascU","1-1059/1059","===============","0/0",100,96.6,"vfdb","WP_005320739","(ascU) Type III secretion system inner membrane export apparatus protein AscU [T3SS (VF0479) - Effector delivery system (VFC0086)] [Aeromonas salmonicida subsp. salmonicida A449]",NA,"Hm22"
"Hm22.fasta","NZ_NKWH01000001.1",127108,128058,"+","aopX","1-971/971","========/======","1/20",97.94,93.82,"vfdb","","(aopX) hypothetical protein [T3SS (VF0479) - Effector delivery system (VFC0086)] [Aeromonas salmonicida subsp. salmonicida A449]",NA,"Hm22"
"Hm22.fasta","NZ_NKWH01000001.1",128058,128381,"+","sycX","1-324/381","=============..","0/0",85.04,93.52,"vfdb","WP_005320736","(sycX) hypothetical protein [T3SS (VF0479) - Effector delivery system (VFC0086)] [Aeromonas salmonicida subsp. salmonicida A449]",NA,"Hm22"
"Hm22.fasta","NZ_NKWH01000001.1",182453,183247,"-","AHML_RS07540","1-795/795","===============","0/0",100,83.14,"vfdb","WP_011705294","(AHML_RS07540) CobQ/CobB/MinD/ParA family protein [Polar flagella (VF0473) - Motility (VFC0204)] [Aeromonas hydrophila ML09-119]",NA,"Hm22"
"Hm22.fasta","NZ_NKWH01000001.1",184915,186030,"-","cheB-2","1-1116/1116","========/======","2/2",99.91,82.45,"vfdb","WP_016350060","(cheB-2) chemotaxis-specific methylesterase [Polar flagella (VF0473) - Motility (VFC0204)] [Aeromonas hydrophila ML09-119]",NA,"Hm22"
"Hm22.fasta","NZ_NKWH01000001.1",188282,189022,"-","cheZ","1-741/741","===============","0/0",100,86.1,"vfdb","WP_011705289","(cheZ) chemotaxis protein CheZ [Polar flagella (VF0473) - Motility (VFC0204)] [Aeromonas hydrophila ML09-119]",NA,"Hm22"
"Hm22.fasta","NZ_NKWH01000001.1",189035,189418,"-","cheY","1-384/384","===============","0/0",100,87.24,"vfdb","WP_010634617","(cheY) chemotaxis protein CheY [Polar flagella (VF0473) - Motility (VFC0204)] [Aeromonas hydrophila ML09-119]",NA,"Hm22"
"Hm22.fasta","NZ_NKWH01000001.1",189530,190249,"-","fliA","1-720/720","========/======","2/2",99.86,82.8,"vfdb","WP_017409955","(fliA) flagellar biosynthesis sigma factor [Polar flagella (VF0473) - Motility (VFC0204)] [Aeromonas hydrophila ML09-119]",NA,"Hm22"
"Hm22.fasta","NZ_NKWH01000001.1",190242,191117,"-","flhG","1-876/876","===============","0/0",100,88.81,"vfdb","WP_010634619","(flhG) CobQ/CobB/MinD/ParA family protein [Polar flagella (VF0473) - Motility (VFC0204)] [Aeromonas hydrophila ML09-119]",NA,"Hm22"
"Hm22.fasta","NZ_NKWH01000001.1",191119,192543,"-","flhF","1-1422/1422","========/======","6/11",99.72,88.17,"vfdb","WP_016350057","(flhF) flagellar biosynthesis protein FlhF [Polar flagella (VF0473) - Motility (VFC0204)] [Aeromonas hydrophila ML09-119]",NA,"Hm22"
"Hm22.fasta","NZ_NKWH01000001.1",192560,194662,"-","flhA","1-2103/2103","===============","0/0",100,87.49,"vfdb","WP_016350056","(flhA) flagellar biosynthesis protein FlhA [Polar flagella (VF0473) - Motility (VFC0204)] [Aeromonas hydrophila ML09-119]",NA,"Hm22"
"Hm22.fasta","NZ_NKWH01000001.1",194770,195900,"-","flhB","1-1131/1131","========/======","2/8",99.65,86.26,"vfdb","WP_016350055","(flhB) flagellar biosynthetic protein FlhB [Polar flagella (VF0473) - Motility (VFC0204)] [Aeromonas hydrophila ML09-119]",NA,"Hm22"
"Hm22.fasta","NZ_NKWH01000001.1",195915,196690,"-","fliR","1-776/792","===============","0/0",97.98,82.09,"vfdb","WP_011705283","(fliR) flagellar biosynthesis protein FliR [Polar flagella (VF0473) - Motility (VFC0204)] [Aeromonas hydrophila ML09-119]",NA,"Hm22"
"Hm22.fasta","NZ_NKWH01000001.1",196687,196956,"-","fliQ","1-270/270","===============","0/0",100,85.93,"vfdb","WP_011705282","(fliQ) flagellar biosynthetic protein FliQ [Polar flagella (VF0473) - Motility (VFC0204)] [Aeromonas hydrophila ML09-119]",NA,"Hm22"
"Hm22.fasta","NZ_NKWH01000001.1",196985,197755,"-","fliP","1-774/780","========/======","2/5",98.72,85.81,"vfdb","WP_016350054","(fliP) flagellar biosynthesis protein FliP [Polar flagella (VF0473) - Motility (VFC0204)] [Aeromonas hydrophila ML09-119]",NA,"Hm22"
"Hm22.fasta","NZ_NKWH01000001.1",197742,198062,"-","fliO","64-384/384","..=============","0/0",83.59,86.92,"vfdb","WP_005298795","(fliO) flagellar biosynthesis protein FliO [Polar flagella (VF0473) - Motility (VFC0204)] [Aeromonas hydrophila ML09-119]",NA,"Hm22"
"Hm22.fasta","NZ_NKWH01000001.1",198119,198511,"-","fliN","1-393/393","===============","0/0",100,89.82,"vfdb","WP_011705280","(fliN) flagellar motor switch protein FliN [Polar flagella (VF0473) - Motility (VFC0204)] [Aeromonas hydrophila ML09-119]",NA,"Hm22"
"Hm22.fasta","NZ_NKWH01000001.1",198561,199631,"-","fliM","1-1071/1071","===============","0/0",100,91.22,"vfdb","WP_011705279","(fliM) flagellar motor switch protein FliM [Polar flagella (VF0473) - Motility (VFC0204)] [Aeromonas hydrophila ML09-119]",NA,"Hm22"
"Hm22.fasta","NZ_NKWH01000001.1",199640,200154,"-","fliL","1-518/519","========/======","1/3",99.23,85.14,"vfdb","WP_011705278","(fliL) flagellar basal body-associated protein FliL [Polar flagella (VF0473) - Motility (VFC0204)] [Aeromonas hydrophila ML09-119]",NA,"Hm22"
"Hm22.fasta","NZ_NKWH01000001.1",202208,202648,"-","fliJ","1-441/441","===============","0/0",100,86.39,"vfdb","WP_011705276","(fliJ) flagellar export protein FliJ [Polar flagella (VF0473) - Motility (VFC0204)] [Aeromonas hydrophila ML09-119]",NA,"Hm22"
"Hm22.fasta","NZ_NKWH01000001.1",202676,204007,"-","fliI","1-1332/1332","===============","0/0",100,89.49,"vfdb","WP_011705275","(fliI) flagellum-specific ATP synthase [Polar flagella (VF0473) - Motility (VFC0204)] [Aeromonas hydrophila ML09-119]",NA,"Hm22"
"Hm22.fasta","NZ_NKWH01000001.1",204090,204881,"-","fliH","7-792/807","========/======","4/12",97.03,81.26,"vfdb","WP_016350051","(fliH) flagellar assembly protein FliH [Polar flagella (VF0473) - Motility (VFC0204)] [Aeromonas hydrophila ML09-119]",NA,"Hm22"
"Hm22.fasta","NZ_NKWH01000001.1",204955,206014,"-","fliG","1-1060/1062","===============","0/0",99.81,93.21,"vfdb","WP_011705273","(fliG) flagellar motor switch protein G [Polar flagella (VF0473) - Motility (VFC0204)] [Aeromonas hydrophila ML09-119]",NA,"Hm22"
"Hm22.fasta","NZ_NKWH01000001.1",206007,207716,"-","fliF","1-1713/1713","========/======","1/3",99.82,86.92,"vfdb","WP_016350050","(fliF) flagellar MS-ring protein [Polar flagella (VF0473) - Motility (VFC0204)] [Aeromonas hydrophila ML09-119]",NA,"Hm22"
"Hm22.fasta","NZ_NKWH01000001.1",207779,208096,"-","fliE","1-318/318","===============","0/0",100,89.31,"vfdb","WP_011705271","(fliE) flagellar hook-basal body complex protein FliE [Polar flagella (VF0473) - Motility (VFC0204)] [Aeromonas hydrophila ML09-119]",NA,"Hm22"
"Hm22.fasta","NZ_NKWH01000001.1",352325,352857,"-","tapN","1-533/579","==============.","0/0",92.06,80.11,"vfdb","WP_016351632","(tapN) type IV pilus biogenesis protein PilN [Tap type IV pili (VF0475) - Adherence (VFC0001)] [Aeromonas hydrophila ML09-119]",NA,"Hm22"
"Hm22.fasta","NZ_NKWH01000003.1",186842,187600,"+","pomA2","1-759/759","===============","0/0",100,86.96,"vfdb","WP_011707085","(pomA2) chemotaxis protein PomA [Polar flagella (VF0473) - Motility (VFC0204)] [Aeromonas hydrophila ML09-119]",NA,"Hm22"
"Hm22.fasta","NZ_NKWH01000003.1",187618,188480,"+","pomB2","10-878/900","========/======","2/6",95.89,82.85,"vfdb","WP_016351724","(pomB2) flagellar motor protein MotB [Polar flagella (VF0473) - Motility (VFC0204)] [Aeromonas hydrophila ML09-119]",NA,"Hm22"
"Hm22.fasta","NZ_NKWH01000004.1",171613,173516,"-","vgrG3","1-1904/2046","========/======","6/8",92.86,83.07,"vfdb","WP_011705728","(vgrG3) VgrG protein [T6SS (VF0480) - Effector delivery system (VFC0086)] [Aeromonas hydrophila subsp. hydrophila ATCC 7966]",NA,"Hm22"
"Hm22.fasta","NZ_NKWH01000004.1",174013,174531,"-","hcp","1-519/519","===============","0/0",100,93.26,"vfdb","WP_011705706","(hcp) hemolysin co-regulated protein [T6SS (VF0480) - Effector delivery system (VFC0086)] [Aeromonas hydrophila subsp. hydrophila ATCC 7966]",NA,"Hm22"
"Hm22.fasta","NZ_NKWH01000005.1",67129,68687,"+","exeA","1-1559/1647","===============","0/0",94.66,82.87,"vfdb","WP_016352107","(exeA) general secretion pathway protein A [Exe T2SS (VF0478) - Effector delivery system (VFC0086)] [Aeromonas hydrophila ML09-119]",NA,"Hm22"
"Hm22.fasta","NZ_NKWH01000005.1",70475,72432,"+","exeD","1-1970/2037","========/======","9/22",95.88,85.62,"vfdb","WP_016349335","(exeD) general secretion pathway protein D [Exe T2SS (VF0478) - Effector delivery system (VFC0086)] [Aeromonas hydrophila ML09-119]",NA,"Hm22"
"Hm22.fasta","NZ_NKWH01000005.1",72520,74019,"+","exeE","7-1506/1506","===============","0/0",99.6,89.8,"vfdb","WP_016349336","(exeE) general secretory pathway protein E [Exe T2SS (VF0478) - Effector delivery system (VFC0086)] [Aeromonas hydrophila ML09-119]",NA,"Hm22"
"Hm22.fasta","NZ_NKWH01000005.1",74021,75240,"+","exeF","1-1220/1221","===============","0/0",99.92,87.79,"vfdb","WP_016349337","(exeF) general secretion pathway protein F [Exe T2SS (VF0478) - Effector delivery system (VFC0086)] [Aeromonas hydrophila ML09-119]",NA,"Hm22"
"Hm22.fasta","NZ_NKWH01000005.1",75339,75770,"+","exeG","1-432/432","===============","0/0",100,91.9,"vfdb","WP_005308483","(exeG) general secretion pathway protein G [Exe T2SS (VF0478) - Effector delivery system (VFC0086)] [Aeromonas hydrophila ML09-119]",NA,"Hm22"
"Hm22.fasta","NZ_NKWH01000005.1",75832,76338,"+","exeH","12-518/552","===============","0/0",91.85,80.87,"vfdb","WP_016349339","(exeH) general secretion pathway protein H [Exe T2SS (VF0478) - Effector delivery system (VFC0086)] [Aeromonas hydrophila ML09-119]",NA,"Hm22"
"Hm22.fasta","NZ_NKWH01000005.1",76464,76823,"+","exeI","1-360/360","===============","0/0",100,87.78,"vfdb","WP_016349340","(exeI) general secretion pathway protein I [Exe T2SS (VF0478) - Effector delivery system (VFC0086)] [Aeromonas hydrophila ML09-119]",NA,"Hm22"
"Hm22.fasta","NZ_NKWH01000005.1",76856,77457,"+","exeJ","40-641/654","===============","0/0",92.05,88.54,"vfdb","WP_016349341","(exeJ) general secretion pathway protein J [Exe T2SS (VF0478) - Effector delivery system (VFC0086)] [Aeromonas hydrophila ML09-119]",NA,"Hm22"
"Hm22.fasta","NZ_NKWH01000005.1",78704,79888,"+","exeL","1-1185/1185","========/======","2/2",99.92,81.11,"vfdb","WP_016349343","(exeL) general secretion pathway protein L [Exe T2SS (VF0478) - Effector delivery system (VFC0086)] [Aeromonas hydrophila ML09-119]",NA,"Hm22"
"Hm22.fasta","NZ_NKWH01000005.1",79885,80376,"+","exeM","1-492/492","===============","0/0",100,82.32,"vfdb","WP_016349344","(exeM) general secretion pathway protein M [Exe T2SS (VF0478) - Effector delivery system (VFC0086)] [Aeromonas hydrophila ML09-119]",NA,"Hm22"
"Hm22.fasta","NZ_NKWH01000010.1",130128,130505,"+","lfiN","1-378/378","===============","0/0",100,85.71,"vfdb","WP_005314315","(lfiN) lateral flagellar motor switch protein lfiN [Lateral flagella (VF0474) - Motility (VFC0204)] [Aeromonas salmonicida subsp. salmonicida A449]",NA,"Hm22"
"Hm22.fasta","NZ_NKWH01000010.1",130505,131239,"+","fliP","1-735/735","===============","0/0",100,80.68,"vfdb","WP_005314307","(fliP) flagellar biosynthesis protein FliP [Lateral flagella (VF0474) - Motility (VFC0204)] [Aeromonas salmonicida subsp. salmonicida A449]",NA,"Hm22"
"Hm22.fasta","NZ_NKWH01000010.1",131242,131510,"+","lfiQ","2-270/270","===============","0/0",99.63,80.3,"vfdb","WP_005314303","(lfiQ) lateral flagellar biosynthetic protein LfiQ [Lateral flagella (VF0474) - Motility (VFC0204)] [Aeromonas salmonicida subsp. salmonicida A449]",NA,"Hm22"
"Hm22.fasta","NZ_NKWH01000010.1",132286,133422,"+","lfhB","1-1137/1137","===============","0/0",100,81.27,"vfdb","WP_005314298","(lfhB) lateral flagellar biosynthetic protein LfhB [Lateral flagella (VF0474) - Motility (VFC0204)] [Aeromonas salmonicida subsp. salmonicida A449]",NA,"Hm22"
"Hm22.fasta","NZ_NKWH01000010.1",133426,135492,"+","lfhA","1-2067/2076","===============","0/0",99.57,82.05,"vfdb","WP_005314296","(lfhA) lateral flagellar biosynthesis protein [Lateral flagella (VF0474) - Motility (VFC0204)] [Aeromonas salmonicida subsp. salmonicida A449]",NA,"Hm22"
"Hm22.fasta","NZ_NKWH01000010.1",137288,137614,"+","lfiE","1-327/327","===============","0/0",100,84.4,"vfdb","WP_005314292","(lfiE) lateral flagellar hook basal body protein LfiE [Lateral flagella (VF0474) - Motility (VFC0204)] [Aeromonas salmonicida subsp. salmonicida A449]",NA,"Hm22"
"Hm22.fasta","NZ_NKWH01000010.1",139367,140395,"+","fliG","1-1029/1029","===============","0/0",100,84.45,"vfdb","WP_005314289","(fliG) flagellar motor switch protein G [Lateral flagella (VF0474) - Motility (VFC0204)] [Aeromonas salmonicida subsp. salmonicida A449]",NA,"Hm22"
"Hm22.fasta","NZ_NKWH01000010.1",144513,144902,"+","lfgB","1-390/390","===============","0/0",100,83.59,"vfdb","WP_005314272","(lfgB) lateral flagellar basal body protein LfgB [Lateral flagella (VF0474) - Motility (VFC0204)] [Aeromonas salmonicida subsp. salmonicida A449]",NA,"Hm22"
"Hm22.fasta","NZ_NKWH01000010.1",144905,145325,"+","flgC","1-421/426","===============","0/0",98.83,81.95,"vfdb","WP_005314270","(flgC) flagellar basal body rod protein FlgC [Lateral flagella (VF0474) - Motility (VFC0204)] [Aeromonas salmonicida subsp. salmonicida A449]",NA,"Hm22"
"Hm22.fasta","NZ_NKWH01000010.1",147269,147999,"+","lfgF","1-731/735","===============","0/0",99.46,82.08,"vfdb","WP_005314261","(lfgF) lateral flagellar basal-body rod protein LfgF [Lateral flagella (VF0474) - Motility (VFC0204)] [Aeromonas salmonicida subsp. salmonicida A449]",NA,"Hm22"
"Hm22.fasta","NZ_NKWH01000010.1",148082,148865,"+","lfgG","1-784/786","===============","0/0",99.75,82.53,"vfdb","WP_005314259","(lfgG) lateral flagellar basal-body rod protein LfgG [Lateral flagella (VF0474) - Motility (VFC0204)] [Aeromonas salmonicida subsp. salmonicida A449]",NA,"Hm22"
"Hm22.fasta","NZ_NKWH01000010.1",148867,149538,"+","lfgH","1-672/672","===============","0/0",100,82.59,"vfdb","WP_005314257","(lfgH) lateral flagellar L-ring protein LfgH [Lateral flagella (VF0474) - Motility (VFC0204)] [Aeromonas salmonicida subsp. salmonicida A449]",NA,"Hm22"
"Hm22.fasta","NZ_NKWH01000010.1",149547,150653,"+","flgI","1-1107/1107","===============","0/0",100,81.12,"vfdb","WP_005314254","(flgI) flagellar basal body P-ring protein [Lateral flagella (VF0474) - Motility (VFC0204)] [Aeromonas salmonicida subsp. salmonicida A449]",NA,"Hm22"
"Hm22.fasta","NZ_NKWH01000010.1",150662,151060,"+","flgJ","1-399/399","===============","0/0",100,80.45,"vfdb","WP_005314251","(flgJ) peptidoglycan hydrolase [Lateral flagella (VF0474) - Motility (VFC0204)] [Aeromonas salmonicida subsp. salmonicida A449]",NA,"Hm22"
"Hm22.fasta","NZ_NKWH01000010.1",159741,160405,"+","lafS","42-707/708","========/======","1/1",93.93,80.48,"vfdb","WP_011898286","(lafS) LafS RNA polymerase sigma factor [Lateral flagella (VF0474) - Motility (VFC0204)] [Aeromonas salmonicida subsp. salmonicida A449]",NA,"Hm22"
"Hm22.fasta","NZ_NKWH01000010.1",160454,161311,"+","lafT","1-858/858","========/======","2/2",99.88,84.28,"vfdb","WP_005314215","(lafT) LafT flagella motor stator protein [Lateral flagella (VF0474) - Motility (VFC0204)] [Aeromonas salmonicida subsp. salmonicida A449]",NA,"Hm22"
"Hm22.fasta","NZ_NKWH01000010.1",187057,187891,"-","tapD/pilD","24-858/873","========/======","2/2",95.53,83.01,"vfdb","WP_016352170","(tapD/pilD) prepilin peptidase [Tap type IV pili (VF0475) - Adherence (VFC0001)] [Aeromonas hydrophila ML09-119]",NA,"Hm22"
"Hm22.fasta","NZ_NKWH01000010.1",187992,189217,"-","tapC","1-1226/1242","===============","0/0",98.71,86.62,"vfdb","WP_016352169","(tapC) type IV fimbrial assembly protein PilC-like [Tap type IV pili (VF0475) - Adherence (VFC0001)] [Aeromonas hydrophila ML09-119]",NA,"Hm22"
"Hm22.fasta","NZ_NKWH01000010.1",189457,191163,"-","tapB","1-1707/1707","===============","0/0",100,87.05,"vfdb","WP_016352168","(tapB) type IV pilus assembly ATPase PilB-like [Tap type IV pili (VF0475) - Adherence (VFC0001)] [Aeromonas hydrophila ML09-119]",NA,"Hm22"
"Hm22.fasta","NZ_NKWH01000011.1",154639,155982,"-","flrC","1-1344/1344","===============","0/0",100,88.69,"vfdb","WP_011706626","(flrC) transcriptional activator [Polar flagella (VF0473) - Motility (VFC0204)] [Aeromonas hydrophila ML09-119]",NA,"Hm22"
"Hm22.fasta","NZ_NKWH01000011.1",155979,157013,"-","flrB","1-1035/1035","===============","0/0",100,84.83,"vfdb","WP_016351312","(flrB) two-component sensor kinase [Polar flagella (VF0473) - Motility (VFC0204)] [Aeromonas hydrophila ML09-119]",NA,"Hm22"
"Hm22.fasta","NZ_NKWH01000011.1",157127,158541,"-","flrA","1-1415/1422","========/======","2/2",99.44,86.51,"vfdb","WP_017409846","(flrA) FleQ protein [Polar flagella (VF0473) - Motility (VFC0204)] [Aeromonas hydrophila ML09-119]",NA,"Hm22"
"Hm22.fasta","NZ_NKWH01000011.1",169145,170194,"-","flgJ","1-1053/1092","========/======","11/29",94.96,80.3,"vfdb","WP_016351320","(flgJ) flagellar rod assembly protein/muramidase FlgJ [Polar flagella (VF0473) - Motility (VFC0204)] [Aeromonas hydrophila ML09-119]",NA,"Hm22"
"Hm22.fasta","NZ_NKWH01000011.1",170238,171335,"-","flgI","1-1098/1098","===============","0/0",100,86.43,"vfdb","WP_011706637","(flgI) flagellar basal body P-ring protein [Polar flagella (VF0473) - Motility (VFC0204)] [Aeromonas hydrophila ML09-119]",NA,"Hm22"
"Hm22.fasta","NZ_NKWH01000011.1",171344,172015,"-","flgH","1-672/672","===============","0/0",100,86.01,"vfdb","WP_011706638","(flgH) flagellar basal body L-ring protein [Polar flagella (VF0473) - Motility (VFC0204)] [Aeromonas hydrophila ML09-119]",NA,"Hm22"
"Hm22.fasta","NZ_NKWH01000011.1",172030,172818,"-","flgG","1-789/789","========/======","2/2",99.87,86.71,"vfdb","WP_011706639","(flgG) flagellar basal body rod protein FlgG [Polar flagella (VF0473) - Motility (VFC0204)] [Aeromonas hydrophila ML09-119]",NA,"Hm22"
"Hm22.fasta","NZ_NKWH01000011.1",172834,173580,"-","flgF","1-747/747","===============","0/0",100,84.87,"vfdb","WP_011706640","(flgF) flagellar basal-body rod protein FlgF [Polar flagella (VF0473) - Motility (VFC0204)] [Aeromonas hydrophila ML09-119]",NA,"Hm22"
"Hm22.fasta","NZ_NKWH01000011.1",175873,176285,"-","flgC","1-413/420","===============","0/0",98.33,89.35,"vfdb","WP_011706643","(flgC) flagellar basal body rod protein FlgC [Polar flagella (VF0473) - Motility (VFC0204)] [Aeromonas hydrophila ML09-119]",NA,"Hm22"
"Hm22.fasta","NZ_NKWH01000011.1",176285,176683,"-","flgB","1-399/399","===============","0/0",100,81.45,"vfdb","WP_011706644","(flgB) flagellar basal-body rod protein FlgB [Polar flagella (VF0473) - Motility (VFC0204)] [Aeromonas hydrophila ML09-119]",NA,"Hm22"
"Hm22.fasta","NZ_NKWH01000011.1",176981,177803,"-","cheR-3","1-823/825","===============","0/0",99.76,86.03,"vfdb","WP_011706645","(cheR-3) chemotaxis protein CheR [Polar flagella (VF0473) - Motility (VFC0204)] [Aeromonas hydrophila ML09-119]",NA,"Hm22"
"Hm22.fasta","NZ_NKWH01000011.1",177821,178732,"-","cheV","1-912/912","===============","0/0",100,85.86,"vfdb","WP_011706646","(cheV) CheV [Polar flagella (VF0473) - Motility (VFC0204)] [Aeromonas hydrophila ML09-119]",NA,"Hm22"
"Hm22.fasta","NZ_NKWH01000011.1",179652,179970,"+","flgM","1-319/321","===============","0/0",99.38,80.25,"vfdb","WP_011706648","(flgM) anti-sigma-D factor [Polar flagella (VF0473) - Motility (VFC0204)] [Aeromonas hydrophila ML09-119]",NA,"Hm22"
"Hm22.fasta","NZ_NKWH01000012.1",75579,76370,"+","tapF","1-792/792","========/======","2/6",99.62,87.92,"vfdb","WP_011705643","(tapF) type IV pilus biogenesis/stability protein pilW-like [Tap type IV pili (VF0475) - Adherence (VFC0001)] [Aeromonas hydrophila ML09-119]",NA,"Hm22"
"Hm22.fasta","NZ_NKWH01000015.1",40851,41600,"-","nueA","1-762/762","========/======","2/12",98.43,88.06,"vfdb","WP_016351249","(nueA) NeuA protein [Polar flagella (VF0473) - Motility (VFC0204)] [Aeromonas hydrophila ML09-119]",NA,"Hm22"
"Hm22.fasta","NZ_NKWH01000015.1",97617,98490,"-","motY","1-874/876","===============","0/0",99.77,87.76,"vfdb","WP_024944879","(motY) sodium-type flagellar protein MotY [Polar flagella (VF0473) - Motility (VFC0204)] [Aeromonas hydrophila ML09-119]",NA,"Hm22"
"Hm22.fasta","NZ_NKWH01000015.1",121286,122423,"+","tapW","1-1138/1140","===============","0/0",99.82,89.98,"vfdb","WP_011706550","(tapW) twitching ATPase [Tap type IV pili (VF0475) - Adherence (VFC0001)] [Aeromonas hydrophila ML09-119]",NA,"Hm22"
"Hm22.fasta","NZ_NKWH01000016.1",71318,71821,"+","vipA","1-504/504","===============","0/0",100,89.29,"vfdb","WP_011705712","(vipA) Type VI secretion system contractile sheath small subunit TssB/VipA [T6SS (VF0480) - Effector delivery system (VFC0086)] [Aeromonas hydrophila subsp. hydrophila ATCC 7966]",NA,"Hm22"
"Hm22.fasta","NZ_NKWH01000016.1",71859,73340,"+","vipB","1-1479/1479","========/======","1/3",100,90.62,"vfdb","WP_043163044","(vipB) Type VI secretion system contractile sheath large subunit TssC/VipB [T6SS (VF0480) - Effector delivery system (VFC0086)] [Aeromonas hydrophila subsp. hydrophila ATCC 7966]",NA,"Hm22"
"Hm22.fasta","NZ_NKWH01000016.1",73347,73778,"+","atsG","1-432/432","===============","0/0",100,93.29,"vfdb","WP_011705714","(atsG) Type VI secretion system protein [T6SS (VF0480) - Effector delivery system (VFC0086)] [Aeromonas hydrophila subsp. hydrophila ATCC 7966]",NA,"Hm22"
"Hm22.fasta","NZ_NKWH01000016.1",73782,75548,"+","atsH","1-1767/1767","===============","0/0",100,90.55,"vfdb","WP_011705715","(atsH) Type VI secretion system protein [T6SS (VF0480) - Effector delivery system (VFC0086)] [Aeromonas hydrophila subsp. hydrophila ATCC 7966]",NA,"Hm22"
"Hm22.fasta","NZ_NKWH01000016.1",75513,76510,"+","atsI","2-999/999","===============","0/0",99.9,88.28,"vfdb","WP_011705716","(atsI) Type VI secretion system protein [T6SS (VF0480) - Effector delivery system (VFC0086)] [Aeromonas hydrophila subsp. hydrophila ATCC 7966]",NA,"Hm22"
"Hm22.fasta","NZ_NKWH01000016.1",76550,77785,"+","atsJ","1-1251/1251","========/======","7/25",98.4,84.55,"vfdb","WP_011705717","(atsJ) Type VI secretion system protein [T6SS (VF0480) - Effector delivery system (VFC0086)] [Aeromonas hydrophila subsp. hydrophila ATCC 7966]",NA,"Hm22"
"Hm22.fasta","NZ_NKWH01000016.1",77785,78300,"+","atsK","1-516/516","===============","0/0",100,90.12,"vfdb","WP_011705718","(atsK) Type VI secretion system protein [T6SS (VF0480) - Effector delivery system (VFC0086)] [Aeromonas hydrophila subsp. hydrophila ATCC 7966]",NA,"Hm22"
"Hm22.fasta","NZ_NKWH01000016.1",78303,79637,"+","atsL","1-1335/1335","===============","0/0",100,91.83,"vfdb","WP_011705719","(atsL) Type VI secretion system protein [T6SS (VF0480) - Effector delivery system (VFC0086)] [Aeromonas hydrophila subsp. hydrophila ATCC 7966]",NA,"Hm22"
"Hm22.fasta","NZ_NKWH01000016.1",79661,80440,"+","dotU","1-780/780","===============","0/0",100,89.1,"vfdb","WP_010634228","(dotU) Type VI secretion system protein DotU [T6SS (VF0480) - Effector delivery system (VFC0086)] [Aeromonas hydrophila subsp. hydrophila ATCC 7966]",NA,"Hm22"
"Hm22.fasta","NZ_NKWH01000016.1",80461,83101,"+","clpB","1-2640/2643","========/======","1/1",99.89,88.75,"vfdb","WP_011705721","(clpB) type VI secretion system ATPase ClpV1 [T6SS (VF0480) - Effector delivery system (VFC0086)] [Aeromonas hydrophila subsp. hydrophila ATCC 7966]",NA,"Hm22"
"Hm22.fasta","NZ_NKWH01000016.1",83106,84644,"+","vasH","1-1539/1539","===============","0/0",100,86.16,"vfdb","WP_011705722","(vasH) sigma-54 dependent transcriptional regulator [T6SS (VF0480) - Effector delivery system (VFC0086)] [Aeromonas hydrophila subsp. hydrophila ATCC 7966]",NA,"Hm22"
"Hm22.fasta","NZ_NKWH01000016.1",85258,86656,"+","atsQ","1-1408/1437","========/======","7/27",96.73,82.99,"vfdb","WP_011705724","(atsQ) Type VI secretion system protein [T6SS (VF0480) - Effector delivery system (VFC0086)] [Aeromonas hydrophila subsp. hydrophila ATCC 7966]",NA,"Hm22"
"Hm22.fasta","NZ_NKWH01000016.1",86727,90224,"+","vasK/icmF","1-3486/3486","========/======","2/12",100,86.25,"vfdb","WP_011705725","(vasK/icmF) Type VI secretion system protein [T6SS (VF0480) - Effector delivery system (VFC0086)] [Aeromonas hydrophila subsp. hydrophila ATCC 7966]",NA,"Hm22"
"Hm22.fasta","NZ_NKWH01000016.1",90268,91695,"+","atsS","1-1431/1431","========/======","3/5",99.72,86.1,"vfdb","WP_011705726","(atsS) Type VI secretion system protein [T6SS (VF0480) - Effector delivery system (VFC0086)] [Aeromonas hydrophila subsp. hydrophila ATCC 7966]",NA,"Hm22"
"Hm22.fasta","NZ_NKWH01000016.1",92001,92288,"+","AHA_RS09305","1-288/288","========/======","2/2",99.65,81.66,"vfdb","WP_011705727","(AHA_RS09305) type VI secretion system PAAR protein [T6SS (VF0480) - Effector delivery system (VFC0086)] [Aeromonas hydrophila subsp. hydrophila ATCC 7966]",NA,"Hm22"
"Hm22.fasta","NZ_NKWH01000016.1",92300,94211,"+","vgrG3","1-1912/2046","========/======","4/4",93.35,83.7,"vfdb","WP_011705728","(vgrG3) VgrG protein [T6SS (VF0480) - Effector delivery system (VFC0086)] [Aeromonas hydrophila subsp. hydrophila ATCC 7966]",NA,"Hm22"
"Hm22.fasta","NZ_NKWH01000019.1",254285,255019,"-","flmH","1-735/735","===============","0/0",100,90.34,"vfdb","WP_005300916","(flmH) short chain dehydrogenase/reductase family oxidoreductase [Polar flagella (VF0473) - Motility (VFC0204)] [Aeromonas hydrophila ML09-119]",NA,"Hm22"
"Hm22.fasta","NZ_NKWH01000021.1",21023,22057,"+","tapT","1-1035/1035","===============","0/0",100,92.08,"vfdb","WP_011707389","(tapT) twitching ATPase [Tap type IV pili (VF0475) - Adherence (VFC0001)] [Aeromonas hydrophila ML09-119]",NA,"Hm22"
"Hm22.fasta","NZ_NKWH01000021.1",22086,23195,"+","tapU","1-1110/1110","===============","0/0",100,83.78,"vfdb","WP_016351972","(tapU) twitching ATPase [Tap type IV pili (VF0475) - Adherence (VFC0001)] [Aeromonas hydrophila ML09-119]",NA,"Hm22"
"Hm22.fasta","NZ_NKWH01000021.1",36707,37256,"+","motX","51-600/600",".==============","0/0",91.67,82.91,"vfdb","WP_016349413","(motX) sodium-type flagellar motor component [Polar flagella (VF0473) - Motility (VFC0204)] [Aeromonas hydrophila ML09-119]",NA,"Hm22"
"Hm22.fasta","NZ_NKWH01000030.1",38249,38867,"-","mshB","52-670/672",".==============","0/0",92.11,85.46,"vfdb","WP_043118279","(mshB) MSHA (mannose-sensitive hemagglutinin) pili minor prepilin protein MshB [MSHA type IV pili (VF0477) - Adherence (VFC0001)] [Aeromonas hydrophila ML09-119]",NA,"Hm22"
"Hm22.fasta","NZ_NKWH01000030.1",39546,40758,"-","mshG","9-1221/1221","========/======","2/2",99.26,88.14,"vfdb","WP_016349160","(mshG) MSHA (mannose-sensitive hemagglutinin) pili biogenesis protein MshG GspF-like [MSHA type IV pili (VF0477) - Adherence (VFC0001)] [Aeromonas hydrophila ML09-119]",NA,"Hm22"
"Hm22.fasta","NZ_NKWH01000030.1",40770,42479,"-","mshE","1-1710/1710","===============","0/0",100,89.88,"vfdb","WP_043118275","(mshE) ATPase protein MshE GspE-like [MSHA type IV pili (VF0477) - Adherence (VFC0001)] [Aeromonas hydrophila ML09-119]",NA,"Hm22"
"Hm22.fasta","NZ_NKWH01000030.1",43630,44520,"-","mshM","1-891/891","===============","0/0",100,88.1,"vfdb","WP_016349157","(mshM) membrane protein with ATPase domain GspA-like [MSHA type IV pili (VF0477) - Adherence (VFC0001)] [Aeromonas hydrophila ML09-119]",NA,"Hm22"
"Hm22.fasta","NZ_NKWH01000030.1",44613,46286,"-","mshL","1-1674/1674","========/======","11/34",98.98,81.9,"vfdb","WP_016349156","(mshL) MSHA (mannose-sensitive hemagglutinin) pili biogenesis protein MshL outer membrane secretin GspD-like [MSHA type IV pili (VF0477) - Adherence (VFC0001)] [Aeromonas hydrophila ML09-119]",NA,"Hm22"
"Hm22.fasta","NZ_NKWH01000030.1",47326,47919,"-","mshI1","1-594/594","========/======","4/4",99.66,80.7,"vfdb","WP_016349153","(mshI1) MSHA (mannose-sensitive hemagglutinin) pili biogenesis protein MshI1 bitopic inner membrane protein [MSHA type IV pili (VF0477) - Adherence (VFC0001)] [Aeromonas hydrophila ML09-119]",NA,"Hm22"
"Hm22.fasta","NZ_NKWH01000030.1",47919,48782,"-","mshI","1-864/864","===============","0/0",100,83.91,"vfdb","WP_016349152","(mshI) MSHA (mannose-sensitive hemagglutinin) pili biogenesis protein MshI bitopic inner membrane protein [MSHA type IV pili (VF0477) - Adherence (VFC0001)] [Aeromonas hydrophila ML09-119]",NA,"Hm22"
"Hm22.fasta","NZ_NKWH01000035.1",20993,21511,"+","hcp","1-519/519","===============","0/0",100,93.45,"vfdb","WP_011705706","(hcp) hemolysin co-regulated protein [T6SS (VF0480) - Effector delivery system (VFC0086)] [Aeromonas hydrophila subsp. hydrophila ATCC 7966]",NA,"Hm22"
"Hm22.fasta","NZ_NKWH01000042.1",117,635,"+","hcp","1-519/519","===============","0/0",100,94.03,"vfdb","WP_011705706","(hcp) hemolysin co-regulated protein [T6SS (VF0480) - Effector delivery system (VFC0086)] [Aeromonas hydrophila subsp. hydrophila ATCC 7966]",NA,"Hm22"
"Ho04-635.fasta","NZ_JBHFNH010000001.1",4570,5319,"-","nueA","1-762/762","========/======","2/12",98.43,88.19,"vfdb","WP_016351249","(nueA) NeuA protein [Polar flagella (VF0473) - Motility (VFC0204)] [Aeromonas hydrophila ML09-119]",NA,"Ho04-635"
"Ho04-635.fasta","NZ_JBHFNH010000001.1",62229,63102,"-","motY","1-874/876","===============","0/0",99.77,88.22,"vfdb","WP_024944879","(motY) sodium-type flagellar protein MotY [Polar flagella (VF0473) - Motility (VFC0204)] [Aeromonas hydrophila ML09-119]",NA,"Ho04-635"
"Ho04-635.fasta","NZ_JBHFNH010000001.1",86856,87993,"+","tapW","1-1138/1140","===============","0/0",99.82,90.07,"vfdb","WP_011706550","(tapW) twitching ATPase [Tap type IV pili (VF0475) - Adherence (VFC0001)] [Aeromonas hydrophila ML09-119]",NA,"Ho04-635"
"Ho04-635.fasta","NZ_JBHFNH010000004.1",59325,59990,"-","ascL","1-666/666","===============","0/0",100,95.34,"vfdb","WP_005320812","(ascL) Type III secretion system C ring protein AscL [T3SS (VF0479) - Effector delivery system (VFC0086)] [Aeromonas salmonicida subsp. salmonicida A449]",NA,"Ho04-635"
"Ho04-635.fasta","NZ_JBHFNH010000004.1",59969,60595,"-","ascK","1-627/627","===============","0/0",100,92.19,"vfdb","WP_005320811","(ascK) Type III secretion system C ring protein AscK [T3SS (VF0479) - Effector delivery system (VFC0086)] [Aeromonas salmonicida subsp. salmonicida A449]",NA,"Ho04-635"
"Ho04-635.fasta","NZ_JBHFNH010000004.1",60592,61332,"-","ascJ","1-741/741","===============","0/0",100,96.22,"vfdb","WP_180975055","(ascJ) type III secretion system OM ring protein AscJ [T3SS (VF0479) - Effector delivery system (VFC0086)] [Aeromonas salmonicida subsp. salmonicida A449]",NA,"Ho04-635"
"Ho04-635.fasta","NZ_JBHFNH010000004.1",61339,61677,"-","ascI","1-339/339","===============","0/0",100,96.75,"vfdb","WP_005320806","(ascI) Type III secretion system inner rod protein AscI [T3SS (VF0479) - Effector delivery system (VFC0086)] [Aeromonas salmonicida subsp. salmonicida A449]",NA,"Ho04-635"
"Ho04-635.fasta","NZ_JBHFNH010000004.1",61677,62231,"-","ascH","1-555/555","===============","0/0",100,93.15,"vfdb","WP_005320804","(ascH) Type III secretion system protein AscH regulator needle assembling [T3SS (VF0479) - Effector delivery system (VFC0086)] [Aeromonas salmonicida subsp. salmonicida A449]",NA,"Ho04-635"
"Ho04-635.fasta","NZ_JBHFNH010000004.1",62228,62581,"-","ascG","1-354/354","===============","0/0",100,89.83,"vfdb","WP_005320802","(ascG) chaperone protein [T3SS (VF0479) - Effector delivery system (VFC0086)] [Aeromonas salmonicida subsp. salmonicida A449]",NA,"Ho04-635"
"Ho04-635.fasta","NZ_JBHFNH010000004.1",62581,62838,"-","ascF","1-258/258","===============","0/0",100,92.25,"vfdb","WP_005320800","(ascF) Type III secretion system needle complex subunit AscF [T3SS (VF0479) - Effector delivery system (VFC0086)] [Aeromonas salmonicida subsp. salmonicida A449]",NA,"Ho04-635"
"Ho04-635.fasta","NZ_JBHFNH010000004.1",62831,63043,"-","ascE","1-213/213","===============","0/0",100,95.31,"vfdb","WP_005320797","(ascE) chaperone protein [T3SS (VF0479) - Effector delivery system (VFC0086)] [Aeromonas salmonicida subsp. salmonicida A449]",NA,"Ho04-635"
"Ho04-635.fasta","NZ_JBHFNH010000004.1",63006,64310,"-","ascD","1-1305/1305","===============","0/0",100,96.32,"vfdb","WP_005320795","(ascD) Type III secretion system OM ring protein AscD [T3SS (VF0479) - Effector delivery system (VFC0086)] [Aeromonas salmonicida subsp. salmonicida A449]",NA,"Ho04-635"
"Ho04-635.fasta","NZ_JBHFNH010000004.1",64307,66160,"-","ascC","1-1854/1854","===============","0/0",100,96.22,"vfdb","WP_011899438","(ascC) Type III secretion system OM ring protein AscC [T3SS (VF0479) - Effector delivery system (VFC0086)] [Aeromonas salmonicida subsp. salmonicida A449]",NA,"Ho04-635"
"Ho04-635.fasta","NZ_JBHFNH010000004.1",66133,66558,"-","ascB","1-426/426","===============","0/0",100,96.24,"vfdb","WP_011899439","(ascB) chaperone protein [T3SS (VF0479) - Effector delivery system (VFC0086)] [Aeromonas salmonicida subsp. salmonicida A449]",NA,"Ho04-635"
"Ho04-635.fasta","NZ_JBHFNH010000004.1",66574,67389,"-","exsD","1-816/816","===============","0/0",100,96.2,"vfdb","WP_005320790","(exsD) Type III secretion system protein ExsD [T3SS (VF0479) - Effector delivery system (VFC0086)] [Aeromonas salmonicida subsp. salmonicida A449]",NA,"Ho04-635"
"Ho04-635.fasta","NZ_JBHFNH010000004.1",67509,68291,"-","exsA","1-783/783","===============","0/0",100,97.83,"vfdb","WP_192914500","(exsA) Type III secretion system transcriptional regulator [T3SS (VF0479) - Effector delivery system (VFC0086)] [Aeromonas salmonicida subsp. salmonicida A449]",NA,"Ho04-635"
"Ho04-635.fasta","NZ_JBHFNH010000004.1",68670,69070,"-","exsB","1-401/402","===============","0/0",99.75,96.01,"vfdb","WP_011899440","(exsB) type III secretion system OM ring protein ExsB [T3SS (VF0479) - Effector delivery system (VFC0086)] [Aeromonas salmonicida subsp. salmonicida A449]",NA,"Ho04-635"
"Ho04-635.fasta","NZ_JBHFNH010000004.1",69067,69300,"-","exsE","1-234/234","===============","0/0",100,91.03,"vfdb","WP_005320785","(exsE) Type III secretion system regulator [T3SS (VF0479) - Effector delivery system (VFC0086)] [Aeromonas salmonicida subsp. salmonicida A449]",NA,"Ho04-635"
"Ho04-635.fasta","NZ_JBHFNH010000004.1",69303,69746,"-","exsC","1-444/444","===============","0/0",100,95.72,"vfdb","WP_005320783","(exsC) chaperone protein [T3SS (VF0479) - Effector delivery system (VFC0086)] [Aeromonas salmonicida subsp. salmonicida A449]",NA,"Ho04-635"
"Ho04-635.fasta","NZ_JBHFNH010000004.1",69882,70778,"-","aopD","1-897/897","===============","0/0",100,87.96,"vfdb","WP_005320781","(aopD) Type III secretion system translocator AopD [T3SS (VF0479) - Effector delivery system (VFC0086)] [Aeromonas salmonicida subsp. salmonicida A449]",NA,"Ho04-635"
"Ho04-635.fasta","NZ_JBHFNH010000004.1",70791,71963,"-","aopB","1-1194/1194","========/======","1/21",98.24,87.19,"vfdb","WP_005320780","(aopB) Type III secretion system translocator AopB [T3SS (VF0479) - Effector delivery system (VFC0086)] [Aeromonas salmonicida subsp. salmonicida A449]",NA,"Ho04-635"
"Ho04-635.fasta","NZ_JBHFNH010000004.1",71944,72447,"-","acrH","1-504/504","===============","0/0",100,95.24,"vfdb","WP_005320778","(acrH) chaperon protein for AopB/AopD [T3SS (VF0479) - Effector delivery system (VFC0086)] [Aeromonas salmonicida subsp. salmonicida A449]",NA,"Ho04-635"
"Ho04-635.fasta","NZ_JBHFNH010000004.1",72457,73542,"-","acrV","1-1086/1086","===============","0/0",100,91.53,"vfdb","WP_005320777","(acrV) Type III secretion system tip translocon AcrV  [T3SS (VF0479) - Effector delivery system (VFC0086)] [Aeromonas salmonicida subsp. salmonicida A449]",NA,"Ho04-635"
"Ho04-635.fasta","NZ_JBHFNH010000004.1",73552,73836,"-","acrG","1-285/285","===============","0/0",100,95.09,"vfdb","WP_005320774","(acrG) Type III secretion system protein LcrG-like [T3SS (VF0479) - Effector delivery system (VFC0086)] [Aeromonas salmonicida subsp. salmonicida A449]",NA,"Ho04-635"
"Ho04-635.fasta","NZ_JBHFNH010000004.1",73876,74331,"-","acrR","1-456/456","===============","0/0",100,93.2,"vfdb","WP_005320772","(acrR) Type III secretion system regulator LcrR-like [T3SS (VF0479) - Effector delivery system (VFC0086)] [Aeromonas salmonicida subsp. salmonicida A449]",NA,"Ho04-635"
"Ho04-635.fasta","NZ_JBHFNH010000004.1",74328,76445,"-","ascV","1-2118/2118","===============","0/0",100,97.03,"vfdb","WP_005320770","(ascV) Type III secretion system inner membrane export apparatus protein AscV [T3SS (VF0479) - Effector delivery system (VFC0086)] [Aeromonas salmonicida subsp. salmonicida A449]",NA,"Ho04-635"
"Ho04-635.fasta","NZ_JBHFNH010000004.1",76426,76776,"-","ascY","1-351/351","===============","0/0",100,97.72,"vfdb","WP_005320768","(ascY) chaperone protein [T3SS (VF0479) - Effector delivery system (VFC0086)] [Aeromonas salmonicida subsp. salmonicida A449]",NA,"Ho04-635"
"Ho04-635.fasta","NZ_JBHFNH010000004.1",76773,77138,"-","ascX","1-366/366","===============","0/0",100,97.54,"vfdb","WP_005320766","(ascX) Unknown function chaperoned by AscY [T3SS (VF0479) - Effector delivery system (VFC0086)] [Aeromonas salmonicida subsp. salmonicida A449]",NA,"Ho04-635"
"Ho04-635.fasta","NZ_JBHFNH010000004.1",77135,77506,"-","acr2","1-372/372","===============","0/0",100,96.77,"vfdb","WP_005320764","(acr2) chaperone protein [T3SS (VF0479) - Effector delivery system (VFC0086)] [Aeromonas salmonicida subsp. salmonicida A449]",NA,"Ho04-635"
"Ho04-635.fasta","NZ_JBHFNH010000004.1",77503,77784,"-","acr1","1-282/282","===============","0/0",100,98.58,"vfdb","WP_005320760","(acr1) Type III secretion system gatekeeper subunit  [T3SS (VF0479) - Effector delivery system (VFC0086)] [Aeromonas salmonicida subsp. salmonicida A449]",NA,"Ho04-635"
"Ho04-635.fasta","NZ_JBHFNH010000004.1",77765,78643,"-","aopN","1-879/879","===============","0/0",100,96.25,"vfdb","WP_005320757","(aopN) AopN secretion control of translocators and immune suppressor [T3SS (VF0479) - Effector delivery system (VFC0086)] [Aeromonas salmonicida subsp. salmonicida A449]",NA,"Ho04-635"
"Ho04-635.fasta","NZ_JBHFNH010000004.1",78833,80155,"+","ascN","1-1323/1323","===============","0/0",100,97.96,"vfdb","WP_005320755","(ascN) Type III secretion system ATPase [T3SS (VF0479) - Effector delivery system (VFC0086)] [Aeromonas salmonicida subsp. salmonicida A449]",NA,"Ho04-635"
"Ho04-635.fasta","NZ_JBHFNH010000004.1",80152,80613,"+","ascO","1-462/462","===============","0/0",100,96.97,"vfdb","WP_005320751","(ascO) Type III secretion system protein AscO [T3SS (VF0479) - Effector delivery system (VFC0086)] [Aeromonas salmonicida subsp. salmonicida A449]",NA,"Ho04-635"
"Ho04-635.fasta","NZ_JBHFNH010000004.1",81810,82736,"+","ascQ","1-927/927","===============","0/0",100,92.56,"vfdb","WP_005320747","(ascQ) type III secretion system protein AscQ [T3SS (VF0479) - Effector delivery system (VFC0086)] [Aeromonas salmonicida subsp. salmonicida A449]",NA,"Ho04-635"
"Ho04-635.fasta","NZ_JBHFNH010000004.1",82733,83386,"+","ascR","1-654/654","===============","0/0",100,96.79,"vfdb","WP_005320745","(ascR) Type III secretion system inner membrane export apparatus protein AscR [T3SS (VF0479) - Effector delivery system (VFC0086)] [Aeromonas salmonicida subsp. salmonicida A449]",NA,"Ho04-635"
"Ho04-635.fasta","NZ_JBHFNH010000004.1",83388,83654,"+","ascS","1-267/267","===============","0/0",100,96.63,"vfdb","WP_005320743","(ascS) type III secretion system inner membrane export apparatus protein AscS [T3SS (VF0479) - Effector delivery system (VFC0086)] [Aeromonas salmonicida subsp. salmonicida A449]",NA,"Ho04-635"
"Ho04-635.fasta","NZ_JBHFNH010000004.1",83651,84439,"+","ascT","1-789/789","===============","0/0",100,96.58,"vfdb","WP_005320741","(ascT) Type III secretion system inner membrane export apparatus protein AscT [T3SS (VF0479) - Effector delivery system (VFC0086)] [Aeromonas salmonicida subsp. salmonicida A449]",NA,"Ho04-635"
"Ho04-635.fasta","NZ_JBHFNH010000004.1",84436,85494,"+","ascU","1-1059/1059","===============","0/0",100,96.41,"vfdb","WP_005320739","(ascU) Type III secretion system inner membrane export apparatus protein AscU [T3SS (VF0479) - Effector delivery system (VFC0086)] [Aeromonas salmonicida subsp. salmonicida A449]",NA,"Ho04-635"
"Ho04-635.fasta","NZ_JBHFNH010000004.1",85632,86582,"+","aopX","1-971/971","========/======","1/20",97.94,93.82,"vfdb","","(aopX) hypothetical protein [T3SS (VF0479) - Effector delivery system (VFC0086)] [Aeromonas salmonicida subsp. salmonicida A449]",NA,"Ho04-635"
"Ho04-635.fasta","NZ_JBHFNH010000004.1",86582,86904,"+","sycX","1-323/381","=============..","0/0",84.78,92.26,"vfdb","WP_005320736","(sycX) hypothetical protein [T3SS (VF0479) - Effector delivery system (VFC0086)] [Aeromonas salmonicida subsp. salmonicida A449]",NA,"Ho04-635"
"Ho04-635.fasta","NZ_JBHFNH010000004.1",143695,144489,"-","AHML_RS07540","1-795/795","===============","0/0",100,83.14,"vfdb","WP_011705294","(AHML_RS07540) CobQ/CobB/MinD/ParA family protein [Polar flagella (VF0473) - Motility (VFC0204)] [Aeromonas hydrophila ML09-119]",NA,"Ho04-635"
"Ho04-635.fasta","NZ_JBHFNH010000004.1",146157,147272,"-","cheB-2","1-1116/1116","========/======","2/2",99.91,82.36,"vfdb","WP_016350060","(cheB-2) chemotaxis-specific methylesterase [Polar flagella (VF0473) - Motility (VFC0204)] [Aeromonas hydrophila ML09-119]",NA,"Ho04-635"
"Ho04-635.fasta","NZ_JBHFNH010000004.1",149536,150276,"-","cheZ","1-741/741","===============","0/0",100,86.1,"vfdb","WP_011705289","(cheZ) chemotaxis protein CheZ [Polar flagella (VF0473) - Motility (VFC0204)] [Aeromonas hydrophila ML09-119]",NA,"Ho04-635"
"Ho04-635.fasta","NZ_JBHFNH010000004.1",150289,150672,"-","cheY","1-384/384","===============","0/0",100,87.76,"vfdb","WP_010634617","(cheY) chemotaxis protein CheY [Polar flagella (VF0473) - Motility (VFC0204)] [Aeromonas hydrophila ML09-119]",NA,"Ho04-635"
"Ho04-635.fasta","NZ_JBHFNH010000004.1",150784,151503,"-","fliA","1-720/720","========/======","2/2",99.86,83.08,"vfdb","WP_017409955","(fliA) flagellar biosynthesis sigma factor [Polar flagella (VF0473) - Motility (VFC0204)] [Aeromonas hydrophila ML09-119]",NA,"Ho04-635"
"Ho04-635.fasta","NZ_JBHFNH010000004.1",151496,152371,"-","flhG","1-876/876","===============","0/0",100,88.47,"vfdb","WP_010634619","(flhG) CobQ/CobB/MinD/ParA family protein [Polar flagella (VF0473) - Motility (VFC0204)] [Aeromonas hydrophila ML09-119]",NA,"Ho04-635"
"Ho04-635.fasta","NZ_JBHFNH010000004.1",152373,153797,"-","flhF","1-1422/1422","========/======","6/15",99.58,87.84,"vfdb","WP_016350057","(flhF) flagellar biosynthesis protein FlhF [Polar flagella (VF0473) - Motility (VFC0204)] [Aeromonas hydrophila ML09-119]",NA,"Ho04-635"
"Ho04-635.fasta","NZ_JBHFNH010000004.1",153814,155916,"-","flhA","1-2103/2103","===============","0/0",100,87.16,"vfdb","WP_016350056","(flhA) flagellar biosynthesis protein FlhA [Polar flagella (VF0473) - Motility (VFC0204)] [Aeromonas hydrophila ML09-119]",NA,"Ho04-635"
"Ho04-635.fasta","NZ_JBHFNH010000004.1",156024,157154,"-","flhB","1-1131/1131","===============","0/0",100,86.21,"vfdb","WP_016350055","(flhB) flagellar biosynthetic protein FlhB [Polar flagella (VF0473) - Motility (VFC0204)] [Aeromonas hydrophila ML09-119]",NA,"Ho04-635"
"Ho04-635.fasta","NZ_JBHFNH010000004.1",157159,157944,"-","fliR","1-786/792","===============","0/0",99.24,81.42,"vfdb","WP_011705283","(fliR) flagellar biosynthesis protein FliR [Polar flagella (VF0473) - Motility (VFC0204)] [Aeromonas hydrophila ML09-119]",NA,"Ho04-635"
"Ho04-635.fasta","NZ_JBHFNH010000004.1",157941,158210,"-","fliQ","1-270/270","===============","0/0",100,84.44,"vfdb","WP_011705282","(fliQ) flagellar biosynthetic protein FliQ [Polar flagella (VF0473) - Motility (VFC0204)] [Aeromonas hydrophila ML09-119]",NA,"Ho04-635"
"Ho04-635.fasta","NZ_JBHFNH010000004.1",158239,159009,"-","fliP","1-774/780","========/======","2/5",98.72,85.68,"vfdb","WP_016350054","(fliP) flagellar biosynthesis protein FliP [Polar flagella (VF0473) - Motility (VFC0204)] [Aeromonas hydrophila ML09-119]",NA,"Ho04-635"
"Ho04-635.fasta","NZ_JBHFNH010000004.1",158996,159316,"-","fliO","64-384/384","..=============","0/0",83.59,86.92,"vfdb","WP_005298795","(fliO) flagellar biosynthesis protein FliO [Polar flagella (VF0473) - Motility (VFC0204)] [Aeromonas hydrophila ML09-119]",NA,"Ho04-635"
"Ho04-635.fasta","NZ_JBHFNH010000004.1",159373,159765,"-","fliN","1-393/393","===============","0/0",100,89.57,"vfdb","WP_011705280","(fliN) flagellar motor switch protein FliN [Polar flagella (VF0473) - Motility (VFC0204)] [Aeromonas hydrophila ML09-119]",NA,"Ho04-635"
"Ho04-635.fasta","NZ_JBHFNH010000004.1",159815,160885,"-","fliM","1-1071/1071","===============","0/0",100,90.85,"vfdb","WP_011705279","(fliM) flagellar motor switch protein FliM [Polar flagella (VF0473) - Motility (VFC0204)] [Aeromonas hydrophila ML09-119]",NA,"Ho04-635"
"Ho04-635.fasta","NZ_JBHFNH010000004.1",160894,161408,"-","fliL","1-518/519","========/======","1/3",99.23,85.33,"vfdb","WP_011705278","(fliL) flagellar basal body-associated protein FliL [Polar flagella (VF0473) - Motility (VFC0204)] [Aeromonas hydrophila ML09-119]",NA,"Ho04-635"
"Ho04-635.fasta","NZ_JBHFNH010000004.1",163462,163902,"-","fliJ","1-441/441","===============","0/0",100,86.17,"vfdb","WP_011705276","(fliJ) flagellar export protein FliJ [Polar flagella (VF0473) - Motility (VFC0204)] [Aeromonas hydrophila ML09-119]",NA,"Ho04-635"
"Ho04-635.fasta","NZ_JBHFNH010000004.1",163930,165261,"-","fliI","1-1332/1332","===============","0/0",100,89.34,"vfdb","WP_011705275","(fliI) flagellum-specific ATP synthase [Polar flagella (VF0473) - Motility (VFC0204)] [Aeromonas hydrophila ML09-119]",NA,"Ho04-635"
"Ho04-635.fasta","NZ_JBHFNH010000004.1",165344,166135,"-","fliH","7-792/807","========/======","4/12",97.03,81.13,"vfdb","WP_016350051","(fliH) flagellar assembly protein FliH [Polar flagella (VF0473) - Motility (VFC0204)] [Aeromonas hydrophila ML09-119]",NA,"Ho04-635"
"Ho04-635.fasta","NZ_JBHFNH010000004.1",166209,167268,"-","fliG","1-1060/1062","===============","0/0",99.81,93.11,"vfdb","WP_011705273","(fliG) flagellar motor switch protein G [Polar flagella (VF0473) - Motility (VFC0204)] [Aeromonas hydrophila ML09-119]",NA,"Ho04-635"
"Ho04-635.fasta","NZ_JBHFNH010000004.1",167261,168970,"-","fliF","1-1713/1713","========/======","1/3",99.82,86.46,"vfdb","WP_016350050","(fliF) flagellar MS-ring protein [Polar flagella (VF0473) - Motility (VFC0204)] [Aeromonas hydrophila ML09-119]",NA,"Ho04-635"
"Ho04-635.fasta","NZ_JBHFNH010000004.1",169033,169350,"-","fliE","1-318/318","===============","0/0",100,88.99,"vfdb","WP_011705271","(fliE) flagellar hook-basal body complex protein FliE [Polar flagella (VF0473) - Motility (VFC0204)] [Aeromonas hydrophila ML09-119]",NA,"Ho04-635"
"Ho04-635.fasta","NZ_JBHFNH010000004.1",325082,325681,"-","tapO","1-600/600","===============","0/0",100,80,"vfdb","WP_016351631","(tapO) type IV pilus biogenesis protein PilO [Tap type IV pili (VF0475) - Adherence (VFC0001)] [Aeromonas hydrophila ML09-119]",NA,"Ho04-635"
"Ho04-635.fasta","NZ_JBHFNH010000005.1",96870,97419,"-","motX","51-600/600",".==============","0/0",91.67,82.36,"vfdb","WP_016349413","(motX) sodium-type flagellar motor component [Polar flagella (VF0473) - Motility (VFC0204)] [Aeromonas hydrophila ML09-119]",NA,"Ho04-635"
"Ho04-635.fasta","NZ_JBHFNH010000005.1",110930,112039,"-","tapU","1-1110/1110","========/======","2/6",99.73,84.01,"vfdb","WP_016351972","(tapU) twitching ATPase [Tap type IV pili (VF0475) - Adherence (VFC0001)] [Aeromonas hydrophila ML09-119]",NA,"Ho04-635"
"Ho04-635.fasta","NZ_JBHFNH010000005.1",112068,113102,"-","tapT","1-1035/1035","===============","0/0",100,91.98,"vfdb","WP_011707389","(tapT) twitching ATPase [Tap type IV pili (VF0475) - Adherence (VFC0001)] [Aeromonas hydrophila ML09-119]",NA,"Ho04-635"
"Ho04-635.fasta","NZ_JBHFNH010000006.1",106019,106637,"-","mshB","52-670/672",".==============","0/0",92.11,85.14,"vfdb","WP_043118279","(mshB) MSHA (mannose-sensitive hemagglutinin) pili minor prepilin protein MshB [MSHA type IV pili (VF0477) - Adherence (VFC0001)] [Aeromonas hydrophila ML09-119]",NA,"Ho04-635"
"Ho04-635.fasta","NZ_JBHFNH010000006.1",107316,108528,"-","mshG","9-1221/1221","===============","0/0",99.34,88.13,"vfdb","WP_016349160","(mshG) MSHA (mannose-sensitive hemagglutinin) pili biogenesis protein MshG GspF-like [MSHA type IV pili (VF0477) - Adherence (VFC0001)] [Aeromonas hydrophila ML09-119]",NA,"Ho04-635"
"Ho04-635.fasta","NZ_JBHFNH010000006.1",108540,110249,"-","mshE","1-1710/1710","===============","0/0",100,90.06,"vfdb","WP_043118275","(mshE) ATPase protein MshE GspE-like [MSHA type IV pili (VF0477) - Adherence (VFC0001)] [Aeromonas hydrophila ML09-119]",NA,"Ho04-635"
"Ho04-635.fasta","NZ_JBHFNH010000006.1",111415,112305,"-","mshM","1-891/891","===============","0/0",100,87.32,"vfdb","WP_016349157","(mshM) membrane protein with ATPase domain GspA-like [MSHA type IV pili (VF0477) - Adherence (VFC0001)] [Aeromonas hydrophila ML09-119]",NA,"Ho04-635"
"Ho04-635.fasta","NZ_JBHFNH010000006.1",112398,114071,"-","mshL","1-1674/1674","========/======","11/34",98.98,82.44,"vfdb","WP_016349156","(mshL) MSHA (mannose-sensitive hemagglutinin) pili biogenesis protein MshL outer membrane secretin GspD-like [MSHA type IV pili (VF0477) - Adherence (VFC0001)] [Aeromonas hydrophila ML09-119]",NA,"Ho04-635"
"Ho04-635.fasta","NZ_JBHFNH010000006.1",115111,115704,"-","mshI1","1-594/594","========/======","4/4",99.66,81.21,"vfdb","WP_016349153","(mshI1) MSHA (mannose-sensitive hemagglutinin) pili biogenesis protein MshI1 bitopic inner membrane protein [MSHA type IV pili (VF0477) - Adherence (VFC0001)] [Aeromonas hydrophila ML09-119]",NA,"Ho04-635"
"Ho04-635.fasta","NZ_JBHFNH010000006.1",115704,116567,"-","mshI","1-864/864","===============","0/0",100,84.14,"vfdb","WP_016349152","(mshI) MSHA (mannose-sensitive hemagglutinin) pili biogenesis protein MshI bitopic inner membrane protein [MSHA type IV pili (VF0477) - Adherence (VFC0001)] [Aeromonas hydrophila ML09-119]",NA,"Ho04-635"
"Ho04-635.fasta","NZ_JBHFNH010000008.1",63822,64613,"-","tapF","1-792/792","========/======","2/6",99.62,87.67,"vfdb","WP_011705643","(tapF) type IV pilus biogenesis/stability protein pilW-like [Tap type IV pili (VF0475) - Adherence (VFC0001)] [Aeromonas hydrophila ML09-119]",NA,"Ho04-635"
"Ho04-635.fasta","NZ_JBHFNH010000009.1",32288,33038,"-","exeN","16-754/756","========/======","4/14",97.62,80.32,"vfdb","WP_043118380","(exeN) general secretion pathway protein N [Exe T2SS (VF0478) - Effector delivery system (VFC0086)] [Aeromonas hydrophila ML09-119]",NA,"Ho04-635"
"Ho04-635.fasta","NZ_JBHFNH010000009.1",33050,33541,"-","exeM","1-492/492","===============","0/0",100,82.72,"vfdb","WP_016349344","(exeM) general secretion pathway protein M [Exe T2SS (VF0478) - Effector delivery system (VFC0086)] [Aeromonas hydrophila ML09-119]",NA,"Ho04-635"
"Ho04-635.fasta","NZ_JBHFNH010000009.1",33538,34722,"-","exeL","1-1185/1185","========/======","2/2",99.92,82.38,"vfdb","WP_016349343","(exeL) general secretion pathway protein L [Exe T2SS (VF0478) - Effector delivery system (VFC0086)] [Aeromonas hydrophila ML09-119]",NA,"Ho04-635"
"Ho04-635.fasta","NZ_JBHFNH010000009.1",35981,36573,"-","exeJ","40-632/654","===============","0/0",90.67,88.87,"vfdb","WP_016349341","(exeJ) general secretion pathway protein J [Exe T2SS (VF0478) - Effector delivery system (VFC0086)] [Aeromonas hydrophila ML09-119]",NA,"Ho04-635"
"Ho04-635.fasta","NZ_JBHFNH010000009.1",36606,36965,"-","exeI","1-360/360","===============","0/0",100,87.5,"vfdb","WP_016349340","(exeI) general secretion pathway protein I [Exe T2SS (VF0478) - Effector delivery system (VFC0086)] [Aeromonas hydrophila ML09-119]",NA,"Ho04-635"
"Ho04-635.fasta","NZ_JBHFNH010000009.1",37582,38013,"-","exeG","1-432/432","===============","0/0",100,92.36,"vfdb","WP_005308483","(exeG) general secretion pathway protein G [Exe T2SS (VF0478) - Effector delivery system (VFC0086)] [Aeromonas hydrophila ML09-119]",NA,"Ho04-635"
"Ho04-635.fasta","NZ_JBHFNH010000009.1",38112,39331,"-","exeF","1-1220/1221","===============","0/0",99.92,88.53,"vfdb","WP_016349337","(exeF) general secretion pathway protein F [Exe T2SS (VF0478) - Effector delivery system (VFC0086)] [Aeromonas hydrophila ML09-119]",NA,"Ho04-635"
"Ho04-635.fasta","NZ_JBHFNH010000009.1",39333,40832,"-","exeE","7-1506/1506","===============","0/0",99.6,89.93,"vfdb","WP_016349336","(exeE) general secretory pathway protein E [Exe T2SS (VF0478) - Effector delivery system (VFC0086)] [Aeromonas hydrophila ML09-119]",NA,"Ho04-635"
"Ho04-635.fasta","NZ_JBHFNH010000009.1",40920,42877,"-","exeD","1-1970/2037","========/======","11/24",95.83,85.32,"vfdb","WP_016349335","(exeD) general secretion pathway protein D [Exe T2SS (VF0478) - Effector delivery system (VFC0086)] [Aeromonas hydrophila ML09-119]",NA,"Ho04-635"
"Ho04-635.fasta","NZ_JBHFNH010000009.1",44665,46223,"-","exeA","1-1559/1647","===============","0/0",94.66,82.75,"vfdb","WP_016352107","(exeA) general secretion pathway protein A [Exe T2SS (VF0478) - Effector delivery system (VFC0086)] [Aeromonas hydrophila ML09-119]",NA,"Ho04-635"
"Ho04-635.fasta","NZ_JBHFNH010000009.1",363436,364347,"+","cheV","1-912/912","===============","0/0",100,86.08,"vfdb","WP_011706646","(cheV) CheV [Polar flagella (VF0473) - Motility (VFC0204)] [Aeromonas hydrophila ML09-119]",NA,"Ho04-635"
"Ho04-635.fasta","NZ_JBHFNH010000009.1",364365,365187,"+","cheR-3","1-823/825","===============","0/0",99.76,85.91,"vfdb","WP_011706645","(cheR-3) chemotaxis protein CheR [Polar flagella (VF0473) - Motility (VFC0204)] [Aeromonas hydrophila ML09-119]",NA,"Ho04-635"
"Ho04-635.fasta","NZ_JBHFNH010000009.1",365485,365883,"+","flgB","1-399/399","========/======","2/6",99.25,80.85,"vfdb","WP_011706644","(flgB) flagellar basal-body rod protein FlgB [Polar flagella (VF0473) - Motility (VFC0204)] [Aeromonas hydrophila ML09-119]",NA,"Ho04-635"
"Ho04-635.fasta","NZ_JBHFNH010000009.1",365883,366302,"+","flgC","1-420/420","===============","0/0",100,90,"vfdb","WP_011706643","(flgC) flagellar basal body rod protein FlgC [Polar flagella (VF0473) - Motility (VFC0204)] [Aeromonas hydrophila ML09-119]",NA,"Ho04-635"
"Ho04-635.fasta","NZ_JBHFNH010000009.1",368548,369294,"+","flgF","1-747/747","===============","0/0",100,85.41,"vfdb","WP_011706640","(flgF) flagellar basal-body rod protein FlgF [Polar flagella (VF0473) - Motility (VFC0204)] [Aeromonas hydrophila ML09-119]",NA,"Ho04-635"
"Ho04-635.fasta","NZ_JBHFNH010000009.1",369309,370097,"+","flgG","1-789/789","===============","0/0",100,86.56,"vfdb","WP_011706639","(flgG) flagellar basal body rod protein FlgG [Polar flagella (VF0473) - Motility (VFC0204)] [Aeromonas hydrophila ML09-119]",NA,"Ho04-635"
"Ho04-635.fasta","NZ_JBHFNH010000009.1",370112,370783,"+","flgH","1-672/672","===============","0/0",100,85.86,"vfdb","WP_011706638","(flgH) flagellar basal body L-ring protein [Polar flagella (VF0473) - Motility (VFC0204)] [Aeromonas hydrophila ML09-119]",NA,"Ho04-635"
"Ho04-635.fasta","NZ_JBHFNH010000009.1",370792,371889,"+","flgI","1-1098/1098","===============","0/0",100,86.7,"vfdb","WP_011706637","(flgI) flagellar basal body P-ring protein [Polar flagella (VF0473) - Motility (VFC0204)] [Aeromonas hydrophila ML09-119]",NA,"Ho04-635"
"Ho04-635.fasta","NZ_JBHFNH010000009.1",371933,372982,"+","flgJ","1-1053/1092","========/======","10/33",94.78,80.06,"vfdb","WP_016351320","(flgJ) flagellar rod assembly protein/muramidase FlgJ [Polar flagella (VF0473) - Motility (VFC0204)] [Aeromonas hydrophila ML09-119]",NA,"Ho04-635"
"Ho04-635.fasta","NZ_JBHFNH010000009.1",383586,385000,"+","flrA","1-1415/1422","========/======","3/4",99.37,86.59,"vfdb","WP_017409846","(flrA) FleQ protein [Polar flagella (VF0473) - Motility (VFC0204)] [Aeromonas hydrophila ML09-119]",NA,"Ho04-635"
"Ho04-635.fasta","NZ_JBHFNH010000009.1",385114,386148,"+","flrB","1-1035/1035","========/======","2/2",99.9,85.33,"vfdb","WP_016351312","(flrB) two-component sensor kinase [Polar flagella (VF0473) - Motility (VFC0204)] [Aeromonas hydrophila ML09-119]",NA,"Ho04-635"
"Ho04-635.fasta","NZ_JBHFNH010000009.1",386145,387488,"+","flrC","1-1344/1344","===============","0/0",100,88.17,"vfdb","WP_011706626","(flrC) transcriptional activator [Polar flagella (VF0473) - Motility (VFC0204)] [Aeromonas hydrophila ML09-119]",NA,"Ho04-635"
"Ho04-635.fasta","NZ_JBHFNH010000018.1",7,525,"-","hcp","1-519/519","===============","0/0",100,94.61,"vfdb","WP_011705706","(hcp) hemolysin co-regulated protein [T6SS (VF0480) - Effector delivery system (VFC0086)] [Aeromonas hydrophila subsp. hydrophila ATCC 7966]",NA,"Ho04-635"
"Ho04-635.fasta","NZ_JBHFNH010000021.1",29709,30443,"-","flmH","1-735/735","===============","0/0",100,90.2,"vfdb","WP_005300916","(flmH) short chain dehydrogenase/reductase family oxidoreductase [Polar flagella (VF0473) - Motility (VFC0204)] [Aeromonas hydrophila ML09-119]",NA,"Ho04-635"
"Ho04-635.fasta","NZ_JBHFNH010000021.1",346036,347947,"-","vgrG3","1-1912/2046","========/======","5/6",93.3,83.97,"vfdb","WP_011705728","(vgrG3) VgrG protein [T6SS (VF0480) - Effector delivery system (VFC0086)] [Aeromonas hydrophila subsp. hydrophila ATCC 7966]",NA,"Ho04-635"
"Ho04-635.fasta","NZ_JBHFNH010000021.1",347959,348246,"-","AHA_RS09305","1-288/288","========/======","2/2",99.65,81.66,"vfdb","WP_011705727","(AHA_RS09305) type VI secretion system PAAR protein [T6SS (VF0480) - Effector delivery system (VFC0086)] [Aeromonas hydrophila subsp. hydrophila ATCC 7966]",NA,"Ho04-635"
"Ho04-635.fasta","NZ_JBHFNH010000021.1",348552,349979,"-","atsS","1-1431/1431","========/======","3/5",99.72,86.1,"vfdb","WP_011705726","(atsS) Type VI secretion system protein [T6SS (VF0480) - Effector delivery system (VFC0086)] [Aeromonas hydrophila subsp. hydrophila ATCC 7966]",NA,"Ho04-635"
"Ho04-635.fasta","NZ_JBHFNH010000021.1",350023,353520,"-","vasK/icmF","1-3486/3486","========/======","2/12",100,86.36,"vfdb","WP_011705725","(vasK/icmF) Type VI secretion system protein [T6SS (VF0480) - Effector delivery system (VFC0086)] [Aeromonas hydrophila subsp. hydrophila ATCC 7966]",NA,"Ho04-635"
"Ho04-635.fasta","NZ_JBHFNH010000021.1",353591,354989,"-","atsQ","1-1408/1437","========/======","11/35",96.45,82.97,"vfdb","WP_011705724","(atsQ) Type VI secretion system protein [T6SS (VF0480) - Effector delivery system (VFC0086)] [Aeromonas hydrophila subsp. hydrophila ATCC 7966]",NA,"Ho04-635"
"Ho04-635.fasta","NZ_JBHFNH010000021.1",355603,357141,"-","vasH","1-1539/1539","===============","0/0",100,86.42,"vfdb","WP_011705722","(vasH) sigma-54 dependent transcriptional regulator [T6SS (VF0480) - Effector delivery system (VFC0086)] [Aeromonas hydrophila subsp. hydrophila ATCC 7966]",NA,"Ho04-635"
"Ho04-635.fasta","NZ_JBHFNH010000021.1",357146,359786,"-","clpB","1-2640/2643","========/======","1/1",99.89,88.6,"vfdb","WP_011705721","(clpB) type VI secretion system ATPase ClpV1 [T6SS (VF0480) - Effector delivery system (VFC0086)] [Aeromonas hydrophila subsp. hydrophila ATCC 7966]",NA,"Ho04-635"
"Ho04-635.fasta","NZ_JBHFNH010000021.1",359807,360586,"-","dotU","1-780/780","===============","0/0",100,88.59,"vfdb","WP_010634228","(dotU) Type VI secretion system protein DotU [T6SS (VF0480) - Effector delivery system (VFC0086)] [Aeromonas hydrophila subsp. hydrophila ATCC 7966]",NA,"Ho04-635"
"Ho04-635.fasta","NZ_JBHFNH010000021.1",360610,361944,"-","atsL","1-1335/1335","===============","0/0",100,91.54,"vfdb","WP_011705719","(atsL) Type VI secretion system protein [T6SS (VF0480) - Effector delivery system (VFC0086)] [Aeromonas hydrophila subsp. hydrophila ATCC 7966]",NA,"Ho04-635"
"Ho04-635.fasta","NZ_JBHFNH010000021.1",361947,362462,"-","atsK","1-516/516","===============","0/0",100,90.12,"vfdb","WP_011705718","(atsK) Type VI secretion system protein [T6SS (VF0480) - Effector delivery system (VFC0086)] [Aeromonas hydrophila subsp. hydrophila ATCC 7966]",NA,"Ho04-635"
"Ho04-635.fasta","NZ_JBHFNH010000021.1",362462,363697,"-","atsJ","1-1251/1251","========/======","5/27",98.32,84.73,"vfdb","WP_011705717","(atsJ) Type VI secretion system protein [T6SS (VF0480) - Effector delivery system (VFC0086)] [Aeromonas hydrophila subsp. hydrophila ATCC 7966]",NA,"Ho04-635"
"Ho04-635.fasta","NZ_JBHFNH010000021.1",363737,364734,"-","atsI","2-999/999","===============","0/0",99.9,87.58,"vfdb","WP_011705716","(atsI) Type VI secretion system protein [T6SS (VF0480) - Effector delivery system (VFC0086)] [Aeromonas hydrophila subsp. hydrophila ATCC 7966]",NA,"Ho04-635"
"Ho04-635.fasta","NZ_JBHFNH010000021.1",364699,366465,"-","atsH","1-1767/1767","===============","0/0",100,90.55,"vfdb","WP_011705715","(atsH) Type VI secretion system protein [T6SS (VF0480) - Effector delivery system (VFC0086)] [Aeromonas hydrophila subsp. hydrophila ATCC 7966]",NA,"Ho04-635"
"Ho04-635.fasta","NZ_JBHFNH010000021.1",366469,366900,"-","atsG","1-432/432","===============","0/0",100,93.52,"vfdb","WP_011705714","(atsG) Type VI secretion system protein [T6SS (VF0480) - Effector delivery system (VFC0086)] [Aeromonas hydrophila subsp. hydrophila ATCC 7966]",NA,"Ho04-635"
"Ho04-635.fasta","NZ_JBHFNH010000021.1",366907,368388,"-","vipB","1-1479/1479","========/======","1/3",100,90.62,"vfdb","WP_043163044","(vipB) Type VI secretion system contractile sheath large subunit TssC/VipB [T6SS (VF0480) - Effector delivery system (VFC0086)] [Aeromonas hydrophila subsp. hydrophila ATCC 7966]",NA,"Ho04-635"
"Ho04-635.fasta","NZ_JBHFNH010000021.1",368426,368929,"-","vipA","1-504/504","===============","0/0",100,89.09,"vfdb","WP_011705712","(vipA) Type VI secretion system contractile sheath small subunit TssB/VipA [T6SS (VF0480) - Effector delivery system (VFC0086)] [Aeromonas hydrophila subsp. hydrophila ATCC 7966]",NA,"Ho04-635"
"Ho04-635.fasta","NZ_JBHFNH010000026.1",78459,80165,"+","tapB","1-1707/1707","===============","0/0",100,86.41,"vfdb","WP_016352168","(tapB) type IV pilus assembly ATPase PilB-like [Tap type IV pili (VF0475) - Adherence (VFC0001)] [Aeromonas hydrophila ML09-119]",NA,"Ho04-635"
"Ho04-635.fasta","NZ_JBHFNH010000026.1",80406,81631,"+","tapC","1-1226/1242","===============","0/0",98.71,86.46,"vfdb","WP_016352169","(tapC) type IV fimbrial assembly protein PilC-like [Tap type IV pili (VF0475) - Adherence (VFC0001)] [Aeromonas hydrophila ML09-119]",NA,"Ho04-635"
"Ho04-635.fasta","NZ_JBHFNH010000026.1",81732,82566,"+","tapD/pilD","24-858/873","========/======","2/2",95.53,83.37,"vfdb","WP_016352170","(tapD/pilD) prepilin peptidase [Tap type IV pili (VF0475) - Adherence (VFC0001)] [Aeromonas hydrophila ML09-119]",NA,"Ho04-635"
"Ho04-635.fasta","NZ_JBHFNH010000026.1",108423,109280,"-","lafT","1-858/858","========/======","2/2",99.88,84.75,"vfdb","WP_005314215","(lafT) LafT flagella motor stator protein [Lateral flagella (VF0474) - Motility (VFC0204)] [Aeromonas salmonicida subsp. salmonicida A449]",NA,"Ho04-635"
"Ho04-635.fasta","NZ_JBHFNH010000026.1",112522,113805,"-","lafB","1-1284/1284","===============","0/0",100,82.32,"vfdb","WP_005314227","(lafB) flagellar hook associated protein LafB [Lateral flagella (VF0474) - Motility (VFC0204)] [Aeromonas salmonicida subsp. salmonicida A449]",NA,"Ho04-635"
"Ho04-635.fasta","NZ_JBHFNH010000026.1",119233,120552,"-","lfgK","1-1320/1320","===============","0/0",100,81.97,"vfdb","WP_005314250","(lfgK) lateral flagellar hook-associated protein [Lateral flagella (VF0474) - Motility (VFC0204)] [Aeromonas salmonicida subsp. salmonicida A449]",NA,"Ho04-635"
"Ho04-635.fasta","NZ_JBHFNH010000026.1",120552,120950,"-","flgJ","1-399/399","===============","0/0",100,80.2,"vfdb","WP_005314251","(flgJ) peptidoglycan hydrolase [Lateral flagella (VF0474) - Motility (VFC0204)] [Aeromonas salmonicida subsp. salmonicida A449]",NA,"Ho04-635"
"Ho04-635.fasta","NZ_JBHFNH010000026.1",120959,122065,"-","flgI","1-1107/1107","===============","0/0",100,80.94,"vfdb","WP_005314254","(flgI) flagellar basal body P-ring protein [Lateral flagella (VF0474) - Motility (VFC0204)] [Aeromonas salmonicida subsp. salmonicida A449]",NA,"Ho04-635"
"Ho04-635.fasta","NZ_JBHFNH010000026.1",122074,122745,"-","lfgH","1-672/672","===============","0/0",100,82.29,"vfdb","WP_005314257","(lfgH) lateral flagellar L-ring protein LfgH [Lateral flagella (VF0474) - Motility (VFC0204)] [Aeromonas salmonicida subsp. salmonicida A449]",NA,"Ho04-635"
"Ho04-635.fasta","NZ_JBHFNH010000026.1",122747,123530,"-","lfgG","1-784/786","===============","0/0",99.75,83.42,"vfdb","WP_005314259","(lfgG) lateral flagellar basal-body rod protein LfgG [Lateral flagella (VF0474) - Motility (VFC0204)] [Aeromonas salmonicida subsp. salmonicida A449]",NA,"Ho04-635"
"Ho04-635.fasta","NZ_JBHFNH010000026.1",123613,124343,"-","lfgF","1-731/735","===============","0/0",99.46,82.35,"vfdb","WP_005314261","(lfgF) lateral flagellar basal-body rod protein LfgF [Lateral flagella (VF0474) - Motility (VFC0204)] [Aeromonas salmonicida subsp. salmonicida A449]",NA,"Ho04-635"
"Ho04-635.fasta","NZ_JBHFNH010000026.1",126281,126701,"-","flgC","1-421/426","===============","0/0",98.83,81.71,"vfdb","WP_005314270","(flgC) flagellar basal body rod protein FlgC [Lateral flagella (VF0474) - Motility (VFC0204)] [Aeromonas salmonicida subsp. salmonicida A449]",NA,"Ho04-635"
"Ho04-635.fasta","NZ_JBHFNH010000026.1",126704,127093,"-","lfgB","1-390/390","===============","0/0",100,84.1,"vfdb","WP_005314272","(lfgB) lateral flagellar basal body protein LfgB [Lateral flagella (VF0474) - Motility (VFC0204)] [Aeromonas salmonicida subsp. salmonicida A449]",NA,"Ho04-635"
"Ho04-635.fasta","NZ_JBHFNH010000026.1",131198,132226,"-","fliG","1-1029/1029","===============","0/0",100,83.87,"vfdb","WP_005314289","(fliG) flagellar motor switch protein G [Lateral flagella (VF0474) - Motility (VFC0204)] [Aeromonas salmonicida subsp. salmonicida A449]",NA,"Ho04-635"
"Ho04-635.fasta","NZ_JBHFNH010000026.1",133973,134299,"-","lfiE","1-327/327","===============","0/0",100,83.79,"vfdb","WP_005314292","(lfiE) lateral flagellar hook basal body protein LfiE [Lateral flagella (VF0474) - Motility (VFC0204)] [Aeromonas salmonicida subsp. salmonicida A449]",NA,"Ho04-635"
"Ho04-635.fasta","NZ_JBHFNH010000026.1",136111,138176,"-","lfhA","1-2066/2076","===============","0/0",99.52,82.04,"vfdb","WP_005314296","(lfhA) lateral flagellar biosynthesis protein [Lateral flagella (VF0474) - Motility (VFC0204)] [Aeromonas salmonicida subsp. salmonicida A449]",NA,"Ho04-635"
"Ho04-635.fasta","NZ_JBHFNH010000026.1",138180,139316,"-","lfhB","1-1137/1137","===============","0/0",100,80.83,"vfdb","WP_005314298","(lfhB) lateral flagellar biosynthetic protein LfhB [Lateral flagella (VF0474) - Motility (VFC0204)] [Aeromonas salmonicida subsp. salmonicida A449]",NA,"Ho04-635"
"Ho04-635.fasta","NZ_JBHFNH010000026.1",140092,140360,"-","lfiQ","2-270/270","===============","0/0",99.63,80.67,"vfdb","WP_005314303","(lfiQ) lateral flagellar biosynthetic protein LfiQ [Lateral flagella (VF0474) - Motility (VFC0204)] [Aeromonas salmonicida subsp. salmonicida A449]",NA,"Ho04-635"
"Ho04-635.fasta","NZ_JBHFNH010000026.1",140363,141097,"-","fliP","1-735/735","===============","0/0",100,80.54,"vfdb","WP_005314307","(fliP) flagellar biosynthesis protein FliP [Lateral flagella (VF0474) - Motility (VFC0204)] [Aeromonas salmonicida subsp. salmonicida A449]",NA,"Ho04-635"
"Ho04-635.fasta","NZ_JBHFNH010000026.1",141097,141474,"-","lfiN","1-378/378","===============","0/0",100,85.45,"vfdb","WP_005314315","(lfiN) lateral flagellar motor switch protein lfiN [Lateral flagella (VF0474) - Motility (VFC0204)] [Aeromonas salmonicida subsp. salmonicida A449]",NA,"Ho04-635"
"Ho04-635.fasta","NZ_JBHFNH010000029.1",69657,70405,"+","pomA2","1-749/759","===============","0/0",98.68,83.98,"vfdb","WP_011707085","(pomA2) chemotaxis protein PomA [Polar flagella (VF0473) - Motility (VFC0204)] [Aeromonas hydrophila ML09-119]",NA,"Ho04-635"
"Ho04-635.fasta","NZ_JBHFNH010000029.1",70430,71292,"+","pomB2","10-878/900","========/======","2/6",95.89,82.97,"vfdb","WP_016351724","(pomB2) flagellar motor protein MotB [Polar flagella (VF0473) - Motility (VFC0204)] [Aeromonas hydrophila ML09-119]",NA,"Ho04-635"
"Ho04-635.fasta","NZ_JBHFNH010000029.1",121560,122078,"+","hcp","1-519/519","===============","0/0",100,94.03,"vfdb","WP_011705706","(hcp) hemolysin co-regulated protein [T6SS (VF0480) - Effector delivery system (VFC0086)] [Aeromonas hydrophila subsp. hydrophila ATCC 7966]",NA,"Ho04-635"
"Hv96-22.fasta","NZ_JBHFMY010000001.1",100800,101465,"-","ascL","1-666/666","===============","0/0",100,95.5,"vfdb","WP_005320812","(ascL) Type III secretion system C ring protein AscL [T3SS (VF0479) - Effector delivery system (VFC0086)] [Aeromonas salmonicida subsp. salmonicida A449]",NA,"Hv96-22"
"Hv96-22.fasta","NZ_JBHFMY010000001.1",101444,102070,"-","ascK","1-627/627","===============","0/0",100,92.19,"vfdb","WP_005320811","(ascK) Type III secretion system C ring protein AscK [T3SS (VF0479) - Effector delivery system (VFC0086)] [Aeromonas salmonicida subsp. salmonicida A449]",NA,"Hv96-22"
"Hv96-22.fasta","NZ_JBHFMY010000001.1",102067,102807,"-","ascJ","1-741/741","===============","0/0",100,96.49,"vfdb","WP_180975055","(ascJ) type III secretion system OM ring protein AscJ [T3SS (VF0479) - Effector delivery system (VFC0086)] [Aeromonas salmonicida subsp. salmonicida A449]",NA,"Hv96-22"
"Hv96-22.fasta","NZ_JBHFMY010000001.1",102814,103152,"-","ascI","1-339/339","===============","0/0",100,97.64,"vfdb","WP_005320806","(ascI) Type III secretion system inner rod protein AscI [T3SS (VF0479) - Effector delivery system (VFC0086)] [Aeromonas salmonicida subsp. salmonicida A449]",NA,"Hv96-22"
"Hv96-22.fasta","NZ_JBHFMY010000001.1",103152,103706,"-","ascH","1-555/555","===============","0/0",100,93.69,"vfdb","WP_005320804","(ascH) Type III secretion system protein AscH regulator needle assembling [T3SS (VF0479) - Effector delivery system (VFC0086)] [Aeromonas salmonicida subsp. salmonicida A449]",NA,"Hv96-22"
"Hv96-22.fasta","NZ_JBHFMY010000001.1",103703,104056,"-","ascG","1-354/354","===============","0/0",100,88.7,"vfdb","WP_005320802","(ascG) chaperone protein [T3SS (VF0479) - Effector delivery system (VFC0086)] [Aeromonas salmonicida subsp. salmonicida A449]",NA,"Hv96-22"
"Hv96-22.fasta","NZ_JBHFMY010000001.1",104056,104313,"-","ascF","1-258/258","===============","0/0",100,93.8,"vfdb","WP_005320800","(ascF) Type III secretion system needle complex subunit AscF [T3SS (VF0479) - Effector delivery system (VFC0086)] [Aeromonas salmonicida subsp. salmonicida A449]",NA,"Hv96-22"
"Hv96-22.fasta","NZ_JBHFMY010000001.1",104306,104518,"-","ascE","1-213/213","===============","0/0",100,94.84,"vfdb","WP_005320797","(ascE) chaperone protein [T3SS (VF0479) - Effector delivery system (VFC0086)] [Aeromonas salmonicida subsp. salmonicida A449]",NA,"Hv96-22"
"Hv96-22.fasta","NZ_JBHFMY010000001.1",104481,105785,"-","ascD","1-1305/1305","===============","0/0",100,96.09,"vfdb","WP_005320795","(ascD) Type III secretion system OM ring protein AscD [T3SS (VF0479) - Effector delivery system (VFC0086)] [Aeromonas salmonicida subsp. salmonicida A449]",NA,"Hv96-22"
"Hv96-22.fasta","NZ_JBHFMY010000001.1",105782,107635,"-","ascC","1-1854/1854","===============","0/0",100,96.71,"vfdb","WP_011899438","(ascC) Type III secretion system OM ring protein AscC [T3SS (VF0479) - Effector delivery system (VFC0086)] [Aeromonas salmonicida subsp. salmonicida A449]",NA,"Hv96-22"
"Hv96-22.fasta","NZ_JBHFMY010000001.1",107608,108033,"-","ascB","1-426/426","===============","0/0",100,96.48,"vfdb","WP_011899439","(ascB) chaperone protein [T3SS (VF0479) - Effector delivery system (VFC0086)] [Aeromonas salmonicida subsp. salmonicida A449]",NA,"Hv96-22"
"Hv96-22.fasta","NZ_JBHFMY010000001.1",108049,108864,"-","exsD","1-816/816","===============","0/0",100,96.08,"vfdb","WP_005320790","(exsD) Type III secretion system protein ExsD [T3SS (VF0479) - Effector delivery system (VFC0086)] [Aeromonas salmonicida subsp. salmonicida A449]",NA,"Hv96-22"
"Hv96-22.fasta","NZ_JBHFMY010000001.1",108984,109766,"-","exsA","1-783/783","===============","0/0",100,97.45,"vfdb","WP_192914500","(exsA) Type III secretion system transcriptional regulator [T3SS (VF0479) - Effector delivery system (VFC0086)] [Aeromonas salmonicida subsp. salmonicida A449]",NA,"Hv96-22"
"Hv96-22.fasta","NZ_JBHFMY010000001.1",110145,110545,"-","exsB","1-401/402","===============","0/0",99.75,95.51,"vfdb","WP_011899440","(exsB) type III secretion system OM ring protein ExsB [T3SS (VF0479) - Effector delivery system (VFC0086)] [Aeromonas salmonicida subsp. salmonicida A449]",NA,"Hv96-22"
"Hv96-22.fasta","NZ_JBHFMY010000001.1",110542,110775,"-","exsE","1-234/234","===============","0/0",100,93.16,"vfdb","WP_005320785","(exsE) Type III secretion system regulator [T3SS (VF0479) - Effector delivery system (VFC0086)] [Aeromonas salmonicida subsp. salmonicida A449]",NA,"Hv96-22"
"Hv96-22.fasta","NZ_JBHFMY010000001.1",110778,111221,"-","exsC","1-444/444","===============","0/0",100,95.72,"vfdb","WP_005320783","(exsC) chaperone protein [T3SS (VF0479) - Effector delivery system (VFC0086)] [Aeromonas salmonicida subsp. salmonicida A449]",NA,"Hv96-22"
"Hv96-22.fasta","NZ_JBHFMY010000001.1",111358,112254,"-","aopD","1-897/897","===============","0/0",100,88.29,"vfdb","WP_005320781","(aopD) Type III secretion system translocator AopD [T3SS (VF0479) - Effector delivery system (VFC0086)] [Aeromonas salmonicida subsp. salmonicida A449]",NA,"Hv96-22"
"Hv96-22.fasta","NZ_JBHFMY010000001.1",112267,113439,"-","aopB","1-1194/1194","========/======","1/21",98.24,87.35,"vfdb","WP_005320780","(aopB) Type III secretion system translocator AopB [T3SS (VF0479) - Effector delivery system (VFC0086)] [Aeromonas salmonicida subsp. salmonicida A449]",NA,"Hv96-22"
"Hv96-22.fasta","NZ_JBHFMY010000001.1",113420,113923,"-","acrH","1-504/504","===============","0/0",100,96.03,"vfdb","WP_005320778","(acrH) chaperon protein for AopB/AopD [T3SS (VF0479) - Effector delivery system (VFC0086)] [Aeromonas salmonicida subsp. salmonicida A449]",NA,"Hv96-22"
"Hv96-22.fasta","NZ_JBHFMY010000001.1",113933,115018,"-","acrV","1-1086/1086","===============","0/0",100,91.9,"vfdb","WP_005320777","(acrV) Type III secretion system tip translocon AcrV  [T3SS (VF0479) - Effector delivery system (VFC0086)] [Aeromonas salmonicida subsp. salmonicida A449]",NA,"Hv96-22"
"Hv96-22.fasta","NZ_JBHFMY010000001.1",115028,115312,"-","acrG","1-285/285","===============","0/0",100,95.09,"vfdb","WP_005320774","(acrG) Type III secretion system protein LcrG-like [T3SS (VF0479) - Effector delivery system (VFC0086)] [Aeromonas salmonicida subsp. salmonicida A449]",NA,"Hv96-22"
"Hv96-22.fasta","NZ_JBHFMY010000001.1",115352,115807,"-","acrR","1-456/456","===============","0/0",100,92.98,"vfdb","WP_005320772","(acrR) Type III secretion system regulator LcrR-like [T3SS (VF0479) - Effector delivery system (VFC0086)] [Aeromonas salmonicida subsp. salmonicida A449]",NA,"Hv96-22"
"Hv96-22.fasta","NZ_JBHFMY010000001.1",115804,117921,"-","ascV","1-2118/2118","===============","0/0",100,96.79,"vfdb","WP_005320770","(ascV) Type III secretion system inner membrane export apparatus protein AscV [T3SS (VF0479) - Effector delivery system (VFC0086)] [Aeromonas salmonicida subsp. salmonicida A449]",NA,"Hv96-22"
"Hv96-22.fasta","NZ_JBHFMY010000001.1",117902,118252,"-","ascY","1-351/351","===============","0/0",100,98.01,"vfdb","WP_005320768","(ascY) chaperone protein [T3SS (VF0479) - Effector delivery system (VFC0086)] [Aeromonas salmonicida subsp. salmonicida A449]",NA,"Hv96-22"
"Hv96-22.fasta","NZ_JBHFMY010000001.1",118249,118614,"-","ascX","1-366/366","===============","0/0",100,96.45,"vfdb","WP_005320766","(ascX) Unknown function chaperoned by AscY [T3SS (VF0479) - Effector delivery system (VFC0086)] [Aeromonas salmonicida subsp. salmonicida A449]",NA,"Hv96-22"
"Hv96-22.fasta","NZ_JBHFMY010000001.1",118611,118982,"-","acr2","1-372/372","===============","0/0",100,96.24,"vfdb","WP_005320764","(acr2) chaperone protein [T3SS (VF0479) - Effector delivery system (VFC0086)] [Aeromonas salmonicida subsp. salmonicida A449]",NA,"Hv96-22"
"Hv96-22.fasta","NZ_JBHFMY010000001.1",118979,119260,"-","acr1","1-282/282","===============","0/0",100,97.87,"vfdb","WP_005320760","(acr1) Type III secretion system gatekeeper subunit  [T3SS (VF0479) - Effector delivery system (VFC0086)] [Aeromonas salmonicida subsp. salmonicida A449]",NA,"Hv96-22"
"Hv96-22.fasta","NZ_JBHFMY010000001.1",119241,120119,"-","aopN","1-879/879","===============","0/0",100,96.7,"vfdb","WP_005320757","(aopN) AopN secretion control of translocators and immune suppressor [T3SS (VF0479) - Effector delivery system (VFC0086)] [Aeromonas salmonicida subsp. salmonicida A449]",NA,"Hv96-22"
"Hv96-22.fasta","NZ_JBHFMY010000001.1",120309,121631,"+","ascN","1-1323/1323","===============","0/0",100,97.28,"vfdb","WP_005320755","(ascN) Type III secretion system ATPase [T3SS (VF0479) - Effector delivery system (VFC0086)] [Aeromonas salmonicida subsp. salmonicida A449]",NA,"Hv96-22"
"Hv96-22.fasta","NZ_JBHFMY010000001.1",121628,122089,"+","ascO","1-462/462","===============","0/0",100,96.32,"vfdb","WP_005320751","(ascO) Type III secretion system protein AscO [T3SS (VF0479) - Effector delivery system (VFC0086)] [Aeromonas salmonicida subsp. salmonicida A449]",NA,"Hv96-22"
"Hv96-22.fasta","NZ_JBHFMY010000001.1",123286,124212,"+","ascQ","1-927/927","===============","0/0",100,94.5,"vfdb","WP_005320747","(ascQ) type III secretion system protein AscQ [T3SS (VF0479) - Effector delivery system (VFC0086)] [Aeromonas salmonicida subsp. salmonicida A449]",NA,"Hv96-22"
"Hv96-22.fasta","NZ_JBHFMY010000001.1",124209,124862,"+","ascR","1-654/654","===============","0/0",100,96.33,"vfdb","WP_005320745","(ascR) Type III secretion system inner membrane export apparatus protein AscR [T3SS (VF0479) - Effector delivery system (VFC0086)] [Aeromonas salmonicida subsp. salmonicida A449]",NA,"Hv96-22"
"Hv96-22.fasta","NZ_JBHFMY010000001.1",124864,125130,"+","ascS","1-267/267","===============","0/0",100,96.25,"vfdb","WP_005320743","(ascS) type III secretion system inner membrane export apparatus protein AscS [T3SS (VF0479) - Effector delivery system (VFC0086)] [Aeromonas salmonicida subsp. salmonicida A449]",NA,"Hv96-22"
"Hv96-22.fasta","NZ_JBHFMY010000001.1",125127,125915,"+","ascT","1-789/789","===============","0/0",100,95.94,"vfdb","WP_005320741","(ascT) Type III secretion system inner membrane export apparatus protein AscT [T3SS (VF0479) - Effector delivery system (VFC0086)] [Aeromonas salmonicida subsp. salmonicida A449]",NA,"Hv96-22"
"Hv96-22.fasta","NZ_JBHFMY010000001.1",125912,126970,"+","ascU","1-1059/1059","===============","0/0",100,96.6,"vfdb","WP_005320739","(ascU) Type III secretion system inner membrane export apparatus protein AscU [T3SS (VF0479) - Effector delivery system (VFC0086)] [Aeromonas salmonicida subsp. salmonicida A449]",NA,"Hv96-22"
"Hv96-22.fasta","NZ_JBHFMY010000001.1",127108,128058,"+","aopX","1-971/971","========/======","1/20",97.94,93.82,"vfdb","","(aopX) hypothetical protein [T3SS (VF0479) - Effector delivery system (VFC0086)] [Aeromonas salmonicida subsp. salmonicida A449]",NA,"Hv96-22"
"Hv96-22.fasta","NZ_JBHFMY010000001.1",128058,128381,"+","sycX","1-324/381","=============..","0/0",85.04,93.52,"vfdb","WP_005320736","(sycX) hypothetical protein [T3SS (VF0479) - Effector delivery system (VFC0086)] [Aeromonas salmonicida subsp. salmonicida A449]",NA,"Hv96-22"
"Hv96-22.fasta","NZ_JBHFMY010000001.1",182453,183247,"-","AHML_RS07540","1-795/795","===============","0/0",100,83.14,"vfdb","WP_011705294","(AHML_RS07540) CobQ/CobB/MinD/ParA family protein [Polar flagella (VF0473) - Motility (VFC0204)] [Aeromonas hydrophila ML09-119]",NA,"Hv96-22"
"Hv96-22.fasta","NZ_JBHFMY010000001.1",184915,186030,"-","cheB-2","1-1116/1116","========/======","2/2",99.91,82.45,"vfdb","WP_016350060","(cheB-2) chemotaxis-specific methylesterase [Polar flagella (VF0473) - Motility (VFC0204)] [Aeromonas hydrophila ML09-119]",NA,"Hv96-22"
"Hv96-22.fasta","NZ_JBHFMY010000001.1",188282,189022,"-","cheZ","1-741/741","===============","0/0",100,86.1,"vfdb","WP_011705289","(cheZ) chemotaxis protein CheZ [Polar flagella (VF0473) - Motility (VFC0204)] [Aeromonas hydrophila ML09-119]",NA,"Hv96-22"
"Hv96-22.fasta","NZ_JBHFMY010000001.1",189035,189418,"-","cheY","1-384/384","===============","0/0",100,87.24,"vfdb","WP_010634617","(cheY) chemotaxis protein CheY [Polar flagella (VF0473) - Motility (VFC0204)] [Aeromonas hydrophila ML09-119]",NA,"Hv96-22"
"Hv96-22.fasta","NZ_JBHFMY010000001.1",189530,190249,"-","fliA","1-720/720","========/======","2/2",99.86,82.8,"vfdb","WP_017409955","(fliA) flagellar biosynthesis sigma factor [Polar flagella (VF0473) - Motility (VFC0204)] [Aeromonas hydrophila ML09-119]",NA,"Hv96-22"
"Hv96-22.fasta","NZ_JBHFMY010000001.1",190242,191117,"-","flhG","1-876/876","===============","0/0",100,88.81,"vfdb","WP_010634619","(flhG) CobQ/CobB/MinD/ParA family protein [Polar flagella (VF0473) - Motility (VFC0204)] [Aeromonas hydrophila ML09-119]",NA,"Hv96-22"
"Hv96-22.fasta","NZ_JBHFMY010000001.1",191119,192543,"-","flhF","1-1422/1422","========/======","6/11",99.72,88.17,"vfdb","WP_016350057","(flhF) flagellar biosynthesis protein FlhF [Polar flagella (VF0473) - Motility (VFC0204)] [Aeromonas hydrophila ML09-119]",NA,"Hv96-22"
"Hv96-22.fasta","NZ_JBHFMY010000001.1",192560,194662,"-","flhA","1-2103/2103","===============","0/0",100,87.49,"vfdb","WP_016350056","(flhA) flagellar biosynthesis protein FlhA [Polar flagella (VF0473) - Motility (VFC0204)] [Aeromonas hydrophila ML09-119]",NA,"Hv96-22"
"Hv96-22.fasta","NZ_JBHFMY010000001.1",194770,195900,"-","flhB","1-1131/1131","========/======","2/8",99.65,86.26,"vfdb","WP_016350055","(flhB) flagellar biosynthetic protein FlhB [Polar flagella (VF0473) - Motility (VFC0204)] [Aeromonas hydrophila ML09-119]",NA,"Hv96-22"
"Hv96-22.fasta","NZ_JBHFMY010000001.1",195915,196690,"-","fliR","1-776/792","===============","0/0",97.98,82.09,"vfdb","WP_011705283","(fliR) flagellar biosynthesis protein FliR [Polar flagella (VF0473) - Motility (VFC0204)] [Aeromonas hydrophila ML09-119]",NA,"Hv96-22"
"Hv96-22.fasta","NZ_JBHFMY010000001.1",196687,196956,"-","fliQ","1-270/270","===============","0/0",100,85.93,"vfdb","WP_011705282","(fliQ) flagellar biosynthetic protein FliQ [Polar flagella (VF0473) - Motility (VFC0204)] [Aeromonas hydrophila ML09-119]",NA,"Hv96-22"
"Hv96-22.fasta","NZ_JBHFMY010000001.1",196985,197755,"-","fliP","1-774/780","========/======","2/5",98.72,85.81,"vfdb","WP_016350054","(fliP) flagellar biosynthesis protein FliP [Polar flagella (VF0473) - Motility (VFC0204)] [Aeromonas hydrophila ML09-119]",NA,"Hv96-22"
"Hv96-22.fasta","NZ_JBHFMY010000001.1",197742,198062,"-","fliO","64-384/384","..=============","0/0",83.59,86.92,"vfdb","WP_005298795","(fliO) flagellar biosynthesis protein FliO [Polar flagella (VF0473) - Motility (VFC0204)] [Aeromonas hydrophila ML09-119]",NA,"Hv96-22"
"Hv96-22.fasta","NZ_JBHFMY010000001.1",198119,198511,"-","fliN","1-393/393","===============","0/0",100,89.82,"vfdb","WP_011705280","(fliN) flagellar motor switch protein FliN [Polar flagella (VF0473) - Motility (VFC0204)] [Aeromonas hydrophila ML09-119]",NA,"Hv96-22"
"Hv96-22.fasta","NZ_JBHFMY010000001.1",198561,199631,"-","fliM","1-1071/1071","===============","0/0",100,91.22,"vfdb","WP_011705279","(fliM) flagellar motor switch protein FliM [Polar flagella (VF0473) - Motility (VFC0204)] [Aeromonas hydrophila ML09-119]",NA,"Hv96-22"
"Hv96-22.fasta","NZ_JBHFMY010000001.1",199640,200154,"-","fliL","1-518/519","========/======","1/3",99.23,85.14,"vfdb","WP_011705278","(fliL) flagellar basal body-associated protein FliL [Polar flagella (VF0473) - Motility (VFC0204)] [Aeromonas hydrophila ML09-119]",NA,"Hv96-22"
"Hv96-22.fasta","NZ_JBHFMY010000001.1",202208,202648,"-","fliJ","1-441/441","===============","0/0",100,86.39,"vfdb","WP_011705276","(fliJ) flagellar export protein FliJ [Polar flagella (VF0473) - Motility (VFC0204)] [Aeromonas hydrophila ML09-119]",NA,"Hv96-22"
"Hv96-22.fasta","NZ_JBHFMY010000001.1",202676,204007,"-","fliI","1-1332/1332","===============","0/0",100,89.49,"vfdb","WP_011705275","(fliI) flagellum-specific ATP synthase [Polar flagella (VF0473) - Motility (VFC0204)] [Aeromonas hydrophila ML09-119]",NA,"Hv96-22"
"Hv96-22.fasta","NZ_JBHFMY010000001.1",204090,204881,"-","fliH","7-792/807","========/======","4/12",97.03,81.26,"vfdb","WP_016350051","(fliH) flagellar assembly protein FliH [Polar flagella (VF0473) - Motility (VFC0204)] [Aeromonas hydrophila ML09-119]",NA,"Hv96-22"
"Hv96-22.fasta","NZ_JBHFMY010000001.1",204955,206014,"-","fliG","1-1060/1062","===============","0/0",99.81,93.21,"vfdb","WP_011705273","(fliG) flagellar motor switch protein G [Polar flagella (VF0473) - Motility (VFC0204)] [Aeromonas hydrophila ML09-119]",NA,"Hv96-22"
"Hv96-22.fasta","NZ_JBHFMY010000001.1",206007,207716,"-","fliF","1-1713/1713","========/======","1/3",99.82,86.92,"vfdb","WP_016350050","(fliF) flagellar MS-ring protein [Polar flagella (VF0473) - Motility (VFC0204)] [Aeromonas hydrophila ML09-119]",NA,"Hv96-22"
"Hv96-22.fasta","NZ_JBHFMY010000001.1",207779,208096,"-","fliE","1-318/318","===============","0/0",100,89.31,"vfdb","WP_011705271","(fliE) flagellar hook-basal body complex protein FliE [Polar flagella (VF0473) - Motility (VFC0204)] [Aeromonas hydrophila ML09-119]",NA,"Hv96-22"
"Hv96-22.fasta","NZ_JBHFMY010000001.1",352325,352857,"-","tapN","1-533/579","==============.","0/0",92.06,80.11,"vfdb","WP_016351632","(tapN) type IV pilus biogenesis protein PilN [Tap type IV pili (VF0475) - Adherence (VFC0001)] [Aeromonas hydrophila ML09-119]",NA,"Hv96-22"
"Hv96-22.fasta","NZ_JBHFMY010000003.1",186842,187600,"+","pomA2","1-759/759","===============","0/0",100,86.96,"vfdb","WP_011707085","(pomA2) chemotaxis protein PomA [Polar flagella (VF0473) - Motility (VFC0204)] [Aeromonas hydrophila ML09-119]",NA,"Hv96-22"
"Hv96-22.fasta","NZ_JBHFMY010000003.1",187618,188480,"+","pomB2","10-878/900","========/======","2/6",95.89,82.85,"vfdb","WP_016351724","(pomB2) flagellar motor protein MotB [Polar flagella (VF0473) - Motility (VFC0204)] [Aeromonas hydrophila ML09-119]",NA,"Hv96-22"
"Hv96-22.fasta","NZ_JBHFMY010000004.1",171613,173516,"-","vgrG3","1-1904/2046","========/======","6/8",92.86,83.07,"vfdb","WP_011705728","(vgrG3) VgrG protein [T6SS (VF0480) - Effector delivery system (VFC0086)] [Aeromonas hydrophila subsp. hydrophila ATCC 7966]",NA,"Hv96-22"
"Hv96-22.fasta","NZ_JBHFMY010000004.1",174013,174531,"-","hcp","1-519/519","===============","0/0",100,93.26,"vfdb","WP_011705706","(hcp) hemolysin co-regulated protein [T6SS (VF0480) - Effector delivery system (VFC0086)] [Aeromonas hydrophila subsp. hydrophila ATCC 7966]",NA,"Hv96-22"
"Hv96-22.fasta","NZ_JBHFMY010000005.1",67129,68687,"+","exeA","1-1559/1647","===============","0/0",94.66,82.87,"vfdb","WP_016352107","(exeA) general secretion pathway protein A [Exe T2SS (VF0478) - Effector delivery system (VFC0086)] [Aeromonas hydrophila ML09-119]",NA,"Hv96-22"
"Hv96-22.fasta","NZ_JBHFMY010000005.1",70475,72432,"+","exeD","1-1970/2037","========/======","9/22",95.88,85.62,"vfdb","WP_016349335","(exeD) general secretion pathway protein D [Exe T2SS (VF0478) - Effector delivery system (VFC0086)] [Aeromonas hydrophila ML09-119]",NA,"Hv96-22"
"Hv96-22.fasta","NZ_JBHFMY010000005.1",72520,74019,"+","exeE","7-1506/1506","===============","0/0",99.6,89.8,"vfdb","WP_016349336","(exeE) general secretory pathway protein E [Exe T2SS (VF0478) - Effector delivery system (VFC0086)] [Aeromonas hydrophila ML09-119]",NA,"Hv96-22"
"Hv96-22.fasta","NZ_JBHFMY010000005.1",74021,75240,"+","exeF","1-1220/1221","===============","0/0",99.92,87.79,"vfdb","WP_016349337","(exeF) general secretion pathway protein F [Exe T2SS (VF0478) - Effector delivery system (VFC0086)] [Aeromonas hydrophila ML09-119]",NA,"Hv96-22"
"Hv96-22.fasta","NZ_JBHFMY010000005.1",75339,75770,"+","exeG","1-432/432","===============","0/0",100,91.9,"vfdb","WP_005308483","(exeG) general secretion pathway protein G [Exe T2SS (VF0478) - Effector delivery system (VFC0086)] [Aeromonas hydrophila ML09-119]",NA,"Hv96-22"
"Hv96-22.fasta","NZ_JBHFMY010000005.1",75832,76338,"+","exeH","12-518/552","===============","0/0",91.85,80.87,"vfdb","WP_016349339","(exeH) general secretion pathway protein H [Exe T2SS (VF0478) - Effector delivery system (VFC0086)] [Aeromonas hydrophila ML09-119]",NA,"Hv96-22"
"Hv96-22.fasta","NZ_JBHFMY010000005.1",76464,76823,"+","exeI","1-360/360","===============","0/0",100,87.78,"vfdb","WP_016349340","(exeI) general secretion pathway protein I [Exe T2SS (VF0478) - Effector delivery system (VFC0086)] [Aeromonas hydrophila ML09-119]",NA,"Hv96-22"
"Hv96-22.fasta","NZ_JBHFMY010000005.1",76856,77457,"+","exeJ","40-641/654","===============","0/0",92.05,88.54,"vfdb","WP_016349341","(exeJ) general secretion pathway protein J [Exe T2SS (VF0478) - Effector delivery system (VFC0086)] [Aeromonas hydrophila ML09-119]",NA,"Hv96-22"
"Hv96-22.fasta","NZ_JBHFMY010000005.1",78704,79888,"+","exeL","1-1185/1185","========/======","2/2",99.92,81.11,"vfdb","WP_016349343","(exeL) general secretion pathway protein L [Exe T2SS (VF0478) - Effector delivery system (VFC0086)] [Aeromonas hydrophila ML09-119]",NA,"Hv96-22"
"Hv96-22.fasta","NZ_JBHFMY010000005.1",79885,80376,"+","exeM","1-492/492","===============","0/0",100,82.32,"vfdb","WP_016349344","(exeM) general secretion pathway protein M [Exe T2SS (VF0478) - Effector delivery system (VFC0086)] [Aeromonas hydrophila ML09-119]",NA,"Hv96-22"
"Hv96-22.fasta","NZ_JBHFMY010000010.1",130128,130505,"+","lfiN","1-378/378","===============","0/0",100,85.71,"vfdb","WP_005314315","(lfiN) lateral flagellar motor switch protein lfiN [Lateral flagella (VF0474) - Motility (VFC0204)] [Aeromonas salmonicida subsp. salmonicida A449]",NA,"Hv96-22"
"Hv96-22.fasta","NZ_JBHFMY010000010.1",130505,131239,"+","fliP","1-735/735","===============","0/0",100,80.68,"vfdb","WP_005314307","(fliP) flagellar biosynthesis protein FliP [Lateral flagella (VF0474) - Motility (VFC0204)] [Aeromonas salmonicida subsp. salmonicida A449]",NA,"Hv96-22"
"Hv96-22.fasta","NZ_JBHFMY010000010.1",131242,131510,"+","lfiQ","2-270/270","===============","0/0",99.63,80.3,"vfdb","WP_005314303","(lfiQ) lateral flagellar biosynthetic protein LfiQ [Lateral flagella (VF0474) - Motility (VFC0204)] [Aeromonas salmonicida subsp. salmonicida A449]",NA,"Hv96-22"
"Hv96-22.fasta","NZ_JBHFMY010000010.1",132286,133422,"+","lfhB","1-1137/1137","===============","0/0",100,81.27,"vfdb","WP_005314298","(lfhB) lateral flagellar biosynthetic protein LfhB [Lateral flagella (VF0474) - Motility (VFC0204)] [Aeromonas salmonicida subsp. salmonicida A449]",NA,"Hv96-22"
"Hv96-22.fasta","NZ_JBHFMY010000010.1",133426,135492,"+","lfhA","1-2067/2076","===============","0/0",99.57,82.05,"vfdb","WP_005314296","(lfhA) lateral flagellar biosynthesis protein [Lateral flagella (VF0474) - Motility (VFC0204)] [Aeromonas salmonicida subsp. salmonicida A449]",NA,"Hv96-22"
"Hv96-22.fasta","NZ_JBHFMY010000010.1",137288,137614,"+","lfiE","1-327/327","===============","0/0",100,84.4,"vfdb","WP_005314292","(lfiE) lateral flagellar hook basal body protein LfiE [Lateral flagella (VF0474) - Motility (VFC0204)] [Aeromonas salmonicida subsp. salmonicida A449]",NA,"Hv96-22"
"Hv96-22.fasta","NZ_JBHFMY010000010.1",139367,140395,"+","fliG","1-1029/1029","===============","0/0",100,84.45,"vfdb","WP_005314289","(fliG) flagellar motor switch protein G [Lateral flagella (VF0474) - Motility (VFC0204)] [Aeromonas salmonicida subsp. salmonicida A449]",NA,"Hv96-22"
"Hv96-22.fasta","NZ_JBHFMY010000010.1",144513,144902,"+","lfgB","1-390/390","===============","0/0",100,83.59,"vfdb","WP_005314272","(lfgB) lateral flagellar basal body protein LfgB [Lateral flagella (VF0474) - Motility (VFC0204)] [Aeromonas salmonicida subsp. salmonicida A449]",NA,"Hv96-22"
"Hv96-22.fasta","NZ_JBHFMY010000010.1",144905,145325,"+","flgC","1-421/426","===============","0/0",98.83,81.95,"vfdb","WP_005314270","(flgC) flagellar basal body rod protein FlgC [Lateral flagella (VF0474) - Motility (VFC0204)] [Aeromonas salmonicida subsp. salmonicida A449]",NA,"Hv96-22"
"Hv96-22.fasta","NZ_JBHFMY010000010.1",147269,147999,"+","lfgF","1-731/735","===============","0/0",99.46,82.08,"vfdb","WP_005314261","(lfgF) lateral flagellar basal-body rod protein LfgF [Lateral flagella (VF0474) - Motility (VFC0204)] [Aeromonas salmonicida subsp. salmonicida A449]",NA,"Hv96-22"
"Hv96-22.fasta","NZ_JBHFMY010000010.1",148082,148865,"+","lfgG","1-784/786","===============","0/0",99.75,82.53,"vfdb","WP_005314259","(lfgG) lateral flagellar basal-body rod protein LfgG [Lateral flagella (VF0474) - Motility (VFC0204)] [Aeromonas salmonicida subsp. salmonicida A449]",NA,"Hv96-22"
"Hv96-22.fasta","NZ_JBHFMY010000010.1",148867,149538,"+","lfgH","1-672/672","===============","0/0",100,82.59,"vfdb","WP_005314257","(lfgH) lateral flagellar L-ring protein LfgH [Lateral flagella (VF0474) - Motility (VFC0204)] [Aeromonas salmonicida subsp. salmonicida A449]",NA,"Hv96-22"
"Hv96-22.fasta","NZ_JBHFMY010000010.1",149547,150653,"+","flgI","1-1107/1107","===============","0/0",100,81.12,"vfdb","WP_005314254","(flgI) flagellar basal body P-ring protein [Lateral flagella (VF0474) - Motility (VFC0204)] [Aeromonas salmonicida subsp. salmonicida A449]",NA,"Hv96-22"
"Hv96-22.fasta","NZ_JBHFMY010000010.1",150662,151060,"+","flgJ","1-399/399","===============","0/0",100,80.45,"vfdb","WP_005314251","(flgJ) peptidoglycan hydrolase [Lateral flagella (VF0474) - Motility (VFC0204)] [Aeromonas salmonicida subsp. salmonicida A449]",NA,"Hv96-22"
"Hv96-22.fasta","NZ_JBHFMY010000010.1",159741,160405,"+","lafS","42-707/708","========/======","1/1",93.93,80.48,"vfdb","WP_011898286","(lafS) LafS RNA polymerase sigma factor [Lateral flagella (VF0474) - Motility (VFC0204)] [Aeromonas salmonicida subsp. salmonicida A449]",NA,"Hv96-22"
"Hv96-22.fasta","NZ_JBHFMY010000010.1",160454,161311,"+","lafT","1-858/858","========/======","2/2",99.88,84.28,"vfdb","WP_005314215","(lafT) LafT flagella motor stator protein [Lateral flagella (VF0474) - Motility (VFC0204)] [Aeromonas salmonicida subsp. salmonicida A449]",NA,"Hv96-22"
"Hv96-22.fasta","NZ_JBHFMY010000010.1",187057,187891,"-","tapD/pilD","24-858/873","========/======","2/2",95.53,83.01,"vfdb","WP_016352170","(tapD/pilD) prepilin peptidase [Tap type IV pili (VF0475) - Adherence (VFC0001)] [Aeromonas hydrophila ML09-119]",NA,"Hv96-22"
"Hv96-22.fasta","NZ_JBHFMY010000010.1",187992,189217,"-","tapC","1-1226/1242","===============","0/0",98.71,86.62,"vfdb","WP_016352169","(tapC) type IV fimbrial assembly protein PilC-like [Tap type IV pili (VF0475) - Adherence (VFC0001)] [Aeromonas hydrophila ML09-119]",NA,"Hv96-22"
"Hv96-22.fasta","NZ_JBHFMY010000010.1",189457,191163,"-","tapB","1-1707/1707","===============","0/0",100,87.05,"vfdb","WP_016352168","(tapB) type IV pilus assembly ATPase PilB-like [Tap type IV pili (VF0475) - Adherence (VFC0001)] [Aeromonas hydrophila ML09-119]",NA,"Hv96-22"
"Hv96-22.fasta","NZ_JBHFMY010000011.1",154639,155982,"-","flrC","1-1344/1344","===============","0/0",100,88.69,"vfdb","WP_011706626","(flrC) transcriptional activator [Polar flagella (VF0473) - Motility (VFC0204)] [Aeromonas hydrophila ML09-119]",NA,"Hv96-22"
"Hv96-22.fasta","NZ_JBHFMY010000011.1",155979,157013,"-","flrB","1-1035/1035","===============","0/0",100,84.83,"vfdb","WP_016351312","(flrB) two-component sensor kinase [Polar flagella (VF0473) - Motility (VFC0204)] [Aeromonas hydrophila ML09-119]",NA,"Hv96-22"
"Hv96-22.fasta","NZ_JBHFMY010000011.1",157127,158541,"-","flrA","1-1415/1422","========/======","2/2",99.44,86.51,"vfdb","WP_017409846","(flrA) FleQ protein [Polar flagella (VF0473) - Motility (VFC0204)] [Aeromonas hydrophila ML09-119]",NA,"Hv96-22"
"Hv96-22.fasta","NZ_JBHFMY010000011.1",169145,170194,"-","flgJ","1-1053/1092","========/======","11/29",94.96,80.3,"vfdb","WP_016351320","(flgJ) flagellar rod assembly protein/muramidase FlgJ [Polar flagella (VF0473) - Motility (VFC0204)] [Aeromonas hydrophila ML09-119]",NA,"Hv96-22"
"Hv96-22.fasta","NZ_JBHFMY010000011.1",170238,171335,"-","flgI","1-1098/1098","===============","0/0",100,86.43,"vfdb","WP_011706637","(flgI) flagellar basal body P-ring protein [Polar flagella (VF0473) - Motility (VFC0204)] [Aeromonas hydrophila ML09-119]",NA,"Hv96-22"
"Hv96-22.fasta","NZ_JBHFMY010000011.1",171344,172015,"-","flgH","1-672/672","===============","0/0",100,86.01,"vfdb","WP_011706638","(flgH) flagellar basal body L-ring protein [Polar flagella (VF0473) - Motility (VFC0204)] [Aeromonas hydrophila ML09-119]",NA,"Hv96-22"
"Hv96-22.fasta","NZ_JBHFMY010000011.1",172030,172818,"-","flgG","1-789/789","========/======","2/2",99.87,86.71,"vfdb","WP_011706639","(flgG) flagellar basal body rod protein FlgG [Polar flagella (VF0473) - Motility (VFC0204)] [Aeromonas hydrophila ML09-119]",NA,"Hv96-22"
"Hv96-22.fasta","NZ_JBHFMY010000011.1",172834,173580,"-","flgF","1-747/747","===============","0/0",100,84.87,"vfdb","WP_011706640","(flgF) flagellar basal-body rod protein FlgF [Polar flagella (VF0473) - Motility (VFC0204)] [Aeromonas hydrophila ML09-119]",NA,"Hv96-22"
"Hv96-22.fasta","NZ_JBHFMY010000011.1",175873,176285,"-","flgC","1-413/420","===============","0/0",98.33,89.35,"vfdb","WP_011706643","(flgC) flagellar basal body rod protein FlgC [Polar flagella (VF0473) - Motility (VFC0204)] [Aeromonas hydrophila ML09-119]",NA,"Hv96-22"
"Hv96-22.fasta","NZ_JBHFMY010000011.1",176285,176683,"-","flgB","1-399/399","===============","0/0",100,81.45,"vfdb","WP_011706644","(flgB) flagellar basal-body rod protein FlgB [Polar flagella (VF0473) - Motility (VFC0204)] [Aeromonas hydrophila ML09-119]",NA,"Hv96-22"
"Hv96-22.fasta","NZ_JBHFMY010000011.1",176981,177803,"-","cheR-3","1-823/825","===============","0/0",99.76,86.03,"vfdb","WP_011706645","(cheR-3) chemotaxis protein CheR [Polar flagella (VF0473) - Motility (VFC0204)] [Aeromonas hydrophila ML09-119]",NA,"Hv96-22"
"Hv96-22.fasta","NZ_JBHFMY010000011.1",177821,178732,"-","cheV","1-912/912","===============","0/0",100,85.86,"vfdb","WP_011706646","(cheV) CheV [Polar flagella (VF0473) - Motility (VFC0204)] [Aeromonas hydrophila ML09-119]",NA,"Hv96-22"
"Hv96-22.fasta","NZ_JBHFMY010000011.1",179652,179970,"+","flgM","1-319/321","===============","0/0",99.38,80.25,"vfdb","WP_011706648","(flgM) anti-sigma-D factor [Polar flagella (VF0473) - Motility (VFC0204)] [Aeromonas hydrophila ML09-119]",NA,"Hv96-22"
"Hv96-22.fasta","NZ_JBHFMY010000012.1",75579,76370,"+","tapF","1-792/792","========/======","2/6",99.62,87.92,"vfdb","WP_011705643","(tapF) type IV pilus biogenesis/stability protein pilW-like [Tap type IV pili (VF0475) - Adherence (VFC0001)] [Aeromonas hydrophila ML09-119]",NA,"Hv96-22"
"Hv96-22.fasta","NZ_JBHFMY010000015.1",40851,41600,"-","nueA","1-762/762","========/======","2/12",98.43,88.06,"vfdb","WP_016351249","(nueA) NeuA protein [Polar flagella (VF0473) - Motility (VFC0204)] [Aeromonas hydrophila ML09-119]",NA,"Hv96-22"
"Hv96-22.fasta","NZ_JBHFMY010000015.1",97617,98490,"-","motY","1-874/876","===============","0/0",99.77,87.76,"vfdb","WP_024944879","(motY) sodium-type flagellar protein MotY [Polar flagella (VF0473) - Motility (VFC0204)] [Aeromonas hydrophila ML09-119]",NA,"Hv96-22"
"Hv96-22.fasta","NZ_JBHFMY010000015.1",121286,122423,"+","tapW","1-1138/1140","===============","0/0",99.82,89.98,"vfdb","WP_011706550","(tapW) twitching ATPase [Tap type IV pili (VF0475) - Adherence (VFC0001)] [Aeromonas hydrophila ML09-119]",NA,"Hv96-22"
"Hv96-22.fasta","NZ_JBHFMY010000016.1",71318,71821,"+","vipA","1-504/504","===============","0/0",100,89.29,"vfdb","WP_011705712","(vipA) Type VI secretion system contractile sheath small subunit TssB/VipA [T6SS (VF0480) - Effector delivery system (VFC0086)] [Aeromonas hydrophila subsp. hydrophila ATCC 7966]",NA,"Hv96-22"
"Hv96-22.fasta","NZ_JBHFMY010000016.1",71859,73340,"+","vipB","1-1479/1479","========/======","1/3",100,90.62,"vfdb","WP_043163044","(vipB) Type VI secretion system contractile sheath large subunit TssC/VipB [T6SS (VF0480) - Effector delivery system (VFC0086)] [Aeromonas hydrophila subsp. hydrophila ATCC 7966]",NA,"Hv96-22"
"Hv96-22.fasta","NZ_JBHFMY010000016.1",73347,73778,"+","atsG","1-432/432","===============","0/0",100,93.29,"vfdb","WP_011705714","(atsG) Type VI secretion system protein [T6SS (VF0480) - Effector delivery system (VFC0086)] [Aeromonas hydrophila subsp. hydrophila ATCC 7966]",NA,"Hv96-22"
"Hv96-22.fasta","NZ_JBHFMY010000016.1",73782,75548,"+","atsH","1-1767/1767","===============","0/0",100,90.55,"vfdb","WP_011705715","(atsH) Type VI secretion system protein [T6SS (VF0480) - Effector delivery system (VFC0086)] [Aeromonas hydrophila subsp. hydrophila ATCC 7966]",NA,"Hv96-22"
"Hv96-22.fasta","NZ_JBHFMY010000016.1",75513,76510,"+","atsI","2-999/999","===============","0/0",99.9,88.28,"vfdb","WP_011705716","(atsI) Type VI secretion system protein [T6SS (VF0480) - Effector delivery system (VFC0086)] [Aeromonas hydrophila subsp. hydrophila ATCC 7966]",NA,"Hv96-22"
"Hv96-22.fasta","NZ_JBHFMY010000016.1",76550,77785,"+","atsJ","1-1251/1251","========/======","7/25",98.4,84.55,"vfdb","WP_011705717","(atsJ) Type VI secretion system protein [T6SS (VF0480) - Effector delivery system (VFC0086)] [Aeromonas hydrophila subsp. hydrophila ATCC 7966]",NA,"Hv96-22"
"Hv96-22.fasta","NZ_JBHFMY010000016.1",77785,78300,"+","atsK","1-516/516","===============","0/0",100,90.12,"vfdb","WP_011705718","(atsK) Type VI secretion system protein [T6SS (VF0480) - Effector delivery system (VFC0086)] [Aeromonas hydrophila subsp. hydrophila ATCC 7966]",NA,"Hv96-22"
"Hv96-22.fasta","NZ_JBHFMY010000016.1",78303,79637,"+","atsL","1-1335/1335","===============","0/0",100,91.83,"vfdb","WP_011705719","(atsL) Type VI secretion system protein [T6SS (VF0480) - Effector delivery system (VFC0086)] [Aeromonas hydrophila subsp. hydrophila ATCC 7966]",NA,"Hv96-22"
"Hv96-22.fasta","NZ_JBHFMY010000016.1",79661,80440,"+","dotU","1-780/780","===============","0/0",100,89.1,"vfdb","WP_010634228","(dotU) Type VI secretion system protein DotU [T6SS (VF0480) - Effector delivery system (VFC0086)] [Aeromonas hydrophila subsp. hydrophila ATCC 7966]",NA,"Hv96-22"
"Hv96-22.fasta","NZ_JBHFMY010000016.1",80461,83101,"+","clpB","1-2640/2643","========/======","1/1",99.89,88.75,"vfdb","WP_011705721","(clpB) type VI secretion system ATPase ClpV1 [T6SS (VF0480) - Effector delivery system (VFC0086)] [Aeromonas hydrophila subsp. hydrophila ATCC 7966]",NA,"Hv96-22"
"Hv96-22.fasta","NZ_JBHFMY010000016.1",83106,84644,"+","vasH","1-1539/1539","===============","0/0",100,86.16,"vfdb","WP_011705722","(vasH) sigma-54 dependent transcriptional regulator [T6SS (VF0480) - Effector delivery system (VFC0086)] [Aeromonas hydrophila subsp. hydrophila ATCC 7966]",NA,"Hv96-22"
"Hv96-22.fasta","NZ_JBHFMY010000016.1",85258,86656,"+","atsQ","1-1408/1437","========/======","7/27",96.73,82.99,"vfdb","WP_011705724","(atsQ) Type VI secretion system protein [T6SS (VF0480) - Effector delivery system (VFC0086)] [Aeromonas hydrophila subsp. hydrophila ATCC 7966]",NA,"Hv96-22"
"Hv96-22.fasta","NZ_JBHFMY010000016.1",86727,90224,"+","vasK/icmF","1-3486/3486","========/======","2/12",100,86.25,"vfdb","WP_011705725","(vasK/icmF) Type VI secretion system protein [T6SS (VF0480) - Effector delivery system (VFC0086)] [Aeromonas hydrophila subsp. hydrophila ATCC 7966]",NA,"Hv96-22"
"Hv96-22.fasta","NZ_JBHFMY010000016.1",90268,91695,"+","atsS","1-1431/1431","========/======","3/5",99.72,86.1,"vfdb","WP_011705726","(atsS) Type VI secretion system protein [T6SS (VF0480) - Effector delivery system (VFC0086)] [Aeromonas hydrophila subsp. hydrophila ATCC 7966]",NA,"Hv96-22"
"Hv96-22.fasta","NZ_JBHFMY010000016.1",92001,92288,"+","AHA_RS09305","1-288/288","========/======","2/2",99.65,81.66,"vfdb","WP_011705727","(AHA_RS09305) type VI secretion system PAAR protein [T6SS (VF0480) - Effector delivery system (VFC0086)] [Aeromonas hydrophila subsp. hydrophila ATCC 7966]",NA,"Hv96-22"
"Hv96-22.fasta","NZ_JBHFMY010000016.1",92300,94211,"+","vgrG3","1-1912/2046","========/======","4/4",93.35,83.7,"vfdb","WP_011705728","(vgrG3) VgrG protein [T6SS (VF0480) - Effector delivery system (VFC0086)] [Aeromonas hydrophila subsp. hydrophila ATCC 7966]",NA,"Hv96-22"
"Hv96-22.fasta","NZ_JBHFMY010000019.1",254285,255019,"-","flmH","1-735/735","===============","0/0",100,90.34,"vfdb","WP_005300916","(flmH) short chain dehydrogenase/reductase family oxidoreductase [Polar flagella (VF0473) - Motility (VFC0204)] [Aeromonas hydrophila ML09-119]",NA,"Hv96-22"
"Hv96-22.fasta","NZ_JBHFMY010000021.1",21023,22057,"+","tapT","1-1035/1035","===============","0/0",100,92.08,"vfdb","WP_011707389","(tapT) twitching ATPase [Tap type IV pili (VF0475) - Adherence (VFC0001)] [Aeromonas hydrophila ML09-119]",NA,"Hv96-22"
"Hv96-22.fasta","NZ_JBHFMY010000021.1",22086,23195,"+","tapU","1-1110/1110","===============","0/0",100,83.78,"vfdb","WP_016351972","(tapU) twitching ATPase [Tap type IV pili (VF0475) - Adherence (VFC0001)] [Aeromonas hydrophila ML09-119]",NA,"Hv96-22"
"Hv96-22.fasta","NZ_JBHFMY010000021.1",36707,37256,"+","motX","51-600/600",".==============","0/0",91.67,82.91,"vfdb","WP_016349413","(motX) sodium-type flagellar motor component [Polar flagella (VF0473) - Motility (VFC0204)] [Aeromonas hydrophila ML09-119]",NA,"Hv96-22"
"Hv96-22.fasta","NZ_JBHFMY010000030.1",38249,38867,"-","mshB","52-670/672",".==============","0/0",92.11,85.46,"vfdb","WP_043118279","(mshB) MSHA (mannose-sensitive hemagglutinin) pili minor prepilin protein MshB [MSHA type IV pili (VF0477) - Adherence (VFC0001)] [Aeromonas hydrophila ML09-119]",NA,"Hv96-22"
"Hv96-22.fasta","NZ_JBHFMY010000030.1",39546,40758,"-","mshG","9-1221/1221","========/======","2/2",99.26,88.14,"vfdb","WP_016349160","(mshG) MSHA (mannose-sensitive hemagglutinin) pili biogenesis protein MshG GspF-like [MSHA type IV pili (VF0477) - Adherence (VFC0001)] [Aeromonas hydrophila ML09-119]",NA,"Hv96-22"
"Hv96-22.fasta","NZ_JBHFMY010000030.1",40770,42479,"-","mshE","1-1710/1710","===============","0/0",100,89.88,"vfdb","WP_043118275","(mshE) ATPase protein MshE GspE-like [MSHA type IV pili (VF0477) - Adherence (VFC0001)] [Aeromonas hydrophila ML09-119]",NA,"Hv96-22"
"Hv96-22.fasta","NZ_JBHFMY010000030.1",43630,44520,"-","mshM","1-891/891","===============","0/0",100,88.1,"vfdb","WP_016349157","(mshM) membrane protein with ATPase domain GspA-like [MSHA type IV pili (VF0477) - Adherence (VFC0001)] [Aeromonas hydrophila ML09-119]",NA,"Hv96-22"
"Hv96-22.fasta","NZ_JBHFMY010000030.1",44613,46286,"-","mshL","1-1674/1674","========/======","11/34",98.98,81.9,"vfdb","WP_016349156","(mshL) MSHA (mannose-sensitive hemagglutinin) pili biogenesis protein MshL outer membrane secretin GspD-like [MSHA type IV pili (VF0477) - Adherence (VFC0001)] [Aeromonas hydrophila ML09-119]",NA,"Hv96-22"
"Hv96-22.fasta","NZ_JBHFMY010000030.1",47326,47919,"-","mshI1","1-594/594","========/======","4/4",99.66,80.7,"vfdb","WP_016349153","(mshI1) MSHA (mannose-sensitive hemagglutinin) pili biogenesis protein MshI1 bitopic inner membrane protein [MSHA type IV pili (VF0477) - Adherence (VFC0001)] [Aeromonas hydrophila ML09-119]",NA,"Hv96-22"
"Hv96-22.fasta","NZ_JBHFMY010000030.1",47919,48782,"-","mshI","1-864/864","===============","0/0",100,83.91,"vfdb","WP_016349152","(mshI) MSHA (mannose-sensitive hemagglutinin) pili biogenesis protein MshI bitopic inner membrane protein [MSHA type IV pili (VF0477) - Adherence (VFC0001)] [Aeromonas hydrophila ML09-119]",NA,"Hv96-22"
"Hv96-22.fasta","NZ_JBHFMY010000035.1",20993,21511,"+","hcp","1-519/519","===============","0/0",100,93.45,"vfdb","WP_011705706","(hcp) hemolysin co-regulated protein [T6SS (VF0480) - Effector delivery system (VFC0086)] [Aeromonas hydrophila subsp. hydrophila ATCC 7966]",NA,"Hv96-22"
"Hv96-22.fasta","NZ_JBHFMY010000042.1",117,635,"+","hcp","1-519/519","===============","0/0",100,94.03,"vfdb","WP_011705706","(hcp) hemolysin co-regulated protein [T6SS (VF0480) - Effector delivery system (VFC0086)] [Aeromonas hydrophila subsp. hydrophila ATCC 7966]",NA,"Hv96-22"
"Hv98-225.fasta","NZ_JBHFNK010000008.1",109123,109917,"-","AHML_RS07540","1-795/795","===============","0/0",100,82.64,"vfdb","WP_011705294","(AHML_RS07540) CobQ/CobB/MinD/ParA family protein [Polar flagella (VF0473) - Motility (VFC0204)] [Aeromonas hydrophila ML09-119]",NA,"Hv98-225"
"Hv98-225.fasta","NZ_JBHFNK010000008.1",111585,112700,"-","cheB-2","1-1116/1116","========/======","2/2",99.91,82.36,"vfdb","WP_016350060","(cheB-2) chemotaxis-specific methylesterase [Polar flagella (VF0473) - Motility (VFC0204)] [Aeromonas hydrophila ML09-119]",NA,"Hv98-225"
"Hv98-225.fasta","NZ_JBHFNK010000008.1",114964,115704,"-","cheZ","1-741/741","===============","0/0",100,85.83,"vfdb","WP_011705289","(cheZ) chemotaxis protein CheZ [Polar flagella (VF0473) - Motility (VFC0204)] [Aeromonas hydrophila ML09-119]",NA,"Hv98-225"
"Hv98-225.fasta","NZ_JBHFNK010000008.1",115717,116100,"-","cheY","1-384/384","===============","0/0",100,87.5,"vfdb","WP_010634617","(cheY) chemotaxis protein CheY [Polar flagella (VF0473) - Motility (VFC0204)] [Aeromonas hydrophila ML09-119]",NA,"Hv98-225"
"Hv98-225.fasta","NZ_JBHFNK010000008.1",116212,116931,"-","fliA","1-720/720","========/======","2/2",99.86,83.91,"vfdb","WP_017409955","(fliA) flagellar biosynthesis sigma factor [Polar flagella (VF0473) - Motility (VFC0204)] [Aeromonas hydrophila ML09-119]",NA,"Hv98-225"
"Hv98-225.fasta","NZ_JBHFNK010000008.1",116924,117799,"-","flhG","1-876/876","===============","0/0",100,88.36,"vfdb","WP_010634619","(flhG) CobQ/CobB/MinD/ParA family protein [Polar flagella (VF0473) - Motility (VFC0204)] [Aeromonas hydrophila ML09-119]",NA,"Hv98-225"
"Hv98-225.fasta","NZ_JBHFNK010000008.1",117801,119225,"-","flhF","1-1422/1422","========/======","7/11",99.72,87.75,"vfdb","WP_016350057","(flhF) flagellar biosynthesis protein FlhF [Polar flagella (VF0473) - Motility (VFC0204)] [Aeromonas hydrophila ML09-119]",NA,"Hv98-225"
"Hv98-225.fasta","NZ_JBHFNK010000008.1",119242,121344,"-","flhA","1-2103/2103","===============","0/0",100,87.68,"vfdb","WP_016350056","(flhA) flagellar biosynthesis protein FlhA [Polar flagella (VF0473) - Motility (VFC0204)] [Aeromonas hydrophila ML09-119]",NA,"Hv98-225"
"Hv98-225.fasta","NZ_JBHFNK010000008.1",121452,122582,"-","flhB","1-1131/1131","========/======","2/8",99.65,85.81,"vfdb","WP_016350055","(flhB) flagellar biosynthetic protein FlhB [Polar flagella (VF0473) - Motility (VFC0204)] [Aeromonas hydrophila ML09-119]",NA,"Hv98-225"
"Hv98-225.fasta","NZ_JBHFNK010000008.1",122587,123372,"-","fliR","1-786/792","===============","0/0",99.24,81.04,"vfdb","WP_011705283","(fliR) flagellar biosynthesis protein FliR [Polar flagella (VF0473) - Motility (VFC0204)] [Aeromonas hydrophila ML09-119]",NA,"Hv98-225"
"Hv98-225.fasta","NZ_JBHFNK010000008.1",123369,123638,"-","fliQ","1-270/270","===============","0/0",100,84.07,"vfdb","WP_011705282","(fliQ) flagellar biosynthetic protein FliQ [Polar flagella (VF0473) - Motility (VFC0204)] [Aeromonas hydrophila ML09-119]",NA,"Hv98-225"
"Hv98-225.fasta","NZ_JBHFNK010000008.1",123667,124437,"-","fliP","1-774/780","========/======","1/3",98.85,85.4,"vfdb","WP_016350054","(fliP) flagellar biosynthesis protein FliP [Polar flagella (VF0473) - Motility (VFC0204)] [Aeromonas hydrophila ML09-119]",NA,"Hv98-225"
"Hv98-225.fasta","NZ_JBHFNK010000008.1",124424,124744,"-","fliO","64-384/384","..=============","0/0",83.59,86.92,"vfdb","WP_005298795","(fliO) flagellar biosynthesis protein FliO [Polar flagella (VF0473) - Motility (VFC0204)] [Aeromonas hydrophila ML09-119]",NA,"Hv98-225"
"Hv98-225.fasta","NZ_JBHFNK010000008.1",124801,125193,"-","fliN","1-393/393","===============","0/0",100,89.82,"vfdb","WP_011705280","(fliN) flagellar motor switch protein FliN [Polar flagella (VF0473) - Motility (VFC0204)] [Aeromonas hydrophila ML09-119]",NA,"Hv98-225"
"Hv98-225.fasta","NZ_JBHFNK010000008.1",125243,126313,"-","fliM","1-1071/1071","===============","0/0",100,90.57,"vfdb","WP_011705279","(fliM) flagellar motor switch protein FliM [Polar flagella (VF0473) - Motility (VFC0204)] [Aeromonas hydrophila ML09-119]",NA,"Hv98-225"
"Hv98-225.fasta","NZ_JBHFNK010000008.1",126322,126836,"-","fliL","1-518/519","========/======","1/3",99.23,84.75,"vfdb","WP_011705278","(fliL) flagellar basal body-associated protein FliL [Polar flagella (VF0473) - Motility (VFC0204)] [Aeromonas hydrophila ML09-119]",NA,"Hv98-225"
"Hv98-225.fasta","NZ_JBHFNK010000008.1",128878,129318,"-","fliJ","1-441/441","===============","0/0",100,86.39,"vfdb","WP_011705276","(fliJ) flagellar export protein FliJ [Polar flagella (VF0473) - Motility (VFC0204)] [Aeromonas hydrophila ML09-119]",NA,"Hv98-225"
"Hv98-225.fasta","NZ_JBHFNK010000008.1",129346,130677,"-","fliI","1-1332/1332","===============","0/0",100,89.49,"vfdb","WP_011705275","(fliI) flagellum-specific ATP synthase [Polar flagella (VF0473) - Motility (VFC0204)] [Aeromonas hydrophila ML09-119]",NA,"Hv98-225"
"Hv98-225.fasta","NZ_JBHFNK010000008.1",130760,131551,"-","fliH","7-792/807","========/======","3/12",97.03,80.75,"vfdb","WP_016350051","(fliH) flagellar assembly protein FliH [Polar flagella (VF0473) - Motility (VFC0204)] [Aeromonas hydrophila ML09-119]",NA,"Hv98-225"
"Hv98-225.fasta","NZ_JBHFNK010000008.1",131625,132684,"-","fliG","1-1060/1062","===============","0/0",99.81,93.21,"vfdb","WP_011705273","(fliG) flagellar motor switch protein G [Polar flagella (VF0473) - Motility (VFC0204)] [Aeromonas hydrophila ML09-119]",NA,"Hv98-225"
"Hv98-225.fasta","NZ_JBHFNK010000008.1",132677,134386,"-","fliF","1-1713/1713","========/======","1/3",99.82,86.57,"vfdb","WP_016350050","(fliF) flagellar MS-ring protein [Polar flagella (VF0473) - Motility (VFC0204)] [Aeromonas hydrophila ML09-119]",NA,"Hv98-225"
"Hv98-225.fasta","NZ_JBHFNK010000008.1",134449,134766,"-","fliE","1-318/318","===============","0/0",100,88.68,"vfdb","WP_011705271","(fliE) flagellar hook-basal body complex protein FliE [Polar flagella (VF0473) - Motility (VFC0204)] [Aeromonas hydrophila ML09-119]",NA,"Hv98-225"
"Hv98-225.fasta","NZ_JBHFNK010000010.1",349867,350601,"-","flmH","1-735/735","===============","0/0",100,90.48,"vfdb","WP_005300916","(flmH) short chain dehydrogenase/reductase family oxidoreductase [Polar flagella (VF0473) - Motility (VFC0204)] [Aeromonas hydrophila ML09-119]",NA,"Hv98-225"
"Hv98-225.fasta","NZ_JBHFNK010000016.1",73661,74523,"-","pomB2","10-878/900","========/======","2/6",95.89,82.74,"vfdb","WP_016351724","(pomB2) flagellar motor protein MotB [Polar flagella (VF0473) - Motility (VFC0204)] [Aeromonas hydrophila ML09-119]",NA,"Hv98-225"
"Hv98-225.fasta","NZ_JBHFNK010000016.1",74548,75296,"-","pomA2","1-749/759","===============","0/0",98.68,83.58,"vfdb","WP_011707085","(pomA2) chemotaxis protein PomA [Polar flagella (VF0473) - Motility (VFC0204)] [Aeromonas hydrophila ML09-119]",NA,"Hv98-225"
"Hv98-225.fasta","NZ_JBHFNK010000020.1",64150,65184,"+","tapT","1-1035/1035","===============","0/0",100,92.08,"vfdb","WP_011707389","(tapT) twitching ATPase [Tap type IV pili (VF0475) - Adherence (VFC0001)] [Aeromonas hydrophila ML09-119]",NA,"Hv98-225"
"Hv98-225.fasta","NZ_JBHFNK010000020.1",65213,66322,"+","tapU","1-1110/1110","========/======","2/6",99.73,84.19,"vfdb","WP_016351972","(tapU) twitching ATPase [Tap type IV pili (VF0475) - Adherence (VFC0001)] [Aeromonas hydrophila ML09-119]",NA,"Hv98-225"
"Hv98-225.fasta","NZ_JBHFNK010000020.1",79832,80381,"+","motX","51-600/600",".==============","0/0",91.67,82.55,"vfdb","WP_016349413","(motX) sodium-type flagellar motor component [Polar flagella (VF0473) - Motility (VFC0204)] [Aeromonas hydrophila ML09-119]",NA,"Hv98-225"
"Hv98-225.fasta","NZ_JBHFNK010000023.1",171104,171938,"-","tapD/pilD","24-858/873","========/======","2/2",95.53,82.89,"vfdb","WP_016352170","(tapD/pilD) prepilin peptidase [Tap type IV pili (VF0475) - Adherence (VFC0001)] [Aeromonas hydrophila ML09-119]",NA,"Hv98-225"
"Hv98-225.fasta","NZ_JBHFNK010000023.1",172039,173264,"-","tapC","1-1226/1242","===============","0/0",98.71,86.38,"vfdb","WP_016352169","(tapC) type IV fimbrial assembly protein PilC-like [Tap type IV pili (VF0475) - Adherence (VFC0001)] [Aeromonas hydrophila ML09-119]",NA,"Hv98-225"
"Hv98-225.fasta","NZ_JBHFNK010000023.1",173505,175211,"-","tapB","1-1707/1707","===============","0/0",100,86.88,"vfdb","WP_016352168","(tapB) type IV pilus assembly ATPase PilB-like [Tap type IV pili (VF0475) - Adherence (VFC0001)] [Aeromonas hydrophila ML09-119]",NA,"Hv98-225"
"Hv98-225.fasta","NZ_JBHFNK010000024.1",119731,119928,"+","flp1","7-204/204","===============","0/0",97.06,85.86,"vfdb","WP_011705350","(flp1) Flp pilus pilin subunit [Flp/Tad pili (VF0476) - Adherence (VFC0001)] [Aeromonas hydrophila ML09-119]",NA,"Hv98-225"
"Hv98-225.fasta","NZ_JBHFNK010000024.1",120351,121241,"+","flpB","1-891/891","===============","0/0",100,81.93,"vfdb","WP_016350148","(flpB) Flp pilus assembly protein [Flp/Tad pili (VF0476) - Adherence (VFC0001)] [Aeromonas hydrophila ML09-119]",NA,"Hv98-225"
"Hv98-225.fasta","NZ_JBHFNK010000024.1",121261,122658,"+","flpC","1-1398/1398","========/======","2/4",99.86,83.5,"vfdb","WP_043118798","(flpC) Flp pilus secretin FlpC [Flp/Tad pili (VF0476) - Adherence (VFC0001)] [Aeromonas hydrophila ML09-119]",NA,"Hv98-225"
"Hv98-225.fasta","NZ_JBHFNK010000024.1",122670,123217,"+","flpD","1-548/549","========/======","7/16",98.36,80.22,"vfdb","WP_016350150","(flpD) Flp pilus assembly protein FlpD [Flp/Tad pili (VF0476) - Adherence (VFC0001)] [Aeromonas hydrophila ML09-119]",NA,"Hv98-225"
"Hv98-225.fasta","NZ_JBHFNK010000024.1",123222,124345,"+","flpE","1-1124/1134","========/======","2/2",99.03,81.42,"vfdb","WP_016350151","(flpE) Flp pilus assembly protein ATPase [Flp/Tad pili (VF0476) - Adherence (VFC0001)] [Aeromonas hydrophila ML09-119]",NA,"Hv98-225"
"Hv98-225.fasta","NZ_JBHFNK010000033.1",78618,79755,"-","tapW","1-1138/1140","===============","0/0",99.82,90.07,"vfdb","WP_011706550","(tapW) twitching ATPase [Tap type IV pili (VF0475) - Adherence (VFC0001)] [Aeromonas hydrophila ML09-119]",NA,"Hv98-225"
"Hv98-225.fasta","NZ_JBHFNK010000033.1",152143,152568,"+","flaG","1-423/423","========/======","1/3",100,82.39,"vfdb","WP_043118910","(flaG) flagellin protein [Polar flagella (VF0473) - Motility (VFC0204)] [Aeromonas hydrophila ML09-119]",NA,"Hv98-225"
"Hv98-225.fasta","NZ_JBHFNK010000033.1",152594,153994,"+","flaH","1-1398/1398","========/======","1/3",100,83.37,"vfdb","WP_016350352","(flaH) flagellar hook-associated protein 2 [Polar flagella (VF0473) - Motility (VFC0204)] [Aeromonas hydrophila ML09-119]",NA,"Hv98-225"
"Hv98-225.fasta","NZ_JBHFNK010000033.1",154018,154440,"+","flaJ","1-423/423","===============","0/0",100,84.87,"vfdb","WP_016350353","(flaJ) flagellar specific chaperone FlaJ/FliS [Polar flagella (VF0473) - Motility (VFC0204)] [Aeromonas hydrophila ML09-119]",NA,"Hv98-225"
"Hv98-225.fasta","NZ_JBHFNK010000033.1",157642,158684,"-","nueB","1-1043/1050","===============","0/0",99.33,92.71,"vfdb","WP_016350359","(nueB) pseudaminic acid synthase NeuB [Polar flagella (VF0473) - Motility (VFC0204)] [Aeromonas hydrophila ML09-119]",NA,"Hv98-225"
"Hv98-225.fasta","NZ_JBHFNK010000033.1",158665,160161,"-","flmD","1-1497/1497","===============","0/0",100,92.45,"vfdb","WP_016350360","(flmD) FlmD protein [Polar flagella (VF0473) - Motility (VFC0204)] [Aeromonas hydrophila ML09-119]",NA,"Hv98-225"
"Hv98-225.fasta","NZ_JBHFNK010000038.1",82863,83481,"-","mshB","52-670/672",".==============","0/0",92.11,85.3,"vfdb","WP_043118279","(mshB) MSHA (mannose-sensitive hemagglutinin) pili minor prepilin protein MshB [MSHA type IV pili (VF0477) - Adherence (VFC0001)] [Aeromonas hydrophila ML09-119]",NA,"Hv98-225"
"Hv98-225.fasta","NZ_JBHFNK010000038.1",84149,85361,"-","mshG","9-1221/1221","===============","0/0",99.34,87.63,"vfdb","WP_016349160","(mshG) MSHA (mannose-sensitive hemagglutinin) pili biogenesis protein MshG GspF-like [MSHA type IV pili (VF0477) - Adherence (VFC0001)] [Aeromonas hydrophila ML09-119]",NA,"Hv98-225"
"Hv98-225.fasta","NZ_JBHFNK010000038.1",85373,87082,"-","mshE","1-1710/1710","===============","0/0",100,89.65,"vfdb","WP_043118275","(mshE) ATPase protein MshE GspE-like [MSHA type IV pili (VF0477) - Adherence (VFC0001)] [Aeromonas hydrophila ML09-119]",NA,"Hv98-225"
"Hv98-225.fasta","NZ_JBHFNK010000038.1",88248,89138,"-","mshM","1-891/891","===============","0/0",100,87.99,"vfdb","WP_016349157","(mshM) membrane protein with ATPase domain GspA-like [MSHA type IV pili (VF0477) - Adherence (VFC0001)] [Aeromonas hydrophila ML09-119]",NA,"Hv98-225"
"Hv98-225.fasta","NZ_JBHFNK010000038.1",89231,90904,"-","mshL","1-1674/1674","========/======","11/34",98.98,81.84,"vfdb","WP_016349156","(mshL) MSHA (mannose-sensitive hemagglutinin) pili biogenesis protein MshL outer membrane secretin GspD-like [MSHA type IV pili (VF0477) - Adherence (VFC0001)] [Aeromonas hydrophila ML09-119]",NA,"Hv98-225"
"Hv98-225.fasta","NZ_JBHFNK010000038.1",91944,92537,"-","mshI1","1-594/594","========/======","4/4",99.66,80.37,"vfdb","WP_016349153","(mshI1) MSHA (mannose-sensitive hemagglutinin) pili biogenesis protein MshI1 bitopic inner membrane protein [MSHA type IV pili (VF0477) - Adherence (VFC0001)] [Aeromonas hydrophila ML09-119]",NA,"Hv98-225"
"Hv98-225.fasta","NZ_JBHFNK010000038.1",92537,93400,"-","mshI","1-864/864","===============","0/0",100,83.56,"vfdb","WP_016349152","(mshI) MSHA (mannose-sensitive hemagglutinin) pili biogenesis protein MshI bitopic inner membrane protein [MSHA type IV pili (VF0477) - Adherence (VFC0001)] [Aeromonas hydrophila ML09-119]",NA,"Hv98-225"
"Hv98-225.fasta","NZ_JBHFNK010000040.1",40945,42288,"-","flrC","1-1344/1344","===============","0/0",100,87.87,"vfdb","WP_011706626","(flrC) transcriptional activator [Polar flagella (VF0473) - Motility (VFC0204)] [Aeromonas hydrophila ML09-119]",NA,"Hv98-225"
"Hv98-225.fasta","NZ_JBHFNK010000040.1",42285,43319,"-","flrB","1-1035/1035","========/======","4/4",99.81,85.34,"vfdb","WP_016351312","(flrB) two-component sensor kinase [Polar flagella (VF0473) - Motility (VFC0204)] [Aeromonas hydrophila ML09-119]",NA,"Hv98-225"
"Hv98-225.fasta","NZ_JBHFNK010000040.1",43433,44847,"-","flrA","1-1415/1422","========/======","3/4",99.37,86.1,"vfdb","WP_017409846","(flrA) FleQ protein [Polar flagella (VF0473) - Motility (VFC0204)] [Aeromonas hydrophila ML09-119]",NA,"Hv98-225"
"Hv98-225.fasta","NZ_JBHFNK010000040.1",55451,56500,"-","flgJ","1-1053/1092","========/======","9/31",94.87,80.13,"vfdb","WP_016351320","(flgJ) flagellar rod assembly protein/muramidase FlgJ [Polar flagella (VF0473) - Motility (VFC0204)] [Aeromonas hydrophila ML09-119]",NA,"Hv98-225"
"Hv98-225.fasta","NZ_JBHFNK010000040.1",56544,57641,"-","flgI","1-1098/1098","===============","0/0",100,86.52,"vfdb","WP_011706637","(flgI) flagellar basal body P-ring protein [Polar flagella (VF0473) - Motility (VFC0204)] [Aeromonas hydrophila ML09-119]",NA,"Hv98-225"
"Hv98-225.fasta","NZ_JBHFNK010000040.1",57650,58321,"-","flgH","1-672/672","===============","0/0",100,85.86,"vfdb","WP_011706638","(flgH) flagellar basal body L-ring protein [Polar flagella (VF0473) - Motility (VFC0204)] [Aeromonas hydrophila ML09-119]",NA,"Hv98-225"
"Hv98-225.fasta","NZ_JBHFNK010000040.1",58336,59124,"-","flgG","1-789/789","========/======","2/2",99.87,86.96,"vfdb","WP_011706639","(flgG) flagellar basal body rod protein FlgG [Polar flagella (VF0473) - Motility (VFC0204)] [Aeromonas hydrophila ML09-119]",NA,"Hv98-225"
"Hv98-225.fasta","NZ_JBHFNK010000040.1",59140,59886,"-","flgF","1-747/747","===============","0/0",100,85.01,"vfdb","WP_011706640","(flgF) flagellar basal-body rod protein FlgF [Polar flagella (VF0473) - Motility (VFC0204)] [Aeromonas hydrophila ML09-119]",NA,"Hv98-225"
"Hv98-225.fasta","NZ_JBHFNK010000040.1",62150,62569,"-","flgC","1-420/420","===============","0/0",100,90.48,"vfdb","WP_011706643","(flgC) flagellar basal body rod protein FlgC [Polar flagella (VF0473) - Motility (VFC0204)] [Aeromonas hydrophila ML09-119]",NA,"Hv98-225"
"Hv98-225.fasta","NZ_JBHFNK010000040.1",62569,62967,"-","flgB","1-399/399","========/======","2/6",99.25,81.09,"vfdb","WP_011706644","(flgB) flagellar basal-body rod protein FlgB [Polar flagella (VF0473) - Motility (VFC0204)] [Aeromonas hydrophila ML09-119]",NA,"Hv98-225"
"Hv98-225.fasta","NZ_JBHFNK010000040.1",63267,64089,"-","cheR-3","1-823/825","===============","0/0",99.76,86.27,"vfdb","WP_011706645","(cheR-3) chemotaxis protein CheR [Polar flagella (VF0473) - Motility (VFC0204)] [Aeromonas hydrophila ML09-119]",NA,"Hv98-225"
"Hv98-225.fasta","NZ_JBHFNK010000040.1",64107,65018,"-","cheV","1-912/912","===============","0/0",100,86.18,"vfdb","WP_011706646","(cheV) CheV [Polar flagella (VF0473) - Motility (VFC0204)] [Aeromonas hydrophila ML09-119]",NA,"Hv98-225"
"Hv98-225.fasta","NZ_JBHFNK010000040.1",65937,66255,"+","flgM","1-319/321","===============","0/0",99.38,80.56,"vfdb","WP_011706648","(flgM) anti-sigma-D factor [Polar flagella (VF0473) - Motility (VFC0204)] [Aeromonas hydrophila ML09-119]",NA,"Hv98-225"
"Hv98-225.fasta","NZ_JBHFNK010000045.1",38673,39422,"+","nueA","1-762/762","========/======","2/12",98.43,88.45,"vfdb","WP_016351249","(nueA) NeuA protein [Polar flagella (VF0473) - Motility (VFC0204)] [Aeromonas hydrophila ML09-119]",NA,"Hv98-225"
"Hv98-225.fasta","NZ_JBHFNK010000050.1",32937,34495,"+","exeA","1-1559/1647","========/======","2/2",94.6,82.95,"vfdb","WP_016352107","(exeA) general secretion pathway protein A [Exe T2SS (VF0478) - Effector delivery system (VFC0086)] [Aeromonas hydrophila ML09-119]",NA,"Hv98-225"
"Hv98-225.fasta","NZ_JBHFNK010000050.1",36280,38237,"+","exeD","1-1970/2037","========/======","11/24",95.83,85.22,"vfdb","WP_016349335","(exeD) general secretion pathway protein D [Exe T2SS (VF0478) - Effector delivery system (VFC0086)] [Aeromonas hydrophila ML09-119]",NA,"Hv98-225"
"Hv98-225.fasta","NZ_JBHFNK010000050.1",38325,39824,"+","exeE","7-1506/1506","===============","0/0",99.6,89.8,"vfdb","WP_016349336","(exeE) general secretory pathway protein E [Exe T2SS (VF0478) - Effector delivery system (VFC0086)] [Aeromonas hydrophila ML09-119]",NA,"Hv98-225"
"Hv98-225.fasta","NZ_JBHFNK010000050.1",39826,41045,"+","exeF","1-1220/1221","===============","0/0",99.92,88.61,"vfdb","WP_016349337","(exeF) general secretion pathway protein F [Exe T2SS (VF0478) - Effector delivery system (VFC0086)] [Aeromonas hydrophila ML09-119]",NA,"Hv98-225"
"Hv98-225.fasta","NZ_JBHFNK010000050.1",41144,41575,"+","exeG","1-432/432","===============","0/0",100,91.2,"vfdb","WP_005308483","(exeG) general secretion pathway protein G [Exe T2SS (VF0478) - Effector delivery system (VFC0086)] [Aeromonas hydrophila ML09-119]",NA,"Hv98-225"
"Hv98-225.fasta","NZ_JBHFNK010000050.1",42278,42637,"+","exeI","1-360/360","===============","0/0",100,87.22,"vfdb","WP_016349340","(exeI) general secretion pathway protein I [Exe T2SS (VF0478) - Effector delivery system (VFC0086)] [Aeromonas hydrophila ML09-119]",NA,"Hv98-225"
"Hv98-225.fasta","NZ_JBHFNK010000050.1",42670,43271,"+","exeJ","40-641/654","===============","0/0",92.05,88.37,"vfdb","WP_016349341","(exeJ) general secretion pathway protein J [Exe T2SS (VF0478) - Effector delivery system (VFC0086)] [Aeromonas hydrophila ML09-119]",NA,"Hv98-225"
"Hv98-225.fasta","NZ_JBHFNK010000050.1",44518,45702,"+","exeL","1-1185/1185","========/======","2/2",99.92,81.28,"vfdb","WP_016349343","(exeL) general secretion pathway protein L [Exe T2SS (VF0478) - Effector delivery system (VFC0086)] [Aeromonas hydrophila ML09-119]",NA,"Hv98-225"
"Hv98-225.fasta","NZ_JBHFNK010000050.1",45699,46190,"+","exeM","1-492/492","===============","0/0",100,82.72,"vfdb","WP_016349344","(exeM) general secretion pathway protein M [Exe T2SS (VF0478) - Effector delivery system (VFC0086)] [Aeromonas hydrophila ML09-119]",NA,"Hv98-225"
"Hv98-225.fasta","NZ_JBHFNK010000053.1",346,1218,"-","flpH","13-885/885","========/======","6/18",97.63,81.97,"vfdb","WP_043118801","(flpH) Flp pilus assembly protein FlpH [Flp/Tad pili (VF0476) - Adherence (VFC0001)] [Aeromonas hydrophila ML09-119]",NA,"Hv98-225"
"Hv98-225.fasta","NZ_JBHFNK010000053.1",1234,2100,"-","flpG","19-885/885","===============","0/0",97.97,85.24,"vfdb","WP_016350153","(flpG) Flp pilus assembly protein FlpG [Flp/Tad pili (VF0476) - Adherence (VFC0001)] [Aeromonas hydrophila ML09-119]",NA,"Hv98-225"
"Hv98-225.fasta","NZ_JBHFNK010000058.1",54416,55207,"-","tapF","1-792/792","========/======","2/6",99.62,87.67,"vfdb","WP_011705643","(tapF) type IV pilus biogenesis/stability protein pilW-like [Tap type IV pili (VF0475) - Adherence (VFC0001)] [Aeromonas hydrophila ML09-119]",NA,"Hv98-225"
"Hv98-225.fasta","NZ_JBHFNK010000077.1",19835,20708,"-","motY","1-874/876","===============","0/0",99.77,87.99,"vfdb","WP_024944879","(motY) sodium-type flagellar protein MotY [Polar flagella (VF0473) - Motility (VFC0204)] [Aeromonas hydrophila ML09-119]",NA,"Hv98-225"
"Hv98-231.fasta","NZ_JBHFNJ010000001.1",50124,50986,"-","pomB2","10-878/900","========/======","2/6",95.89,82.51,"vfdb","WP_016351724","(pomB2) flagellar motor protein MotB [Polar flagella (VF0473) - Motility (VFC0204)] [Aeromonas hydrophila ML09-119]",NA,"Hv98-231"
"Hv98-231.fasta","NZ_JBHFNJ010000001.1",51011,51759,"-","pomA2","1-749/759","===============","0/0",98.68,83.58,"vfdb","WP_011707085","(pomA2) chemotaxis protein PomA [Polar flagella (VF0473) - Motility (VFC0204)] [Aeromonas hydrophila ML09-119]",NA,"Hv98-231"
"Hv98-231.fasta","NZ_JBHFNJ010000005.1",10800,11303,"+","vipA","1-504/504","===============","0/0",100,89.29,"vfdb","WP_011705712","(vipA) Type VI secretion system contractile sheath small subunit TssB/VipA [T6SS (VF0480) - Effector delivery system (VFC0086)] [Aeromonas hydrophila subsp. hydrophila ATCC 7966]",NA,"Hv98-231"
"Hv98-231.fasta","NZ_JBHFNJ010000005.1",11341,12822,"+","vipB","1-1479/1479","========/======","1/3",100,90.55,"vfdb","WP_043163044","(vipB) Type VI secretion system contractile sheath large subunit TssC/VipB [T6SS (VF0480) - Effector delivery system (VFC0086)] [Aeromonas hydrophila subsp. hydrophila ATCC 7966]",NA,"Hv98-231"
"Hv98-231.fasta","NZ_JBHFNJ010000005.1",12829,13260,"+","atsG","1-432/432","===============","0/0",100,93.29,"vfdb","WP_011705714","(atsG) Type VI secretion system protein [T6SS (VF0480) - Effector delivery system (VFC0086)] [Aeromonas hydrophila subsp. hydrophila ATCC 7966]",NA,"Hv98-231"
"Hv98-231.fasta","NZ_JBHFNJ010000005.1",13264,15030,"+","atsH","1-1767/1767","===============","0/0",100,90.66,"vfdb","WP_011705715","(atsH) Type VI secretion system protein [T6SS (VF0480) - Effector delivery system (VFC0086)] [Aeromonas hydrophila subsp. hydrophila ATCC 7966]",NA,"Hv98-231"
"Hv98-231.fasta","NZ_JBHFNJ010000005.1",14995,15992,"+","atsI","2-999/999","===============","0/0",99.9,88.28,"vfdb","WP_011705716","(atsI) Type VI secretion system protein [T6SS (VF0480) - Effector delivery system (VFC0086)] [Aeromonas hydrophila subsp. hydrophila ATCC 7966]",NA,"Hv98-231"
"Hv98-231.fasta","NZ_JBHFNJ010000005.1",16032,17267,"+","atsJ","1-1251/1251","========/======","8/25",98.4,84.31,"vfdb","WP_011705717","(atsJ) Type VI secretion system protein [T6SS (VF0480) - Effector delivery system (VFC0086)] [Aeromonas hydrophila subsp. hydrophila ATCC 7966]",NA,"Hv98-231"
"Hv98-231.fasta","NZ_JBHFNJ010000005.1",17267,17782,"+","atsK","1-516/516","===============","0/0",100,90.31,"vfdb","WP_011705718","(atsK) Type VI secretion system protein [T6SS (VF0480) - Effector delivery system (VFC0086)] [Aeromonas hydrophila subsp. hydrophila ATCC 7966]",NA,"Hv98-231"
"Hv98-231.fasta","NZ_JBHFNJ010000005.1",17785,19119,"+","atsL","1-1335/1335","===============","0/0",100,91.61,"vfdb","WP_011705719","(atsL) Type VI secretion system protein [T6SS (VF0480) - Effector delivery system (VFC0086)] [Aeromonas hydrophila subsp. hydrophila ATCC 7966]",NA,"Hv98-231"
"Hv98-231.fasta","NZ_JBHFNJ010000005.1",19143,19922,"+","dotU","1-780/780","===============","0/0",100,89.36,"vfdb","WP_010634228","(dotU) Type VI secretion system protein DotU [T6SS (VF0480) - Effector delivery system (VFC0086)] [Aeromonas hydrophila subsp. hydrophila ATCC 7966]",NA,"Hv98-231"
"Hv98-231.fasta","NZ_JBHFNJ010000005.1",19943,22583,"+","clpB","1-2640/2643","========/======","1/1",99.89,88.26,"vfdb","WP_011705721","(clpB) type VI secretion system ATPase ClpV1 [T6SS (VF0480) - Effector delivery system (VFC0086)] [Aeromonas hydrophila subsp. hydrophila ATCC 7966]",NA,"Hv98-231"
"Hv98-231.fasta","NZ_JBHFNJ010000005.1",22588,24126,"+","vasH","1-1539/1539","===============","0/0",100,86.68,"vfdb","WP_011705722","(vasH) sigma-54 dependent transcriptional regulator [T6SS (VF0480) - Effector delivery system (VFC0086)] [Aeromonas hydrophila subsp. hydrophila ATCC 7966]",NA,"Hv98-231"
"Hv98-231.fasta","NZ_JBHFNJ010000005.1",24740,26138,"+","atsQ","1-1408/1437","========/======","7/27",96.73,82.92,"vfdb","WP_011705724","(atsQ) Type VI secretion system protein [T6SS (VF0480) - Effector delivery system (VFC0086)] [Aeromonas hydrophila subsp. hydrophila ATCC 7966]",NA,"Hv98-231"
"Hv98-231.fasta","NZ_JBHFNJ010000005.1",26209,29706,"+","vasK/icmF","1-3486/3486","========/======","2/12",100,86.25,"vfdb","WP_011705725","(vasK/icmF) Type VI secretion system protein [T6SS (VF0480) - Effector delivery system (VFC0086)] [Aeromonas hydrophila subsp. hydrophila ATCC 7966]",NA,"Hv98-231"
"Hv98-231.fasta","NZ_JBHFNJ010000005.1",29751,31178,"+","atsS","1-1431/1431","========/======","3/5",99.72,86.1,"vfdb","WP_011705726","(atsS) Type VI secretion system protein [T6SS (VF0480) - Effector delivery system (VFC0086)] [Aeromonas hydrophila subsp. hydrophila ATCC 7966]",NA,"Hv98-231"
"Hv98-231.fasta","NZ_JBHFNJ010000005.1",31484,31771,"+","AHA_RS09305","1-288/288","========/======","2/2",99.65,82.01,"vfdb","WP_011705727","(AHA_RS09305) type VI secretion system PAAR protein [T6SS (VF0480) - Effector delivery system (VFC0086)] [Aeromonas hydrophila subsp. hydrophila ATCC 7966]",NA,"Hv98-231"
"Hv98-231.fasta","NZ_JBHFNJ010000005.1",31783,33694,"+","vgrG3","1-1912/2046","========/======","5/6",93.3,83.45,"vfdb","WP_011705728","(vgrG3) VgrG protein [T6SS (VF0480) - Effector delivery system (VFC0086)] [Aeromonas hydrophila subsp. hydrophila ATCC 7966]",NA,"Hv98-231"
"Hv98-231.fasta","NZ_JBHFNJ010000007.1",104074,104692,"-","mshB","52-670/672",".==============","0/0",92.11,85.62,"vfdb","WP_043118279","(mshB) MSHA (mannose-sensitive hemagglutinin) pili minor prepilin protein MshB [MSHA type IV pili (VF0477) - Adherence (VFC0001)] [Aeromonas hydrophila ML09-119]",NA,"Hv98-231"
"Hv98-231.fasta","NZ_JBHFNJ010000007.1",105371,106583,"-","mshG","9-1221/1221","===============","0/0",99.34,88.05,"vfdb","WP_016349160","(mshG) MSHA (mannose-sensitive hemagglutinin) pili biogenesis protein MshG GspF-like [MSHA type IV pili (VF0477) - Adherence (VFC0001)] [Aeromonas hydrophila ML09-119]",NA,"Hv98-231"
"Hv98-231.fasta","NZ_JBHFNJ010000007.1",106595,108304,"-","mshE","1-1710/1710","===============","0/0",100,89.77,"vfdb","WP_043118275","(mshE) ATPase protein MshE GspE-like [MSHA type IV pili (VF0477) - Adherence (VFC0001)] [Aeromonas hydrophila ML09-119]",NA,"Hv98-231"
"Hv98-231.fasta","NZ_JBHFNJ010000007.1",109470,110360,"-","mshM","1-891/891","===============","0/0",100,87.54,"vfdb","WP_016349157","(mshM) membrane protein with ATPase domain GspA-like [MSHA type IV pili (VF0477) - Adherence (VFC0001)] [Aeromonas hydrophila ML09-119]",NA,"Hv98-231"
"Hv98-231.fasta","NZ_JBHFNJ010000007.1",110453,112126,"-","mshL","1-1674/1674","========/======","11/34",98.98,82.32,"vfdb","WP_016349156","(mshL) MSHA (mannose-sensitive hemagglutinin) pili biogenesis protein MshL outer membrane secretin GspD-like [MSHA type IV pili (VF0477) - Adherence (VFC0001)] [Aeromonas hydrophila ML09-119]",NA,"Hv98-231"
"Hv98-231.fasta","NZ_JBHFNJ010000007.1",113166,113759,"-","mshI1","1-594/594","========/======","4/4",99.66,80.54,"vfdb","WP_016349153","(mshI1) MSHA (mannose-sensitive hemagglutinin) pili biogenesis protein MshI1 bitopic inner membrane protein [MSHA type IV pili (VF0477) - Adherence (VFC0001)] [Aeromonas hydrophila ML09-119]",NA,"Hv98-231"
"Hv98-231.fasta","NZ_JBHFNJ010000007.1",113759,114622,"-","mshI","1-864/864","===============","0/0",100,84.03,"vfdb","WP_016349152","(mshI) MSHA (mannose-sensitive hemagglutinin) pili biogenesis protein MshI bitopic inner membrane protein [MSHA type IV pili (VF0477) - Adherence (VFC0001)] [Aeromonas hydrophila ML09-119]",NA,"Hv98-231"
"Hv98-231.fasta","NZ_JBHFNJ010000008.1",28713,29447,"+","flmH","1-735/735","===============","0/0",100,90.2,"vfdb","WP_005300916","(flmH) short chain dehydrogenase/reductase family oxidoreductase [Polar flagella (VF0473) - Motility (VFC0204)] [Aeromonas hydrophila ML09-119]",NA,"Hv98-231"
"Hv98-231.fasta","NZ_JBHFNJ010000009.1",256850,257341,"-","exeM","1-492/492","===============","0/0",100,82.93,"vfdb","WP_016349344","(exeM) general secretion pathway protein M [Exe T2SS (VF0478) - Effector delivery system (VFC0086)] [Aeromonas hydrophila ML09-119]",NA,"Hv98-231"
"Hv98-231.fasta","NZ_JBHFNJ010000009.1",257338,258522,"-","exeL","1-1185/1185","========/======","2/2",99.92,81.7,"vfdb","WP_016349343","(exeL) general secretion pathway protein L [Exe T2SS (VF0478) - Effector delivery system (VFC0086)] [Aeromonas hydrophila ML09-119]",NA,"Hv98-231"
"Hv98-231.fasta","NZ_JBHFNJ010000009.1",259781,260373,"-","exeJ","40-632/654","===============","0/0",90.67,89.04,"vfdb","WP_016349341","(exeJ) general secretion pathway protein J [Exe T2SS (VF0478) - Effector delivery system (VFC0086)] [Aeromonas hydrophila ML09-119]",NA,"Hv98-231"
"Hv98-231.fasta","NZ_JBHFNJ010000009.1",260406,260765,"-","exeI","1-360/360","===============","0/0",100,86.11,"vfdb","WP_016349340","(exeI) general secretion pathway protein I [Exe T2SS (VF0478) - Effector delivery system (VFC0086)] [Aeromonas hydrophila ML09-119]",NA,"Hv98-231"
"Hv98-231.fasta","NZ_JBHFNJ010000009.1",260805,261311,"-","exeH","12-518/552","===============","0/0",91.85,80.28,"vfdb","WP_016349339","(exeH) general secretion pathway protein H [Exe T2SS (VF0478) - Effector delivery system (VFC0086)] [Aeromonas hydrophila ML09-119]",NA,"Hv98-231"
"Hv98-231.fasta","NZ_JBHFNJ010000009.1",261373,261804,"-","exeG","1-432/432","===============","0/0",100,91.2,"vfdb","WP_005308483","(exeG) general secretion pathway protein G [Exe T2SS (VF0478) - Effector delivery system (VFC0086)] [Aeromonas hydrophila ML09-119]",NA,"Hv98-231"
"Hv98-231.fasta","NZ_JBHFNJ010000009.1",261903,263122,"-","exeF","1-1220/1221","===============","0/0",99.92,87.95,"vfdb","WP_016349337","(exeF) general secretion pathway protein F [Exe T2SS (VF0478) - Effector delivery system (VFC0086)] [Aeromonas hydrophila ML09-119]",NA,"Hv98-231"
"Hv98-231.fasta","NZ_JBHFNJ010000009.1",263124,264623,"-","exeE","7-1506/1506","===============","0/0",99.6,90.27,"vfdb","WP_016349336","(exeE) general secretory pathway protein E [Exe T2SS (VF0478) - Effector delivery system (VFC0086)] [Aeromonas hydrophila ML09-119]",NA,"Hv98-231"
"Hv98-231.fasta","NZ_JBHFNJ010000009.1",264711,266668,"-","exeD","1-1970/2037","========/======","11/24",95.83,85.22,"vfdb","WP_016349335","(exeD) general secretion pathway protein D [Exe T2SS (VF0478) - Effector delivery system (VFC0086)] [Aeromonas hydrophila ML09-119]",NA,"Hv98-231"
"Hv98-231.fasta","NZ_JBHFNJ010000009.1",268456,270014,"-","exeA","1-1559/1647","===============","0/0",94.66,82.49,"vfdb","WP_016352107","(exeA) general secretion pathway protein A [Exe T2SS (VF0478) - Effector delivery system (VFC0086)] [Aeromonas hydrophila ML09-119]",NA,"Hv98-231"
"Hv98-231.fasta","NZ_JBHFNJ010000009.1",583984,584895,"+","cheV","1-912/912","===============","0/0",100,86.08,"vfdb","WP_011706646","(cheV) CheV [Polar flagella (VF0473) - Motility (VFC0204)] [Aeromonas hydrophila ML09-119]",NA,"Hv98-231"
"Hv98-231.fasta","NZ_JBHFNJ010000009.1",584913,585735,"+","cheR-3","1-823/825","===============","0/0",99.76,85.91,"vfdb","WP_011706645","(cheR-3) chemotaxis protein CheR [Polar flagella (VF0473) - Motility (VFC0204)] [Aeromonas hydrophila ML09-119]",NA,"Hv98-231"
"Hv98-231.fasta","NZ_JBHFNJ010000009.1",586033,586431,"+","flgB","1-399/399","========/======","2/6",99.25,80.6,"vfdb","WP_011706644","(flgB) flagellar basal-body rod protein FlgB [Polar flagella (VF0473) - Motility (VFC0204)] [Aeromonas hydrophila ML09-119]",NA,"Hv98-231"
"Hv98-231.fasta","NZ_JBHFNJ010000009.1",586431,586850,"+","flgC","1-420/420","===============","0/0",100,90,"vfdb","WP_011706643","(flgC) flagellar basal body rod protein FlgC [Polar flagella (VF0473) - Motility (VFC0204)] [Aeromonas hydrophila ML09-119]",NA,"Hv98-231"
"Hv98-231.fasta","NZ_JBHFNJ010000009.1",589096,589842,"+","flgF","1-747/747","===============","0/0",100,85.41,"vfdb","WP_011706640","(flgF) flagellar basal-body rod protein FlgF [Polar flagella (VF0473) - Motility (VFC0204)] [Aeromonas hydrophila ML09-119]",NA,"Hv98-231"
"Hv98-231.fasta","NZ_JBHFNJ010000009.1",589857,590645,"+","flgG","1-789/789","===============","0/0",100,86.56,"vfdb","WP_011706639","(flgG) flagellar basal body rod protein FlgG [Polar flagella (VF0473) - Motility (VFC0204)] [Aeromonas hydrophila ML09-119]",NA,"Hv98-231"
"Hv98-231.fasta","NZ_JBHFNJ010000009.1",590660,591331,"+","flgH","1-672/672","===============","0/0",100,85.86,"vfdb","WP_011706638","(flgH) flagellar basal body L-ring protein [Polar flagella (VF0473) - Motility (VFC0204)] [Aeromonas hydrophila ML09-119]",NA,"Hv98-231"
"Hv98-231.fasta","NZ_JBHFNJ010000009.1",591340,592437,"+","flgI","1-1098/1098","===============","0/0",100,86.7,"vfdb","WP_011706637","(flgI) flagellar basal body P-ring protein [Polar flagella (VF0473) - Motility (VFC0204)] [Aeromonas hydrophila ML09-119]",NA,"Hv98-231"
"Hv98-231.fasta","NZ_JBHFNJ010000009.1",592481,593530,"+","flgJ","1-1053/1092","========/======","10/29",94.96,80.21,"vfdb","WP_016351320","(flgJ) flagellar rod assembly protein/muramidase FlgJ [Polar flagella (VF0473) - Motility (VFC0204)] [Aeromonas hydrophila ML09-119]",NA,"Hv98-231"
"Hv98-231.fasta","NZ_JBHFNJ010000009.1",604134,605548,"+","flrA","1-1415/1422","========/======","3/4",99.37,86.38,"vfdb","WP_017409846","(flrA) FleQ protein [Polar flagella (VF0473) - Motility (VFC0204)] [Aeromonas hydrophila ML09-119]",NA,"Hv98-231"
"Hv98-231.fasta","NZ_JBHFNJ010000009.1",605662,606696,"+","flrB","1-1035/1035","========/======","2/2",99.9,85.33,"vfdb","WP_016351312","(flrB) two-component sensor kinase [Polar flagella (VF0473) - Motility (VFC0204)] [Aeromonas hydrophila ML09-119]",NA,"Hv98-231"
"Hv98-231.fasta","NZ_JBHFNJ010000009.1",606693,608036,"+","flrC","1-1344/1344","===============","0/0",100,88.24,"vfdb","WP_011706626","(flrC) transcriptional activator [Polar flagella (VF0473) - Motility (VFC0204)] [Aeromonas hydrophila ML09-119]",NA,"Hv98-231"
"Hv98-231.fasta","NZ_JBHFNJ010000014.1",861,1379,"-","hcp","1-519/519","===============","0/0",100,94.61,"vfdb","WP_011705706","(hcp) hemolysin co-regulated protein [T6SS (VF0480) - Effector delivery system (VFC0086)] [Aeromonas hydrophila subsp. hydrophila ATCC 7966]",NA,"Hv98-231"
"Hv98-231.fasta","NZ_JBHFNJ010000021.1",79325,81031,"+","tapB","1-1707/1707","===============","0/0",100,86.82,"vfdb","WP_016352168","(tapB) type IV pilus assembly ATPase PilB-like [Tap type IV pili (VF0475) - Adherence (VFC0001)] [Aeromonas hydrophila ML09-119]",NA,"Hv98-231"
"Hv98-231.fasta","NZ_JBHFNJ010000021.1",81272,82497,"+","tapC","1-1226/1242","===============","0/0",98.71,86.46,"vfdb","WP_016352169","(tapC) type IV fimbrial assembly protein PilC-like [Tap type IV pili (VF0475) - Adherence (VFC0001)] [Aeromonas hydrophila ML09-119]",NA,"Hv98-231"
"Hv98-231.fasta","NZ_JBHFNJ010000021.1",82598,83432,"+","tapD/pilD","24-858/873","========/======","2/2",95.53,83.37,"vfdb","WP_016352170","(tapD/pilD) prepilin peptidase [Tap type IV pili (VF0475) - Adherence (VFC0001)] [Aeromonas hydrophila ML09-119]",NA,"Hv98-231"
"Hv98-231.fasta","NZ_JBHFNJ010000021.1",109179,110036,"-","lafT","1-858/858","========/======","2/2",99.88,84.75,"vfdb","WP_005314215","(lafT) LafT flagella motor stator protein [Lateral flagella (VF0474) - Motility (VFC0204)] [Aeromonas salmonicida subsp. salmonicida A449]",NA,"Hv98-231"
"Hv98-231.fasta","NZ_JBHFNJ010000021.1",112857,113249,"-","lafC","1-393/393","===============","0/0",100,80.66,"vfdb","WP_005314225","(lafC) LafC flagellar export chaperone [Lateral flagella (VF0474) - Motility (VFC0204)] [Aeromonas salmonicida subsp. salmonicida A449]",NA,"Hv98-231"
"Hv98-231.fasta","NZ_JBHFNJ010000021.1",113305,114579,"-","lafB","1-1275/1284","===============","0/0",99.3,83.14,"vfdb","WP_005314227","(lafB) flagellar hook associated protein LafB [Lateral flagella (VF0474) - Motility (VFC0204)] [Aeromonas salmonicida subsp. salmonicida A449]",NA,"Hv98-231"
"Hv98-231.fasta","NZ_JBHFNJ010000021.1",115982,118325,"-","maf-5","1-2340/2340","========/======","5/10",99.87,80.74,"vfdb","WP_005314247","(maf-5) modification accessory factor [Lateral flagella (VF0474) - Motility (VFC0204)] [Aeromonas salmonicida subsp. salmonicida A449]",NA,"Hv98-231"
"Hv98-231.fasta","NZ_JBHFNJ010000021.1",119272,120591,"-","lfgK","1-1320/1320","===============","0/0",100,82.2,"vfdb","WP_005314250","(lfgK) lateral flagellar hook-associated protein [Lateral flagella (VF0474) - Motility (VFC0204)] [Aeromonas salmonicida subsp. salmonicida A449]",NA,"Hv98-231"
"Hv98-231.fasta","NZ_JBHFNJ010000021.1",120591,120989,"-","flgJ","1-399/399","===============","0/0",100,80.7,"vfdb","WP_005314251","(flgJ) peptidoglycan hydrolase [Lateral flagella (VF0474) - Motility (VFC0204)] [Aeromonas salmonicida subsp. salmonicida A449]",NA,"Hv98-231"
"Hv98-231.fasta","NZ_JBHFNJ010000021.1",120998,122104,"-","flgI","1-1107/1107","===============","0/0",100,81.03,"vfdb","WP_005314254","(flgI) flagellar basal body P-ring protein [Lateral flagella (VF0474) - Motility (VFC0204)] [Aeromonas salmonicida subsp. salmonicida A449]",NA,"Hv98-231"
"Hv98-231.fasta","NZ_JBHFNJ010000021.1",122113,122784,"-","lfgH","1-672/672","===============","0/0",100,81.84,"vfdb","WP_005314257","(lfgH) lateral flagellar L-ring protein LfgH [Lateral flagella (VF0474) - Motility (VFC0204)] [Aeromonas salmonicida subsp. salmonicida A449]",NA,"Hv98-231"
"Hv98-231.fasta","NZ_JBHFNJ010000021.1",122786,123569,"-","lfgG","1-784/786","===============","0/0",99.75,82.65,"vfdb","WP_005314259","(lfgG) lateral flagellar basal-body rod protein LfgG [Lateral flagella (VF0474) - Motility (VFC0204)] [Aeromonas salmonicida subsp. salmonicida A449]",NA,"Hv98-231"
"Hv98-231.fasta","NZ_JBHFNJ010000021.1",123652,124382,"-","lfgF","1-731/735","===============","0/0",99.46,82.49,"vfdb","WP_005314261","(lfgF) lateral flagellar basal-body rod protein LfgF [Lateral flagella (VF0474) - Motility (VFC0204)] [Aeromonas salmonicida subsp. salmonicida A449]",NA,"Hv98-231"
"Hv98-231.fasta","NZ_JBHFNJ010000021.1",126320,126740,"-","flgC","1-421/426","===============","0/0",98.83,82.19,"vfdb","WP_005314270","(flgC) flagellar basal body rod protein FlgC [Lateral flagella (VF0474) - Motility (VFC0204)] [Aeromonas salmonicida subsp. salmonicida A449]",NA,"Hv98-231"
"Hv98-231.fasta","NZ_JBHFNJ010000021.1",126743,127132,"-","lfgB","1-390/390","===============","0/0",100,84.1,"vfdb","WP_005314272","(lfgB) lateral flagellar basal body protein LfgB [Lateral flagella (VF0474) - Motility (VFC0204)] [Aeromonas salmonicida subsp. salmonicida A449]",NA,"Hv98-231"
"Hv98-231.fasta","NZ_JBHFNJ010000021.1",131237,132265,"-","fliG","1-1029/1029","===============","0/0",100,84.35,"vfdb","WP_005314289","(fliG) flagellar motor switch protein G [Lateral flagella (VF0474) - Motility (VFC0204)] [Aeromonas salmonicida subsp. salmonicida A449]",NA,"Hv98-231"
"Hv98-231.fasta","NZ_JBHFNJ010000021.1",134012,134338,"-","lfiE","1-327/327","===============","0/0",100,83.79,"vfdb","WP_005314292","(lfiE) lateral flagellar hook basal body protein LfiE [Lateral flagella (VF0474) - Motility (VFC0204)] [Aeromonas salmonicida subsp. salmonicida A449]",NA,"Hv98-231"
"Hv98-231.fasta","NZ_JBHFNJ010000021.1",136150,138215,"-","lfhA","1-2066/2076","===============","0/0",99.52,82.04,"vfdb","WP_005314296","(lfhA) lateral flagellar biosynthesis protein [Lateral flagella (VF0474) - Motility (VFC0204)] [Aeromonas salmonicida subsp. salmonicida A449]",NA,"Hv98-231"
"Hv98-231.fasta","NZ_JBHFNJ010000021.1",138219,139355,"-","lfhB","1-1137/1137","===============","0/0",100,81.53,"vfdb","WP_005314298","(lfhB) lateral flagellar biosynthetic protein LfhB [Lateral flagella (VF0474) - Motility (VFC0204)] [Aeromonas salmonicida subsp. salmonicida A449]",NA,"Hv98-231"
"Hv98-231.fasta","NZ_JBHFNJ010000021.1",140131,140399,"-","lfiQ","2-270/270","===============","0/0",99.63,80.3,"vfdb","WP_005314303","(lfiQ) lateral flagellar biosynthetic protein LfiQ [Lateral flagella (VF0474) - Motility (VFC0204)] [Aeromonas salmonicida subsp. salmonicida A449]",NA,"Hv98-231"
"Hv98-231.fasta","NZ_JBHFNJ010000021.1",140402,141136,"-","fliP","1-735/735","===============","0/0",100,80.82,"vfdb","WP_005314307","(fliP) flagellar biosynthesis protein FliP [Lateral flagella (VF0474) - Motility (VFC0204)] [Aeromonas salmonicida subsp. salmonicida A449]",NA,"Hv98-231"
"Hv98-231.fasta","NZ_JBHFNJ010000021.1",141136,141513,"-","lfiN","1-378/378","===============","0/0",100,85.98,"vfdb","WP_005314315","(lfiN) lateral flagellar motor switch protein lfiN [Lateral flagella (VF0474) - Motility (VFC0204)] [Aeromonas salmonicida subsp. salmonicida A449]",NA,"Hv98-231"
"Hv98-231.fasta","NZ_JBHFNJ010000022.1",27621,28286,"-","ascL","1-666/666","===============","0/0",100,95.65,"vfdb","WP_005320812","(ascL) Type III secretion system C ring protein AscL [T3SS (VF0479) - Effector delivery system (VFC0086)] [Aeromonas salmonicida subsp. salmonicida A449]",NA,"Hv98-231"
"Hv98-231.fasta","NZ_JBHFNJ010000022.1",28265,28891,"-","ascK","1-627/627","===============","0/0",100,91.71,"vfdb","WP_005320811","(ascK) Type III secretion system C ring protein AscK [T3SS (VF0479) - Effector delivery system (VFC0086)] [Aeromonas salmonicida subsp. salmonicida A449]",NA,"Hv98-231"
"Hv98-231.fasta","NZ_JBHFNJ010000022.1",28888,29628,"-","ascJ","1-741/741","===============","0/0",100,96.76,"vfdb","WP_180975055","(ascJ) type III secretion system OM ring protein AscJ [T3SS (VF0479) - Effector delivery system (VFC0086)] [Aeromonas salmonicida subsp. salmonicida A449]",NA,"Hv98-231"
"Hv98-231.fasta","NZ_JBHFNJ010000022.1",29635,29973,"-","ascI","1-339/339","===============","0/0",100,96.46,"vfdb","WP_005320806","(ascI) Type III secretion system inner rod protein AscI [T3SS (VF0479) - Effector delivery system (VFC0086)] [Aeromonas salmonicida subsp. salmonicida A449]",NA,"Hv98-231"
"Hv98-231.fasta","NZ_JBHFNJ010000022.1",29973,30527,"-","ascH","1-555/555","===============","0/0",100,92.61,"vfdb","WP_005320804","(ascH) Type III secretion system protein AscH regulator needle assembling [T3SS (VF0479) - Effector delivery system (VFC0086)] [Aeromonas salmonicida subsp. salmonicida A449]",NA,"Hv98-231"
"Hv98-231.fasta","NZ_JBHFNJ010000022.1",30524,30877,"-","ascG","1-354/354","===============","0/0",100,87.85,"vfdb","WP_005320802","(ascG) chaperone protein [T3SS (VF0479) - Effector delivery system (VFC0086)] [Aeromonas salmonicida subsp. salmonicida A449]",NA,"Hv98-231"
"Hv98-231.fasta","NZ_JBHFNJ010000022.1",30877,31134,"-","ascF","1-258/258","===============","0/0",100,94.19,"vfdb","WP_005320800","(ascF) Type III secretion system needle complex subunit AscF [T3SS (VF0479) - Effector delivery system (VFC0086)] [Aeromonas salmonicida subsp. salmonicida A449]",NA,"Hv98-231"
"Hv98-231.fasta","NZ_JBHFNJ010000022.1",31127,31339,"-","ascE","1-213/213","===============","0/0",100,95.78,"vfdb","WP_005320797","(ascE) chaperone protein [T3SS (VF0479) - Effector delivery system (VFC0086)] [Aeromonas salmonicida subsp. salmonicida A449]",NA,"Hv98-231"
"Hv98-231.fasta","NZ_JBHFNJ010000022.1",31302,32606,"-","ascD","1-1305/1305","===============","0/0",100,96.78,"vfdb","WP_005320795","(ascD) Type III secretion system OM ring protein AscD [T3SS (VF0479) - Effector delivery system (VFC0086)] [Aeromonas salmonicida subsp. salmonicida A449]",NA,"Hv98-231"
"Hv98-231.fasta","NZ_JBHFNJ010000022.1",32603,34456,"-","ascC","1-1854/1854","===============","0/0",100,95.95,"vfdb","WP_011899438","(ascC) Type III secretion system OM ring protein AscC [T3SS (VF0479) - Effector delivery system (VFC0086)] [Aeromonas salmonicida subsp. salmonicida A449]",NA,"Hv98-231"
"Hv98-231.fasta","NZ_JBHFNJ010000022.1",34429,34854,"-","ascB","1-426/426","===============","0/0",100,96.71,"vfdb","WP_011899439","(ascB) chaperone protein [T3SS (VF0479) - Effector delivery system (VFC0086)] [Aeromonas salmonicida subsp. salmonicida A449]",NA,"Hv98-231"
"Hv98-231.fasta","NZ_JBHFNJ010000022.1",34870,35685,"-","exsD","1-816/816","===============","0/0",100,96.45,"vfdb","WP_005320790","(exsD) Type III secretion system protein ExsD [T3SS (VF0479) - Effector delivery system (VFC0086)] [Aeromonas salmonicida subsp. salmonicida A449]",NA,"Hv98-231"
"Hv98-231.fasta","NZ_JBHFNJ010000022.1",35805,36587,"-","exsA","1-783/783","===============","0/0",100,97.7,"vfdb","WP_192914500","(exsA) Type III secretion system transcriptional regulator [T3SS (VF0479) - Effector delivery system (VFC0086)] [Aeromonas salmonicida subsp. salmonicida A449]",NA,"Hv98-231"
"Hv98-231.fasta","NZ_JBHFNJ010000022.1",36966,37366,"-","exsB","1-401/402","===============","0/0",99.75,95.26,"vfdb","WP_011899440","(exsB) type III secretion system OM ring protein ExsB [T3SS (VF0479) - Effector delivery system (VFC0086)] [Aeromonas salmonicida subsp. salmonicida A449]",NA,"Hv98-231"
"Hv98-231.fasta","NZ_JBHFNJ010000022.1",37363,37596,"-","exsE","1-234/234","===============","0/0",100,91.45,"vfdb","WP_005320785","(exsE) Type III secretion system regulator [T3SS (VF0479) - Effector delivery system (VFC0086)] [Aeromonas salmonicida subsp. salmonicida A449]",NA,"Hv98-231"
"Hv98-231.fasta","NZ_JBHFNJ010000022.1",37599,38042,"-","exsC","1-444/444","===============","0/0",100,95.72,"vfdb","WP_005320783","(exsC) chaperone protein [T3SS (VF0479) - Effector delivery system (VFC0086)] [Aeromonas salmonicida subsp. salmonicida A449]",NA,"Hv98-231"
"Hv98-231.fasta","NZ_JBHFNJ010000022.1",38178,39074,"-","aopD","1-897/897","===============","0/0",100,87.96,"vfdb","WP_005320781","(aopD) Type III secretion system translocator AopD [T3SS (VF0479) - Effector delivery system (VFC0086)] [Aeromonas salmonicida subsp. salmonicida A449]",NA,"Hv98-231"
"Hv98-231.fasta","NZ_JBHFNJ010000022.1",39087,40259,"-","aopB","1-1194/1194","========/======","1/21",98.24,87.44,"vfdb","WP_005320780","(aopB) Type III secretion system translocator AopB [T3SS (VF0479) - Effector delivery system (VFC0086)] [Aeromonas salmonicida subsp. salmonicida A449]",NA,"Hv98-231"
"Hv98-231.fasta","NZ_JBHFNJ010000022.1",40240,40743,"-","acrH","1-504/504","===============","0/0",100,95.64,"vfdb","WP_005320778","(acrH) chaperon protein for AopB/AopD [T3SS (VF0479) - Effector delivery system (VFC0086)] [Aeromonas salmonicida subsp. salmonicida A449]",NA,"Hv98-231"
"Hv98-231.fasta","NZ_JBHFNJ010000022.1",40753,41838,"-","acrV","1-1086/1086","===============","0/0",100,91.9,"vfdb","WP_005320777","(acrV) Type III secretion system tip translocon AcrV  [T3SS (VF0479) - Effector delivery system (VFC0086)] [Aeromonas salmonicida subsp. salmonicida A449]",NA,"Hv98-231"
"Hv98-231.fasta","NZ_JBHFNJ010000022.1",41848,42132,"-","acrG","1-285/285","===============","0/0",100,94.39,"vfdb","WP_005320774","(acrG) Type III secretion system protein LcrG-like [T3SS (VF0479) - Effector delivery system (VFC0086)] [Aeromonas salmonicida subsp. salmonicida A449]",NA,"Hv98-231"
"Hv98-231.fasta","NZ_JBHFNJ010000022.1",42172,42627,"-","acrR","1-456/456","===============","0/0",100,93.2,"vfdb","WP_005320772","(acrR) Type III secretion system regulator LcrR-like [T3SS (VF0479) - Effector delivery system (VFC0086)] [Aeromonas salmonicida subsp. salmonicida A449]",NA,"Hv98-231"
"Hv98-231.fasta","NZ_JBHFNJ010000022.1",42624,44741,"-","ascV","1-2118/2118","===============","0/0",100,96.79,"vfdb","WP_005320770","(ascV) Type III secretion system inner membrane export apparatus protein AscV [T3SS (VF0479) - Effector delivery system (VFC0086)] [Aeromonas salmonicida subsp. salmonicida A449]",NA,"Hv98-231"
"Hv98-231.fasta","NZ_JBHFNJ010000022.1",44722,45072,"-","ascY","1-351/351","===============","0/0",100,98.01,"vfdb","WP_005320768","(ascY) chaperone protein [T3SS (VF0479) - Effector delivery system (VFC0086)] [Aeromonas salmonicida subsp. salmonicida A449]",NA,"Hv98-231"
"Hv98-231.fasta","NZ_JBHFNJ010000022.1",45069,45434,"-","ascX","1-366/366","===============","0/0",100,95.9,"vfdb","WP_005320766","(ascX) Unknown function chaperoned by AscY [T3SS (VF0479) - Effector delivery system (VFC0086)] [Aeromonas salmonicida subsp. salmonicida A449]",NA,"Hv98-231"
"Hv98-231.fasta","NZ_JBHFNJ010000022.1",45431,45802,"-","acr2","1-372/372","===============","0/0",100,95.16,"vfdb","WP_005320764","(acr2) chaperone protein [T3SS (VF0479) - Effector delivery system (VFC0086)] [Aeromonas salmonicida subsp. salmonicida A449]",NA,"Hv98-231"
"Hv98-231.fasta","NZ_JBHFNJ010000022.1",45799,46080,"-","acr1","1-282/282","===============","0/0",100,97.52,"vfdb","WP_005320760","(acr1) Type III secretion system gatekeeper subunit  [T3SS (VF0479) - Effector delivery system (VFC0086)] [Aeromonas salmonicida subsp. salmonicida A449]",NA,"Hv98-231"
"Hv98-231.fasta","NZ_JBHFNJ010000022.1",46061,46939,"-","aopN","1-879/879","===============","0/0",100,96.13,"vfdb","WP_005320757","(aopN) AopN secretion control of translocators and immune suppressor [T3SS (VF0479) - Effector delivery system (VFC0086)] [Aeromonas salmonicida subsp. salmonicida A449]",NA,"Hv98-231"
"Hv98-231.fasta","NZ_JBHFNJ010000022.1",47129,48451,"+","ascN","1-1323/1323","===============","0/0",100,96.14,"vfdb","WP_005320755","(ascN) Type III secretion system ATPase [T3SS (VF0479) - Effector delivery system (VFC0086)] [Aeromonas salmonicida subsp. salmonicida A449]",NA,"Hv98-231"
"Hv98-231.fasta","NZ_JBHFNJ010000022.1",48448,48909,"+","ascO","1-462/462","===============","0/0",100,96.75,"vfdb","WP_005320751","(ascO) Type III secretion system protein AscO [T3SS (VF0479) - Effector delivery system (VFC0086)] [Aeromonas salmonicida subsp. salmonicida A449]",NA,"Hv98-231"
"Hv98-231.fasta","NZ_JBHFNJ010000022.1",50106,51032,"+","ascQ","1-927/927","===============","0/0",100,92.56,"vfdb","WP_005320747","(ascQ) type III secretion system protein AscQ [T3SS (VF0479) - Effector delivery system (VFC0086)] [Aeromonas salmonicida subsp. salmonicida A449]",NA,"Hv98-231"
"Hv98-231.fasta","NZ_JBHFNJ010000022.1",51029,51682,"+","ascR","1-654/654","===============","0/0",100,96.94,"vfdb","WP_005320745","(ascR) Type III secretion system inner membrane export apparatus protein AscR [T3SS (VF0479) - Effector delivery system (VFC0086)] [Aeromonas salmonicida subsp. salmonicida A449]",NA,"Hv98-231"
"Hv98-231.fasta","NZ_JBHFNJ010000022.1",51684,51950,"+","ascS","1-267/267","===============","0/0",100,96.63,"vfdb","WP_005320743","(ascS) type III secretion system inner membrane export apparatus protein AscS [T3SS (VF0479) - Effector delivery system (VFC0086)] [Aeromonas salmonicida subsp. salmonicida A449]",NA,"Hv98-231"
"Hv98-231.fasta","NZ_JBHFNJ010000022.1",51947,52735,"+","ascT","1-789/789","===============","0/0",100,96.32,"vfdb","WP_005320741","(ascT) Type III secretion system inner membrane export apparatus protein AscT [T3SS (VF0479) - Effector delivery system (VFC0086)] [Aeromonas salmonicida subsp. salmonicida A449]",NA,"Hv98-231"
"Hv98-231.fasta","NZ_JBHFNJ010000022.1",52732,53790,"+","ascU","1-1059/1059","===============","0/0",100,96.69,"vfdb","WP_005320739","(ascU) Type III secretion system inner membrane export apparatus protein AscU [T3SS (VF0479) - Effector delivery system (VFC0086)] [Aeromonas salmonicida subsp. salmonicida A449]",NA,"Hv98-231"
"Hv98-231.fasta","NZ_JBHFNJ010000022.1",53928,54878,"+","aopX","1-971/971","========/======","1/20",97.94,93.92,"vfdb","","(aopX) hypothetical protein [T3SS (VF0479) - Effector delivery system (VFC0086)] [Aeromonas salmonicida subsp. salmonicida A449]",NA,"Hv98-231"
"Hv98-231.fasta","NZ_JBHFNJ010000022.1",54878,55201,"+","sycX","1-324/381","=============..","0/0",85.04,94.14,"vfdb","WP_005320736","(sycX) hypothetical protein [T3SS (VF0479) - Effector delivery system (VFC0086)] [Aeromonas salmonicida subsp. salmonicida A449]",NA,"Hv98-231"
"Hv98-231.fasta","NZ_JBHFNJ010000022.1",111233,112027,"-","AHML_RS07540","1-795/795","===============","0/0",100,83.14,"vfdb","WP_011705294","(AHML_RS07540) CobQ/CobB/MinD/ParA family protein [Polar flagella (VF0473) - Motility (VFC0204)] [Aeromonas hydrophila ML09-119]",NA,"Hv98-231"
"Hv98-231.fasta","NZ_JBHFNJ010000022.1",113695,114810,"-","cheB-2","1-1116/1116","========/======","2/2",99.91,81.83,"vfdb","WP_016350060","(cheB-2) chemotaxis-specific methylesterase [Polar flagella (VF0473) - Motility (VFC0204)] [Aeromonas hydrophila ML09-119]",NA,"Hv98-231"
"Hv98-231.fasta","NZ_JBHFNJ010000022.1",117092,117832,"-","cheZ","1-741/741","===============","0/0",100,86.1,"vfdb","WP_011705289","(cheZ) chemotaxis protein CheZ [Polar flagella (VF0473) - Motility (VFC0204)] [Aeromonas hydrophila ML09-119]",NA,"Hv98-231"
"Hv98-231.fasta","NZ_JBHFNJ010000022.1",117845,118228,"-","cheY","1-384/384","===============","0/0",100,87.5,"vfdb","WP_010634617","(cheY) chemotaxis protein CheY [Polar flagella (VF0473) - Motility (VFC0204)] [Aeromonas hydrophila ML09-119]",NA,"Hv98-231"
"Hv98-231.fasta","NZ_JBHFNJ010000022.1",118340,119059,"-","fliA","1-720/720","========/======","2/2",99.86,83.36,"vfdb","WP_017409955","(fliA) flagellar biosynthesis sigma factor [Polar flagella (VF0473) - Motility (VFC0204)] [Aeromonas hydrophila ML09-119]",NA,"Hv98-231"
"Hv98-231.fasta","NZ_JBHFNJ010000022.1",119052,119927,"-","flhG","1-876/876","===============","0/0",100,88.81,"vfdb","WP_010634619","(flhG) CobQ/CobB/MinD/ParA family protein [Polar flagella (VF0473) - Motility (VFC0204)] [Aeromonas hydrophila ML09-119]",NA,"Hv98-231"
"Hv98-231.fasta","NZ_JBHFNJ010000022.1",119929,121344,"-","flhF","1-1422/1422","========/======","8/18",99.16,88.23,"vfdb","WP_016350057","(flhF) flagellar biosynthesis protein FlhF [Polar flagella (VF0473) - Motility (VFC0204)] [Aeromonas hydrophila ML09-119]",NA,"Hv98-231"
"Hv98-231.fasta","NZ_JBHFNJ010000022.1",121361,123463,"-","flhA","1-2103/2103","===============","0/0",100,87.49,"vfdb","WP_016350056","(flhA) flagellar biosynthesis protein FlhA [Polar flagella (VF0473) - Motility (VFC0204)] [Aeromonas hydrophila ML09-119]",NA,"Hv98-231"
"Hv98-231.fasta","NZ_JBHFNJ010000022.1",123571,124701,"-","flhB","1-1131/1131","===============","0/0",100,85.68,"vfdb","WP_016350055","(flhB) flagellar biosynthetic protein FlhB [Polar flagella (VF0473) - Motility (VFC0204)] [Aeromonas hydrophila ML09-119]",NA,"Hv98-231"
"Hv98-231.fasta","NZ_JBHFNJ010000022.1",124706,125491,"-","fliR","1-786/792","===============","0/0",99.24,82.7,"vfdb","WP_011705283","(fliR) flagellar biosynthesis protein FliR [Polar flagella (VF0473) - Motility (VFC0204)] [Aeromonas hydrophila ML09-119]",NA,"Hv98-231"
"Hv98-231.fasta","NZ_JBHFNJ010000022.1",125488,125757,"-","fliQ","1-270/270","===============","0/0",100,87.78,"vfdb","WP_011705282","(fliQ) flagellar biosynthetic protein FliQ [Polar flagella (VF0473) - Motility (VFC0204)] [Aeromonas hydrophila ML09-119]",NA,"Hv98-231"
"Hv98-231.fasta","NZ_JBHFNJ010000022.1",125786,126556,"-","fliP","1-774/780","========/======","2/5",98.72,86.45,"vfdb","WP_016350054","(fliP) flagellar biosynthesis protein FliP [Polar flagella (VF0473) - Motility (VFC0204)] [Aeromonas hydrophila ML09-119]",NA,"Hv98-231"
"Hv98-231.fasta","NZ_JBHFNJ010000022.1",126543,126863,"-","fliO","64-384/384","..=============","0/0",83.59,86.92,"vfdb","WP_005298795","(fliO) flagellar biosynthesis protein FliO [Polar flagella (VF0473) - Motility (VFC0204)] [Aeromonas hydrophila ML09-119]",NA,"Hv98-231"
"Hv98-231.fasta","NZ_JBHFNJ010000022.1",126920,127312,"-","fliN","1-393/393","===============","0/0",100,89.57,"vfdb","WP_011705280","(fliN) flagellar motor switch protein FliN [Polar flagella (VF0473) - Motility (VFC0204)] [Aeromonas hydrophila ML09-119]",NA,"Hv98-231"
"Hv98-231.fasta","NZ_JBHFNJ010000022.1",127362,128432,"-","fliM","1-1071/1071","===============","0/0",100,90.94,"vfdb","WP_011705279","(fliM) flagellar motor switch protein FliM [Polar flagella (VF0473) - Motility (VFC0204)] [Aeromonas hydrophila ML09-119]",NA,"Hv98-231"
"Hv98-231.fasta","NZ_JBHFNJ010000022.1",128441,128955,"-","fliL","1-518/519","========/======","1/3",99.23,85.33,"vfdb","WP_011705278","(fliL) flagellar basal body-associated protein FliL [Polar flagella (VF0473) - Motility (VFC0204)] [Aeromonas hydrophila ML09-119]",NA,"Hv98-231"
"Hv98-231.fasta","NZ_JBHFNJ010000022.1",131009,131449,"-","fliJ","1-441/441","===============","0/0",100,86.17,"vfdb","WP_011705276","(fliJ) flagellar export protein FliJ [Polar flagella (VF0473) - Motility (VFC0204)] [Aeromonas hydrophila ML09-119]",NA,"Hv98-231"
"Hv98-231.fasta","NZ_JBHFNJ010000022.1",131477,132808,"-","fliI","1-1332/1332","===============","0/0",100,88.89,"vfdb","WP_011705275","(fliI) flagellum-specific ATP synthase [Polar flagella (VF0473) - Motility (VFC0204)] [Aeromonas hydrophila ML09-119]",NA,"Hv98-231"
"Hv98-231.fasta","NZ_JBHFNJ010000022.1",132891,133682,"-","fliH","7-792/807","========/======","4/12",97.03,81.13,"vfdb","WP_016350051","(fliH) flagellar assembly protein FliH [Polar flagella (VF0473) - Motility (VFC0204)] [Aeromonas hydrophila ML09-119]",NA,"Hv98-231"
"Hv98-231.fasta","NZ_JBHFNJ010000022.1",133756,134815,"-","fliG","1-1060/1062","===============","0/0",99.81,93.49,"vfdb","WP_011705273","(fliG) flagellar motor switch protein G [Polar flagella (VF0473) - Motility (VFC0204)] [Aeromonas hydrophila ML09-119]",NA,"Hv98-231"
"Hv98-231.fasta","NZ_JBHFNJ010000022.1",134808,136517,"-","fliF","1-1713/1713","========/======","1/3",99.82,87.04,"vfdb","WP_016350050","(fliF) flagellar MS-ring protein [Polar flagella (VF0473) - Motility (VFC0204)] [Aeromonas hydrophila ML09-119]",NA,"Hv98-231"
"Hv98-231.fasta","NZ_JBHFNJ010000022.1",136580,136897,"-","fliE","1-318/318","===============","0/0",100,89.62,"vfdb","WP_011705271","(fliE) flagellar hook-basal body complex protein FliE [Polar flagella (VF0473) - Motility (VFC0204)] [Aeromonas hydrophila ML09-119]",NA,"Hv98-231"
"Hv98-231.fasta","NZ_JBHFNJ010000025.1",339,857,"+","hcp","1-519/519","===============","0/0",100,94.22,"vfdb","WP_011705706","(hcp) hemolysin co-regulated protein [T6SS (VF0480) - Effector delivery system (VFC0086)] [Aeromonas hydrophila subsp. hydrophila ATCC 7966]",NA,"Hv98-231"
"Hv98-231.fasta","NZ_JBHFNJ010000025.1",132779,133916,"-","tapW","1-1138/1140","===============","0/0",99.82,90.51,"vfdb","WP_011706550","(tapW) twitching ATPase [Tap type IV pili (VF0475) - Adherence (VFC0001)] [Aeromonas hydrophila ML09-119]",NA,"Hv98-231"
"Hv98-231.fasta","NZ_JBHFNJ010000025.1",157574,158447,"+","motY","1-874/876","===============","0/0",99.77,87.64,"vfdb","WP_024944879","(motY) sodium-type flagellar protein MotY [Polar flagella (VF0473) - Motility (VFC0204)] [Aeromonas hydrophila ML09-119]",NA,"Hv98-231"
"Hv98-231.fasta","NZ_JBHFNJ010000025.1",218735,219484,"+","nueA","1-762/762","========/======","2/12",98.43,87.8,"vfdb","WP_016351249","(nueA) NeuA protein [Polar flagella (VF0473) - Motility (VFC0204)] [Aeromonas hydrophila ML09-119]",NA,"Hv98-231"
"Hv98-231.fasta","NZ_JBHFNJ010000025.1",333446,334237,"+","tapF","1-792/792","========/======","2/6",99.62,87.92,"vfdb","WP_011705643","(tapF) type IV pilus biogenesis/stability protein pilW-like [Tap type IV pili (VF0475) - Adherence (VFC0001)] [Aeromonas hydrophila ML09-119]",NA,"Hv98-231"
"Hv98-231.fasta","NZ_JBHFNJ010000026.1",91571,92605,"+","tapT","1-1035/1035","===============","0/0",100,91.98,"vfdb","WP_011707389","(tapT) twitching ATPase [Tap type IV pili (VF0475) - Adherence (VFC0001)] [Aeromonas hydrophila ML09-119]",NA,"Hv98-231"
"Hv98-231.fasta","NZ_JBHFNJ010000026.1",92634,93743,"+","tapU","1-1110/1110","========/======","2/6",99.73,84.37,"vfdb","WP_016351972","(tapU) twitching ATPase [Tap type IV pili (VF0475) - Adherence (VFC0001)] [Aeromonas hydrophila ML09-119]",NA,"Hv98-231"
"Hv98-231.fasta","NZ_JBHFNJ010000026.1",107255,107804,"+","motX","51-600/600",".==============","0/0",91.67,82.55,"vfdb","WP_016349413","(motX) sodium-type flagellar motor component [Polar flagella (VF0473) - Motility (VFC0204)] [Aeromonas hydrophila ML09-119]",NA,"Hv98-231"
"Hv98-232.fasta","NZ_JBHFNI010000002.1",10799,11302,"+","vipA","1-504/504","===============","0/0",100,89.29,"vfdb","WP_011705712","(vipA) Type VI secretion system contractile sheath small subunit TssB/VipA [T6SS (VF0480) - Effector delivery system (VFC0086)] [Aeromonas hydrophila subsp. hydrophila ATCC 7966]",NA,"Hv98-232"
"Hv98-232.fasta","NZ_JBHFNI010000002.1",11340,12821,"+","vipB","1-1479/1479","========/======","1/3",100,90.55,"vfdb","WP_043163044","(vipB) Type VI secretion system contractile sheath large subunit TssC/VipB [T6SS (VF0480) - Effector delivery system (VFC0086)] [Aeromonas hydrophila subsp. hydrophila ATCC 7966]",NA,"Hv98-232"
"Hv98-232.fasta","NZ_JBHFNI010000002.1",12828,13259,"+","atsG","1-432/432","===============","0/0",100,93.29,"vfdb","WP_011705714","(atsG) Type VI secretion system protein [T6SS (VF0480) - Effector delivery system (VFC0086)] [Aeromonas hydrophila subsp. hydrophila ATCC 7966]",NA,"Hv98-232"
"Hv98-232.fasta","NZ_JBHFNI010000002.1",13263,15029,"+","atsH","1-1767/1767","===============","0/0",100,90.66,"vfdb","WP_011705715","(atsH) Type VI secretion system protein [T6SS (VF0480) - Effector delivery system (VFC0086)] [Aeromonas hydrophila subsp. hydrophila ATCC 7966]",NA,"Hv98-232"
"Hv98-232.fasta","NZ_JBHFNI010000002.1",14994,15991,"+","atsI","2-999/999","===============","0/0",99.9,88.28,"vfdb","WP_011705716","(atsI) Type VI secretion system protein [T6SS (VF0480) - Effector delivery system (VFC0086)] [Aeromonas hydrophila subsp. hydrophila ATCC 7966]",NA,"Hv98-232"
"Hv98-232.fasta","NZ_JBHFNI010000002.1",16031,17266,"+","atsJ","1-1251/1251","========/======","8/25",98.4,84.31,"vfdb","WP_011705717","(atsJ) Type VI secretion system protein [T6SS (VF0480) - Effector delivery system (VFC0086)] [Aeromonas hydrophila subsp. hydrophila ATCC 7966]",NA,"Hv98-232"
"Hv98-232.fasta","NZ_JBHFNI010000002.1",17266,17781,"+","atsK","1-516/516","===============","0/0",100,90.31,"vfdb","WP_011705718","(atsK) Type VI secretion system protein [T6SS (VF0480) - Effector delivery system (VFC0086)] [Aeromonas hydrophila subsp. hydrophila ATCC 7966]",NA,"Hv98-232"
"Hv98-232.fasta","NZ_JBHFNI010000002.1",17784,19118,"+","atsL","1-1335/1335","===============","0/0",100,91.61,"vfdb","WP_011705719","(atsL) Type VI secretion system protein [T6SS (VF0480) - Effector delivery system (VFC0086)] [Aeromonas hydrophila subsp. hydrophila ATCC 7966]",NA,"Hv98-232"
"Hv98-232.fasta","NZ_JBHFNI010000002.1",19142,19921,"+","dotU","1-780/780","===============","0/0",100,89.36,"vfdb","WP_010634228","(dotU) Type VI secretion system protein DotU [T6SS (VF0480) - Effector delivery system (VFC0086)] [Aeromonas hydrophila subsp. hydrophila ATCC 7966]",NA,"Hv98-232"
"Hv98-232.fasta","NZ_JBHFNI010000002.1",19942,22582,"+","clpB","1-2640/2643","========/======","1/1",99.89,88.26,"vfdb","WP_011705721","(clpB) type VI secretion system ATPase ClpV1 [T6SS (VF0480) - Effector delivery system (VFC0086)] [Aeromonas hydrophila subsp. hydrophila ATCC 7966]",NA,"Hv98-232"
"Hv98-232.fasta","NZ_JBHFNI010000002.1",22587,24125,"+","vasH","1-1539/1539","===============","0/0",100,86.68,"vfdb","WP_011705722","(vasH) sigma-54 dependent transcriptional regulator [T6SS (VF0480) - Effector delivery system (VFC0086)] [Aeromonas hydrophila subsp. hydrophila ATCC 7966]",NA,"Hv98-232"
"Hv98-232.fasta","NZ_JBHFNI010000002.1",24739,26137,"+","atsQ","1-1408/1437","========/======","7/27",96.73,82.92,"vfdb","WP_011705724","(atsQ) Type VI secretion system protein [T6SS (VF0480) - Effector delivery system (VFC0086)] [Aeromonas hydrophila subsp. hydrophila ATCC 7966]",NA,"Hv98-232"
"Hv98-232.fasta","NZ_JBHFNI010000002.1",26208,29705,"+","vasK/icmF","1-3486/3486","========/======","2/12",100,86.25,"vfdb","WP_011705725","(vasK/icmF) Type VI secretion system protein [T6SS (VF0480) - Effector delivery system (VFC0086)] [Aeromonas hydrophila subsp. hydrophila ATCC 7966]",NA,"Hv98-232"
"Hv98-232.fasta","NZ_JBHFNI010000002.1",29750,31177,"+","atsS","1-1431/1431","========/======","3/5",99.72,86.1,"vfdb","WP_011705726","(atsS) Type VI secretion system protein [T6SS (VF0480) - Effector delivery system (VFC0086)] [Aeromonas hydrophila subsp. hydrophila ATCC 7966]",NA,"Hv98-232"
"Hv98-232.fasta","NZ_JBHFNI010000002.1",31483,31770,"+","AHA_RS09305","1-288/288","========/======","2/2",99.65,82.01,"vfdb","WP_011705727","(AHA_RS09305) type VI secretion system PAAR protein [T6SS (VF0480) - Effector delivery system (VFC0086)] [Aeromonas hydrophila subsp. hydrophila ATCC 7966]",NA,"Hv98-232"
"Hv98-232.fasta","NZ_JBHFNI010000002.1",31782,33693,"+","vgrG3","1-1912/2046","========/======","5/6",93.3,83.45,"vfdb","WP_011705728","(vgrG3) VgrG protein [T6SS (VF0480) - Effector delivery system (VFC0086)] [Aeromonas hydrophila subsp. hydrophila ATCC 7966]",NA,"Hv98-232"
"Hv98-232.fasta","NZ_JBHFNI010000003.1",191637,192980,"-","flrC","1-1344/1344","===============","0/0",100,88.24,"vfdb","WP_011706626","(flrC) transcriptional activator [Polar flagella (VF0473) - Motility (VFC0204)] [Aeromonas hydrophila ML09-119]",NA,"Hv98-232"
"Hv98-232.fasta","NZ_JBHFNI010000003.1",192977,194011,"-","flrB","1-1035/1035","========/======","2/2",99.9,85.33,"vfdb","WP_016351312","(flrB) two-component sensor kinase [Polar flagella (VF0473) - Motility (VFC0204)] [Aeromonas hydrophila ML09-119]",NA,"Hv98-232"
"Hv98-232.fasta","NZ_JBHFNI010000003.1",194125,195539,"-","flrA","1-1415/1422","========/======","3/4",99.37,86.38,"vfdb","WP_017409846","(flrA) FleQ protein [Polar flagella (VF0473) - Motility (VFC0204)] [Aeromonas hydrophila ML09-119]",NA,"Hv98-232"
"Hv98-232.fasta","NZ_JBHFNI010000006.1",320,838,"+","hcp","1-519/519","===============","0/0",100,94.22,"vfdb","WP_011705706","(hcp) hemolysin co-regulated protein [T6SS (VF0480) - Effector delivery system (VFC0086)] [Aeromonas hydrophila subsp. hydrophila ATCC 7966]",NA,"Hv98-232"
"Hv98-232.fasta","NZ_JBHFNI010000006.1",132760,133897,"-","tapW","1-1138/1140","===============","0/0",99.82,90.51,"vfdb","WP_011706550","(tapW) twitching ATPase [Tap type IV pili (VF0475) - Adherence (VFC0001)] [Aeromonas hydrophila ML09-119]",NA,"Hv98-232"
"Hv98-232.fasta","NZ_JBHFNI010000006.1",157555,158428,"+","motY","1-874/876","===============","0/0",99.77,87.64,"vfdb","WP_024944879","(motY) sodium-type flagellar protein MotY [Polar flagella (VF0473) - Motility (VFC0204)] [Aeromonas hydrophila ML09-119]",NA,"Hv98-232"
"Hv98-232.fasta","NZ_JBHFNI010000006.1",218716,219465,"+","nueA","1-762/762","========/======","2/12",98.43,87.8,"vfdb","WP_016351249","(nueA) NeuA protein [Polar flagella (VF0473) - Motility (VFC0204)] [Aeromonas hydrophila ML09-119]",NA,"Hv98-232"
"Hv98-232.fasta","NZ_JBHFNI010000006.1",333427,334218,"+","tapF","1-792/792","========/======","2/6",99.62,87.92,"vfdb","WP_011705643","(tapF) type IV pilus biogenesis/stability protein pilW-like [Tap type IV pili (VF0475) - Adherence (VFC0001)] [Aeromonas hydrophila ML09-119]",NA,"Hv98-232"
"Hv98-232.fasta","NZ_JBHFNI010000007.1",91570,92604,"+","tapT","1-1035/1035","===============","0/0",100,91.98,"vfdb","WP_011707389","(tapT) twitching ATPase [Tap type IV pili (VF0475) - Adherence (VFC0001)] [Aeromonas hydrophila ML09-119]",NA,"Hv98-232"
"Hv98-232.fasta","NZ_JBHFNI010000007.1",92633,93742,"+","tapU","1-1110/1110","========/======","2/6",99.73,84.37,"vfdb","WP_016351972","(tapU) twitching ATPase [Tap type IV pili (VF0475) - Adherence (VFC0001)] [Aeromonas hydrophila ML09-119]",NA,"Hv98-232"
"Hv98-232.fasta","NZ_JBHFNI010000007.1",107254,107803,"+","motX","51-600/600",".==============","0/0",91.67,82.55,"vfdb","WP_016349413","(motX) sodium-type flagellar motor component [Polar flagella (VF0473) - Motility (VFC0204)] [Aeromonas hydrophila ML09-119]",NA,"Hv98-232"
"Hv98-232.fasta","NZ_JBHFNI010000008.1",36633,38191,"+","exeA","1-1559/1647","===============","0/0",94.66,82.49,"vfdb","WP_016352107","(exeA) general secretion pathway protein A [Exe T2SS (VF0478) - Effector delivery system (VFC0086)] [Aeromonas hydrophila ML09-119]",NA,"Hv98-232"
"Hv98-232.fasta","NZ_JBHFNI010000008.1",39979,41936,"+","exeD","1-1970/2037","========/======","11/24",95.83,85.22,"vfdb","WP_016349335","(exeD) general secretion pathway protein D [Exe T2SS (VF0478) - Effector delivery system (VFC0086)] [Aeromonas hydrophila ML09-119]",NA,"Hv98-232"
"Hv98-232.fasta","NZ_JBHFNI010000008.1",42024,43523,"+","exeE","7-1506/1506","===============","0/0",99.6,90.27,"vfdb","WP_016349336","(exeE) general secretory pathway protein E [Exe T2SS (VF0478) - Effector delivery system (VFC0086)] [Aeromonas hydrophila ML09-119]",NA,"Hv98-232"
"Hv98-232.fasta","NZ_JBHFNI010000008.1",43525,44744,"+","exeF","1-1220/1221","===============","0/0",99.92,87.95,"vfdb","WP_016349337","(exeF) general secretion pathway protein F [Exe T2SS (VF0478) - Effector delivery system (VFC0086)] [Aeromonas hydrophila ML09-119]",NA,"Hv98-232"
"Hv98-232.fasta","NZ_JBHFNI010000008.1",44843,45274,"+","exeG","1-432/432","===============","0/0",100,91.2,"vfdb","WP_005308483","(exeG) general secretion pathway protein G [Exe T2SS (VF0478) - Effector delivery system (VFC0086)] [Aeromonas hydrophila ML09-119]",NA,"Hv98-232"
"Hv98-232.fasta","NZ_JBHFNI010000008.1",45336,45842,"+","exeH","12-518/552","===============","0/0",91.85,80.28,"vfdb","WP_016349339","(exeH) general secretion pathway protein H [Exe T2SS (VF0478) - Effector delivery system (VFC0086)] [Aeromonas hydrophila ML09-119]",NA,"Hv98-232"
"Hv98-232.fasta","NZ_JBHFNI010000008.1",45882,46241,"+","exeI","1-360/360","===============","0/0",100,86.11,"vfdb","WP_016349340","(exeI) general secretion pathway protein I [Exe T2SS (VF0478) - Effector delivery system (VFC0086)] [Aeromonas hydrophila ML09-119]",NA,"Hv98-232"
"Hv98-232.fasta","NZ_JBHFNI010000008.1",46274,46866,"+","exeJ","40-632/654","===============","0/0",90.67,89.04,"vfdb","WP_016349341","(exeJ) general secretion pathway protein J [Exe T2SS (VF0478) - Effector delivery system (VFC0086)] [Aeromonas hydrophila ML09-119]",NA,"Hv98-232"
"Hv98-232.fasta","NZ_JBHFNI010000008.1",48125,49309,"+","exeL","1-1185/1185","========/======","2/2",99.92,81.7,"vfdb","WP_016349343","(exeL) general secretion pathway protein L [Exe T2SS (VF0478) - Effector delivery system (VFC0086)] [Aeromonas hydrophila ML09-119]",NA,"Hv98-232"
"Hv98-232.fasta","NZ_JBHFNI010000008.1",49306,49797,"+","exeM","1-492/492","===============","0/0",100,82.93,"vfdb","WP_016349344","(exeM) general secretion pathway protein M [Exe T2SS (VF0478) - Effector delivery system (VFC0086)] [Aeromonas hydrophila ML09-119]",NA,"Hv98-232"
"Hv98-232.fasta","NZ_JBHFNI010000009.1",27620,28285,"-","ascL","1-666/666","===============","0/0",100,95.65,"vfdb","WP_005320812","(ascL) Type III secretion system C ring protein AscL [T3SS (VF0479) - Effector delivery system (VFC0086)] [Aeromonas salmonicida subsp. salmonicida A449]",NA,"Hv98-232"
"Hv98-232.fasta","NZ_JBHFNI010000009.1",28264,28890,"-","ascK","1-627/627","===============","0/0",100,91.71,"vfdb","WP_005320811","(ascK) Type III secretion system C ring protein AscK [T3SS (VF0479) - Effector delivery system (VFC0086)] [Aeromonas salmonicida subsp. salmonicida A449]",NA,"Hv98-232"
"Hv98-232.fasta","NZ_JBHFNI010000009.1",28887,29627,"-","ascJ","1-741/741","===============","0/0",100,96.76,"vfdb","WP_180975055","(ascJ) type III secretion system OM ring protein AscJ [T3SS (VF0479) - Effector delivery system (VFC0086)] [Aeromonas salmonicida subsp. salmonicida A449]",NA,"Hv98-232"
"Hv98-232.fasta","NZ_JBHFNI010000009.1",29634,29972,"-","ascI","1-339/339","===============","0/0",100,96.46,"vfdb","WP_005320806","(ascI) Type III secretion system inner rod protein AscI [T3SS (VF0479) - Effector delivery system (VFC0086)] [Aeromonas salmonicida subsp. salmonicida A449]",NA,"Hv98-232"
"Hv98-232.fasta","NZ_JBHFNI010000009.1",29972,30526,"-","ascH","1-555/555","===============","0/0",100,92.61,"vfdb","WP_005320804","(ascH) Type III secretion system protein AscH regulator needle assembling [T3SS (VF0479) - Effector delivery system (VFC0086)] [Aeromonas salmonicida subsp. salmonicida A449]",NA,"Hv98-232"
"Hv98-232.fasta","NZ_JBHFNI010000009.1",30523,30876,"-","ascG","1-354/354","===============","0/0",100,87.85,"vfdb","WP_005320802","(ascG) chaperone protein [T3SS (VF0479) - Effector delivery system (VFC0086)] [Aeromonas salmonicida subsp. salmonicida A449]",NA,"Hv98-232"
"Hv98-232.fasta","NZ_JBHFNI010000009.1",30876,31133,"-","ascF","1-258/258","===============","0/0",100,94.19,"vfdb","WP_005320800","(ascF) Type III secretion system needle complex subunit AscF [T3SS (VF0479) - Effector delivery system (VFC0086)] [Aeromonas salmonicida subsp. salmonicida A449]",NA,"Hv98-232"
"Hv98-232.fasta","NZ_JBHFNI010000009.1",31126,31338,"-","ascE","1-213/213","===============","0/0",100,95.78,"vfdb","WP_005320797","(ascE) chaperone protein [T3SS (VF0479) - Effector delivery system (VFC0086)] [Aeromonas salmonicida subsp. salmonicida A449]",NA,"Hv98-232"
"Hv98-232.fasta","NZ_JBHFNI010000009.1",31301,32605,"-","ascD","1-1305/1305","===============","0/0",100,96.78,"vfdb","WP_005320795","(ascD) Type III secretion system OM ring protein AscD [T3SS (VF0479) - Effector delivery system (VFC0086)] [Aeromonas salmonicida subsp. salmonicida A449]",NA,"Hv98-232"
"Hv98-232.fasta","NZ_JBHFNI010000009.1",32602,34455,"-","ascC","1-1854/1854","===============","0/0",100,95.95,"vfdb","WP_011899438","(ascC) Type III secretion system OM ring protein AscC [T3SS (VF0479) - Effector delivery system (VFC0086)] [Aeromonas salmonicida subsp. salmonicida A449]",NA,"Hv98-232"
"Hv98-232.fasta","NZ_JBHFNI010000009.1",34428,34853,"-","ascB","1-426/426","===============","0/0",100,96.71,"vfdb","WP_011899439","(ascB) chaperone protein [T3SS (VF0479) - Effector delivery system (VFC0086)] [Aeromonas salmonicida subsp. salmonicida A449]",NA,"Hv98-232"
"Hv98-232.fasta","NZ_JBHFNI010000009.1",34869,35684,"-","exsD","1-816/816","===============","0/0",100,96.45,"vfdb","WP_005320790","(exsD) Type III secretion system protein ExsD [T3SS (VF0479) - Effector delivery system (VFC0086)] [Aeromonas salmonicida subsp. salmonicida A449]",NA,"Hv98-232"
"Hv98-232.fasta","NZ_JBHFNI010000009.1",35804,36586,"-","exsA","1-783/783","===============","0/0",100,97.7,"vfdb","WP_192914500","(exsA) Type III secretion system transcriptional regulator [T3SS (VF0479) - Effector delivery system (VFC0086)] [Aeromonas salmonicida subsp. salmonicida A449]",NA,"Hv98-232"
"Hv98-232.fasta","NZ_JBHFNI010000009.1",36965,37365,"-","exsB","1-401/402","===============","0/0",99.75,95.26,"vfdb","WP_011899440","(exsB) type III secretion system OM ring protein ExsB [T3SS (VF0479) - Effector delivery system (VFC0086)] [Aeromonas salmonicida subsp. salmonicida A449]",NA,"Hv98-232"
"Hv98-232.fasta","NZ_JBHFNI010000009.1",37362,37595,"-","exsE","1-234/234","===============","0/0",100,91.45,"vfdb","WP_005320785","(exsE) Type III secretion system regulator [T3SS (VF0479) - Effector delivery system (VFC0086)] [Aeromonas salmonicida subsp. salmonicida A449]",NA,"Hv98-232"
"Hv98-232.fasta","NZ_JBHFNI010000009.1",37598,38041,"-","exsC","1-444/444","===============","0/0",100,95.72,"vfdb","WP_005320783","(exsC) chaperone protein [T3SS (VF0479) - Effector delivery system (VFC0086)] [Aeromonas salmonicida subsp. salmonicida A449]",NA,"Hv98-232"
"Hv98-232.fasta","NZ_JBHFNI010000009.1",38177,39073,"-","aopD","1-897/897","===============","0/0",100,87.96,"vfdb","WP_005320781","(aopD) Type III secretion system translocator AopD [T3SS (VF0479) - Effector delivery system (VFC0086)] [Aeromonas salmonicida subsp. salmonicida A449]",NA,"Hv98-232"
"Hv98-232.fasta","NZ_JBHFNI010000009.1",39086,40258,"-","aopB","1-1194/1194","========/======","1/21",98.24,87.44,"vfdb","WP_005320780","(aopB) Type III secretion system translocator AopB [T3SS (VF0479) - Effector delivery system (VFC0086)] [Aeromonas salmonicida subsp. salmonicida A449]",NA,"Hv98-232"
"Hv98-232.fasta","NZ_JBHFNI010000009.1",40239,40742,"-","acrH","1-504/504","===============","0/0",100,95.64,"vfdb","WP_005320778","(acrH) chaperon protein for AopB/AopD [T3SS (VF0479) - Effector delivery system (VFC0086)] [Aeromonas salmonicida subsp. salmonicida A449]",NA,"Hv98-232"
"Hv98-232.fasta","NZ_JBHFNI010000009.1",40752,41837,"-","acrV","1-1086/1086","===============","0/0",100,91.9,"vfdb","WP_005320777","(acrV) Type III secretion system tip translocon AcrV  [T3SS (VF0479) - Effector delivery system (VFC0086)] [Aeromonas salmonicida subsp. salmonicida A449]",NA,"Hv98-232"
"Hv98-232.fasta","NZ_JBHFNI010000009.1",41847,42131,"-","acrG","1-285/285","===============","0/0",100,94.39,"vfdb","WP_005320774","(acrG) Type III secretion system protein LcrG-like [T3SS (VF0479) - Effector delivery system (VFC0086)] [Aeromonas salmonicida subsp. salmonicida A449]",NA,"Hv98-232"
"Hv98-232.fasta","NZ_JBHFNI010000009.1",42171,42626,"-","acrR","1-456/456","===============","0/0",100,93.2,"vfdb","WP_005320772","(acrR) Type III secretion system regulator LcrR-like [T3SS (VF0479) - Effector delivery system (VFC0086)] [Aeromonas salmonicida subsp. salmonicida A449]",NA,"Hv98-232"
"Hv98-232.fasta","NZ_JBHFNI010000009.1",42623,44740,"-","ascV","1-2118/2118","===============","0/0",100,96.79,"vfdb","WP_005320770","(ascV) Type III secretion system inner membrane export apparatus protein AscV [T3SS (VF0479) - Effector delivery system (VFC0086)] [Aeromonas salmonicida subsp. salmonicida A449]",NA,"Hv98-232"
"Hv98-232.fasta","NZ_JBHFNI010000009.1",44721,45071,"-","ascY","1-351/351","===============","0/0",100,98.01,"vfdb","WP_005320768","(ascY) chaperone protein [T3SS (VF0479) - Effector delivery system (VFC0086)] [Aeromonas salmonicida subsp. salmonicida A449]",NA,"Hv98-232"
"Hv98-232.fasta","NZ_JBHFNI010000009.1",45068,45433,"-","ascX","1-366/366","===============","0/0",100,95.9,"vfdb","WP_005320766","(ascX) Unknown function chaperoned by AscY [T3SS (VF0479) - Effector delivery system (VFC0086)] [Aeromonas salmonicida subsp. salmonicida A449]",NA,"Hv98-232"
"Hv98-232.fasta","NZ_JBHFNI010000009.1",45430,45801,"-","acr2","1-372/372","===============","0/0",100,95.16,"vfdb","WP_005320764","(acr2) chaperone protein [T3SS (VF0479) - Effector delivery system (VFC0086)] [Aeromonas salmonicida subsp. salmonicida A449]",NA,"Hv98-232"
"Hv98-232.fasta","NZ_JBHFNI010000009.1",45798,46079,"-","acr1","1-282/282","===============","0/0",100,97.52,"vfdb","WP_005320760","(acr1) Type III secretion system gatekeeper subunit  [T3SS (VF0479) - Effector delivery system (VFC0086)] [Aeromonas salmonicida subsp. salmonicida A449]",NA,"Hv98-232"
"Hv98-232.fasta","NZ_JBHFNI010000009.1",46060,46938,"-","aopN","1-879/879","===============","0/0",100,96.13,"vfdb","WP_005320757","(aopN) AopN secretion control of translocators and immune suppressor [T3SS (VF0479) - Effector delivery system (VFC0086)] [Aeromonas salmonicida subsp. salmonicida A449]",NA,"Hv98-232"
"Hv98-232.fasta","NZ_JBHFNI010000009.1",47128,48450,"+","ascN","1-1323/1323","===============","0/0",100,96.14,"vfdb","WP_005320755","(ascN) Type III secretion system ATPase [T3SS (VF0479) - Effector delivery system (VFC0086)] [Aeromonas salmonicida subsp. salmonicida A449]",NA,"Hv98-232"
"Hv98-232.fasta","NZ_JBHFNI010000009.1",48447,48908,"+","ascO","1-462/462","===============","0/0",100,96.75,"vfdb","WP_005320751","(ascO) Type III secretion system protein AscO [T3SS (VF0479) - Effector delivery system (VFC0086)] [Aeromonas salmonicida subsp. salmonicida A449]",NA,"Hv98-232"
"Hv98-232.fasta","NZ_JBHFNI010000009.1",50105,51031,"+","ascQ","1-927/927","===============","0/0",100,92.56,"vfdb","WP_005320747","(ascQ) type III secretion system protein AscQ [T3SS (VF0479) - Effector delivery system (VFC0086)] [Aeromonas salmonicida subsp. salmonicida A449]",NA,"Hv98-232"
"Hv98-232.fasta","NZ_JBHFNI010000009.1",51028,51681,"+","ascR","1-654/654","===============","0/0",100,96.94,"vfdb","WP_005320745","(ascR) Type III secretion system inner membrane export apparatus protein AscR [T3SS (VF0479) - Effector delivery system (VFC0086)] [Aeromonas salmonicida subsp. salmonicida A449]",NA,"Hv98-232"
"Hv98-232.fasta","NZ_JBHFNI010000009.1",51683,51949,"+","ascS","1-267/267","===============","0/0",100,96.63,"vfdb","WP_005320743","(ascS) type III secretion system inner membrane export apparatus protein AscS [T3SS (VF0479) - Effector delivery system (VFC0086)] [Aeromonas salmonicida subsp. salmonicida A449]",NA,"Hv98-232"
"Hv98-232.fasta","NZ_JBHFNI010000009.1",51946,52734,"+","ascT","1-789/789","===============","0/0",100,96.32,"vfdb","WP_005320741","(ascT) Type III secretion system inner membrane export apparatus protein AscT [T3SS (VF0479) - Effector delivery system (VFC0086)] [Aeromonas salmonicida subsp. salmonicida A449]",NA,"Hv98-232"
"Hv98-232.fasta","NZ_JBHFNI010000009.1",52731,53789,"+","ascU","1-1059/1059","===============","0/0",100,96.69,"vfdb","WP_005320739","(ascU) Type III secretion system inner membrane export apparatus protein AscU [T3SS (VF0479) - Effector delivery system (VFC0086)] [Aeromonas salmonicida subsp. salmonicida A449]",NA,"Hv98-232"
"Hv98-232.fasta","NZ_JBHFNI010000009.1",53927,54877,"+","aopX","1-971/971","========/======","1/20",97.94,93.92,"vfdb","","(aopX) hypothetical protein [T3SS (VF0479) - Effector delivery system (VFC0086)] [Aeromonas salmonicida subsp. salmonicida A449]",NA,"Hv98-232"
"Hv98-232.fasta","NZ_JBHFNI010000009.1",54877,55200,"+","sycX","1-324/381","=============..","0/0",85.04,94.14,"vfdb","WP_005320736","(sycX) hypothetical protein [T3SS (VF0479) - Effector delivery system (VFC0086)] [Aeromonas salmonicida subsp. salmonicida A449]",NA,"Hv98-232"
"Hv98-232.fasta","NZ_JBHFNI010000009.1",111232,112026,"-","AHML_RS07540","1-795/795","===============","0/0",100,83.14,"vfdb","WP_011705294","(AHML_RS07540) CobQ/CobB/MinD/ParA family protein [Polar flagella (VF0473) - Motility (VFC0204)] [Aeromonas hydrophila ML09-119]",NA,"Hv98-232"
"Hv98-232.fasta","NZ_JBHFNI010000009.1",113694,114809,"-","cheB-2","1-1116/1116","========/======","2/2",99.91,81.83,"vfdb","WP_016350060","(cheB-2) chemotaxis-specific methylesterase [Polar flagella (VF0473) - Motility (VFC0204)] [Aeromonas hydrophila ML09-119]",NA,"Hv98-232"
"Hv98-232.fasta","NZ_JBHFNI010000009.1",117091,117831,"-","cheZ","1-741/741","===============","0/0",100,86.1,"vfdb","WP_011705289","(cheZ) chemotaxis protein CheZ [Polar flagella (VF0473) - Motility (VFC0204)] [Aeromonas hydrophila ML09-119]",NA,"Hv98-232"
"Hv98-232.fasta","NZ_JBHFNI010000009.1",117844,118227,"-","cheY","1-384/384","===============","0/0",100,87.5,"vfdb","WP_010634617","(cheY) chemotaxis protein CheY [Polar flagella (VF0473) - Motility (VFC0204)] [Aeromonas hydrophila ML09-119]",NA,"Hv98-232"
"Hv98-232.fasta","NZ_JBHFNI010000009.1",118339,119058,"-","fliA","1-720/720","========/======","2/2",99.86,83.36,"vfdb","WP_017409955","(fliA) flagellar biosynthesis sigma factor [Polar flagella (VF0473) - Motility (VFC0204)] [Aeromonas hydrophila ML09-119]",NA,"Hv98-232"
"Hv98-232.fasta","NZ_JBHFNI010000009.1",119051,119926,"-","flhG","1-876/876","===============","0/0",100,88.81,"vfdb","WP_010634619","(flhG) CobQ/CobB/MinD/ParA family protein [Polar flagella (VF0473) - Motility (VFC0204)] [Aeromonas hydrophila ML09-119]",NA,"Hv98-232"
"Hv98-232.fasta","NZ_JBHFNI010000009.1",119928,121343,"-","flhF","1-1422/1422","========/======","8/18",99.16,88.23,"vfdb","WP_016350057","(flhF) flagellar biosynthesis protein FlhF [Polar flagella (VF0473) - Motility (VFC0204)] [Aeromonas hydrophila ML09-119]",NA,"Hv98-232"
"Hv98-232.fasta","NZ_JBHFNI010000009.1",121360,123462,"-","flhA","1-2103/2103","===============","0/0",100,87.49,"vfdb","WP_016350056","(flhA) flagellar biosynthesis protein FlhA [Polar flagella (VF0473) - Motility (VFC0204)] [Aeromonas hydrophila ML09-119]",NA,"Hv98-232"
"Hv98-232.fasta","NZ_JBHFNI010000009.1",123570,124700,"-","flhB","1-1131/1131","===============","0/0",100,85.68,"vfdb","WP_016350055","(flhB) flagellar biosynthetic protein FlhB [Polar flagella (VF0473) - Motility (VFC0204)] [Aeromonas hydrophila ML09-119]",NA,"Hv98-232"
"Hv98-232.fasta","NZ_JBHFNI010000009.1",124705,125490,"-","fliR","1-786/792","===============","0/0",99.24,82.7,"vfdb","WP_011705283","(fliR) flagellar biosynthesis protein FliR [Polar flagella (VF0473) - Motility (VFC0204)] [Aeromonas hydrophila ML09-119]",NA,"Hv98-232"
"Hv98-232.fasta","NZ_JBHFNI010000009.1",125487,125756,"-","fliQ","1-270/270","===============","0/0",100,87.78,"vfdb","WP_011705282","(fliQ) flagellar biosynthetic protein FliQ [Polar flagella (VF0473) - Motility (VFC0204)] [Aeromonas hydrophila ML09-119]",NA,"Hv98-232"
"Hv98-232.fasta","NZ_JBHFNI010000009.1",125785,126555,"-","fliP","1-774/780","========/======","2/5",98.72,86.45,"vfdb","WP_016350054","(fliP) flagellar biosynthesis protein FliP [Polar flagella (VF0473) - Motility (VFC0204)] [Aeromonas hydrophila ML09-119]",NA,"Hv98-232"
"Hv98-232.fasta","NZ_JBHFNI010000009.1",126542,126862,"-","fliO","64-384/384","..=============","0/0",83.59,86.92,"vfdb","WP_005298795","(fliO) flagellar biosynthesis protein FliO [Polar flagella (VF0473) - Motility (VFC0204)] [Aeromonas hydrophila ML09-119]",NA,"Hv98-232"
"Hv98-232.fasta","NZ_JBHFNI010000009.1",126919,127311,"-","fliN","1-393/393","===============","0/0",100,89.57,"vfdb","WP_011705280","(fliN) flagellar motor switch protein FliN [Polar flagella (VF0473) - Motility (VFC0204)] [Aeromonas hydrophila ML09-119]",NA,"Hv98-232"
"Hv98-232.fasta","NZ_JBHFNI010000009.1",127361,128431,"-","fliM","1-1071/1071","===============","0/0",100,90.94,"vfdb","WP_011705279","(fliM) flagellar motor switch protein FliM [Polar flagella (VF0473) - Motility (VFC0204)] [Aeromonas hydrophila ML09-119]",NA,"Hv98-232"
"Hv98-232.fasta","NZ_JBHFNI010000009.1",128440,128954,"-","fliL","1-518/519","========/======","1/3",99.23,85.33,"vfdb","WP_011705278","(fliL) flagellar basal body-associated protein FliL [Polar flagella (VF0473) - Motility (VFC0204)] [Aeromonas hydrophila ML09-119]",NA,"Hv98-232"
"Hv98-232.fasta","NZ_JBHFNI010000009.1",131008,131448,"-","fliJ","1-441/441","===============","0/0",100,86.17,"vfdb","WP_011705276","(fliJ) flagellar export protein FliJ [Polar flagella (VF0473) - Motility (VFC0204)] [Aeromonas hydrophila ML09-119]",NA,"Hv98-232"
"Hv98-232.fasta","NZ_JBHFNI010000009.1",131476,132807,"-","fliI","1-1332/1332","===============","0/0",100,88.89,"vfdb","WP_011705275","(fliI) flagellum-specific ATP synthase [Polar flagella (VF0473) - Motility (VFC0204)] [Aeromonas hydrophila ML09-119]",NA,"Hv98-232"
"Hv98-232.fasta","NZ_JBHFNI010000009.1",132890,133681,"-","fliH","7-792/807","========/======","4/12",97.03,81.13,"vfdb","WP_016350051","(fliH) flagellar assembly protein FliH [Polar flagella (VF0473) - Motility (VFC0204)] [Aeromonas hydrophila ML09-119]",NA,"Hv98-232"
"Hv98-232.fasta","NZ_JBHFNI010000009.1",133755,134814,"-","fliG","1-1060/1062","===============","0/0",99.81,93.49,"vfdb","WP_011705273","(fliG) flagellar motor switch protein G [Polar flagella (VF0473) - Motility (VFC0204)] [Aeromonas hydrophila ML09-119]",NA,"Hv98-232"
"Hv98-232.fasta","NZ_JBHFNI010000009.1",134807,136516,"-","fliF","1-1713/1713","========/======","1/3",99.82,87.04,"vfdb","WP_016350050","(fliF) flagellar MS-ring protein [Polar flagella (VF0473) - Motility (VFC0204)] [Aeromonas hydrophila ML09-119]",NA,"Hv98-232"
"Hv98-232.fasta","NZ_JBHFNI010000009.1",136579,136896,"-","fliE","1-318/318","===============","0/0",100,89.62,"vfdb","WP_011705271","(fliE) flagellar hook-basal body complex protein FliE [Polar flagella (VF0473) - Motility (VFC0204)] [Aeromonas hydrophila ML09-119]",NA,"Hv98-232"
"Hv98-232.fasta","NZ_JBHFNI010000012.1",185989,186737,"+","pomA2","1-749/759","===============","0/0",98.68,83.58,"vfdb","WP_011707085","(pomA2) chemotaxis protein PomA [Polar flagella (VF0473) - Motility (VFC0204)] [Aeromonas hydrophila ML09-119]",NA,"Hv98-232"
"Hv98-232.fasta","NZ_JBHFNI010000012.1",186762,187624,"+","pomB2","10-878/900","========/======","2/6",95.89,82.51,"vfdb","WP_016351724","(pomB2) flagellar motor protein MotB [Polar flagella (VF0473) - Motility (VFC0204)] [Aeromonas hydrophila ML09-119]",NA,"Hv98-232"
"Hv98-232.fasta","NZ_JBHFNI010000016.1",104073,104691,"-","mshB","52-670/672",".==============","0/0",92.11,85.62,"vfdb","WP_043118279","(mshB) MSHA (mannose-sensitive hemagglutinin) pili minor prepilin protein MshB [MSHA type IV pili (VF0477) - Adherence (VFC0001)] [Aeromonas hydrophila ML09-119]",NA,"Hv98-232"
"Hv98-232.fasta","NZ_JBHFNI010000016.1",105370,106582,"-","mshG","9-1221/1221","===============","0/0",99.34,88.05,"vfdb","WP_016349160","(mshG) MSHA (mannose-sensitive hemagglutinin) pili biogenesis protein MshG GspF-like [MSHA type IV pili (VF0477) - Adherence (VFC0001)] [Aeromonas hydrophila ML09-119]",NA,"Hv98-232"
"Hv98-232.fasta","NZ_JBHFNI010000016.1",106594,108303,"-","mshE","1-1710/1710","===============","0/0",100,89.77,"vfdb","WP_043118275","(mshE) ATPase protein MshE GspE-like [MSHA type IV pili (VF0477) - Adherence (VFC0001)] [Aeromonas hydrophila ML09-119]",NA,"Hv98-232"
"Hv98-232.fasta","NZ_JBHFNI010000016.1",109469,110359,"-","mshM","1-891/891","===============","0/0",100,87.54,"vfdb","WP_016349157","(mshM) membrane protein with ATPase domain GspA-like [MSHA type IV pili (VF0477) - Adherence (VFC0001)] [Aeromonas hydrophila ML09-119]",NA,"Hv98-232"
"Hv98-232.fasta","NZ_JBHFNI010000016.1",110452,112125,"-","mshL","1-1674/1674","========/======","11/34",98.98,82.32,"vfdb","WP_016349156","(mshL) MSHA (mannose-sensitive hemagglutinin) pili biogenesis protein MshL outer membrane secretin GspD-like [MSHA type IV pili (VF0477) - Adherence (VFC0001)] [Aeromonas hydrophila ML09-119]",NA,"Hv98-232"
"Hv98-232.fasta","NZ_JBHFNI010000016.1",113165,113758,"-","mshI1","1-594/594","========/======","4/4",99.66,80.54,"vfdb","WP_016349153","(mshI1) MSHA (mannose-sensitive hemagglutinin) pili biogenesis protein MshI1 bitopic inner membrane protein [MSHA type IV pili (VF0477) - Adherence (VFC0001)] [Aeromonas hydrophila ML09-119]",NA,"Hv98-232"
"Hv98-232.fasta","NZ_JBHFNI010000016.1",113758,114621,"-","mshI","1-864/864","===============","0/0",100,84.03,"vfdb","WP_016349152","(mshI) MSHA (mannose-sensitive hemagglutinin) pili biogenesis protein MshI bitopic inner membrane protein [MSHA type IV pili (VF0477) - Adherence (VFC0001)] [Aeromonas hydrophila ML09-119]",NA,"Hv98-232"
"Hv98-232.fasta","NZ_JBHFNI010000018.1",3919,4968,"-","flgJ","1-1053/1092","========/======","10/29",94.96,80.21,"vfdb","WP_016351320","(flgJ) flagellar rod assembly protein/muramidase FlgJ [Polar flagella (VF0473) - Motility (VFC0204)] [Aeromonas hydrophila ML09-119]",NA,"Hv98-232"
"Hv98-232.fasta","NZ_JBHFNI010000018.1",5012,6109,"-","flgI","1-1098/1098","===============","0/0",100,86.7,"vfdb","WP_011706637","(flgI) flagellar basal body P-ring protein [Polar flagella (VF0473) - Motility (VFC0204)] [Aeromonas hydrophila ML09-119]",NA,"Hv98-232"
"Hv98-232.fasta","NZ_JBHFNI010000018.1",6118,6789,"-","flgH","1-672/672","===============","0/0",100,85.86,"vfdb","WP_011706638","(flgH) flagellar basal body L-ring protein [Polar flagella (VF0473) - Motility (VFC0204)] [Aeromonas hydrophila ML09-119]",NA,"Hv98-232"
"Hv98-232.fasta","NZ_JBHFNI010000018.1",6804,7592,"-","flgG","1-789/789","===============","0/0",100,86.56,"vfdb","WP_011706639","(flgG) flagellar basal body rod protein FlgG [Polar flagella (VF0473) - Motility (VFC0204)] [Aeromonas hydrophila ML09-119]",NA,"Hv98-232"
"Hv98-232.fasta","NZ_JBHFNI010000018.1",7607,8353,"-","flgF","1-747/747","===============","0/0",100,85.41,"vfdb","WP_011706640","(flgF) flagellar basal-body rod protein FlgF [Polar flagella (VF0473) - Motility (VFC0204)] [Aeromonas hydrophila ML09-119]",NA,"Hv98-232"
"Hv98-232.fasta","NZ_JBHFNI010000018.1",10599,11018,"-","flgC","1-420/420","===============","0/0",100,90,"vfdb","WP_011706643","(flgC) flagellar basal body rod protein FlgC [Polar flagella (VF0473) - Motility (VFC0204)] [Aeromonas hydrophila ML09-119]",NA,"Hv98-232"
"Hv98-232.fasta","NZ_JBHFNI010000018.1",11018,11416,"-","flgB","1-399/399","========/======","2/6",99.25,80.6,"vfdb","WP_011706644","(flgB) flagellar basal-body rod protein FlgB [Polar flagella (VF0473) - Motility (VFC0204)] [Aeromonas hydrophila ML09-119]",NA,"Hv98-232"
"Hv98-232.fasta","NZ_JBHFNI010000018.1",11714,12536,"-","cheR-3","1-823/825","===============","0/0",99.76,85.91,"vfdb","WP_011706645","(cheR-3) chemotaxis protein CheR [Polar flagella (VF0473) - Motility (VFC0204)] [Aeromonas hydrophila ML09-119]",NA,"Hv98-232"
"Hv98-232.fasta","NZ_JBHFNI010000018.1",12554,13465,"-","cheV","1-912/912","===============","0/0",100,86.08,"vfdb","WP_011706646","(cheV) CheV [Polar flagella (VF0473) - Motility (VFC0204)] [Aeromonas hydrophila ML09-119]",NA,"Hv98-232"
"Hv98-232.fasta","NZ_JBHFNI010000021.1",79324,81030,"+","tapB","1-1707/1707","===============","0/0",100,86.82,"vfdb","WP_016352168","(tapB) type IV pilus assembly ATPase PilB-like [Tap type IV pili (VF0475) - Adherence (VFC0001)] [Aeromonas hydrophila ML09-119]",NA,"Hv98-232"
"Hv98-232.fasta","NZ_JBHFNI010000021.1",81271,82496,"+","tapC","1-1226/1242","===============","0/0",98.71,86.46,"vfdb","WP_016352169","(tapC) type IV fimbrial assembly protein PilC-like [Tap type IV pili (VF0475) - Adherence (VFC0001)] [Aeromonas hydrophila ML09-119]",NA,"Hv98-232"
"Hv98-232.fasta","NZ_JBHFNI010000021.1",82597,83431,"+","tapD/pilD","24-858/873","========/======","2/2",95.53,83.37,"vfdb","WP_016352170","(tapD/pilD) prepilin peptidase [Tap type IV pili (VF0475) - Adherence (VFC0001)] [Aeromonas hydrophila ML09-119]",NA,"Hv98-232"
"Hv98-232.fasta","NZ_JBHFNI010000021.1",109178,110035,"-","lafT","1-858/858","========/======","2/2",99.88,84.75,"vfdb","WP_005314215","(lafT) LafT flagella motor stator protein [Lateral flagella (VF0474) - Motility (VFC0204)] [Aeromonas salmonicida subsp. salmonicida A449]",NA,"Hv98-232"
"Hv98-232.fasta","NZ_JBHFNI010000021.1",112856,113248,"-","lafC","1-393/393","===============","0/0",100,80.66,"vfdb","WP_005314225","(lafC) LafC flagellar export chaperone [Lateral flagella (VF0474) - Motility (VFC0204)] [Aeromonas salmonicida subsp. salmonicida A449]",NA,"Hv98-232"
"Hv98-232.fasta","NZ_JBHFNI010000021.1",113304,114578,"-","lafB","1-1275/1284","===============","0/0",99.3,83.14,"vfdb","WP_005314227","(lafB) flagellar hook associated protein LafB [Lateral flagella (VF0474) - Motility (VFC0204)] [Aeromonas salmonicida subsp. salmonicida A449]",NA,"Hv98-232"
"Hv98-232.fasta","NZ_JBHFNI010000021.1",115981,118324,"-","maf-5","1-2340/2340","========/======","5/10",99.87,80.74,"vfdb","WP_005314247","(maf-5) modification accessory factor [Lateral flagella (VF0474) - Motility (VFC0204)] [Aeromonas salmonicida subsp. salmonicida A449]",NA,"Hv98-232"
"Hv98-232.fasta","NZ_JBHFNI010000021.1",119271,120590,"-","lfgK","1-1320/1320","===============","0/0",100,82.2,"vfdb","WP_005314250","(lfgK) lateral flagellar hook-associated protein [Lateral flagella (VF0474) - Motility (VFC0204)] [Aeromonas salmonicida subsp. salmonicida A449]",NA,"Hv98-232"
"Hv98-232.fasta","NZ_JBHFNI010000021.1",120590,120988,"-","flgJ","1-399/399","===============","0/0",100,80.7,"vfdb","WP_005314251","(flgJ) peptidoglycan hydrolase [Lateral flagella (VF0474) - Motility (VFC0204)] [Aeromonas salmonicida subsp. salmonicida A449]",NA,"Hv98-232"
"Hv98-232.fasta","NZ_JBHFNI010000021.1",120997,122103,"-","flgI","1-1107/1107","===============","0/0",100,81.03,"vfdb","WP_005314254","(flgI) flagellar basal body P-ring protein [Lateral flagella (VF0474) - Motility (VFC0204)] [Aeromonas salmonicida subsp. salmonicida A449]",NA,"Hv98-232"
"Hv98-232.fasta","NZ_JBHFNI010000021.1",122112,122783,"-","lfgH","1-672/672","===============","0/0",100,81.84,"vfdb","WP_005314257","(lfgH) lateral flagellar L-ring protein LfgH [Lateral flagella (VF0474) - Motility (VFC0204)] [Aeromonas salmonicida subsp. salmonicida A449]",NA,"Hv98-232"
"Hv98-232.fasta","NZ_JBHFNI010000021.1",122785,123568,"-","lfgG","1-784/786","===============","0/0",99.75,82.65,"vfdb","WP_005314259","(lfgG) lateral flagellar basal-body rod protein LfgG [Lateral flagella (VF0474) - Motility (VFC0204)] [Aeromonas salmonicida subsp. salmonicida A449]",NA,"Hv98-232"
"Hv98-232.fasta","NZ_JBHFNI010000021.1",123651,124381,"-","lfgF","1-731/735","===============","0/0",99.46,82.49,"vfdb","WP_005314261","(lfgF) lateral flagellar basal-body rod protein LfgF [Lateral flagella (VF0474) - Motility (VFC0204)] [Aeromonas salmonicida subsp. salmonicida A449]",NA,"Hv98-232"
"Hv98-232.fasta","NZ_JBHFNI010000021.1",126319,126739,"-","flgC","1-421/426","===============","0/0",98.83,82.19,"vfdb","WP_005314270","(flgC) flagellar basal body rod protein FlgC [Lateral flagella (VF0474) - Motility (VFC0204)] [Aeromonas salmonicida subsp. salmonicida A449]",NA,"Hv98-232"
"Hv98-232.fasta","NZ_JBHFNI010000021.1",126742,127131,"-","lfgB","1-390/390","===============","0/0",100,84.1,"vfdb","WP_005314272","(lfgB) lateral flagellar basal body protein LfgB [Lateral flagella (VF0474) - Motility (VFC0204)] [Aeromonas salmonicida subsp. salmonicida A449]",NA,"Hv98-232"
"Hv98-232.fasta","NZ_JBHFNI010000021.1",131236,132264,"-","fliG","1-1029/1029","===============","0/0",100,84.35,"vfdb","WP_005314289","(fliG) flagellar motor switch protein G [Lateral flagella (VF0474) - Motility (VFC0204)] [Aeromonas salmonicida subsp. salmonicida A449]",NA,"Hv98-232"
"Hv98-232.fasta","NZ_JBHFNI010000021.1",134011,134337,"-","lfiE","1-327/327","===============","0/0",100,83.79,"vfdb","WP_005314292","(lfiE) lateral flagellar hook basal body protein LfiE [Lateral flagella (VF0474) - Motility (VFC0204)] [Aeromonas salmonicida subsp. salmonicida A449]",NA,"Hv98-232"
"Hv98-232.fasta","NZ_JBHFNI010000021.1",136149,138214,"-","lfhA","1-2066/2076","===============","0/0",99.52,82.04,"vfdb","WP_005314296","(lfhA) lateral flagellar biosynthesis protein [Lateral flagella (VF0474) - Motility (VFC0204)] [Aeromonas salmonicida subsp. salmonicida A449]",NA,"Hv98-232"
"Hv98-232.fasta","NZ_JBHFNI010000021.1",138218,139354,"-","lfhB","1-1137/1137","===============","0/0",100,81.53,"vfdb","WP_005314298","(lfhB) lateral flagellar biosynthetic protein LfhB [Lateral flagella (VF0474) - Motility (VFC0204)] [Aeromonas salmonicida subsp. salmonicida A449]",NA,"Hv98-232"
"Hv98-232.fasta","NZ_JBHFNI010000021.1",140130,140398,"-","lfiQ","2-270/270","===============","0/0",99.63,80.3,"vfdb","WP_005314303","(lfiQ) lateral flagellar biosynthetic protein LfiQ [Lateral flagella (VF0474) - Motility (VFC0204)] [Aeromonas salmonicida subsp. salmonicida A449]",NA,"Hv98-232"
"Hv98-232.fasta","NZ_JBHFNI010000021.1",140401,141135,"-","fliP","1-735/735","===============","0/0",100,80.82,"vfdb","WP_005314307","(fliP) flagellar biosynthesis protein FliP [Lateral flagella (VF0474) - Motility (VFC0204)] [Aeromonas salmonicida subsp. salmonicida A449]",NA,"Hv98-232"
"Hv98-232.fasta","NZ_JBHFNI010000021.1",141135,141512,"-","lfiN","1-378/378","===============","0/0",100,85.98,"vfdb","WP_005314315","(lfiN) lateral flagellar motor switch protein lfiN [Lateral flagella (VF0474) - Motility (VFC0204)] [Aeromonas salmonicida subsp. salmonicida A449]",NA,"Hv98-232"
"Hv98-232.fasta","NZ_JBHFNI010000033.1",29721,30455,"-","flmH","1-735/735","===============","0/0",100,90.2,"vfdb","WP_005300916","(flmH) short chain dehydrogenase/reductase family oxidoreductase [Polar flagella (VF0473) - Motility (VFC0204)] [Aeromonas hydrophila ML09-119]",NA,"Hv98-232"
"Hv98-232.fasta","NZ_JBHFNI010000048.1",117,635,"+","hcp","1-519/519","===============","0/0",100,94.61,"vfdb","WP_011705706","(hcp) hemolysin co-regulated protein [T6SS (VF0480) - Effector delivery system (VFC0086)] [Aeromonas hydrophila subsp. hydrophila ATCC 7966]",NA,"Hv98-232"
"Hv98-241.fasta","NZ_JBHFNG010000002.1",82522,83270,"+","pomA2","1-749/759","===============","0/0",98.68,83.84,"vfdb","WP_011707085","(pomA2) chemotaxis protein PomA [Polar flagella (VF0473) - Motility (VFC0204)] [Aeromonas hydrophila ML09-119]",NA,"Hv98-241"
"Hv98-241.fasta","NZ_JBHFNG010000002.1",83295,84157,"+","pomB2","10-878/900","========/======","2/6",95.89,82.74,"vfdb","WP_016351724","(pomB2) flagellar motor protein MotB [Polar flagella (VF0473) - Motility (VFC0204)] [Aeromonas hydrophila ML09-119]",NA,"Hv98-241"
"Hv98-241.fasta","NZ_JBHFNG010000006.1",163233,163610,"+","lfiN","1-378/378","===============","0/0",100,85.45,"vfdb","WP_005314315","(lfiN) lateral flagellar motor switch protein lfiN [Lateral flagella (VF0474) - Motility (VFC0204)] [Aeromonas salmonicida subsp. salmonicida A449]",NA,"Hv98-241"
"Hv98-241.fasta","NZ_JBHFNG010000006.1",163610,164344,"+","fliP","1-735/735","===============","0/0",100,80.41,"vfdb","WP_005314307","(fliP) flagellar biosynthesis protein FliP [Lateral flagella (VF0474) - Motility (VFC0204)] [Aeromonas salmonicida subsp. salmonicida A449]",NA,"Hv98-241"
"Hv98-241.fasta","NZ_JBHFNG010000006.1",164347,164615,"+","lfiQ","2-270/270","===============","0/0",99.63,80.67,"vfdb","WP_005314303","(lfiQ) lateral flagellar biosynthetic protein LfiQ [Lateral flagella (VF0474) - Motility (VFC0204)] [Aeromonas salmonicida subsp. salmonicida A449]",NA,"Hv98-241"
"Hv98-241.fasta","NZ_JBHFNG010000006.1",165391,166527,"+","lfhB","1-1137/1137","===============","0/0",100,81.53,"vfdb","WP_005314298","(lfhB) lateral flagellar biosynthetic protein LfhB [Lateral flagella (VF0474) - Motility (VFC0204)] [Aeromonas salmonicida subsp. salmonicida A449]",NA,"Hv98-241"
"Hv98-241.fasta","NZ_JBHFNG010000006.1",166531,168596,"+","lfhA","1-2066/2076","===============","0/0",99.52,81.8,"vfdb","WP_005314296","(lfhA) lateral flagellar biosynthesis protein [Lateral flagella (VF0474) - Motility (VFC0204)] [Aeromonas salmonicida subsp. salmonicida A449]",NA,"Hv98-241"
"Hv98-241.fasta","NZ_JBHFNG010000006.1",170408,170734,"+","lfiE","1-327/327","===============","0/0",100,83.79,"vfdb","WP_005314292","(lfiE) lateral flagellar hook basal body protein LfiE [Lateral flagella (VF0474) - Motility (VFC0204)] [Aeromonas salmonicida subsp. salmonicida A449]",NA,"Hv98-241"
"Hv98-241.fasta","NZ_JBHFNG010000006.1",172481,173509,"+","fliG","1-1029/1029","===============","0/0",100,84.26,"vfdb","WP_005314289","(fliG) flagellar motor switch protein G [Lateral flagella (VF0474) - Motility (VFC0204)] [Aeromonas salmonicida subsp. salmonicida A449]",NA,"Hv98-241"
"Hv98-241.fasta","NZ_JBHFNG010000006.1",177613,178002,"+","lfgB","1-390/390","===============","0/0",100,83.85,"vfdb","WP_005314272","(lfgB) lateral flagellar basal body protein LfgB [Lateral flagella (VF0474) - Motility (VFC0204)] [Aeromonas salmonicida subsp. salmonicida A449]",NA,"Hv98-241"
"Hv98-241.fasta","NZ_JBHFNG010000006.1",178005,178425,"+","flgC","1-421/426","===============","0/0",98.83,82.42,"vfdb","WP_005314270","(flgC) flagellar basal body rod protein FlgC [Lateral flagella (VF0474) - Motility (VFC0204)] [Aeromonas salmonicida subsp. salmonicida A449]",NA,"Hv98-241"
"Hv98-241.fasta","NZ_JBHFNG010000006.1",180363,181093,"+","lfgF","1-731/735","===============","0/0",99.46,82.35,"vfdb","WP_005314261","(lfgF) lateral flagellar basal-body rod protein LfgF [Lateral flagella (VF0474) - Motility (VFC0204)] [Aeromonas salmonicida subsp. salmonicida A449]",NA,"Hv98-241"
"Hv98-241.fasta","NZ_JBHFNG010000006.1",181176,181959,"+","lfgG","1-784/786","===============","0/0",99.75,83.16,"vfdb","WP_005314259","(lfgG) lateral flagellar basal-body rod protein LfgG [Lateral flagella (VF0474) - Motility (VFC0204)] [Aeromonas salmonicida subsp. salmonicida A449]",NA,"Hv98-241"
"Hv98-241.fasta","NZ_JBHFNG010000006.1",181961,182632,"+","lfgH","1-672/672","===============","0/0",100,81.84,"vfdb","WP_005314257","(lfgH) lateral flagellar L-ring protein LfgH [Lateral flagella (VF0474) - Motility (VFC0204)] [Aeromonas salmonicida subsp. salmonicida A449]",NA,"Hv98-241"
"Hv98-241.fasta","NZ_JBHFNG010000006.1",182641,183747,"+","flgI","1-1107/1107","===============","0/0",100,81.03,"vfdb","WP_005314254","(flgI) flagellar basal body P-ring protein [Lateral flagella (VF0474) - Motility (VFC0204)] [Aeromonas salmonicida subsp. salmonicida A449]",NA,"Hv98-241"
"Hv98-241.fasta","NZ_JBHFNG010000006.1",183756,184154,"+","flgJ","1-399/399","===============","0/0",100,80.45,"vfdb","WP_005314251","(flgJ) peptidoglycan hydrolase [Lateral flagella (VF0474) - Motility (VFC0204)] [Aeromonas salmonicida subsp. salmonicida A449]",NA,"Hv98-241"
"Hv98-241.fasta","NZ_JBHFNG010000006.1",184154,185473,"+","lfgK","1-1320/1320","===============","0/0",100,82.2,"vfdb","WP_005314250","(lfgK) lateral flagellar hook-associated protein [Lateral flagella (VF0474) - Motility (VFC0204)] [Aeromonas salmonicida subsp. salmonicida A449]",NA,"Hv98-241"
"Hv98-241.fasta","NZ_JBHFNG010000017.1",109009,110146,"-","tapW","1-1138/1140","===============","0/0",99.82,90.33,"vfdb","WP_011706550","(tapW) twitching ATPase [Tap type IV pili (VF0475) - Adherence (VFC0001)] [Aeromonas hydrophila ML09-119]",NA,"Hv98-241"
"Hv98-241.fasta","NZ_JBHFNG010000017.1",134105,134978,"+","motY","1-874/876","===============","0/0",99.77,87.76,"vfdb","WP_024944879","(motY) sodium-type flagellar protein MotY [Polar flagella (VF0473) - Motility (VFC0204)] [Aeromonas hydrophila ML09-119]",NA,"Hv98-241"
"Hv98-241.fasta","NZ_JBHFNG010000017.1",189543,190292,"+","nueA","1-762/762","========/======","2/12",98.43,88.32,"vfdb","WP_016351249","(nueA) NeuA protein [Polar flagella (VF0473) - Motility (VFC0204)] [Aeromonas hydrophila ML09-119]",NA,"Hv98-241"
"Hv98-241.fasta","NZ_JBHFNG010000024.1",11364,12029,"-","ascL","1-666/666","===============","0/0",100,95.8,"vfdb","WP_005320812","(ascL) Type III secretion system C ring protein AscL [T3SS (VF0479) - Effector delivery system (VFC0086)] [Aeromonas salmonicida subsp. salmonicida A449]",NA,"Hv98-241"
"Hv98-241.fasta","NZ_JBHFNG010000024.1",12008,12634,"-","ascK","1-627/627","===============","0/0",100,93.62,"vfdb","WP_005320811","(ascK) Type III secretion system C ring protein AscK [T3SS (VF0479) - Effector delivery system (VFC0086)] [Aeromonas salmonicida subsp. salmonicida A449]",NA,"Hv98-241"
"Hv98-241.fasta","NZ_JBHFNG010000024.1",12631,13371,"-","ascJ","1-741/741","===============","0/0",100,96.22,"vfdb","WP_180975055","(ascJ) type III secretion system OM ring protein AscJ [T3SS (VF0479) - Effector delivery system (VFC0086)] [Aeromonas salmonicida subsp. salmonicida A449]",NA,"Hv98-241"
"Hv98-241.fasta","NZ_JBHFNG010000024.1",13378,13716,"-","ascI","1-339/339","===============","0/0",100,94.98,"vfdb","WP_005320806","(ascI) Type III secretion system inner rod protein AscI [T3SS (VF0479) - Effector delivery system (VFC0086)] [Aeromonas salmonicida subsp. salmonicida A449]",NA,"Hv98-241"
"Hv98-241.fasta","NZ_JBHFNG010000024.1",13716,14270,"-","ascH","1-555/555","===============","0/0",100,92.97,"vfdb","WP_005320804","(ascH) Type III secretion system protein AscH regulator needle assembling [T3SS (VF0479) - Effector delivery system (VFC0086)] [Aeromonas salmonicida subsp. salmonicida A449]",NA,"Hv98-241"
"Hv98-241.fasta","NZ_JBHFNG010000024.1",14267,14620,"-","ascG","1-354/354","===============","0/0",100,88.7,"vfdb","WP_005320802","(ascG) chaperone protein [T3SS (VF0479) - Effector delivery system (VFC0086)] [Aeromonas salmonicida subsp. salmonicida A449]",NA,"Hv98-241"
"Hv98-241.fasta","NZ_JBHFNG010000024.1",14620,14877,"-","ascF","1-258/258","===============","0/0",100,93.8,"vfdb","WP_005320800","(ascF) Type III secretion system needle complex subunit AscF [T3SS (VF0479) - Effector delivery system (VFC0086)] [Aeromonas salmonicida subsp. salmonicida A449]",NA,"Hv98-241"
"Hv98-241.fasta","NZ_JBHFNG010000024.1",14870,15082,"-","ascE","1-213/213","===============","0/0",100,94.84,"vfdb","WP_005320797","(ascE) chaperone protein [T3SS (VF0479) - Effector delivery system (VFC0086)] [Aeromonas salmonicida subsp. salmonicida A449]",NA,"Hv98-241"
"Hv98-241.fasta","NZ_JBHFNG010000024.1",15045,16349,"-","ascD","1-1305/1305","===============","0/0",100,95.86,"vfdb","WP_005320795","(ascD) Type III secretion system OM ring protein AscD [T3SS (VF0479) - Effector delivery system (VFC0086)] [Aeromonas salmonicida subsp. salmonicida A449]",NA,"Hv98-241"
"Hv98-241.fasta","NZ_JBHFNG010000024.1",16346,18199,"-","ascC","1-1854/1854","===============","0/0",100,96.93,"vfdb","WP_011899438","(ascC) Type III secretion system OM ring protein AscC [T3SS (VF0479) - Effector delivery system (VFC0086)] [Aeromonas salmonicida subsp. salmonicida A449]",NA,"Hv98-241"
"Hv98-241.fasta","NZ_JBHFNG010000024.1",18172,18597,"-","ascB","1-426/426","===============","0/0",100,96.71,"vfdb","WP_011899439","(ascB) chaperone protein [T3SS (VF0479) - Effector delivery system (VFC0086)] [Aeromonas salmonicida subsp. salmonicida A449]",NA,"Hv98-241"
"Hv98-241.fasta","NZ_JBHFNG010000024.1",18613,19428,"-","exsD","1-816/816","===============","0/0",100,96.32,"vfdb","WP_005320790","(exsD) Type III secretion system protein ExsD [T3SS (VF0479) - Effector delivery system (VFC0086)] [Aeromonas salmonicida subsp. salmonicida A449]",NA,"Hv98-241"
"Hv98-241.fasta","NZ_JBHFNG010000024.1",19548,20330,"-","exsA","1-783/783","===============","0/0",100,97.45,"vfdb","WP_192914500","(exsA) Type III secretion system transcriptional regulator [T3SS (VF0479) - Effector delivery system (VFC0086)] [Aeromonas salmonicida subsp. salmonicida A449]",NA,"Hv98-241"
"Hv98-241.fasta","NZ_JBHFNG010000024.1",20708,21109,"-","exsB","1-402/402","===============","0/0",100,96.77,"vfdb","WP_011899440","(exsB) type III secretion system OM ring protein ExsB [T3SS (VF0479) - Effector delivery system (VFC0086)] [Aeromonas salmonicida subsp. salmonicida A449]",NA,"Hv98-241"
"Hv98-241.fasta","NZ_JBHFNG010000024.1",21106,21339,"-","exsE","1-234/234","===============","0/0",100,92.31,"vfdb","WP_005320785","(exsE) Type III secretion system regulator [T3SS (VF0479) - Effector delivery system (VFC0086)] [Aeromonas salmonicida subsp. salmonicida A449]",NA,"Hv98-241"
"Hv98-241.fasta","NZ_JBHFNG010000024.1",21342,21785,"-","exsC","1-444/444","===============","0/0",100,95.5,"vfdb","WP_005320783","(exsC) chaperone protein [T3SS (VF0479) - Effector delivery system (VFC0086)] [Aeromonas salmonicida subsp. salmonicida A449]",NA,"Hv98-241"
"Hv98-241.fasta","NZ_JBHFNG010000024.1",21922,22818,"-","aopD","1-897/897","===============","0/0",100,87.96,"vfdb","WP_005320781","(aopD) Type III secretion system translocator AopD [T3SS (VF0479) - Effector delivery system (VFC0086)] [Aeromonas salmonicida subsp. salmonicida A449]",NA,"Hv98-241"
"Hv98-241.fasta","NZ_JBHFNG010000024.1",22831,24003,"-","aopB","1-1194/1194","========/======","1/21",98.24,86.94,"vfdb","WP_005320780","(aopB) Type III secretion system translocator AopB [T3SS (VF0479) - Effector delivery system (VFC0086)] [Aeromonas salmonicida subsp. salmonicida A449]",NA,"Hv98-241"
"Hv98-241.fasta","NZ_JBHFNG010000024.1",23984,24487,"-","acrH","1-504/504","===============","0/0",100,95.44,"vfdb","WP_005320778","(acrH) chaperon protein for AopB/AopD [T3SS (VF0479) - Effector delivery system (VFC0086)] [Aeromonas salmonicida subsp. salmonicida A449]",NA,"Hv98-241"
"Hv98-241.fasta","NZ_JBHFNG010000024.1",24497,25582,"-","acrV","1-1086/1086","===============","0/0",100,91.62,"vfdb","WP_005320777","(acrV) Type III secretion system tip translocon AcrV  [T3SS (VF0479) - Effector delivery system (VFC0086)] [Aeromonas salmonicida subsp. salmonicida A449]",NA,"Hv98-241"
"Hv98-241.fasta","NZ_JBHFNG010000024.1",25592,25876,"-","acrG","1-285/285","===============","0/0",100,95.79,"vfdb","WP_005320774","(acrG) Type III secretion system protein LcrG-like [T3SS (VF0479) - Effector delivery system (VFC0086)] [Aeromonas salmonicida subsp. salmonicida A449]",NA,"Hv98-241"
"Hv98-241.fasta","NZ_JBHFNG010000024.1",25916,26371,"-","acrR","1-456/456","===============","0/0",100,91.45,"vfdb","WP_005320772","(acrR) Type III secretion system regulator LcrR-like [T3SS (VF0479) - Effector delivery system (VFC0086)] [Aeromonas salmonicida subsp. salmonicida A449]",NA,"Hv98-241"
"Hv98-241.fasta","NZ_JBHFNG010000024.1",26368,28485,"-","ascV","1-2118/2118","===============","0/0",100,97.03,"vfdb","WP_005320770","(ascV) Type III secretion system inner membrane export apparatus protein AscV [T3SS (VF0479) - Effector delivery system (VFC0086)] [Aeromonas salmonicida subsp. salmonicida A449]",NA,"Hv98-241"
"Hv98-241.fasta","NZ_JBHFNG010000024.1",28466,28816,"-","ascY","1-351/351","===============","0/0",100,95.73,"vfdb","WP_005320768","(ascY) chaperone protein [T3SS (VF0479) - Effector delivery system (VFC0086)] [Aeromonas salmonicida subsp. salmonicida A449]",NA,"Hv98-241"
"Hv98-241.fasta","NZ_JBHFNG010000024.1",28813,29178,"-","ascX","1-366/366","===============","0/0",100,92.9,"vfdb","WP_005320766","(ascX) Unknown function chaperoned by AscY [T3SS (VF0479) - Effector delivery system (VFC0086)] [Aeromonas salmonicida subsp. salmonicida A449]",NA,"Hv98-241"
"Hv98-241.fasta","NZ_JBHFNG010000024.1",29175,29546,"-","acr2","1-372/372","===============","0/0",100,94.89,"vfdb","WP_005320764","(acr2) chaperone protein [T3SS (VF0479) - Effector delivery system (VFC0086)] [Aeromonas salmonicida subsp. salmonicida A449]",NA,"Hv98-241"
"Hv98-241.fasta","NZ_JBHFNG010000024.1",29543,29824,"-","acr1","1-282/282","===============","0/0",100,97.87,"vfdb","WP_005320760","(acr1) Type III secretion system gatekeeper subunit  [T3SS (VF0479) - Effector delivery system (VFC0086)] [Aeromonas salmonicida subsp. salmonicida A449]",NA,"Hv98-241"
"Hv98-241.fasta","NZ_JBHFNG010000024.1",29805,30683,"-","aopN","1-879/879","===============","0/0",100,96.02,"vfdb","WP_005320757","(aopN) AopN secretion control of translocators and immune suppressor [T3SS (VF0479) - Effector delivery system (VFC0086)] [Aeromonas salmonicida subsp. salmonicida A449]",NA,"Hv98-241"
"Hv98-241.fasta","NZ_JBHFNG010000024.1",30873,32195,"+","ascN","1-1323/1323","===============","0/0",100,97.96,"vfdb","WP_005320755","(ascN) Type III secretion system ATPase [T3SS (VF0479) - Effector delivery system (VFC0086)] [Aeromonas salmonicida subsp. salmonicida A449]",NA,"Hv98-241"
"Hv98-241.fasta","NZ_JBHFNG010000024.1",32192,32653,"+","ascO","1-462/462","===============","0/0",100,96.75,"vfdb","WP_005320751","(ascO) Type III secretion system protein AscO [T3SS (VF0479) - Effector delivery system (VFC0086)] [Aeromonas salmonicida subsp. salmonicida A449]",NA,"Hv98-241"
"Hv98-241.fasta","NZ_JBHFNG010000024.1",33850,34776,"+","ascQ","1-927/927","===============","0/0",100,93.96,"vfdb","WP_005320747","(ascQ) type III secretion system protein AscQ [T3SS (VF0479) - Effector delivery system (VFC0086)] [Aeromonas salmonicida subsp. salmonicida A449]",NA,"Hv98-241"
"Hv98-241.fasta","NZ_JBHFNG010000024.1",34773,35426,"+","ascR","1-654/654","===============","0/0",100,96.79,"vfdb","WP_005320745","(ascR) Type III secretion system inner membrane export apparatus protein AscR [T3SS (VF0479) - Effector delivery system (VFC0086)] [Aeromonas salmonicida subsp. salmonicida A449]",NA,"Hv98-241"
"Hv98-241.fasta","NZ_JBHFNG010000024.1",35428,35694,"+","ascS","1-267/267","===============","0/0",100,96.25,"vfdb","WP_005320743","(ascS) type III secretion system inner membrane export apparatus protein AscS [T3SS (VF0479) - Effector delivery system (VFC0086)] [Aeromonas salmonicida subsp. salmonicida A449]",NA,"Hv98-241"
"Hv98-241.fasta","NZ_JBHFNG010000024.1",35691,36479,"+","ascT","1-789/789","===============","0/0",100,96.2,"vfdb","WP_005320741","(ascT) Type III secretion system inner membrane export apparatus protein AscT [T3SS (VF0479) - Effector delivery system (VFC0086)] [Aeromonas salmonicida subsp. salmonicida A449]",NA,"Hv98-241"
"Hv98-241.fasta","NZ_JBHFNG010000024.1",36476,37534,"+","ascU","1-1059/1059","===============","0/0",100,95.94,"vfdb","WP_005320739","(ascU) Type III secretion system inner membrane export apparatus protein AscU [T3SS (VF0479) - Effector delivery system (VFC0086)] [Aeromonas salmonicida subsp. salmonicida A449]",NA,"Hv98-241"
"Hv98-241.fasta","NZ_JBHFNG010000024.1",37672,38622,"+","aopX","1-971/971","========/======","1/20",97.94,94.13,"vfdb","","(aopX) hypothetical protein [T3SS (VF0479) - Effector delivery system (VFC0086)] [Aeromonas salmonicida subsp. salmonicida A449]",NA,"Hv98-241"
"Hv98-241.fasta","NZ_JBHFNG010000024.1",38622,38945,"+","sycX","1-324/381","=============..","0/0",85.04,92.59,"vfdb","WP_005320736","(sycX) hypothetical protein [T3SS (VF0479) - Effector delivery system (VFC0086)] [Aeromonas salmonicida subsp. salmonicida A449]",NA,"Hv98-241"
"Hv98-241.fasta","NZ_JBHFNG010000024.1",94572,95366,"-","AHML_RS07540","1-795/795","===============","0/0",100,83.14,"vfdb","WP_011705294","(AHML_RS07540) CobQ/CobB/MinD/ParA family protein [Polar flagella (VF0473) - Motility (VFC0204)] [Aeromonas hydrophila ML09-119]",NA,"Hv98-241"
"Hv98-241.fasta","NZ_JBHFNG010000024.1",97034,98149,"-","cheB-2","1-1116/1116","========/======","2/2",99.91,81.83,"vfdb","WP_016350060","(cheB-2) chemotaxis-specific methylesterase [Polar flagella (VF0473) - Motility (VFC0204)] [Aeromonas hydrophila ML09-119]",NA,"Hv98-241"
"Hv98-241.fasta","NZ_JBHFNG010000024.1",100440,101180,"-","cheZ","1-741/741","===============","0/0",100,85.97,"vfdb","WP_011705289","(cheZ) chemotaxis protein CheZ [Polar flagella (VF0473) - Motility (VFC0204)] [Aeromonas hydrophila ML09-119]",NA,"Hv98-241"
"Hv98-241.fasta","NZ_JBHFNG010000024.1",101193,101576,"-","cheY","1-384/384","===============","0/0",100,87.24,"vfdb","WP_010634617","(cheY) chemotaxis protein CheY [Polar flagella (VF0473) - Motility (VFC0204)] [Aeromonas hydrophila ML09-119]",NA,"Hv98-241"
"Hv98-241.fasta","NZ_JBHFNG010000024.1",101688,102407,"-","fliA","1-720/720","========/======","2/2",99.86,82.52,"vfdb","WP_017409955","(fliA) flagellar biosynthesis sigma factor [Polar flagella (VF0473) - Motility (VFC0204)] [Aeromonas hydrophila ML09-119]",NA,"Hv98-241"
"Hv98-241.fasta","NZ_JBHFNG010000024.1",102400,103275,"-","flhG","1-876/876","===============","0/0",100,88.93,"vfdb","WP_010634619","(flhG) CobQ/CobB/MinD/ParA family protein [Polar flagella (VF0473) - Motility (VFC0204)] [Aeromonas hydrophila ML09-119]",NA,"Hv98-241"
"Hv98-241.fasta","NZ_JBHFNG010000024.1",103277,104701,"-","flhF","1-1422/1422","========/======","7/15",99.58,88.05,"vfdb","WP_016350057","(flhF) flagellar biosynthesis protein FlhF [Polar flagella (VF0473) - Motility (VFC0204)] [Aeromonas hydrophila ML09-119]",NA,"Hv98-241"
"Hv98-241.fasta","NZ_JBHFNG010000024.1",104718,106820,"-","flhA","1-2103/2103","===============","0/0",100,87.07,"vfdb","WP_016350056","(flhA) flagellar biosynthesis protein FlhA [Polar flagella (VF0473) - Motility (VFC0204)] [Aeromonas hydrophila ML09-119]",NA,"Hv98-241"
"Hv98-241.fasta","NZ_JBHFNG010000024.1",106928,108058,"-","flhB","1-1131/1131","========/======","2/8",99.65,86.08,"vfdb","WP_016350055","(flhB) flagellar biosynthetic protein FlhB [Polar flagella (VF0473) - Motility (VFC0204)] [Aeromonas hydrophila ML09-119]",NA,"Hv98-241"
"Hv98-241.fasta","NZ_JBHFNG010000024.1",108073,108848,"-","fliR","1-776/792","===============","0/0",97.98,81.19,"vfdb","WP_011705283","(fliR) flagellar biosynthesis protein FliR [Polar flagella (VF0473) - Motility (VFC0204)] [Aeromonas hydrophila ML09-119]",NA,"Hv98-241"
"Hv98-241.fasta","NZ_JBHFNG010000024.1",108845,109114,"-","fliQ","1-270/270","===============","0/0",100,84.07,"vfdb","WP_011705282","(fliQ) flagellar biosynthetic protein FliQ [Polar flagella (VF0473) - Motility (VFC0204)] [Aeromonas hydrophila ML09-119]",NA,"Hv98-241"
"Hv98-241.fasta","NZ_JBHFNG010000024.1",109143,109913,"-","fliP","1-774/780","========/======","2/5",98.72,85.94,"vfdb","WP_016350054","(fliP) flagellar biosynthesis protein FliP [Polar flagella (VF0473) - Motility (VFC0204)] [Aeromonas hydrophila ML09-119]",NA,"Hv98-241"
"Hv98-241.fasta","NZ_JBHFNG010000024.1",109900,110220,"-","fliO","64-384/384","..=============","0/0",83.59,87.23,"vfdb","WP_005298795","(fliO) flagellar biosynthesis protein FliO [Polar flagella (VF0473) - Motility (VFC0204)] [Aeromonas hydrophila ML09-119]",NA,"Hv98-241"
"Hv98-241.fasta","NZ_JBHFNG010000024.1",110277,110669,"-","fliN","1-393/393","===============","0/0",100,88.8,"vfdb","WP_011705280","(fliN) flagellar motor switch protein FliN [Polar flagella (VF0473) - Motility (VFC0204)] [Aeromonas hydrophila ML09-119]",NA,"Hv98-241"
"Hv98-241.fasta","NZ_JBHFNG010000024.1",110719,111789,"-","fliM","1-1071/1071","===============","0/0",100,90.76,"vfdb","WP_011705279","(fliM) flagellar motor switch protein FliM [Polar flagella (VF0473) - Motility (VFC0204)] [Aeromonas hydrophila ML09-119]",NA,"Hv98-241"
"Hv98-241.fasta","NZ_JBHFNG010000024.1",111798,112312,"-","fliL","1-518/519","========/======","1/3",99.23,85.14,"vfdb","WP_011705278","(fliL) flagellar basal body-associated protein FliL [Polar flagella (VF0473) - Motility (VFC0204)] [Aeromonas hydrophila ML09-119]",NA,"Hv98-241"
"Hv98-241.fasta","NZ_JBHFNG010000024.1",114360,114800,"-","fliJ","1-441/441","===============","0/0",100,85.71,"vfdb","WP_011705276","(fliJ) flagellar export protein FliJ [Polar flagella (VF0473) - Motility (VFC0204)] [Aeromonas hydrophila ML09-119]",NA,"Hv98-241"
"Hv98-241.fasta","NZ_JBHFNG010000024.1",114828,116159,"-","fliI","1-1332/1332","===============","0/0",100,89.34,"vfdb","WP_011705275","(fliI) flagellum-specific ATP synthase [Polar flagella (VF0473) - Motility (VFC0204)] [Aeromonas hydrophila ML09-119]",NA,"Hv98-241"
"Hv98-241.fasta","NZ_JBHFNG010000024.1",116242,117033,"-","fliH","7-792/807","========/======","3/12",97.03,81.01,"vfdb","WP_016350051","(fliH) flagellar assembly protein FliH [Polar flagella (VF0473) - Motility (VFC0204)] [Aeromonas hydrophila ML09-119]",NA,"Hv98-241"
"Hv98-241.fasta","NZ_JBHFNG010000024.1",117107,118166,"-","fliG","1-1060/1062","===============","0/0",99.81,93.11,"vfdb","WP_011705273","(fliG) flagellar motor switch protein G [Polar flagella (VF0473) - Motility (VFC0204)] [Aeromonas hydrophila ML09-119]",NA,"Hv98-241"
"Hv98-241.fasta","NZ_JBHFNG010000024.1",118159,119868,"-","fliF","1-1713/1713","========/======","1/3",99.82,86.46,"vfdb","WP_016350050","(fliF) flagellar MS-ring protein [Polar flagella (VF0473) - Motility (VFC0204)] [Aeromonas hydrophila ML09-119]",NA,"Hv98-241"
"Hv98-241.fasta","NZ_JBHFNG010000024.1",119931,120248,"-","fliE","1-318/318","===============","0/0",100,88.36,"vfdb","WP_011705271","(fliE) flagellar hook-basal body complex protein FliE [Polar flagella (VF0473) - Motility (VFC0204)] [Aeromonas hydrophila ML09-119]",NA,"Hv98-241"
"Hv98-241.fasta","NZ_JBHFNG010000024.1",429402,431326,"-","vgrG2","13-1937/2232","========/=====.","4/4",86.16,84.33,"vfdb","WP_011705707","(vgrG2) VgrG protein [T6SS (VF0480) - Effector delivery system (VFC0086)] [Aeromonas hydrophila subsp. hydrophila ATCC 7966]",NA,"Hv98-241"
"Hv98-241.fasta","NZ_JBHFNG010000029.1",91857,92891,"+","tapT","1-1035/1035","===============","0/0",100,92.17,"vfdb","WP_011707389","(tapT) twitching ATPase [Tap type IV pili (VF0475) - Adherence (VFC0001)] [Aeromonas hydrophila ML09-119]",NA,"Hv98-241"
"Hv98-241.fasta","NZ_JBHFNG010000029.1",92920,94029,"+","tapU","1-1110/1110","========/======","2/6",99.73,84.19,"vfdb","WP_016351972","(tapU) twitching ATPase [Tap type IV pili (VF0475) - Adherence (VFC0001)] [Aeromonas hydrophila ML09-119]",NA,"Hv98-241"
"Hv98-241.fasta","NZ_JBHFNG010000029.1",107499,108048,"+","motX","51-600/600",".==============","0/0",91.67,83.09,"vfdb","WP_016349413","(motX) sodium-type flagellar motor component [Polar flagella (VF0473) - Motility (VFC0204)] [Aeromonas hydrophila ML09-119]",NA,"Hv98-241"
"Hv98-241.fasta","NZ_JBHFNG010000031.1",1621,1908,"-","AHA_RS09305","1-288/288","========/======","2/2",99.65,82.01,"vfdb","WP_011705727","(AHA_RS09305) type VI secretion system PAAR protein [T6SS (VF0480) - Effector delivery system (VFC0086)] [Aeromonas hydrophila subsp. hydrophila ATCC 7966]",NA,"Hv98-241"
"Hv98-241.fasta","NZ_JBHFNG010000031.1",2214,3641,"-","atsS","1-1431/1431","========/======","1/3",99.79,86.3,"vfdb","WP_011705726","(atsS) Type VI secretion system protein [T6SS (VF0480) - Effector delivery system (VFC0086)] [Aeromonas hydrophila subsp. hydrophila ATCC 7966]",NA,"Hv98-241"
"Hv98-241.fasta","NZ_JBHFNG010000031.1",3685,7182,"-","vasK/icmF","1-3486/3486","========/======","2/12",100,86.31,"vfdb","WP_011705725","(vasK/icmF) Type VI secretion system protein [T6SS (VF0480) - Effector delivery system (VFC0086)] [Aeromonas hydrophila subsp. hydrophila ATCC 7966]",NA,"Hv98-241"
"Hv98-241.fasta","NZ_JBHFNG010000031.1",7253,8651,"-","atsQ","1-1408/1437","========/======","11/35",96.45,82.69,"vfdb","WP_011705724","(atsQ) Type VI secretion system protein [T6SS (VF0480) - Effector delivery system (VFC0086)] [Aeromonas hydrophila subsp. hydrophila ATCC 7966]",NA,"Hv98-241"
"Hv98-241.fasta","NZ_JBHFNG010000031.1",9265,10803,"-","vasH","1-1539/1539","===============","0/0",100,86.75,"vfdb","WP_011705722","(vasH) sigma-54 dependent transcriptional regulator [T6SS (VF0480) - Effector delivery system (VFC0086)] [Aeromonas hydrophila subsp. hydrophila ATCC 7966]",NA,"Hv98-241"
"Hv98-241.fasta","NZ_JBHFNG010000031.1",10808,13448,"-","clpB","1-2640/2643","========/======","1/1",99.89,88.45,"vfdb","WP_011705721","(clpB) type VI secretion system ATPase ClpV1 [T6SS (VF0480) - Effector delivery system (VFC0086)] [Aeromonas hydrophila subsp. hydrophila ATCC 7966]",NA,"Hv98-241"
"Hv98-241.fasta","NZ_JBHFNG010000031.1",13469,14248,"-","dotU","1-780/780","===============","0/0",100,88.97,"vfdb","WP_010634228","(dotU) Type VI secretion system protein DotU [T6SS (VF0480) - Effector delivery system (VFC0086)] [Aeromonas hydrophila subsp. hydrophila ATCC 7966]",NA,"Hv98-241"
"Hv98-241.fasta","NZ_JBHFNG010000031.1",14272,15606,"-","atsL","1-1335/1335","===============","0/0",100,91.98,"vfdb","WP_011705719","(atsL) Type VI secretion system protein [T6SS (VF0480) - Effector delivery system (VFC0086)] [Aeromonas hydrophila subsp. hydrophila ATCC 7966]",NA,"Hv98-241"
"Hv98-241.fasta","NZ_JBHFNG010000031.1",15609,16124,"-","atsK","1-516/516","===============","0/0",100,90.12,"vfdb","WP_011705718","(atsK) Type VI secretion system protein [T6SS (VF0480) - Effector delivery system (VFC0086)] [Aeromonas hydrophila subsp. hydrophila ATCC 7966]",NA,"Hv98-241"
"Hv98-241.fasta","NZ_JBHFNG010000031.1",16124,17359,"-","atsJ","1-1251/1251","========/======","7/25",98.4,84.31,"vfdb","WP_011705717","(atsJ) Type VI secretion system protein [T6SS (VF0480) - Effector delivery system (VFC0086)] [Aeromonas hydrophila subsp. hydrophila ATCC 7966]",NA,"Hv98-241"
"Hv98-241.fasta","NZ_JBHFNG010000031.1",17399,18396,"-","atsI","2-999/999","===============","0/0",99.9,88.08,"vfdb","WP_011705716","(atsI) Type VI secretion system protein [T6SS (VF0480) - Effector delivery system (VFC0086)] [Aeromonas hydrophila subsp. hydrophila ATCC 7966]",NA,"Hv98-241"
"Hv98-241.fasta","NZ_JBHFNG010000031.1",18361,20127,"-","atsH","1-1767/1767","===============","0/0",100,90.15,"vfdb","WP_011705715","(atsH) Type VI secretion system protein [T6SS (VF0480) - Effector delivery system (VFC0086)] [Aeromonas hydrophila subsp. hydrophila ATCC 7966]",NA,"Hv98-241"
"Hv98-241.fasta","NZ_JBHFNG010000031.1",20131,20562,"-","atsG","1-432/432","===============","0/0",100,93.98,"vfdb","WP_011705714","(atsG) Type VI secretion system protein [T6SS (VF0480) - Effector delivery system (VFC0086)] [Aeromonas hydrophila subsp. hydrophila ATCC 7966]",NA,"Hv98-241"
"Hv98-241.fasta","NZ_JBHFNG010000031.1",20569,22050,"-","vipB","1-1479/1479","========/======","1/3",100,90.62,"vfdb","WP_043163044","(vipB) Type VI secretion system contractile sheath large subunit TssC/VipB [T6SS (VF0480) - Effector delivery system (VFC0086)] [Aeromonas hydrophila subsp. hydrophila ATCC 7966]",NA,"Hv98-241"
"Hv98-241.fasta","NZ_JBHFNG010000031.1",22088,22591,"-","vipA","1-504/504","===============","0/0",100,89.29,"vfdb","WP_011705712","(vipA) Type VI secretion system contractile sheath small subunit TssB/VipA [T6SS (VF0480) - Effector delivery system (VFC0086)] [Aeromonas hydrophila subsp. hydrophila ATCC 7966]",NA,"Hv98-241"
"Hv98-241.fasta","NZ_JBHFNG010000031.1",41658,42176,"-","hcp","1-519/519","===============","0/0",100,94.41,"vfdb","WP_011705706","(hcp) hemolysin co-regulated protein [T6SS (VF0480) - Effector delivery system (VFC0086)] [Aeromonas hydrophila subsp. hydrophila ATCC 7966]",NA,"Hv98-241"
"Hv98-241.fasta","NZ_JBHFNG010000032.1",49808,50671,"+","mshI","1-864/864","===============","0/0",100,84.03,"vfdb","WP_016349152","(mshI) MSHA (mannose-sensitive hemagglutinin) pili biogenesis protein MshI bitopic inner membrane protein [MSHA type IV pili (VF0477) - Adherence (VFC0001)] [Aeromonas hydrophila ML09-119]",NA,"Hv98-241"
"Hv98-241.fasta","NZ_JBHFNG010000032.1",50671,51264,"+","mshI1","1-594/594","========/======","4/6",99.49,80.23,"vfdb","WP_016349153","(mshI1) MSHA (mannose-sensitive hemagglutinin) pili biogenesis protein MshI1 bitopic inner membrane protein [MSHA type IV pili (VF0477) - Adherence (VFC0001)] [Aeromonas hydrophila ML09-119]",NA,"Hv98-241"
"Hv98-241.fasta","NZ_JBHFNG010000032.1",54145,55035,"+","mshM","1-891/891","===============","0/0",100,87.54,"vfdb","WP_016349157","(mshM) membrane protein with ATPase domain GspA-like [MSHA type IV pili (VF0477) - Adherence (VFC0001)] [Aeromonas hydrophila ML09-119]",NA,"Hv98-241"
"Hv98-241.fasta","NZ_JBHFNG010000032.1",56186,57895,"+","mshE","1-1710/1710","===============","0/0",100,89.3,"vfdb","WP_043118275","(mshE) ATPase protein MshE GspE-like [MSHA type IV pili (VF0477) - Adherence (VFC0001)] [Aeromonas hydrophila ML09-119]",NA,"Hv98-241"
"Hv98-241.fasta","NZ_JBHFNG010000032.1",57907,59119,"+","mshG","9-1221/1221","===============","0/0",99.34,88.54,"vfdb","WP_016349160","(mshG) MSHA (mannose-sensitive hemagglutinin) pili biogenesis protein MshG GspF-like [MSHA type IV pili (VF0477) - Adherence (VFC0001)] [Aeromonas hydrophila ML09-119]",NA,"Hv98-241"
"Hv98-241.fasta","NZ_JBHFNG010000032.1",59787,60405,"+","mshB","52-670/672",".==============","0/0",92.11,85.78,"vfdb","WP_043118279","(mshB) MSHA (mannose-sensitive hemagglutinin) pili minor prepilin protein MshB [MSHA type IV pili (VF0477) - Adherence (VFC0001)] [Aeromonas hydrophila ML09-119]",NA,"Hv98-241"
"Hv98-241.fasta","NZ_JBHFNG010000037.1",339,857,"+","hcp","1-519/519","===============","0/0",100,94.22,"vfdb","WP_011705706","(hcp) hemolysin co-regulated protein [T6SS (VF0480) - Effector delivery system (VFC0086)] [Aeromonas hydrophila subsp. hydrophila ATCC 7966]",NA,"Hv98-241"
"Hv98-241.fasta","NZ_JBHFNG010000038.1",108896,110602,"+","tapB","1-1707/1707","===============","0/0",100,86.82,"vfdb","WP_016352168","(tapB) type IV pilus assembly ATPase PilB-like [Tap type IV pili (VF0475) - Adherence (VFC0001)] [Aeromonas hydrophila ML09-119]",NA,"Hv98-241"
"Hv98-241.fasta","NZ_JBHFNG010000038.1",110843,112068,"+","tapC","1-1226/1242","===============","0/0",98.71,86.79,"vfdb","WP_016352169","(tapC) type IV fimbrial assembly protein PilC-like [Tap type IV pili (VF0475) - Adherence (VFC0001)] [Aeromonas hydrophila ML09-119]",NA,"Hv98-241"
"Hv98-241.fasta","NZ_JBHFNG010000038.1",112169,113003,"+","tapD/pilD","24-858/873","========/======","2/2",95.53,82.78,"vfdb","WP_016352170","(tapD/pilD) prepilin peptidase [Tap type IV pili (VF0475) - Adherence (VFC0001)] [Aeromonas hydrophila ML09-119]",NA,"Hv98-241"
"Hv98-241.fasta","NZ_JBHFNG010000038.1",138750,139607,"-","lafT","1-858/858","========/======","2/2",99.88,84.75,"vfdb","WP_005314215","(lafT) LafT flagella motor stator protein [Lateral flagella (VF0474) - Motility (VFC0204)] [Aeromonas salmonicida subsp. salmonicida A449]",NA,"Hv98-241"
"Hv98-241.fasta","NZ_JBHFNG010000038.1",142849,144132,"-","lafB","1-1284/1284","===============","0/0",100,82.4,"vfdb","WP_005314227","(lafB) flagellar hook associated protein LafB [Lateral flagella (VF0474) - Motility (VFC0204)] [Aeromonas salmonicida subsp. salmonicida A449]",NA,"Hv98-241"
"Hv98-241.fasta","NZ_JBHFNG010000050.1",246970,247461,"-","exeM","1-492/492","===============","0/0",100,82.52,"vfdb","WP_016349344","(exeM) general secretion pathway protein M [Exe T2SS (VF0478) - Effector delivery system (VFC0086)] [Aeromonas hydrophila ML09-119]",NA,"Hv98-241"
"Hv98-241.fasta","NZ_JBHFNG010000050.1",247458,248642,"-","exeL","1-1185/1185","========/======","2/2",99.92,82.04,"vfdb","WP_016349343","(exeL) general secretion pathway protein L [Exe T2SS (VF0478) - Effector delivery system (VFC0086)] [Aeromonas hydrophila ML09-119]",NA,"Hv98-241"
"Hv98-241.fasta","NZ_JBHFNG010000050.1",249886,250487,"-","exeJ","40-641/654","===============","0/0",92.05,88.54,"vfdb","WP_016349341","(exeJ) general secretion pathway protein J [Exe T2SS (VF0478) - Effector delivery system (VFC0086)] [Aeromonas hydrophila ML09-119]",NA,"Hv98-241"
"Hv98-241.fasta","NZ_JBHFNG010000050.1",250520,250879,"-","exeI","1-360/360","===============","0/0",100,87.22,"vfdb","WP_016349340","(exeI) general secretion pathway protein I [Exe T2SS (VF0478) - Effector delivery system (VFC0086)] [Aeromonas hydrophila ML09-119]",NA,"Hv98-241"
"Hv98-241.fasta","NZ_JBHFNG010000050.1",250919,251425,"-","exeH","12-518/552","===============","0/0",91.85,80.08,"vfdb","WP_016349339","(exeH) general secretion pathway protein H [Exe T2SS (VF0478) - Effector delivery system (VFC0086)] [Aeromonas hydrophila ML09-119]",NA,"Hv98-241"
"Hv98-241.fasta","NZ_JBHFNG010000050.1",251487,251918,"-","exeG","1-432/432","===============","0/0",100,91.67,"vfdb","WP_005308483","(exeG) general secretion pathway protein G [Exe T2SS (VF0478) - Effector delivery system (VFC0086)] [Aeromonas hydrophila ML09-119]",NA,"Hv98-241"
"Hv98-241.fasta","NZ_JBHFNG010000050.1",252017,253236,"-","exeF","1-1220/1221","===============","0/0",99.92,88.61,"vfdb","WP_016349337","(exeF) general secretion pathway protein F [Exe T2SS (VF0478) - Effector delivery system (VFC0086)] [Aeromonas hydrophila ML09-119]",NA,"Hv98-241"
"Hv98-241.fasta","NZ_JBHFNG010000050.1",253238,254737,"-","exeE","7-1506/1506","===============","0/0",99.6,89.53,"vfdb","WP_016349336","(exeE) general secretory pathway protein E [Exe T2SS (VF0478) - Effector delivery system (VFC0086)] [Aeromonas hydrophila ML09-119]",NA,"Hv98-241"
"Hv98-241.fasta","NZ_JBHFNG010000050.1",254825,256782,"-","exeD","1-1970/2037","========/======","11/24",95.83,85.37,"vfdb","WP_016349335","(exeD) general secretion pathway protein D [Exe T2SS (VF0478) - Effector delivery system (VFC0086)] [Aeromonas hydrophila ML09-119]",NA,"Hv98-241"
"Hv98-241.fasta","NZ_JBHFNG010000050.1",258570,260128,"-","exeA","1-1559/1647","===============","0/0",94.66,82.94,"vfdb","WP_016352107","(exeA) general secretion pathway protein A [Exe T2SS (VF0478) - Effector delivery system (VFC0086)] [Aeromonas hydrophila ML09-119]",NA,"Hv98-241"
"Hv98-241.fasta","NZ_JBHFNG010000050.1",589710,590621,"+","cheV","1-912/912","===============","0/0",100,86.08,"vfdb","WP_011706646","(cheV) CheV [Polar flagella (VF0473) - Motility (VFC0204)] [Aeromonas hydrophila ML09-119]",NA,"Hv98-241"
"Hv98-241.fasta","NZ_JBHFNG010000050.1",590639,591461,"+","cheR-3","1-823/825","===============","0/0",99.76,85.91,"vfdb","WP_011706645","(cheR-3) chemotaxis protein CheR [Polar flagella (VF0473) - Motility (VFC0204)] [Aeromonas hydrophila ML09-119]",NA,"Hv98-241"
"Hv98-241.fasta","NZ_JBHFNG010000050.1",591759,592157,"+","flgB","1-399/399","========/======","2/6",99.25,80.85,"vfdb","WP_011706644","(flgB) flagellar basal-body rod protein FlgB [Polar flagella (VF0473) - Motility (VFC0204)] [Aeromonas hydrophila ML09-119]",NA,"Hv98-241"
"Hv98-241.fasta","NZ_JBHFNG010000050.1",592157,592576,"+","flgC","1-420/420","===============","0/0",100,90,"vfdb","WP_011706643","(flgC) flagellar basal body rod protein FlgC [Polar flagella (VF0473) - Motility (VFC0204)] [Aeromonas hydrophila ML09-119]",NA,"Hv98-241"
"Hv98-241.fasta","NZ_JBHFNG010000050.1",594822,595568,"+","flgF","1-747/747","===============","0/0",100,85.41,"vfdb","WP_011706640","(flgF) flagellar basal-body rod protein FlgF [Polar flagella (VF0473) - Motility (VFC0204)] [Aeromonas hydrophila ML09-119]",NA,"Hv98-241"
"Hv98-241.fasta","NZ_JBHFNG010000050.1",595583,596371,"+","flgG","1-789/789","========/======","2/2",99.87,86.83,"vfdb","WP_011706639","(flgG) flagellar basal body rod protein FlgG [Polar flagella (VF0473) - Motility (VFC0204)] [Aeromonas hydrophila ML09-119]",NA,"Hv98-241"
"Hv98-241.fasta","NZ_JBHFNG010000050.1",596386,597057,"+","flgH","1-672/672","===============","0/0",100,85.42,"vfdb","WP_011706638","(flgH) flagellar basal body L-ring protein [Polar flagella (VF0473) - Motility (VFC0204)] [Aeromonas hydrophila ML09-119]",NA,"Hv98-241"
"Hv98-241.fasta","NZ_JBHFNG010000050.1",597066,598163,"+","flgI","1-1098/1098","===============","0/0",100,86.79,"vfdb","WP_011706637","(flgI) flagellar basal body P-ring protein [Polar flagella (VF0473) - Motility (VFC0204)] [Aeromonas hydrophila ML09-119]",NA,"Hv98-241"
"Hv98-241.fasta","NZ_JBHFNG010000050.1",598207,599256,"+","flgJ","1-1053/1092","========/======","9/25",95.15,80.45,"vfdb","WP_016351320","(flgJ) flagellar rod assembly protein/muramidase FlgJ [Polar flagella (VF0473) - Motility (VFC0204)] [Aeromonas hydrophila ML09-119]",NA,"Hv98-241"
"Hv98-241.fasta","NZ_JBHFNG010000050.1",609860,611274,"+","flrA","1-1415/1422","========/======","3/4",99.37,86.38,"vfdb","WP_017409846","(flrA) FleQ protein [Polar flagella (VF0473) - Motility (VFC0204)] [Aeromonas hydrophila ML09-119]",NA,"Hv98-241"
"Hv98-241.fasta","NZ_JBHFNG010000050.1",611388,612422,"+","flrB","1-1035/1035","========/======","2/2",99.9,85.04,"vfdb","WP_016351312","(flrB) two-component sensor kinase [Polar flagella (VF0473) - Motility (VFC0204)] [Aeromonas hydrophila ML09-119]",NA,"Hv98-241"
"Hv98-241.fasta","NZ_JBHFNG010000050.1",612419,613762,"+","flrC","1-1344/1344","===============","0/0",100,88.09,"vfdb","WP_011706626","(flrC) transcriptional activator [Polar flagella (VF0473) - Motility (VFC0204)] [Aeromonas hydrophila ML09-119]",NA,"Hv98-241"
"Hv98-241.fasta","NZ_JBHFNG010000051.1",29720,30454,"-","flmH","1-735/735","===============","0/0",100,90.34,"vfdb","WP_005300916","(flmH) short chain dehydrogenase/reductase family oxidoreductase [Polar flagella (VF0473) - Motility (VFC0204)] [Aeromonas hydrophila ML09-119]",NA,"Hv98-241"
"Hv98-241.fasta","NZ_JBHFNG010000052.1",63944,64735,"-","tapF","1-792/792","========/======","2/6",99.62,87.92,"vfdb","WP_011705643","(tapF) type IV pilus biogenesis/stability protein pilW-like [Tap type IV pili (VF0475) - Adherence (VFC0001)] [Aeromonas hydrophila ML09-119]",NA,"Hv98-241"
"Hv98-571.fasta","NZ_JBHFNN010000001.1",20992,21510,"+","hcp","1-519/519","===============","0/0",100,93.45,"vfdb","WP_011705706","(hcp) hemolysin co-regulated protein [T6SS (VF0480) - Effector delivery system (VFC0086)] [Aeromonas hydrophila subsp. hydrophila ATCC 7966]",NA,"Hv98-571"
"Hv98-571.fasta","NZ_JBHFNN010000001.1",152762,153899,"-","tapW","1-1138/1140","===============","0/0",99.82,89.98,"vfdb","WP_011706550","(tapW) twitching ATPase [Tap type IV pili (VF0475) - Adherence (VFC0001)] [Aeromonas hydrophila ML09-119]",NA,"Hv98-571"
"Hv98-571.fasta","NZ_JBHFNN010000002.1",21022,22056,"+","tapT","1-1035/1035","===============","0/0",100,92.08,"vfdb","WP_011707389","(tapT) twitching ATPase [Tap type IV pili (VF0475) - Adherence (VFC0001)] [Aeromonas hydrophila ML09-119]",NA,"Hv98-571"
"Hv98-571.fasta","NZ_JBHFNN010000002.1",22085,23194,"+","tapU","1-1110/1110","===============","0/0",100,83.78,"vfdb","WP_016351972","(tapU) twitching ATPase [Tap type IV pili (VF0475) - Adherence (VFC0001)] [Aeromonas hydrophila ML09-119]",NA,"Hv98-571"
"Hv98-571.fasta","NZ_JBHFNN010000002.1",36706,37255,"+","motX","51-600/600",".==============","0/0",91.67,82.91,"vfdb","WP_016349413","(motX) sodium-type flagellar motor component [Polar flagella (VF0473) - Motility (VFC0204)] [Aeromonas hydrophila ML09-119]",NA,"Hv98-571"
"Hv98-571.fasta","NZ_JBHFNN010000003.1",248767,249085,"-","flgM","1-319/321","===============","0/0",99.38,80.25,"vfdb","WP_011706648","(flgM) anti-sigma-D factor [Polar flagella (VF0473) - Motility (VFC0204)] [Aeromonas hydrophila ML09-119]",NA,"Hv98-571"
"Hv98-571.fasta","NZ_JBHFNN010000003.1",250005,250916,"+","cheV","1-912/912","===============","0/0",100,85.86,"vfdb","WP_011706646","(cheV) CheV [Polar flagella (VF0473) - Motility (VFC0204)] [Aeromonas hydrophila ML09-119]",NA,"Hv98-571"
"Hv98-571.fasta","NZ_JBHFNN010000003.1",250934,251756,"+","cheR-3","1-823/825","===============","0/0",99.76,86.03,"vfdb","WP_011706645","(cheR-3) chemotaxis protein CheR [Polar flagella (VF0473) - Motility (VFC0204)] [Aeromonas hydrophila ML09-119]",NA,"Hv98-571"
"Hv98-571.fasta","NZ_JBHFNN010000003.1",252054,252452,"+","flgB","1-399/399","===============","0/0",100,81.45,"vfdb","WP_011706644","(flgB) flagellar basal-body rod protein FlgB [Polar flagella (VF0473) - Motility (VFC0204)] [Aeromonas hydrophila ML09-119]",NA,"Hv98-571"
"Hv98-571.fasta","NZ_JBHFNN010000003.1",252452,252864,"+","flgC","1-413/420","===============","0/0",98.33,89.35,"vfdb","WP_011706643","(flgC) flagellar basal body rod protein FlgC [Polar flagella (VF0473) - Motility (VFC0204)] [Aeromonas hydrophila ML09-119]",NA,"Hv98-571"
"Hv98-571.fasta","NZ_JBHFNN010000003.1",255157,255903,"+","flgF","1-747/747","===============","0/0",100,84.87,"vfdb","WP_011706640","(flgF) flagellar basal-body rod protein FlgF [Polar flagella (VF0473) - Motility (VFC0204)] [Aeromonas hydrophila ML09-119]",NA,"Hv98-571"
"Hv98-571.fasta","NZ_JBHFNN010000003.1",255919,256707,"+","flgG","1-789/789","========/======","2/2",99.87,86.71,"vfdb","WP_011706639","(flgG) flagellar basal body rod protein FlgG [Polar flagella (VF0473) - Motility (VFC0204)] [Aeromonas hydrophila ML09-119]",NA,"Hv98-571"
"Hv98-571.fasta","NZ_JBHFNN010000003.1",256722,257393,"+","flgH","1-672/672","===============","0/0",100,86.01,"vfdb","WP_011706638","(flgH) flagellar basal body L-ring protein [Polar flagella (VF0473) - Motility (VFC0204)] [Aeromonas hydrophila ML09-119]",NA,"Hv98-571"
"Hv98-571.fasta","NZ_JBHFNN010000003.1",257402,258499,"+","flgI","1-1098/1098","===============","0/0",100,86.43,"vfdb","WP_011706637","(flgI) flagellar basal body P-ring protein [Polar flagella (VF0473) - Motility (VFC0204)] [Aeromonas hydrophila ML09-119]",NA,"Hv98-571"
"Hv98-571.fasta","NZ_JBHFNN010000003.1",258543,259592,"+","flgJ","1-1053/1092","========/======","11/29",94.96,80.3,"vfdb","WP_016351320","(flgJ) flagellar rod assembly protein/muramidase FlgJ [Polar flagella (VF0473) - Motility (VFC0204)] [Aeromonas hydrophila ML09-119]",NA,"Hv98-571"
"Hv98-571.fasta","NZ_JBHFNN010000003.1",270196,271610,"+","flrA","1-1415/1422","========/======","2/2",99.44,86.51,"vfdb","WP_017409846","(flrA) FleQ protein [Polar flagella (VF0473) - Motility (VFC0204)] [Aeromonas hydrophila ML09-119]",NA,"Hv98-571"
"Hv98-571.fasta","NZ_JBHFNN010000003.1",271724,272758,"+","flrB","1-1035/1035","===============","0/0",100,84.83,"vfdb","WP_016351312","(flrB) two-component sensor kinase [Polar flagella (VF0473) - Motility (VFC0204)] [Aeromonas hydrophila ML09-119]",NA,"Hv98-571"
"Hv98-571.fasta","NZ_JBHFNN010000003.1",272755,274098,"+","flrC","1-1344/1344","===============","0/0",100,88.69,"vfdb","WP_011706626","(flrC) transcriptional activator [Polar flagella (VF0473) - Motility (VFC0204)] [Aeromonas hydrophila ML09-119]",NA,"Hv98-571"
"Hv98-571.fasta","NZ_JBHFNN010000007.1",98093,99799,"+","tapB","1-1707/1707","===============","0/0",100,87.05,"vfdb","WP_016352168","(tapB) type IV pilus assembly ATPase PilB-like [Tap type IV pili (VF0475) - Adherence (VFC0001)] [Aeromonas hydrophila ML09-119]",NA,"Hv98-571"
"Hv98-571.fasta","NZ_JBHFNN010000007.1",100039,101264,"+","tapC","1-1226/1242","===============","0/0",98.71,86.62,"vfdb","WP_016352169","(tapC) type IV fimbrial assembly protein PilC-like [Tap type IV pili (VF0475) - Adherence (VFC0001)] [Aeromonas hydrophila ML09-119]",NA,"Hv98-571"
"Hv98-571.fasta","NZ_JBHFNN010000007.1",101365,102199,"+","tapD/pilD","24-858/873","========/======","2/2",95.53,83.01,"vfdb","WP_016352170","(tapD/pilD) prepilin peptidase [Tap type IV pili (VF0475) - Adherence (VFC0001)] [Aeromonas hydrophila ML09-119]",NA,"Hv98-571"
"Hv98-571.fasta","NZ_JBHFNN010000007.1",127945,128802,"-","lafT","1-858/858","========/======","2/2",99.88,84.28,"vfdb","WP_005314215","(lafT) LafT flagella motor stator protein [Lateral flagella (VF0474) - Motility (VFC0204)] [Aeromonas salmonicida subsp. salmonicida A449]",NA,"Hv98-571"
"Hv98-571.fasta","NZ_JBHFNN010000007.1",128851,129515,"-","lafS","42-707/708","========/======","1/1",93.93,80.48,"vfdb","WP_011898286","(lafS) LafS RNA polymerase sigma factor [Lateral flagella (VF0474) - Motility (VFC0204)] [Aeromonas salmonicida subsp. salmonicida A449]",NA,"Hv98-571"
"Hv98-571.fasta","NZ_JBHFNN010000007.1",138196,138594,"-","flgJ","1-399/399","===============","0/0",100,80.45,"vfdb","WP_005314251","(flgJ) peptidoglycan hydrolase [Lateral flagella (VF0474) - Motility (VFC0204)] [Aeromonas salmonicida subsp. salmonicida A449]",NA,"Hv98-571"
"Hv98-571.fasta","NZ_JBHFNN010000007.1",138603,139709,"-","flgI","1-1107/1107","===============","0/0",100,81.12,"vfdb","WP_005314254","(flgI) flagellar basal body P-ring protein [Lateral flagella (VF0474) - Motility (VFC0204)] [Aeromonas salmonicida subsp. salmonicida A449]",NA,"Hv98-571"
"Hv98-571.fasta","NZ_JBHFNN010000007.1",139718,140389,"-","lfgH","1-672/672","===============","0/0",100,82.59,"vfdb","WP_005314257","(lfgH) lateral flagellar L-ring protein LfgH [Lateral flagella (VF0474) - Motility (VFC0204)] [Aeromonas salmonicida subsp. salmonicida A449]",NA,"Hv98-571"
"Hv98-571.fasta","NZ_JBHFNN010000007.1",140391,141174,"-","lfgG","1-784/786","===============","0/0",99.75,82.53,"vfdb","WP_005314259","(lfgG) lateral flagellar basal-body rod protein LfgG [Lateral flagella (VF0474) - Motility (VFC0204)] [Aeromonas salmonicida subsp. salmonicida A449]",NA,"Hv98-571"
"Hv98-571.fasta","NZ_JBHFNN010000007.1",141257,141987,"-","lfgF","1-731/735","===============","0/0",99.46,82.08,"vfdb","WP_005314261","(lfgF) lateral flagellar basal-body rod protein LfgF [Lateral flagella (VF0474) - Motility (VFC0204)] [Aeromonas salmonicida subsp. salmonicida A449]",NA,"Hv98-571"
"Hv98-571.fasta","NZ_JBHFNN010000007.1",143931,144351,"-","flgC","1-421/426","===============","0/0",98.83,81.95,"vfdb","WP_005314270","(flgC) flagellar basal body rod protein FlgC [Lateral flagella (VF0474) - Motility (VFC0204)] [Aeromonas salmonicida subsp. salmonicida A449]",NA,"Hv98-571"
"Hv98-571.fasta","NZ_JBHFNN010000007.1",144354,144743,"-","lfgB","1-390/390","===============","0/0",100,83.59,"vfdb","WP_005314272","(lfgB) lateral flagellar basal body protein LfgB [Lateral flagella (VF0474) - Motility (VFC0204)] [Aeromonas salmonicida subsp. salmonicida A449]",NA,"Hv98-571"
"Hv98-571.fasta","NZ_JBHFNN010000007.1",148861,149889,"-","fliG","1-1029/1029","===============","0/0",100,84.45,"vfdb","WP_005314289","(fliG) flagellar motor switch protein G [Lateral flagella (VF0474) - Motility (VFC0204)] [Aeromonas salmonicida subsp. salmonicida A449]",NA,"Hv98-571"
"Hv98-571.fasta","NZ_JBHFNN010000007.1",151642,151968,"-","lfiE","1-327/327","===============","0/0",100,84.4,"vfdb","WP_005314292","(lfiE) lateral flagellar hook basal body protein LfiE [Lateral flagella (VF0474) - Motility (VFC0204)] [Aeromonas salmonicida subsp. salmonicida A449]",NA,"Hv98-571"
"Hv98-571.fasta","NZ_JBHFNN010000007.1",153764,155830,"-","lfhA","1-2067/2076","===============","0/0",99.57,82.05,"vfdb","WP_005314296","(lfhA) lateral flagellar biosynthesis protein [Lateral flagella (VF0474) - Motility (VFC0204)] [Aeromonas salmonicida subsp. salmonicida A449]",NA,"Hv98-571"
"Hv98-571.fasta","NZ_JBHFNN010000007.1",155834,156970,"-","lfhB","1-1137/1137","===============","0/0",100,81.27,"vfdb","WP_005314298","(lfhB) lateral flagellar biosynthetic protein LfhB [Lateral flagella (VF0474) - Motility (VFC0204)] [Aeromonas salmonicida subsp. salmonicida A449]",NA,"Hv98-571"
"Hv98-571.fasta","NZ_JBHFNN010000007.1",157746,158014,"-","lfiQ","2-270/270","===============","0/0",99.63,80.3,"vfdb","WP_005314303","(lfiQ) lateral flagellar biosynthetic protein LfiQ [Lateral flagella (VF0474) - Motility (VFC0204)] [Aeromonas salmonicida subsp. salmonicida A449]",NA,"Hv98-571"
"Hv98-571.fasta","NZ_JBHFNN010000007.1",158017,158751,"-","fliP","1-735/735","===============","0/0",100,80.68,"vfdb","WP_005314307","(fliP) flagellar biosynthesis protein FliP [Lateral flagella (VF0474) - Motility (VFC0204)] [Aeromonas salmonicida subsp. salmonicida A449]",NA,"Hv98-571"
"Hv98-571.fasta","NZ_JBHFNN010000007.1",158751,159128,"-","lfiN","1-378/378","===============","0/0",100,85.71,"vfdb","WP_005314315","(lfiN) lateral flagellar motor switch protein lfiN [Lateral flagella (VF0474) - Motility (VFC0204)] [Aeromonas salmonicida subsp. salmonicida A449]",NA,"Hv98-571"
"Hv98-571.fasta","NZ_JBHFNN010000008.1",30190,30513,"-","sycX","1-324/381","=============..","0/0",85.04,93.52,"vfdb","WP_005320736","(sycX) hypothetical protein [T3SS (VF0479) - Effector delivery system (VFC0086)] [Aeromonas salmonicida subsp. salmonicida A449]",NA,"Hv98-571"
"Hv98-571.fasta","NZ_JBHFNN010000008.1",30513,31463,"-","aopX","1-971/971","========/======","1/20",97.94,93.82,"vfdb","","(aopX) hypothetical protein [T3SS (VF0479) - Effector delivery system (VFC0086)] [Aeromonas salmonicida subsp. salmonicida A449]",NA,"Hv98-571"
"Hv98-571.fasta","NZ_JBHFNN010000008.1",31601,32659,"-","ascU","1-1059/1059","===============","0/0",100,96.6,"vfdb","WP_005320739","(ascU) Type III secretion system inner membrane export apparatus protein AscU [T3SS (VF0479) - Effector delivery system (VFC0086)] [Aeromonas salmonicida subsp. salmonicida A449]",NA,"Hv98-571"
"Hv98-571.fasta","NZ_JBHFNN010000008.1",32656,33444,"-","ascT","1-789/789","===============","0/0",100,95.94,"vfdb","WP_005320741","(ascT) Type III secretion system inner membrane export apparatus protein AscT [T3SS (VF0479) - Effector delivery system (VFC0086)] [Aeromonas salmonicida subsp. salmonicida A449]",NA,"Hv98-571"
"Hv98-571.fasta","NZ_JBHFNN010000008.1",33441,33707,"-","ascS","1-267/267","===============","0/0",100,96.25,"vfdb","WP_005320743","(ascS) type III secretion system inner membrane export apparatus protein AscS [T3SS (VF0479) - Effector delivery system (VFC0086)] [Aeromonas salmonicida subsp. salmonicida A449]",NA,"Hv98-571"
"Hv98-571.fasta","NZ_JBHFNN010000008.1",33709,34362,"-","ascR","1-654/654","===============","0/0",100,96.33,"vfdb","WP_005320745","(ascR) Type III secretion system inner membrane export apparatus protein AscR [T3SS (VF0479) - Effector delivery system (VFC0086)] [Aeromonas salmonicida subsp. salmonicida A449]",NA,"Hv98-571"
"Hv98-571.fasta","NZ_JBHFNN010000008.1",34359,35285,"-","ascQ","1-927/927","===============","0/0",100,94.5,"vfdb","WP_005320747","(ascQ) type III secretion system protein AscQ [T3SS (VF0479) - Effector delivery system (VFC0086)] [Aeromonas salmonicida subsp. salmonicida A449]",NA,"Hv98-571"
"Hv98-571.fasta","NZ_JBHFNN010000008.1",36482,36943,"-","ascO","1-462/462","===============","0/0",100,96.32,"vfdb","WP_005320751","(ascO) Type III secretion system protein AscO [T3SS (VF0479) - Effector delivery system (VFC0086)] [Aeromonas salmonicida subsp. salmonicida A449]",NA,"Hv98-571"
"Hv98-571.fasta","NZ_JBHFNN010000008.1",36940,38262,"-","ascN","1-1323/1323","===============","0/0",100,97.28,"vfdb","WP_005320755","(ascN) Type III secretion system ATPase [T3SS (VF0479) - Effector delivery system (VFC0086)] [Aeromonas salmonicida subsp. salmonicida A449]",NA,"Hv98-571"
"Hv98-571.fasta","NZ_JBHFNN010000008.1",38452,39330,"+","aopN","1-879/879","===============","0/0",100,96.7,"vfdb","WP_005320757","(aopN) AopN secretion control of translocators and immune suppressor [T3SS (VF0479) - Effector delivery system (VFC0086)] [Aeromonas salmonicida subsp. salmonicida A449]",NA,"Hv98-571"
"Hv98-571.fasta","NZ_JBHFNN010000008.1",39311,39592,"+","acr1","1-282/282","===============","0/0",100,97.87,"vfdb","WP_005320760","(acr1) Type III secretion system gatekeeper subunit  [T3SS (VF0479) - Effector delivery system (VFC0086)] [Aeromonas salmonicida subsp. salmonicida A449]",NA,"Hv98-571"
"Hv98-571.fasta","NZ_JBHFNN010000008.1",39589,39960,"+","acr2","1-372/372","===============","0/0",100,96.24,"vfdb","WP_005320764","(acr2) chaperone protein [T3SS (VF0479) - Effector delivery system (VFC0086)] [Aeromonas salmonicida subsp. salmonicida A449]",NA,"Hv98-571"
"Hv98-571.fasta","NZ_JBHFNN010000008.1",39957,40322,"+","ascX","1-366/366","===============","0/0",100,96.45,"vfdb","WP_005320766","(ascX) Unknown function chaperoned by AscY [T3SS (VF0479) - Effector delivery system (VFC0086)] [Aeromonas salmonicida subsp. salmonicida A449]",NA,"Hv98-571"
"Hv98-571.fasta","NZ_JBHFNN010000008.1",40319,40669,"+","ascY","1-351/351","===============","0/0",100,98.01,"vfdb","WP_005320768","(ascY) chaperone protein [T3SS (VF0479) - Effector delivery system (VFC0086)] [Aeromonas salmonicida subsp. salmonicida A449]",NA,"Hv98-571"
"Hv98-571.fasta","NZ_JBHFNN010000008.1",40650,42767,"+","ascV","1-2118/2118","===============","0/0",100,96.79,"vfdb","WP_005320770","(ascV) Type III secretion system inner membrane export apparatus protein AscV [T3SS (VF0479) - Effector delivery system (VFC0086)] [Aeromonas salmonicida subsp. salmonicida A449]",NA,"Hv98-571"
"Hv98-571.fasta","NZ_JBHFNN010000008.1",42764,43219,"+","acrR","1-456/456","===============","0/0",100,92.98,"vfdb","WP_005320772","(acrR) Type III secretion system regulator LcrR-like [T3SS (VF0479) - Effector delivery system (VFC0086)] [Aeromonas salmonicida subsp. salmonicida A449]",NA,"Hv98-571"
"Hv98-571.fasta","NZ_JBHFNN010000008.1",43259,43543,"+","acrG","1-285/285","===============","0/0",100,95.09,"vfdb","WP_005320774","(acrG) Type III secretion system protein LcrG-like [T3SS (VF0479) - Effector delivery system (VFC0086)] [Aeromonas salmonicida subsp. salmonicida A449]",NA,"Hv98-571"
"Hv98-571.fasta","NZ_JBHFNN010000008.1",43553,44638,"+","acrV","1-1086/1086","===============","0/0",100,91.9,"vfdb","WP_005320777","(acrV) Type III secretion system tip translocon AcrV  [T3SS (VF0479) - Effector delivery system (VFC0086)] [Aeromonas salmonicida subsp. salmonicida A449]",NA,"Hv98-571"
"Hv98-571.fasta","NZ_JBHFNN010000008.1",44648,45151,"+","acrH","1-504/504","===============","0/0",100,96.03,"vfdb","WP_005320778","(acrH) chaperon protein for AopB/AopD [T3SS (VF0479) - Effector delivery system (VFC0086)] [Aeromonas salmonicida subsp. salmonicida A449]",NA,"Hv98-571"
"Hv98-571.fasta","NZ_JBHFNN010000008.1",45132,46304,"+","aopB","1-1194/1194","========/======","1/21",98.24,87.35,"vfdb","WP_005320780","(aopB) Type III secretion system translocator AopB [T3SS (VF0479) - Effector delivery system (VFC0086)] [Aeromonas salmonicida subsp. salmonicida A449]",NA,"Hv98-571"
"Hv98-571.fasta","NZ_JBHFNN010000008.1",46317,47213,"+","aopD","1-897/897","===============","0/0",100,88.29,"vfdb","WP_005320781","(aopD) Type III secretion system translocator AopD [T3SS (VF0479) - Effector delivery system (VFC0086)] [Aeromonas salmonicida subsp. salmonicida A449]",NA,"Hv98-571"
"Hv98-571.fasta","NZ_JBHFNN010000008.1",47350,47793,"+","exsC","1-444/444","===============","0/0",100,95.72,"vfdb","WP_005320783","(exsC) chaperone protein [T3SS (VF0479) - Effector delivery system (VFC0086)] [Aeromonas salmonicida subsp. salmonicida A449]",NA,"Hv98-571"
"Hv98-571.fasta","NZ_JBHFNN010000008.1",47796,48029,"+","exsE","1-234/234","===============","0/0",100,93.16,"vfdb","WP_005320785","(exsE) Type III secretion system regulator [T3SS (VF0479) - Effector delivery system (VFC0086)] [Aeromonas salmonicida subsp. salmonicida A449]",NA,"Hv98-571"
"Hv98-571.fasta","NZ_JBHFNN010000008.1",48026,48426,"+","exsB","1-401/402","===============","0/0",99.75,95.51,"vfdb","WP_011899440","(exsB) type III secretion system OM ring protein ExsB [T3SS (VF0479) - Effector delivery system (VFC0086)] [Aeromonas salmonicida subsp. salmonicida A449]",NA,"Hv98-571"
"Hv98-571.fasta","NZ_JBHFNN010000008.1",48805,49587,"+","exsA","1-783/783","===============","0/0",100,97.45,"vfdb","WP_192914500","(exsA) Type III secretion system transcriptional regulator [T3SS (VF0479) - Effector delivery system (VFC0086)] [Aeromonas salmonicida subsp. salmonicida A449]",NA,"Hv98-571"
"Hv98-571.fasta","NZ_JBHFNN010000008.1",49707,50522,"+","exsD","1-816/816","===============","0/0",100,96.08,"vfdb","WP_005320790","(exsD) Type III secretion system protein ExsD [T3SS (VF0479) - Effector delivery system (VFC0086)] [Aeromonas salmonicida subsp. salmonicida A449]",NA,"Hv98-571"
"Hv98-571.fasta","NZ_JBHFNN010000008.1",50538,50963,"+","ascB","1-426/426","===============","0/0",100,96.48,"vfdb","WP_011899439","(ascB) chaperone protein [T3SS (VF0479) - Effector delivery system (VFC0086)] [Aeromonas salmonicida subsp. salmonicida A449]",NA,"Hv98-571"
"Hv98-571.fasta","NZ_JBHFNN010000008.1",50936,52789,"+","ascC","1-1854/1854","===============","0/0",100,96.71,"vfdb","WP_011899438","(ascC) Type III secretion system OM ring protein AscC [T3SS (VF0479) - Effector delivery system (VFC0086)] [Aeromonas salmonicida subsp. salmonicida A449]",NA,"Hv98-571"
"Hv98-571.fasta","NZ_JBHFNN010000008.1",52786,54090,"+","ascD","1-1305/1305","===============","0/0",100,96.09,"vfdb","WP_005320795","(ascD) Type III secretion system OM ring protein AscD [T3SS (VF0479) - Effector delivery system (VFC0086)] [Aeromonas salmonicida subsp. salmonicida A449]",NA,"Hv98-571"
"Hv98-571.fasta","NZ_JBHFNN010000008.1",54053,54265,"+","ascE","1-213/213","===============","0/0",100,94.84,"vfdb","WP_005320797","(ascE) chaperone protein [T3SS (VF0479) - Effector delivery system (VFC0086)] [Aeromonas salmonicida subsp. salmonicida A449]",NA,"Hv98-571"
"Hv98-571.fasta","NZ_JBHFNN010000008.1",54258,54515,"+","ascF","1-258/258","===============","0/0",100,93.8,"vfdb","WP_005320800","(ascF) Type III secretion system needle complex subunit AscF [T3SS (VF0479) - Effector delivery system (VFC0086)] [Aeromonas salmonicida subsp. salmonicida A449]",NA,"Hv98-571"
"Hv98-571.fasta","NZ_JBHFNN010000008.1",54515,54868,"+","ascG","1-354/354","===============","0/0",100,88.7,"vfdb","WP_005320802","(ascG) chaperone protein [T3SS (VF0479) - Effector delivery system (VFC0086)] [Aeromonas salmonicida subsp. salmonicida A449]",NA,"Hv98-571"
"Hv98-571.fasta","NZ_JBHFNN010000008.1",54865,55419,"+","ascH","1-555/555","===============","0/0",100,93.69,"vfdb","WP_005320804","(ascH) Type III secretion system protein AscH regulator needle assembling [T3SS (VF0479) - Effector delivery system (VFC0086)] [Aeromonas salmonicida subsp. salmonicida A449]",NA,"Hv98-571"
"Hv98-571.fasta","NZ_JBHFNN010000008.1",55419,55757,"+","ascI","1-339/339","===============","0/0",100,97.64,"vfdb","WP_005320806","(ascI) Type III secretion system inner rod protein AscI [T3SS (VF0479) - Effector delivery system (VFC0086)] [Aeromonas salmonicida subsp. salmonicida A449]",NA,"Hv98-571"
"Hv98-571.fasta","NZ_JBHFNN010000008.1",55764,56504,"+","ascJ","1-741/741","===============","0/0",100,96.49,"vfdb","WP_180975055","(ascJ) type III secretion system OM ring protein AscJ [T3SS (VF0479) - Effector delivery system (VFC0086)] [Aeromonas salmonicida subsp. salmonicida A449]",NA,"Hv98-571"
"Hv98-571.fasta","NZ_JBHFNN010000008.1",56501,57127,"+","ascK","1-627/627","===============","0/0",100,92.19,"vfdb","WP_005320811","(ascK) Type III secretion system C ring protein AscK [T3SS (VF0479) - Effector delivery system (VFC0086)] [Aeromonas salmonicida subsp. salmonicida A449]",NA,"Hv98-571"
"Hv98-571.fasta","NZ_JBHFNN010000008.1",57106,57771,"+","ascL","1-666/666","===============","0/0",100,95.5,"vfdb","WP_005320812","(ascL) Type III secretion system C ring protein AscL [T3SS (VF0479) - Effector delivery system (VFC0086)] [Aeromonas salmonicida subsp. salmonicida A449]",NA,"Hv98-571"
"Hv98-571.fasta","NZ_JBHFNN010000010.1",154792,156695,"-","vgrG3","1-1904/2046","========/======","6/8",92.86,83.07,"vfdb","WP_011705728","(vgrG3) VgrG protein [T6SS (VF0480) - Effector delivery system (VFC0086)] [Aeromonas hydrophila subsp. hydrophila ATCC 7966]",NA,"Hv98-571"
"Hv98-571.fasta","NZ_JBHFNN010000010.1",157192,157710,"-","hcp","1-519/519","===============","0/0",100,93.26,"vfdb","WP_011705706","(hcp) hemolysin co-regulated protein [T6SS (VF0480) - Effector delivery system (VFC0086)] [Aeromonas hydrophila subsp. hydrophila ATCC 7966]",NA,"Hv98-571"
"Hv98-571.fasta","NZ_JBHFNN010000013.1",141263,143174,"-","vgrG3","1-1912/2046","========/======","4/4",93.35,83.7,"vfdb","WP_011705728","(vgrG3) VgrG protein [T6SS (VF0480) - Effector delivery system (VFC0086)] [Aeromonas hydrophila subsp. hydrophila ATCC 7966]",NA,"Hv98-571"
"Hv98-571.fasta","NZ_JBHFNN010000013.1",143186,143473,"-","AHA_RS09305","1-288/288","========/======","2/2",99.65,81.66,"vfdb","WP_011705727","(AHA_RS09305) type VI secretion system PAAR protein [T6SS (VF0480) - Effector delivery system (VFC0086)] [Aeromonas hydrophila subsp. hydrophila ATCC 7966]",NA,"Hv98-571"
"Hv98-571.fasta","NZ_JBHFNN010000013.1",143779,145206,"-","atsS","1-1431/1431","========/======","3/5",99.72,86.1,"vfdb","WP_011705726","(atsS) Type VI secretion system protein [T6SS (VF0480) - Effector delivery system (VFC0086)] [Aeromonas hydrophila subsp. hydrophila ATCC 7966]",NA,"Hv98-571"
"Hv98-571.fasta","NZ_JBHFNN010000013.1",145250,148747,"-","vasK/icmF","1-3486/3486","========/======","2/12",100,86.25,"vfdb","WP_011705725","(vasK/icmF) Type VI secretion system protein [T6SS (VF0480) - Effector delivery system (VFC0086)] [Aeromonas hydrophila subsp. hydrophila ATCC 7966]",NA,"Hv98-571"
"Hv98-571.fasta","NZ_JBHFNN010000013.1",148818,150216,"-","atsQ","1-1408/1437","========/======","7/27",96.73,82.99,"vfdb","WP_011705724","(atsQ) Type VI secretion system protein [T6SS (VF0480) - Effector delivery system (VFC0086)] [Aeromonas hydrophila subsp. hydrophila ATCC 7966]",NA,"Hv98-571"
"Hv98-571.fasta","NZ_JBHFNN010000013.1",150830,152368,"-","vasH","1-1539/1539","===============","0/0",100,86.16,"vfdb","WP_011705722","(vasH) sigma-54 dependent transcriptional regulator [T6SS (VF0480) - Effector delivery system (VFC0086)] [Aeromonas hydrophila subsp. hydrophila ATCC 7966]",NA,"Hv98-571"
"Hv98-571.fasta","NZ_JBHFNN010000013.1",152373,155013,"-","clpB","1-2640/2643","========/======","1/1",99.89,88.75,"vfdb","WP_011705721","(clpB) type VI secretion system ATPase ClpV1 [T6SS (VF0480) - Effector delivery system (VFC0086)] [Aeromonas hydrophila subsp. hydrophila ATCC 7966]",NA,"Hv98-571"
"Hv98-571.fasta","NZ_JBHFNN010000013.1",155034,155813,"-","dotU","1-780/780","===============","0/0",100,89.1,"vfdb","WP_010634228","(dotU) Type VI secretion system protein DotU [T6SS (VF0480) - Effector delivery system (VFC0086)] [Aeromonas hydrophila subsp. hydrophila ATCC 7966]",NA,"Hv98-571"
"Hv98-571.fasta","NZ_JBHFNN010000013.1",155837,157171,"-","atsL","1-1335/1335","===============","0/0",100,91.83,"vfdb","WP_011705719","(atsL) Type VI secretion system protein [T6SS (VF0480) - Effector delivery system (VFC0086)] [Aeromonas hydrophila subsp. hydrophila ATCC 7966]",NA,"Hv98-571"
"Hv98-571.fasta","NZ_JBHFNN010000013.1",157174,157689,"-","atsK","1-516/516","===============","0/0",100,90.12,"vfdb","WP_011705718","(atsK) Type VI secretion system protein [T6SS (VF0480) - Effector delivery system (VFC0086)] [Aeromonas hydrophila subsp. hydrophila ATCC 7966]",NA,"Hv98-571"
"Hv98-571.fasta","NZ_JBHFNN010000013.1",157689,158924,"-","atsJ","1-1251/1251","========/======","7/25",98.4,84.55,"vfdb","WP_011705717","(atsJ) Type VI secretion system protein [T6SS (VF0480) - Effector delivery system (VFC0086)] [Aeromonas hydrophila subsp. hydrophila ATCC 7966]",NA,"Hv98-571"
"Hv98-571.fasta","NZ_JBHFNN010000013.1",158964,159961,"-","atsI","2-999/999","===============","0/0",99.9,88.28,"vfdb","WP_011705716","(atsI) Type VI secretion system protein [T6SS (VF0480) - Effector delivery system (VFC0086)] [Aeromonas hydrophila subsp. hydrophila ATCC 7966]",NA,"Hv98-571"
"Hv98-571.fasta","NZ_JBHFNN010000013.1",159926,161692,"-","atsH","1-1767/1767","===============","0/0",100,90.55,"vfdb","WP_011705715","(atsH) Type VI secretion system protein [T6SS (VF0480) - Effector delivery system (VFC0086)] [Aeromonas hydrophila subsp. hydrophila ATCC 7966]",NA,"Hv98-571"
"Hv98-571.fasta","NZ_JBHFNN010000013.1",161696,162127,"-","atsG","1-432/432","===============","0/0",100,93.29,"vfdb","WP_011705714","(atsG) Type VI secretion system protein [T6SS (VF0480) - Effector delivery system (VFC0086)] [Aeromonas hydrophila subsp. hydrophila ATCC 7966]",NA,"Hv98-571"
"Hv98-571.fasta","NZ_JBHFNN010000013.1",162134,163615,"-","vipB","1-1479/1479","========/======","1/3",100,90.62,"vfdb","WP_043163044","(vipB) Type VI secretion system contractile sheath large subunit TssC/VipB [T6SS (VF0480) - Effector delivery system (VFC0086)] [Aeromonas hydrophila subsp. hydrophila ATCC 7966]",NA,"Hv98-571"
"Hv98-571.fasta","NZ_JBHFNN010000013.1",163653,164156,"-","vipA","1-504/504","===============","0/0",100,89.29,"vfdb","WP_011705712","(vipA) Type VI secretion system contractile sheath small subunit TssB/VipA [T6SS (VF0480) - Effector delivery system (VFC0086)] [Aeromonas hydrophila subsp. hydrophila ATCC 7966]",NA,"Hv98-571"
"Hv98-571.fasta","NZ_JBHFNN010000015.1",75578,76369,"+","tapF","1-792/792","========/======","2/6",99.62,87.92,"vfdb","WP_011705643","(tapF) type IV pilus biogenesis/stability protein pilW-like [Tap type IV pili (VF0475) - Adherence (VFC0001)] [Aeromonas hydrophila ML09-119]",NA,"Hv98-571"
"Hv98-571.fasta","NZ_JBHFNN010000018.1",85129,85863,"+","flmH","1-735/735","===============","0/0",100,90.34,"vfdb","WP_005300916","(flmH) short chain dehydrogenase/reductase family oxidoreductase [Polar flagella (VF0473) - Motility (VFC0204)] [Aeromonas hydrophila ML09-119]",NA,"Hv98-571"
"Hv98-571.fasta","NZ_JBHFNN010000019.1",67128,68686,"+","exeA","1-1559/1647","===============","0/0",94.66,82.87,"vfdb","WP_016352107","(exeA) general secretion pathway protein A [Exe T2SS (VF0478) - Effector delivery system (VFC0086)] [Aeromonas hydrophila ML09-119]",NA,"Hv98-571"
"Hv98-571.fasta","NZ_JBHFNN010000019.1",70474,72431,"+","exeD","1-1970/2037","========/======","9/22",95.88,85.62,"vfdb","WP_016349335","(exeD) general secretion pathway protein D [Exe T2SS (VF0478) - Effector delivery system (VFC0086)] [Aeromonas hydrophila ML09-119]",NA,"Hv98-571"
"Hv98-571.fasta","NZ_JBHFNN010000019.1",72519,74018,"+","exeE","7-1506/1506","===============","0/0",99.6,89.8,"vfdb","WP_016349336","(exeE) general secretory pathway protein E [Exe T2SS (VF0478) - Effector delivery system (VFC0086)] [Aeromonas hydrophila ML09-119]",NA,"Hv98-571"
"Hv98-571.fasta","NZ_JBHFNN010000019.1",74020,75239,"+","exeF","1-1220/1221","===============","0/0",99.92,87.79,"vfdb","WP_016349337","(exeF) general secretion pathway protein F [Exe T2SS (VF0478) - Effector delivery system (VFC0086)] [Aeromonas hydrophila ML09-119]",NA,"Hv98-571"
"Hv98-571.fasta","NZ_JBHFNN010000019.1",75338,75769,"+","exeG","1-432/432","===============","0/0",100,91.9,"vfdb","WP_005308483","(exeG) general secretion pathway protein G [Exe T2SS (VF0478) - Effector delivery system (VFC0086)] [Aeromonas hydrophila ML09-119]",NA,"Hv98-571"
"Hv98-571.fasta","NZ_JBHFNN010000019.1",75831,76337,"+","exeH","12-518/552","===============","0/0",91.85,80.87,"vfdb","WP_016349339","(exeH) general secretion pathway protein H [Exe T2SS (VF0478) - Effector delivery system (VFC0086)] [Aeromonas hydrophila ML09-119]",NA,"Hv98-571"
"Hv98-571.fasta","NZ_JBHFNN010000019.1",76463,76822,"+","exeI","1-360/360","===============","0/0",100,87.78,"vfdb","WP_016349340","(exeI) general secretion pathway protein I [Exe T2SS (VF0478) - Effector delivery system (VFC0086)] [Aeromonas hydrophila ML09-119]",NA,"Hv98-571"
"Hv98-571.fasta","NZ_JBHFNN010000019.1",76855,77456,"+","exeJ","40-641/654","===============","0/0",92.05,88.54,"vfdb","WP_016349341","(exeJ) general secretion pathway protein J [Exe T2SS (VF0478) - Effector delivery system (VFC0086)] [Aeromonas hydrophila ML09-119]",NA,"Hv98-571"
"Hv98-571.fasta","NZ_JBHFNN010000019.1",78703,79887,"+","exeL","1-1185/1185","========/======","2/2",99.92,81.11,"vfdb","WP_016349343","(exeL) general secretion pathway protein L [Exe T2SS (VF0478) - Effector delivery system (VFC0086)] [Aeromonas hydrophila ML09-119]",NA,"Hv98-571"
"Hv98-571.fasta","NZ_JBHFNN010000019.1",79884,80375,"+","exeM","1-492/492","===============","0/0",100,82.32,"vfdb","WP_016349344","(exeM) general secretion pathway protein M [Exe T2SS (VF0478) - Effector delivery system (VFC0086)] [Aeromonas hydrophila ML09-119]",NA,"Hv98-571"
"Hv98-571.fasta","NZ_JBHFNN010000022.1",188265,189023,"+","pomA2","1-759/759","===============","0/0",100,86.96,"vfdb","WP_011707085","(pomA2) chemotaxis protein PomA [Polar flagella (VF0473) - Motility (VFC0204)] [Aeromonas hydrophila ML09-119]",NA,"Hv98-571"
"Hv98-571.fasta","NZ_JBHFNN010000022.1",189041,189903,"+","pomB2","10-878/900","========/======","2/6",95.89,82.85,"vfdb","WP_016351724","(pomB2) flagellar motor protein MotB [Polar flagella (VF0473) - Motility (VFC0204)] [Aeromonas hydrophila ML09-119]",NA,"Hv98-571"
"Hv98-571.fasta","NZ_JBHFNN010000026.1",49609,50472,"+","mshI","1-864/864","===============","0/0",100,83.91,"vfdb","WP_016349152","(mshI) MSHA (mannose-sensitive hemagglutinin) pili biogenesis protein MshI bitopic inner membrane protein [MSHA type IV pili (VF0477) - Adherence (VFC0001)] [Aeromonas hydrophila ML09-119]",NA,"Hv98-571"
"Hv98-571.fasta","NZ_JBHFNN010000026.1",50472,51065,"+","mshI1","1-594/594","========/======","4/4",99.66,80.7,"vfdb","WP_016349153","(mshI1) MSHA (mannose-sensitive hemagglutinin) pili biogenesis protein MshI1 bitopic inner membrane protein [MSHA type IV pili (VF0477) - Adherence (VFC0001)] [Aeromonas hydrophila ML09-119]",NA,"Hv98-571"
"Hv98-571.fasta","NZ_JBHFNN010000026.1",52105,53778,"+","mshL","1-1674/1674","========/======","11/34",98.98,81.9,"vfdb","WP_016349156","(mshL) MSHA (mannose-sensitive hemagglutinin) pili biogenesis protein MshL outer membrane secretin GspD-like [MSHA type IV pili (VF0477) - Adherence (VFC0001)] [Aeromonas hydrophila ML09-119]",NA,"Hv98-571"
"Hv98-571.fasta","NZ_JBHFNN010000026.1",53871,54761,"+","mshM","1-891/891","===============","0/0",100,88.1,"vfdb","WP_016349157","(mshM) membrane protein with ATPase domain GspA-like [MSHA type IV pili (VF0477) - Adherence (VFC0001)] [Aeromonas hydrophila ML09-119]",NA,"Hv98-571"
"Hv98-571.fasta","NZ_JBHFNN010000026.1",55912,57621,"+","mshE","1-1710/1710","===============","0/0",100,89.88,"vfdb","WP_043118275","(mshE) ATPase protein MshE GspE-like [MSHA type IV pili (VF0477) - Adherence (VFC0001)] [Aeromonas hydrophila ML09-119]",NA,"Hv98-571"
"Hv98-571.fasta","NZ_JBHFNN010000026.1",57633,58845,"+","mshG","9-1221/1221","========/======","2/2",99.26,88.14,"vfdb","WP_016349160","(mshG) MSHA (mannose-sensitive hemagglutinin) pili biogenesis protein MshG GspF-like [MSHA type IV pili (VF0477) - Adherence (VFC0001)] [Aeromonas hydrophila ML09-119]",NA,"Hv98-571"
"Hv98-571.fasta","NZ_JBHFNN010000026.1",59524,60142,"+","mshB","52-670/672",".==============","0/0",92.11,85.46,"vfdb","WP_043118279","(mshB) MSHA (mannose-sensitive hemagglutinin) pili minor prepilin protein MshB [MSHA type IV pili (VF0477) - Adherence (VFC0001)] [Aeromonas hydrophila ML09-119]",NA,"Hv98-571"
"Hv98-571.fasta","NZ_JBHFNN010000027.1",40850,41599,"-","nueA","1-762/762","========/======","2/12",98.43,88.06,"vfdb","WP_016351249","(nueA) NeuA protein [Polar flagella (VF0473) - Motility (VFC0204)] [Aeromonas hydrophila ML09-119]",NA,"Hv98-571"
"Hv98-571.fasta","NZ_JBHFNN010000027.1",97616,98489,"-","motY","1-874/876","===============","0/0",99.77,87.76,"vfdb","WP_024944879","(motY) sodium-type flagellar protein MotY [Polar flagella (VF0473) - Motility (VFC0204)] [Aeromonas hydrophila ML09-119]",NA,"Hv98-571"
"Hv98-571.fasta","NZ_JBHFNN010000030.1",1776,2294,"-","hcp","1-519/519","===============","0/0",100,94.03,"vfdb","WP_011705706","(hcp) hemolysin co-regulated protein [T6SS (VF0480) - Effector delivery system (VFC0086)] [Aeromonas hydrophila subsp. hydrophila ATCC 7966]",NA,"Hv98-571"
"Hv98-571.fasta","NZ_JBHFNN010000033.1",23036,23830,"-","AHML_RS07540","1-795/795","===============","0/0",100,83.14,"vfdb","WP_011705294","(AHML_RS07540) CobQ/CobB/MinD/ParA family protein [Polar flagella (VF0473) - Motility (VFC0204)] [Aeromonas hydrophila ML09-119]",NA,"Hv98-571"
"Hv98-571.fasta","NZ_JBHFNN010000033.1",25498,26613,"-","cheB-2","1-1116/1116","========/======","2/2",99.91,82.45,"vfdb","WP_016350060","(cheB-2) chemotaxis-specific methylesterase [Polar flagella (VF0473) - Motility (VFC0204)] [Aeromonas hydrophila ML09-119]",NA,"Hv98-571"
"Hv98-571.fasta","NZ_JBHFNN010000033.1",28865,29605,"-","cheZ","1-741/741","===============","0/0",100,86.1,"vfdb","WP_011705289","(cheZ) chemotaxis protein CheZ [Polar flagella (VF0473) - Motility (VFC0204)] [Aeromonas hydrophila ML09-119]",NA,"Hv98-571"
"Hv98-571.fasta","NZ_JBHFNN010000033.1",29618,30001,"-","cheY","1-384/384","===============","0/0",100,87.24,"vfdb","WP_010634617","(cheY) chemotaxis protein CheY [Polar flagella (VF0473) - Motility (VFC0204)] [Aeromonas hydrophila ML09-119]",NA,"Hv98-571"
"Hv98-571.fasta","NZ_JBHFNN010000033.1",30113,30832,"-","fliA","1-720/720","========/======","2/2",99.86,82.8,"vfdb","WP_017409955","(fliA) flagellar biosynthesis sigma factor [Polar flagella (VF0473) - Motility (VFC0204)] [Aeromonas hydrophila ML09-119]",NA,"Hv98-571"
"Hv98-571.fasta","NZ_JBHFNN010000033.1",30825,31700,"-","flhG","1-876/876","===============","0/0",100,88.81,"vfdb","WP_010634619","(flhG) CobQ/CobB/MinD/ParA family protein [Polar flagella (VF0473) - Motility (VFC0204)] [Aeromonas hydrophila ML09-119]",NA,"Hv98-571"
"Hv98-571.fasta","NZ_JBHFNN010000033.1",31702,33126,"-","flhF","1-1422/1422","========/======","6/11",99.72,88.17,"vfdb","WP_016350057","(flhF) flagellar biosynthesis protein FlhF [Polar flagella (VF0473) - Motility (VFC0204)] [Aeromonas hydrophila ML09-119]",NA,"Hv98-571"
"Hv98-571.fasta","NZ_JBHFNN010000033.1",33143,35245,"-","flhA","1-2103/2103","===============","0/0",100,87.49,"vfdb","WP_016350056","(flhA) flagellar biosynthesis protein FlhA [Polar flagella (VF0473) - Motility (VFC0204)] [Aeromonas hydrophila ML09-119]",NA,"Hv98-571"
"Hv98-571.fasta","NZ_JBHFNN010000033.1",35353,36483,"-","flhB","1-1131/1131","========/======","2/8",99.65,86.26,"vfdb","WP_016350055","(flhB) flagellar biosynthetic protein FlhB [Polar flagella (VF0473) - Motility (VFC0204)] [Aeromonas hydrophila ML09-119]",NA,"Hv98-571"
"Hv98-571.fasta","NZ_JBHFNN010000033.1",36498,37273,"-","fliR","1-776/792","===============","0/0",97.98,82.09,"vfdb","WP_011705283","(fliR) flagellar biosynthesis protein FliR [Polar flagella (VF0473) - Motility (VFC0204)] [Aeromonas hydrophila ML09-119]",NA,"Hv98-571"
"Hv98-571.fasta","NZ_JBHFNN010000033.1",37270,37539,"-","fliQ","1-270/270","===============","0/0",100,85.93,"vfdb","WP_011705282","(fliQ) flagellar biosynthetic protein FliQ [Polar flagella (VF0473) - Motility (VFC0204)] [Aeromonas hydrophila ML09-119]",NA,"Hv98-571"
"Hv98-571.fasta","NZ_JBHFNN010000033.1",37568,38338,"-","fliP","1-774/780","========/======","2/5",98.72,85.81,"vfdb","WP_016350054","(fliP) flagellar biosynthesis protein FliP [Polar flagella (VF0473) - Motility (VFC0204)] [Aeromonas hydrophila ML09-119]",NA,"Hv98-571"
"Hv98-571.fasta","NZ_JBHFNN010000033.1",38325,38645,"-","fliO","64-384/384","..=============","0/0",83.59,86.92,"vfdb","WP_005298795","(fliO) flagellar biosynthesis protein FliO [Polar flagella (VF0473) - Motility (VFC0204)] [Aeromonas hydrophila ML09-119]",NA,"Hv98-571"
"Hv98-571.fasta","NZ_JBHFNN010000033.1",38702,39094,"-","fliN","1-393/393","===============","0/0",100,89.82,"vfdb","WP_011705280","(fliN) flagellar motor switch protein FliN [Polar flagella (VF0473) - Motility (VFC0204)] [Aeromonas hydrophila ML09-119]",NA,"Hv98-571"
"Hv98-571.fasta","NZ_JBHFNN010000033.1",39144,40214,"-","fliM","1-1071/1071","===============","0/0",100,91.22,"vfdb","WP_011705279","(fliM) flagellar motor switch protein FliM [Polar flagella (VF0473) - Motility (VFC0204)] [Aeromonas hydrophila ML09-119]",NA,"Hv98-571"
"Hv98-571.fasta","NZ_JBHFNN010000033.1",40223,40737,"-","fliL","1-518/519","========/======","1/3",99.23,85.14,"vfdb","WP_011705278","(fliL) flagellar basal body-associated protein FliL [Polar flagella (VF0473) - Motility (VFC0204)] [Aeromonas hydrophila ML09-119]",NA,"Hv98-571"
"Hv98-571.fasta","NZ_JBHFNN010000033.1",42791,43231,"-","fliJ","1-441/441","===============","0/0",100,86.39,"vfdb","WP_011705276","(fliJ) flagellar export protein FliJ [Polar flagella (VF0473) - Motility (VFC0204)] [Aeromonas hydrophila ML09-119]",NA,"Hv98-571"
"Hv98-571.fasta","NZ_JBHFNN010000033.1",43259,44590,"-","fliI","1-1332/1332","===============","0/0",100,89.49,"vfdb","WP_011705275","(fliI) flagellum-specific ATP synthase [Polar flagella (VF0473) - Motility (VFC0204)] [Aeromonas hydrophila ML09-119]",NA,"Hv98-571"
"Hv98-571.fasta","NZ_JBHFNN010000033.1",44673,45464,"-","fliH","7-792/807","========/======","4/12",97.03,81.26,"vfdb","WP_016350051","(fliH) flagellar assembly protein FliH [Polar flagella (VF0473) - Motility (VFC0204)] [Aeromonas hydrophila ML09-119]",NA,"Hv98-571"
"Hv98-571.fasta","NZ_JBHFNN010000033.1",45538,46597,"-","fliG","1-1060/1062","===============","0/0",99.81,93.21,"vfdb","WP_011705273","(fliG) flagellar motor switch protein G [Polar flagella (VF0473) - Motility (VFC0204)] [Aeromonas hydrophila ML09-119]",NA,"Hv98-571"
"Hv98-571.fasta","NZ_JBHFNN010000033.1",46590,48299,"-","fliF","1-1713/1713","========/======","1/3",99.82,86.92,"vfdb","WP_016350050","(fliF) flagellar MS-ring protein [Polar flagella (VF0473) - Motility (VFC0204)] [Aeromonas hydrophila ML09-119]",NA,"Hv98-571"
"Hv98-571.fasta","NZ_JBHFNN010000033.1",48362,48679,"-","fliE","1-318/318","===============","0/0",100,89.31,"vfdb","WP_011705271","(fliE) flagellar hook-basal body complex protein FliE [Polar flagella (VF0473) - Motility (VFC0204)] [Aeromonas hydrophila ML09-119]",NA,"Hv98-571"
"Hv98-571.fasta","NZ_JBHFNN010000033.1",194601,195133,"-","tapN","1-533/579","==============.","0/0",92.06,80.11,"vfdb","WP_016351632","(tapN) type IV pilus biogenesis protein PilN [Tap type IV pili (VF0475) - Adherence (VFC0001)] [Aeromonas hydrophila ML09-119]",NA,"Hv98-571"
"KMM289.fasta","1",28586,29377,"+","tapF","1-792/792","========/======","2/6",99.62,88.05,"vfdb","WP_011705643","(tapF) type IV pilus biogenesis/stability protein pilW-like [Tap type IV pili (VF0475) - Adherence (VFC0001)] [Aeromonas hydrophila ML09-119]",NA,"KMM289"
"KMM289.fasta","1",482149,482883,"+","flmH","1-735/735","===============","0/0",100,90.07,"vfdb","WP_005300916","(flmH) short chain dehydrogenase/reductase family oxidoreductase [Polar flagella (VF0473) - Motility (VFC0204)] [Aeromonas hydrophila ML09-119]",NA,"KMM289"
"KMM289.fasta","1",916118,916405,"-","AHA_RS09305","1-288/288","========/======","2/2",99.65,81.66,"vfdb","WP_011705727","(AHA_RS09305) type VI secretion system PAAR protein [T6SS (VF0480) - Effector delivery system (VFC0086)] [Aeromonas hydrophila subsp. hydrophila ATCC 7966]",NA,"KMM289"
"KMM289.fasta","1",916713,918138,"-","atsS","1-1429/1431","========/======","3/5",99.58,86.22,"vfdb","WP_011705726","(atsS) Type VI secretion system protein [T6SS (VF0480) - Effector delivery system (VFC0086)] [Aeromonas hydrophila subsp. hydrophila ATCC 7966]",NA,"KMM289"
"KMM289.fasta","1",918182,921679,"-","vasK/icmF","1-3486/3486","========/======","2/12",100,86.28,"vfdb","WP_011705725","(vasK/icmF) Type VI secretion system protein [T6SS (VF0480) - Effector delivery system (VFC0086)] [Aeromonas hydrophila subsp. hydrophila ATCC 7966]",NA,"KMM289"
"KMM289.fasta","1",921750,923148,"-","atsQ","1-1408/1437","========/======","7/27",96.73,82.43,"vfdb","WP_011705724","(atsQ) Type VI secretion system protein [T6SS (VF0480) - Effector delivery system (VFC0086)] [Aeromonas hydrophila subsp. hydrophila ATCC 7966]",NA,"KMM289"
"KMM289.fasta","1",923764,925302,"-","vasH","1-1539/1539","===============","0/0",100,86.94,"vfdb","WP_011705722","(vasH) sigma-54 dependent transcriptional regulator [T6SS (VF0480) - Effector delivery system (VFC0086)] [Aeromonas hydrophila subsp. hydrophila ATCC 7966]",NA,"KMM289"
"KMM289.fasta","1",925307,927947,"-","clpB","1-2640/2643","========/======","1/1",99.89,88.98,"vfdb","WP_011705721","(clpB) type VI secretion system ATPase ClpV1 [T6SS (VF0480) - Effector delivery system (VFC0086)] [Aeromonas hydrophila subsp. hydrophila ATCC 7966]",NA,"KMM289"
"KMM289.fasta","1",927968,928747,"-","dotU","1-780/780","===============","0/0",100,89.1,"vfdb","WP_010634228","(dotU) Type VI secretion system protein DotU [T6SS (VF0480) - Effector delivery system (VFC0086)] [Aeromonas hydrophila subsp. hydrophila ATCC 7966]",NA,"KMM289"
"KMM289.fasta","1",928771,930105,"-","atsL","1-1335/1335","===============","0/0",100,91.83,"vfdb","WP_011705719","(atsL) Type VI secretion system protein [T6SS (VF0480) - Effector delivery system (VFC0086)] [Aeromonas hydrophila subsp. hydrophila ATCC 7966]",NA,"KMM289"
"KMM289.fasta","1",930108,930623,"-","atsK","1-516/516","===============","0/0",100,90.31,"vfdb","WP_011705718","(atsK) Type VI secretion system protein [T6SS (VF0480) - Effector delivery system (VFC0086)] [Aeromonas hydrophila subsp. hydrophila ATCC 7966]",NA,"KMM289"
"KMM289.fasta","1",930623,931858,"-","atsJ","1-1251/1251","========/======","3/21",98.56,84.45,"vfdb","WP_011705717","(atsJ) Type VI secretion system protein [T6SS (VF0480) - Effector delivery system (VFC0086)] [Aeromonas hydrophila subsp. hydrophila ATCC 7966]",NA,"KMM289"
"KMM289.fasta","1",931898,932895,"-","atsI","2-999/999","===============","0/0",99.9,87.58,"vfdb","WP_011705716","(atsI) Type VI secretion system protein [T6SS (VF0480) - Effector delivery system (VFC0086)] [Aeromonas hydrophila subsp. hydrophila ATCC 7966]",NA,"KMM289"
"KMM289.fasta","1",932860,934626,"-","atsH","1-1767/1767","===============","0/0",100,90.27,"vfdb","WP_011705715","(atsH) Type VI secretion system protein [T6SS (VF0480) - Effector delivery system (VFC0086)] [Aeromonas hydrophila subsp. hydrophila ATCC 7966]",NA,"KMM289"
"KMM289.fasta","1",934630,935061,"-","atsG","1-432/432","===============","0/0",100,94.21,"vfdb","WP_011705714","(atsG) Type VI secretion system protein [T6SS (VF0480) - Effector delivery system (VFC0086)] [Aeromonas hydrophila subsp. hydrophila ATCC 7966]",NA,"KMM289"
"KMM289.fasta","1",935068,936549,"-","vipB","1-1479/1479","========/======","1/3",100,90.49,"vfdb","WP_043163044","(vipB) Type VI secretion system contractile sheath large subunit TssC/VipB [T6SS (VF0480) - Effector delivery system (VFC0086)] [Aeromonas hydrophila subsp. hydrophila ATCC 7966]",NA,"KMM289"
"KMM289.fasta","1",936587,937090,"-","vipA","1-504/504","===============","0/0",100,89.09,"vfdb","WP_011705712","(vipA) Type VI secretion system contractile sheath small subunit TssB/VipA [T6SS (VF0480) - Effector delivery system (VFC0086)] [Aeromonas hydrophila subsp. hydrophila ATCC 7966]",NA,"KMM289"
"KMM289.fasta","1",1174277,1175620,"-","flrC","1-1344/1344","===============","0/0",100,88.62,"vfdb","WP_011706626","(flrC) transcriptional activator [Polar flagella (VF0473) - Motility (VFC0204)] [Aeromonas hydrophila ML09-119]",NA,"KMM289"
"KMM289.fasta","1",1175617,1176651,"-","flrB","1-1035/1035","========/======","4/4",99.81,85.05,"vfdb","WP_016351312","(flrB) two-component sensor kinase [Polar flagella (VF0473) - Motility (VFC0204)] [Aeromonas hydrophila ML09-119]",NA,"KMM289"
"KMM289.fasta","1",1176765,1178179,"-","flrA","1-1415/1422","========/======","2/2",99.44,86.09,"vfdb","WP_017409846","(flrA) FleQ protein [Polar flagella (VF0473) - Motility (VFC0204)] [Aeromonas hydrophila ML09-119]",NA,"KMM289"
"KMM289.fasta","1",1188786,1189835,"-","flgJ","1-1053/1092","========/======","9/25",95.15,80.55,"vfdb","WP_016351320","(flgJ) flagellar rod assembly protein/muramidase FlgJ [Polar flagella (VF0473) - Motility (VFC0204)] [Aeromonas hydrophila ML09-119]",NA,"KMM289"
"KMM289.fasta","1",1189879,1190976,"-","flgI","1-1098/1098","===============","0/0",100,86.89,"vfdb","WP_011706637","(flgI) flagellar basal body P-ring protein [Polar flagella (VF0473) - Motility (VFC0204)] [Aeromonas hydrophila ML09-119]",NA,"KMM289"
"KMM289.fasta","1",1190985,1191656,"-","flgH","1-672/672","===============","0/0",100,85.56,"vfdb","WP_011706638","(flgH) flagellar basal body L-ring protein [Polar flagella (VF0473) - Motility (VFC0204)] [Aeromonas hydrophila ML09-119]",NA,"KMM289"
"KMM289.fasta","1",1191671,1192459,"-","flgG","1-789/789","========/======","2/2",99.87,86.83,"vfdb","WP_011706639","(flgG) flagellar basal body rod protein FlgG [Polar flagella (VF0473) - Motility (VFC0204)] [Aeromonas hydrophila ML09-119]",NA,"KMM289"
"KMM289.fasta","1",1192474,1193220,"-","flgF","1-747/747","===============","0/0",100,84.74,"vfdb","WP_011706640","(flgF) flagellar basal-body rod protein FlgF [Polar flagella (VF0473) - Motility (VFC0204)] [Aeromonas hydrophila ML09-119]",NA,"KMM289"
"KMM289.fasta","1",1195501,1195920,"-","flgC","1-420/420","===============","0/0",100,90.48,"vfdb","WP_011706643","(flgC) flagellar basal body rod protein FlgC [Polar flagella (VF0473) - Motility (VFC0204)] [Aeromonas hydrophila ML09-119]",NA,"KMM289"
"KMM289.fasta","1",1195920,1196318,"-","flgB","1-399/399","===============","0/0",100,81.45,"vfdb","WP_011706644","(flgB) flagellar basal-body rod protein FlgB [Polar flagella (VF0473) - Motility (VFC0204)] [Aeromonas hydrophila ML09-119]",NA,"KMM289"
"KMM289.fasta","1",1196616,1197438,"-","cheR-3","1-823/825","===============","0/0",99.76,86.03,"vfdb","WP_011706645","(cheR-3) chemotaxis protein CheR [Polar flagella (VF0473) - Motility (VFC0204)] [Aeromonas hydrophila ML09-119]",NA,"KMM289"
"KMM289.fasta","1",1197456,1198367,"-","cheV","1-912/912","===============","0/0",100,86.08,"vfdb","WP_011706646","(cheV) CheV [Polar flagella (VF0473) - Motility (VFC0204)] [Aeromonas hydrophila ML09-119]",NA,"KMM289"
"KMM289.fasta","1",1199287,1199605,"+","flgM","1-319/321","===============","0/0",99.38,80.25,"vfdb","WP_011706648","(flgM) anti-sigma-D factor [Polar flagella (VF0473) - Motility (VFC0204)] [Aeromonas hydrophila ML09-119]",NA,"KMM289"
"KMM289.fasta","1",1513021,1514579,"+","exeA","1-1559/1647","===============","0/0",94.66,82.94,"vfdb","WP_016352107","(exeA) general secretion pathway protein A [Exe T2SS (VF0478) - Effector delivery system (VFC0086)] [Aeromonas hydrophila ML09-119]",NA,"KMM289"
"KMM289.fasta","1",1516364,1518318,"+","exeD","1-1970/2037","========/======","11/27",95.68,81.28,"vfdb","WP_016349335","(exeD) general secretion pathway protein D [Exe T2SS (VF0478) - Effector delivery system (VFC0086)] [Aeromonas hydrophila ML09-119]",NA,"KMM289"
"KMM289.fasta","1",1518406,1519905,"+","exeE","7-1506/1506","===============","0/0",99.6,89.93,"vfdb","WP_016349336","(exeE) general secretory pathway protein E [Exe T2SS (VF0478) - Effector delivery system (VFC0086)] [Aeromonas hydrophila ML09-119]",NA,"KMM289"
"KMM289.fasta","1",1519907,1521126,"+","exeF","1-1220/1221","===============","0/0",99.92,88.03,"vfdb","WP_016349337","(exeF) general secretion pathway protein F [Exe T2SS (VF0478) - Effector delivery system (VFC0086)] [Aeromonas hydrophila ML09-119]",NA,"KMM289"
"KMM289.fasta","1",1521225,1521656,"+","exeG","1-432/432","===============","0/0",100,91.9,"vfdb","WP_005308483","(exeG) general secretion pathway protein G [Exe T2SS (VF0478) - Effector delivery system (VFC0086)] [Aeromonas hydrophila ML09-119]",NA,"KMM289"
"KMM289.fasta","1",1521718,1522233,"+","exeH","12-527/552","===============","0/0",93.48,80.81,"vfdb","WP_016349339","(exeH) general secretion pathway protein H [Exe T2SS (VF0478) - Effector delivery system (VFC0086)] [Aeromonas hydrophila ML09-119]",NA,"KMM289"
"KMM289.fasta","1",1522348,1522707,"+","exeI","1-360/360","===============","0/0",100,87.78,"vfdb","WP_016349340","(exeI) general secretion pathway protein I [Exe T2SS (VF0478) - Effector delivery system (VFC0086)] [Aeromonas hydrophila ML09-119]",NA,"KMM289"
"KMM289.fasta","1",1522740,1523341,"+","exeJ","40-641/654","===============","0/0",92.05,89.04,"vfdb","WP_016349341","(exeJ) general secretion pathway protein J [Exe T2SS (VF0478) - Effector delivery system (VFC0086)] [Aeromonas hydrophila ML09-119]",NA,"KMM289"
"KMM289.fasta","1",1524633,1525817,"+","exeL","1-1185/1185","========/======","4/4",99.83,82.64,"vfdb","WP_016349343","(exeL) general secretion pathway protein L [Exe T2SS (VF0478) - Effector delivery system (VFC0086)] [Aeromonas hydrophila ML09-119]",NA,"KMM289"
"KMM289.fasta","1",1525814,1526305,"+","exeM","1-492/492","===============","0/0",100,82.93,"vfdb","WP_016349344","(exeM) general secretion pathway protein M [Exe T2SS (VF0478) - Effector delivery system (VFC0086)] [Aeromonas hydrophila ML09-119]",NA,"KMM289"
"KMM289.fasta","1",1548240,1548527,"-","AHA_RS09305","1-288/288","========/======","2/2",99.65,83.74,"vfdb","WP_011705727","(AHA_RS09305) type VI secretion system PAAR protein [T6SS (VF0480) - Effector delivery system (VFC0086)] [Aeromonas hydrophila subsp. hydrophila ATCC 7966]",NA,"KMM289"
"KMM289.fasta","1",1548712,1549230,"-","hcp","1-519/519","===============","0/0",100,92.87,"vfdb","WP_011705706","(hcp) hemolysin co-regulated protein [T6SS (VF0480) - Effector delivery system (VFC0086)] [Aeromonas hydrophila subsp. hydrophila ATCC 7966]",NA,"KMM289"
"KMM289.fasta","1",1877986,1878504,"-","hcp","1-519/519","===============","0/0",100,94.8,"vfdb","WP_011705706","(hcp) hemolysin co-regulated protein [T6SS (VF0480) - Effector delivery system (VFC0086)] [Aeromonas hydrophila subsp. hydrophila ATCC 7966]",NA,"KMM289"
"KMM289.fasta","1",1928729,1929591,"-","pomB2","10-878/900","========/======","2/6",95.89,83.31,"vfdb","WP_016351724","(pomB2) flagellar motor protein MotB [Polar flagella (VF0473) - Motility (VFC0204)] [Aeromonas hydrophila ML09-119]",NA,"KMM289"
"KMM289.fasta","1",1929609,1930367,"-","pomA2","1-759/759","===============","0/0",100,86.96,"vfdb","WP_011707085","(pomA2) chemotaxis protein PomA [Polar flagella (VF0473) - Motility (VFC0204)] [Aeromonas hydrophila ML09-119]",NA,"KMM289"
"KMM289.fasta","1",2426454,2428156,"+","tapB","1-1703/1707","===============","0/0",99.77,86.32,"vfdb","WP_016352168","(tapB) type IV pilus assembly ATPase PilB-like [Tap type IV pili (VF0475) - Adherence (VFC0001)] [Aeromonas hydrophila ML09-119]",NA,"KMM289"
"KMM289.fasta","1",2428290,2429515,"+","tapC","1-1226/1242","===============","0/0",98.71,86.13,"vfdb","WP_016352169","(tapC) type IV fimbrial assembly protein PilC-like [Tap type IV pili (VF0475) - Adherence (VFC0001)] [Aeromonas hydrophila ML09-119]",NA,"KMM289"
"KMM289.fasta","1",2429616,2430450,"+","tapD/pilD","24-858/873","========/======","2/2",95.53,83.85,"vfdb","WP_016352170","(tapD/pilD) prepilin peptidase [Tap type IV pili (VF0475) - Adherence (VFC0001)] [Aeromonas hydrophila ML09-119]",NA,"KMM289"
"KMM289.fasta","1",2456308,2457165,"-","lafT","1-858/858","========/======","2/2",99.88,84.87,"vfdb","WP_005314215","(lafT) LafT flagella motor stator protein [Lateral flagella (VF0474) - Motility (VFC0204)] [Aeromonas salmonicida subsp. salmonicida A449]",NA,"KMM289"
"KMM289.fasta","1",2457214,2457878,"-","lafS","42-707/708","========/======","1/1",93.93,80.33,"vfdb","WP_011898286","(lafS) LafS RNA polymerase sigma factor [Lateral flagella (VF0474) - Motility (VFC0204)] [Aeromonas salmonicida subsp. salmonicida A449]",NA,"KMM289"
"KMM289.fasta","1",2460407,2461690,"-","lafB","1-1284/1284","===============","0/0",100,82.32,"vfdb","WP_005314227","(lafB) flagellar hook associated protein LafB [Lateral flagella (VF0474) - Motility (VFC0204)] [Aeromonas salmonicida subsp. salmonicida A449]",NA,"KMM289"
"KMM289.fasta","1",2466432,2467751,"-","lfgK","1-1320/1320","===============","0/0",100,82.42,"vfdb","WP_005314250","(lfgK) lateral flagellar hook-associated protein [Lateral flagella (VF0474) - Motility (VFC0204)] [Aeromonas salmonicida subsp. salmonicida A449]",NA,"KMM289"
"KMM289.fasta","1",2468158,2469264,"-","flgI","1-1107/1107","===============","0/0",100,80.22,"vfdb","WP_005314254","(flgI) flagellar basal body P-ring protein [Lateral flagella (VF0474) - Motility (VFC0204)] [Aeromonas salmonicida subsp. salmonicida A449]",NA,"KMM289"
"KMM289.fasta","1",2469273,2469944,"-","lfgH","1-672/672","===============","0/0",100,82.74,"vfdb","WP_005314257","(lfgH) lateral flagellar L-ring protein LfgH [Lateral flagella (VF0474) - Motility (VFC0204)] [Aeromonas salmonicida subsp. salmonicida A449]",NA,"KMM289"
"KMM289.fasta","1",2469946,2470729,"-","lfgG","1-784/786","===============","0/0",99.75,82.78,"vfdb","WP_005314259","(lfgG) lateral flagellar basal-body rod protein LfgG [Lateral flagella (VF0474) - Motility (VFC0204)] [Aeromonas salmonicida subsp. salmonicida A449]",NA,"KMM289"
"KMM289.fasta","1",2470812,2471542,"-","lfgF","1-731/735","===============","0/0",99.46,82.35,"vfdb","WP_005314261","(lfgF) lateral flagellar basal-body rod protein LfgF [Lateral flagella (VF0474) - Motility (VFC0204)] [Aeromonas salmonicida subsp. salmonicida A449]",NA,"KMM289"
"KMM289.fasta","1",2473480,2473900,"-","flgC","1-421/426","===============","0/0",98.83,82.42,"vfdb","WP_005314270","(flgC) flagellar basal body rod protein FlgC [Lateral flagella (VF0474) - Motility (VFC0204)] [Aeromonas salmonicida subsp. salmonicida A449]",NA,"KMM289"
"KMM289.fasta","1",2473903,2474292,"-","lfgB","1-390/390","===============","0/0",100,83.59,"vfdb","WP_005314272","(lfgB) lateral flagellar basal body protein LfgB [Lateral flagella (VF0474) - Motility (VFC0204)] [Aeromonas salmonicida subsp. salmonicida A449]",NA,"KMM289"
"KMM289.fasta","1",2478397,2479425,"-","fliG","1-1029/1029","===============","0/0",100,84.06,"vfdb","WP_005314289","(fliG) flagellar motor switch protein G [Lateral flagella (VF0474) - Motility (VFC0204)] [Aeromonas salmonicida subsp. salmonicida A449]",NA,"KMM289"
"KMM289.fasta","1",2481172,2481498,"-","lfiE","1-327/327","===============","0/0",100,83.49,"vfdb","WP_005314292","(lfiE) lateral flagellar hook basal body protein LfiE [Lateral flagella (VF0474) - Motility (VFC0204)] [Aeromonas salmonicida subsp. salmonicida A449]",NA,"KMM289"
"KMM289.fasta","1",2483310,2485375,"-","lfhA","1-2066/2076","===============","0/0",99.52,81.85,"vfdb","WP_005314296","(lfhA) lateral flagellar biosynthesis protein [Lateral flagella (VF0474) - Motility (VFC0204)] [Aeromonas salmonicida subsp. salmonicida A449]",NA,"KMM289"
"KMM289.fasta","1",2485379,2486515,"-","lfhB","1-1137/1137","===============","0/0",100,81.27,"vfdb","WP_005314298","(lfhB) lateral flagellar biosynthetic protein LfhB [Lateral flagella (VF0474) - Motility (VFC0204)] [Aeromonas salmonicida subsp. salmonicida A449]",NA,"KMM289"
"KMM289.fasta","1",2487562,2488296,"-","fliP","1-735/735","===============","0/0",100,80.68,"vfdb","WP_005314307","(fliP) flagellar biosynthesis protein FliP [Lateral flagella (VF0474) - Motility (VFC0204)] [Aeromonas salmonicida subsp. salmonicida A449]",NA,"KMM289"
"KMM289.fasta","1",2488296,2488673,"-","lfiN","1-378/378","===============","0/0",100,85.98,"vfdb","WP_005314315","(lfiN) lateral flagellar motor switch protein lfiN [Lateral flagella (VF0474) - Motility (VFC0204)] [Aeromonas salmonicida subsp. salmonicida A449]",NA,"KMM289"
"KMM289.fasta","1",3259637,3260500,"+","mshI","1-864/864","===============","0/0",100,83.8,"vfdb","WP_016349152","(mshI) MSHA (mannose-sensitive hemagglutinin) pili biogenesis protein MshI bitopic inner membrane protein [MSHA type IV pili (VF0477) - Adherence (VFC0001)] [Aeromonas hydrophila ML09-119]",NA,"KMM289"
"KMM289.fasta","1",3262133,3263806,"+","mshL","1-1674/1674","========/======","9/32",99.04,82.43,"vfdb","WP_016349156","(mshL) MSHA (mannose-sensitive hemagglutinin) pili biogenesis protein MshL outer membrane secretin GspD-like [MSHA type IV pili (VF0477) - Adherence (VFC0001)] [Aeromonas hydrophila ML09-119]",NA,"KMM289"
"KMM289.fasta","1",3263899,3264789,"+","mshM","1-891/891","===============","0/0",100,87.43,"vfdb","WP_016349157","(mshM) membrane protein with ATPase domain GspA-like [MSHA type IV pili (VF0477) - Adherence (VFC0001)] [Aeromonas hydrophila ML09-119]",NA,"KMM289"
"KMM289.fasta","1",3265940,3267649,"+","mshE","1-1710/1710","===============","0/0",100,89.77,"vfdb","WP_043118275","(mshE) ATPase protein MshE GspE-like [MSHA type IV pili (VF0477) - Adherence (VFC0001)] [Aeromonas hydrophila ML09-119]",NA,"KMM289"
"KMM289.fasta","1",3267661,3268871,"+","mshG","9-1219/1221","===============","0/0",99.18,87.78,"vfdb","WP_016349160","(mshG) MSHA (mannose-sensitive hemagglutinin) pili biogenesis protein MshG GspF-like [MSHA type IV pili (VF0477) - Adherence (VFC0001)] [Aeromonas hydrophila ML09-119]",NA,"KMM289"
"KMM289.fasta","1",3269484,3270104,"+","mshB","52-672/672",".==============","0/0",92.41,85.67,"vfdb","WP_043118279","(mshB) MSHA (mannose-sensitive hemagglutinin) pili minor prepilin protein MshB [MSHA type IV pili (VF0477) - Adherence (VFC0001)] [Aeromonas hydrophila ML09-119]",NA,"KMM289"
"KMM289.fasta","1",3491103,3492137,"+","tapT","1-1035/1035","===============","0/0",100,91.3,"vfdb","WP_011707389","(tapT) twitching ATPase [Tap type IV pili (VF0475) - Adherence (VFC0001)] [Aeromonas hydrophila ML09-119]",NA,"KMM289"
"KMM289.fasta","1",3492166,3493275,"+","tapU","1-1110/1110","===============","0/0",100,84.14,"vfdb","WP_016351972","(tapU) twitching ATPase [Tap type IV pili (VF0475) - Adherence (VFC0001)] [Aeromonas hydrophila ML09-119]",NA,"KMM289"
"KMM289.fasta","1",3506776,3507325,"+","motX","51-600/600",".==============","0/0",91.67,82.73,"vfdb","WP_016349413","(motX) sodium-type flagellar motor component [Polar flagella (VF0473) - Motility (VFC0204)] [Aeromonas hydrophila ML09-119]",NA,"KMM289"
"KMM289.fasta","1",3666335,3666622,"-","AHA_RS09305","1-288/288","===============","0/0",100,83.68,"vfdb","WP_011705727","(AHA_RS09305) type VI secretion system PAAR protein [T6SS (VF0480) - Effector delivery system (VFC0086)] [Aeromonas hydrophila subsp. hydrophila ATCC 7966]",NA,"KMM289"
"KMM289.fasta","1",3666823,3667341,"-","hcp","1-519/519","===============","0/0",100,94.22,"vfdb","WP_011705706","(hcp) hemolysin co-regulated protein [T6SS (VF0480) - Effector delivery system (VFC0086)] [Aeromonas hydrophila subsp. hydrophila ATCC 7966]",NA,"KMM289"
"KMM289.fasta","1",3866840,3867358,"+","hcp","1-519/519","===============","0/0",100,94.8,"vfdb","WP_011705706","(hcp) hemolysin co-regulated protein [T6SS (VF0480) - Effector delivery system (VFC0086)] [Aeromonas hydrophila subsp. hydrophila ATCC 7966]",NA,"KMM289"
"KMM289.fasta","1",3867734,3869658,"+","vgrG2","13-1937/2232","========/=====.","4/4",86.16,84.48,"vfdb","WP_011705707","(vgrG2) VgrG protein [T6SS (VF0480) - Effector delivery system (VFC0086)] [Aeromonas hydrophila subsp. hydrophila ATCC 7966]",NA,"KMM289"
"KMM289.fasta","1",4023270,4023802,"+","tapN","1-533/579","==============.","0/0",92.06,80.11,"vfdb","WP_016351632","(tapN) type IV pilus biogenesis protein PilN [Tap type IV pili (VF0475) - Adherence (VFC0001)] [Aeromonas hydrophila ML09-119]",NA,"KMM289"
"KMM289.fasta","1",4170584,4170901,"+","fliE","1-318/318","===============","0/0",100,88.68,"vfdb","WP_011705271","(fliE) flagellar hook-basal body complex protein FliE [Polar flagella (VF0473) - Motility (VFC0204)] [Aeromonas hydrophila ML09-119]",NA,"KMM289"
"KMM289.fasta","1",4170964,4172673,"+","fliF","1-1713/1713","========/======","1/3",99.82,86.28,"vfdb","WP_016350050","(fliF) flagellar MS-ring protein [Polar flagella (VF0473) - Motility (VFC0204)] [Aeromonas hydrophila ML09-119]",NA,"KMM289"
"KMM289.fasta","1",4172666,4173725,"+","fliG","1-1060/1062","===============","0/0",99.81,93.96,"vfdb","WP_011705273","(fliG) flagellar motor switch protein G [Polar flagella (VF0473) - Motility (VFC0204)] [Aeromonas hydrophila ML09-119]",NA,"KMM289"
"KMM289.fasta","1",4173799,4174590,"+","fliH","7-792/807","========/======","4/12",97.03,81.38,"vfdb","WP_016350051","(fliH) flagellar assembly protein FliH [Polar flagella (VF0473) - Motility (VFC0204)] [Aeromonas hydrophila ML09-119]",NA,"KMM289"
"KMM289.fasta","1",4174673,4176004,"+","fliI","1-1332/1332","===============","0/0",100,89.41,"vfdb","WP_011705275","(fliI) flagellum-specific ATP synthase [Polar flagella (VF0473) - Motility (VFC0204)] [Aeromonas hydrophila ML09-119]",NA,"KMM289"
"KMM289.fasta","1",4176032,4176472,"+","fliJ","1-441/441","===============","0/0",100,85.49,"vfdb","WP_011705276","(fliJ) flagellar export protein FliJ [Polar flagella (VF0473) - Motility (VFC0204)] [Aeromonas hydrophila ML09-119]",NA,"KMM289"
"KMM289.fasta","1",4178526,4179040,"+","fliL","1-518/519","========/======","1/3",99.23,85.14,"vfdb","WP_011705278","(fliL) flagellar basal body-associated protein FliL [Polar flagella (VF0473) - Motility (VFC0204)] [Aeromonas hydrophila ML09-119]",NA,"KMM289"
"KMM289.fasta","1",4179049,4180119,"+","fliM","1-1071/1071","===============","0/0",100,91.04,"vfdb","WP_011705279","(fliM) flagellar motor switch protein FliM [Polar flagella (VF0473) - Motility (VFC0204)] [Aeromonas hydrophila ML09-119]",NA,"KMM289"
"KMM289.fasta","1",4180169,4180561,"+","fliN","1-393/393","===============","0/0",100,89.57,"vfdb","WP_011705280","(fliN) flagellar motor switch protein FliN [Polar flagella (VF0473) - Motility (VFC0204)] [Aeromonas hydrophila ML09-119]",NA,"KMM289"
"KMM289.fasta","1",4180618,4180938,"+","fliO","64-384/384","..=============","0/0",83.59,87.54,"vfdb","WP_005298795","(fliO) flagellar biosynthesis protein FliO [Polar flagella (VF0473) - Motility (VFC0204)] [Aeromonas hydrophila ML09-119]",NA,"KMM289"
"KMM289.fasta","1",4180925,4181695,"+","fliP","1-774/780","========/======","2/5",98.72,85.81,"vfdb","WP_016350054","(fliP) flagellar biosynthesis protein FliP [Polar flagella (VF0473) - Motility (VFC0204)] [Aeromonas hydrophila ML09-119]",NA,"KMM289"
"KMM289.fasta","1",4181724,4181993,"+","fliQ","1-270/270","===============","0/0",100,84.44,"vfdb","WP_011705282","(fliQ) flagellar biosynthetic protein FliQ [Polar flagella (VF0473) - Motility (VFC0204)] [Aeromonas hydrophila ML09-119]",NA,"KMM289"
"KMM289.fasta","1",4181990,4182775,"+","fliR","1-786/792","========/======","2/4",98.99,81.73,"vfdb","WP_011705283","(fliR) flagellar biosynthesis protein FliR [Polar flagella (VF0473) - Motility (VFC0204)] [Aeromonas hydrophila ML09-119]",NA,"KMM289"
"KMM289.fasta","1",4182780,4183910,"+","flhB","1-1131/1131","========/======","2/8",99.65,85.73,"vfdb","WP_016350055","(flhB) flagellar biosynthetic protein FlhB [Polar flagella (VF0473) - Motility (VFC0204)] [Aeromonas hydrophila ML09-119]",NA,"KMM289"
"KMM289.fasta","1",4184018,4186120,"+","flhA","1-2103/2103","===============","0/0",100,87.26,"vfdb","WP_016350056","(flhA) flagellar biosynthesis protein FlhA [Polar flagella (VF0473) - Motility (VFC0204)] [Aeromonas hydrophila ML09-119]",NA,"KMM289"
"KMM289.fasta","1",4186137,4187561,"+","flhF","1-1422/1422","========/======","6/11",99.72,88.52,"vfdb","WP_016350057","(flhF) flagellar biosynthesis protein FlhF [Polar flagella (VF0473) - Motility (VFC0204)] [Aeromonas hydrophila ML09-119]",NA,"KMM289"
"KMM289.fasta","1",4187563,4188438,"+","flhG","1-876/876","===============","0/0",100,88.93,"vfdb","WP_010634619","(flhG) CobQ/CobB/MinD/ParA family protein [Polar flagella (VF0473) - Motility (VFC0204)] [Aeromonas hydrophila ML09-119]",NA,"KMM289"
"KMM289.fasta","1",4188431,4189150,"+","fliA","1-720/720","===============","0/0",100,82.64,"vfdb","WP_017409955","(fliA) flagellar biosynthesis sigma factor [Polar flagella (VF0473) - Motility (VFC0204)] [Aeromonas hydrophila ML09-119]",NA,"KMM289"
"KMM289.fasta","1",4189262,4189645,"+","cheY","1-384/384","===============","0/0",100,87.5,"vfdb","WP_010634617","(cheY) chemotaxis protein CheY [Polar flagella (VF0473) - Motility (VFC0204)] [Aeromonas hydrophila ML09-119]",NA,"KMM289"
"KMM289.fasta","1",4189658,4190398,"+","cheZ","1-741/741","===============","0/0",100,85.83,"vfdb","WP_011705289","(cheZ) chemotaxis protein CheZ [Polar flagella (VF0473) - Motility (VFC0204)] [Aeromonas hydrophila ML09-119]",NA,"KMM289"
"KMM289.fasta","1",4192653,4193768,"+","cheB-2","1-1116/1116","========/======","2/2",99.91,82.27,"vfdb","WP_016350060","(cheB-2) chemotaxis-specific methylesterase [Polar flagella (VF0473) - Motility (VFC0204)] [Aeromonas hydrophila ML09-119]",NA,"KMM289"
"KMM289.fasta","1",4195436,4196230,"+","AHML_RS07540","1-795/795","===============","0/0",100,83.52,"vfdb","WP_011705294","(AHML_RS07540) CobQ/CobB/MinD/ParA family protein [Polar flagella (VF0473) - Motility (VFC0204)] [Aeromonas hydrophila ML09-119]",NA,"KMM289"
"KMM289.fasta","1",4241662,4241985,"-","sycX","1-324/381","=============..","0/0",85.04,93.52,"vfdb","WP_005320736","(sycX) hypothetical protein [T3SS (VF0479) - Effector delivery system (VFC0086)] [Aeromonas salmonicida subsp. salmonicida A449]",NA,"KMM289"
"KMM289.fasta","1",4241985,4242935,"-","aopX","1-971/971","========/======","1/20",97.94,95.16,"vfdb","","(aopX) hypothetical protein [T3SS (VF0479) - Effector delivery system (VFC0086)] [Aeromonas salmonicida subsp. salmonicida A449]",NA,"KMM289"
"KMM289.fasta","1",4243073,4244131,"-","ascU","1-1059/1059","===============","0/0",100,96.88,"vfdb","WP_005320739","(ascU) Type III secretion system inner membrane export apparatus protein AscU [T3SS (VF0479) - Effector delivery system (VFC0086)] [Aeromonas salmonicida subsp. salmonicida A449]",NA,"KMM289"
"KMM289.fasta","1",4244128,4244916,"-","ascT","1-789/789","===============","0/0",100,96.58,"vfdb","WP_005320741","(ascT) Type III secretion system inner membrane export apparatus protein AscT [T3SS (VF0479) - Effector delivery system (VFC0086)] [Aeromonas salmonicida subsp. salmonicida A449]",NA,"KMM289"
"KMM289.fasta","1",4244913,4245179,"-","ascS","1-267/267","===============","0/0",100,96.25,"vfdb","WP_005320743","(ascS) type III secretion system inner membrane export apparatus protein AscS [T3SS (VF0479) - Effector delivery system (VFC0086)] [Aeromonas salmonicida subsp. salmonicida A449]",NA,"KMM289"
"KMM289.fasta","1",4245181,4245834,"-","ascR","1-654/654","===============","0/0",100,96.64,"vfdb","WP_005320745","(ascR) Type III secretion system inner membrane export apparatus protein AscR [T3SS (VF0479) - Effector delivery system (VFC0086)] [Aeromonas salmonicida subsp. salmonicida A449]",NA,"KMM289"
"KMM289.fasta","1",4245831,4246757,"-","ascQ","1-927/927","===============","0/0",100,92.67,"vfdb","WP_005320747","(ascQ) type III secretion system protein AscQ [T3SS (VF0479) - Effector delivery system (VFC0086)] [Aeromonas salmonicida subsp. salmonicida A449]",NA,"KMM289"
"KMM289.fasta","1",4247840,4248301,"-","ascO","1-462/462","===============","0/0",100,97.4,"vfdb","WP_005320751","(ascO) Type III secretion system protein AscO [T3SS (VF0479) - Effector delivery system (VFC0086)] [Aeromonas salmonicida subsp. salmonicida A449]",NA,"KMM289"
"KMM289.fasta","1",4248298,4249620,"-","ascN","1-1323/1323","===============","0/0",100,96.6,"vfdb","WP_005320755","(ascN) Type III secretion system ATPase [T3SS (VF0479) - Effector delivery system (VFC0086)] [Aeromonas salmonicida subsp. salmonicida A449]",NA,"KMM289"
"KMM289.fasta","1",4249810,4250688,"+","aopN","1-879/879","===============","0/0",100,95.68,"vfdb","WP_005320757","(aopN) AopN secretion control of translocators and immune suppressor [T3SS (VF0479) - Effector delivery system (VFC0086)] [Aeromonas salmonicida subsp. salmonicida A449]",NA,"KMM289"
"KMM289.fasta","1",4250669,4250950,"+","acr1","1-282/282","===============","0/0",100,96.1,"vfdb","WP_005320760","(acr1) Type III secretion system gatekeeper subunit  [T3SS (VF0479) - Effector delivery system (VFC0086)] [Aeromonas salmonicida subsp. salmonicida A449]",NA,"KMM289"
"KMM289.fasta","1",4250947,4251318,"+","acr2","1-372/372","===============","0/0",100,96.5,"vfdb","WP_005320764","(acr2) chaperone protein [T3SS (VF0479) - Effector delivery system (VFC0086)] [Aeromonas salmonicida subsp. salmonicida A449]",NA,"KMM289"
"KMM289.fasta","1",4251315,4251680,"+","ascX","1-366/366","===============","0/0",100,97.54,"vfdb","WP_005320766","(ascX) Unknown function chaperoned by AscY [T3SS (VF0479) - Effector delivery system (VFC0086)] [Aeromonas salmonicida subsp. salmonicida A449]",NA,"KMM289"
"KMM289.fasta","1",4251677,4252027,"+","ascY","1-351/351","===============","0/0",100,97.44,"vfdb","WP_005320768","(ascY) chaperone protein [T3SS (VF0479) - Effector delivery system (VFC0086)] [Aeromonas salmonicida subsp. salmonicida A449]",NA,"KMM289"
"KMM289.fasta","1",4252008,4254125,"+","ascV","1-2118/2118","===============","0/0",100,97.59,"vfdb","WP_005320770","(ascV) Type III secretion system inner membrane export apparatus protein AscV [T3SS (VF0479) - Effector delivery system (VFC0086)] [Aeromonas salmonicida subsp. salmonicida A449]",NA,"KMM289"
"KMM289.fasta","1",4254122,4254577,"+","acrR","1-456/456","===============","0/0",100,91.23,"vfdb","WP_005320772","(acrR) Type III secretion system regulator LcrR-like [T3SS (VF0479) - Effector delivery system (VFC0086)] [Aeromonas salmonicida subsp. salmonicida A449]",NA,"KMM289"
"KMM289.fasta","1",4254617,4254901,"+","acrG","1-285/285","===============","0/0",100,95.44,"vfdb","WP_005320774","(acrG) Type III secretion system protein LcrG-like [T3SS (VF0479) - Effector delivery system (VFC0086)] [Aeromonas salmonicida subsp. salmonicida A449]",NA,"KMM289"
"KMM289.fasta","1",4254911,4255996,"+","acrV","1-1086/1086","===============","0/0",100,91.53,"vfdb","WP_005320777","(acrV) Type III secretion system tip translocon AcrV  [T3SS (VF0479) - Effector delivery system (VFC0086)] [Aeromonas salmonicida subsp. salmonicida A449]",NA,"KMM289"
"KMM289.fasta","1",4256006,4256509,"+","acrH","1-504/504","===============","0/0",100,95.44,"vfdb","WP_005320778","(acrH) chaperon protein for AopB/AopD [T3SS (VF0479) - Effector delivery system (VFC0086)] [Aeromonas salmonicida subsp. salmonicida A449]",NA,"KMM289"
"KMM289.fasta","1",4256490,4257662,"+","aopB","1-1194/1194","========/======","1/21",98.24,87.1,"vfdb","WP_005320780","(aopB) Type III secretion system translocator AopB [T3SS (VF0479) - Effector delivery system (VFC0086)] [Aeromonas salmonicida subsp. salmonicida A449]",NA,"KMM289"
"KMM289.fasta","1",4257675,4258571,"+","aopD","1-897/897","===============","0/0",100,87.96,"vfdb","WP_005320781","(aopD) Type III secretion system translocator AopD [T3SS (VF0479) - Effector delivery system (VFC0086)] [Aeromonas salmonicida subsp. salmonicida A449]",NA,"KMM289"
"KMM289.fasta","1",4258706,4259149,"+","exsC","1-444/444","===============","0/0",100,95.95,"vfdb","WP_005320783","(exsC) chaperone protein [T3SS (VF0479) - Effector delivery system (VFC0086)] [Aeromonas salmonicida subsp. salmonicida A449]",NA,"KMM289"
"KMM289.fasta","1",4259152,4259385,"+","exsE","1-234/234","===============","0/0",100,93.16,"vfdb","WP_005320785","(exsE) Type III secretion system regulator [T3SS (VF0479) - Effector delivery system (VFC0086)] [Aeromonas salmonicida subsp. salmonicida A449]",NA,"KMM289"
"KMM289.fasta","1",4259382,4259782,"+","exsB","1-401/402","===============","0/0",99.75,97.01,"vfdb","WP_011899440","(exsB) type III secretion system OM ring protein ExsB [T3SS (VF0479) - Effector delivery system (VFC0086)] [Aeromonas salmonicida subsp. salmonicida A449]",NA,"KMM289"
"KMM289.fasta","1",4260161,4260943,"+","exsA","1-783/783","===============","0/0",100,97.7,"vfdb","WP_192914500","(exsA) Type III secretion system transcriptional regulator [T3SS (VF0479) - Effector delivery system (VFC0086)] [Aeromonas salmonicida subsp. salmonicida A449]",NA,"KMM289"
"KMM289.fasta","1",4261063,4261878,"+","exsD","1-816/816","===============","0/0",100,96.32,"vfdb","WP_005320790","(exsD) Type III secretion system protein ExsD [T3SS (VF0479) - Effector delivery system (VFC0086)] [Aeromonas salmonicida subsp. salmonicida A449]",NA,"KMM289"
"KMM289.fasta","1",4261894,4262319,"+","ascB","1-426/426","===============","0/0",100,96.71,"vfdb","WP_011899439","(ascB) chaperone protein [T3SS (VF0479) - Effector delivery system (VFC0086)] [Aeromonas salmonicida subsp. salmonicida A449]",NA,"KMM289"
"KMM289.fasta","1",4262292,4264145,"+","ascC","1-1854/1854","===============","0/0",100,96.28,"vfdb","WP_011899438","(ascC) Type III secretion system OM ring protein AscC [T3SS (VF0479) - Effector delivery system (VFC0086)] [Aeromonas salmonicida subsp. salmonicida A449]",NA,"KMM289"
"KMM289.fasta","1",4264142,4265446,"+","ascD","1-1305/1305","===============","0/0",100,96.7,"vfdb","WP_005320795","(ascD) Type III secretion system OM ring protein AscD [T3SS (VF0479) - Effector delivery system (VFC0086)] [Aeromonas salmonicida subsp. salmonicida A449]",NA,"KMM289"
"KMM289.fasta","1",4265409,4265621,"+","ascE","1-213/213","===============","0/0",100,95.31,"vfdb","WP_005320797","(ascE) chaperone protein [T3SS (VF0479) - Effector delivery system (VFC0086)] [Aeromonas salmonicida subsp. salmonicida A449]",NA,"KMM289"
"KMM289.fasta","1",4265614,4265871,"+","ascF","1-258/258","===============","0/0",100,93.02,"vfdb","WP_005320800","(ascF) Type III secretion system needle complex subunit AscF [T3SS (VF0479) - Effector delivery system (VFC0086)] [Aeromonas salmonicida subsp. salmonicida A449]",NA,"KMM289"
"KMM289.fasta","1",4265871,4266224,"+","ascG","1-354/354","===============","0/0",100,88.98,"vfdb","WP_005320802","(ascG) chaperone protein [T3SS (VF0479) - Effector delivery system (VFC0086)] [Aeromonas salmonicida subsp. salmonicida A449]",NA,"KMM289"
"KMM289.fasta","1",4266221,4266775,"+","ascH","1-555/555","===============","0/0",100,93.51,"vfdb","WP_005320804","(ascH) Type III secretion system protein AscH regulator needle assembling [T3SS (VF0479) - Effector delivery system (VFC0086)] [Aeromonas salmonicida subsp. salmonicida A449]",NA,"KMM289"
"KMM289.fasta","1",4266775,4267113,"+","ascI","1-339/339","===============","0/0",100,97.05,"vfdb","WP_005320806","(ascI) Type III secretion system inner rod protein AscI [T3SS (VF0479) - Effector delivery system (VFC0086)] [Aeromonas salmonicida subsp. salmonicida A449]",NA,"KMM289"
"KMM289.fasta","1",4267120,4267860,"+","ascJ","1-741/741","===============","0/0",100,96.22,"vfdb","WP_180975055","(ascJ) type III secretion system OM ring protein AscJ [T3SS (VF0479) - Effector delivery system (VFC0086)] [Aeromonas salmonicida subsp. salmonicida A449]",NA,"KMM289"
"KMM289.fasta","1",4267857,4268483,"+","ascK","1-627/627","===============","0/0",100,92.5,"vfdb","WP_005320811","(ascK) Type III secretion system C ring protein AscK [T3SS (VF0479) - Effector delivery system (VFC0086)] [Aeromonas salmonicida subsp. salmonicida A449]",NA,"KMM289"
"KMM289.fasta","1",4268462,4269127,"+","ascL","1-666/666","===============","0/0",100,95.34,"vfdb","WP_005320812","(ascL) Type III secretion system C ring protein AscL [T3SS (VF0479) - Effector delivery system (VFC0086)] [Aeromonas salmonicida subsp. salmonicida A449]",NA,"KMM289"
"KMM289.fasta","1",4413139,4413657,"+","hcp","1-519/519","===============","0/0",100,92.68,"vfdb","WP_011705706","(hcp) hemolysin co-regulated protein [T6SS (VF0480) - Effector delivery system (VFC0086)] [Aeromonas hydrophila subsp. hydrophila ATCC 7966]",NA,"KMM289"
"KMM289.fasta","1",4413857,4414144,"+","AHA_RS09305","1-288/288","===============","0/0",100,81.25,"vfdb","WP_011705727","(AHA_RS09305) type VI secretion system PAAR protein [T6SS (VF0480) - Effector delivery system (VFC0086)] [Aeromonas hydrophila subsp. hydrophila ATCC 7966]",NA,"KMM289"
"KMM289.fasta","1",4530710,4531847,"-","tapW","1-1138/1140","===============","0/0",99.82,90.16,"vfdb","WP_011706550","(tapW) twitching ATPase [Tap type IV pili (VF0475) - Adherence (VFC0001)] [Aeromonas hydrophila ML09-119]",NA,"KMM289"
"KMM289.fasta","1",4555024,4555897,"+","motY","1-874/876","===============","0/0",99.77,87.76,"vfdb","WP_024944879","(motY) sodium-type flagellar protein MotY [Polar flagella (VF0473) - Motility (VFC0204)] [Aeromonas hydrophila ML09-119]",NA,"KMM289"
"KMM289.fasta","1",4612941,4613690,"+","nueA","1-762/762","========/======","2/12",98.43,88.19,"vfdb","WP_016351249","(nueA) NeuA protein [Polar flagella (VF0473) - Motility (VFC0204)] [Aeromonas hydrophila ML09-119]",NA,"KMM289"
"KMM358.fasta","1",374291,374668,"+","lfiN","1-378/378","===============","0/0",100,83.86,"vfdb","WP_005314315","(lfiN) lateral flagellar motor switch protein lfiN [Lateral flagella (VF0474) - Motility (VFC0204)] [Aeromonas salmonicida subsp. salmonicida A449]",NA,"KMM358"
"KMM358.fasta","1",376449,377585,"+","lfhB","1-1137/1137","===============","0/0",100,81.71,"vfdb","WP_005314298","(lfhB) lateral flagellar biosynthetic protein LfhB [Lateral flagella (VF0474) - Motility (VFC0204)] [Aeromonas salmonicida subsp. salmonicida A449]",NA,"KMM358"
"KMM358.fasta","1",377589,379654,"+","lfhA","1-2066/2076","===============","0/0",99.52,81.9,"vfdb","WP_005314296","(lfhA) lateral flagellar biosynthesis protein [Lateral flagella (VF0474) - Motility (VFC0204)] [Aeromonas salmonicida subsp. salmonicida A449]",NA,"KMM358"
"KMM358.fasta","1",381466,381792,"+","lfiE","1-327/327","===============","0/0",100,83.18,"vfdb","WP_005314292","(lfiE) lateral flagellar hook basal body protein LfiE [Lateral flagella (VF0474) - Motility (VFC0204)] [Aeromonas salmonicida subsp. salmonicida A449]",NA,"KMM358"
"KMM358.fasta","1",383545,384573,"+","fliG","1-1029/1029","===============","0/0",100,84.16,"vfdb","WP_005314289","(fliG) flagellar motor switch protein G [Lateral flagella (VF0474) - Motility (VFC0204)] [Aeromonas salmonicida subsp. salmonicida A449]",NA,"KMM358"
"KMM358.fasta","1",388678,389067,"+","lfgB","1-390/390","===============","0/0",100,84.1,"vfdb","WP_005314272","(lfgB) lateral flagellar basal body protein LfgB [Lateral flagella (VF0474) - Motility (VFC0204)] [Aeromonas salmonicida subsp. salmonicida A449]",NA,"KMM358"
"KMM358.fasta","1",389070,389490,"+","flgC","1-421/426","===============","0/0",98.83,81.95,"vfdb","WP_005314270","(flgC) flagellar basal body rod protein FlgC [Lateral flagella (VF0474) - Motility (VFC0204)] [Aeromonas salmonicida subsp. salmonicida A449]",NA,"KMM358"
"KMM358.fasta","1",391428,392158,"+","lfgF","1-731/735","===============","0/0",99.46,82.35,"vfdb","WP_005314261","(lfgF) lateral flagellar basal-body rod protein LfgF [Lateral flagella (VF0474) - Motility (VFC0204)] [Aeromonas salmonicida subsp. salmonicida A449]",NA,"KMM358"
"KMM358.fasta","1",392241,393024,"+","lfgG","1-784/786","===============","0/0",99.75,82.91,"vfdb","WP_005314259","(lfgG) lateral flagellar basal-body rod protein LfgG [Lateral flagella (VF0474) - Motility (VFC0204)] [Aeromonas salmonicida subsp. salmonicida A449]",NA,"KMM358"
"KMM358.fasta","1",393026,393697,"+","lfgH","1-672/672","===============","0/0",100,81.99,"vfdb","WP_005314257","(lfgH) lateral flagellar L-ring protein LfgH [Lateral flagella (VF0474) - Motility (VFC0204)] [Aeromonas salmonicida subsp. salmonicida A449]",NA,"KMM358"
"KMM358.fasta","1",393706,394812,"+","flgI","1-1107/1107","===============","0/0",100,81.21,"vfdb","WP_005314254","(flgI) flagellar basal body P-ring protein [Lateral flagella (VF0474) - Motility (VFC0204)] [Aeromonas salmonicida subsp. salmonicida A449]",NA,"KMM358"
"KMM358.fasta","1",394821,395219,"+","flgJ","1-399/399","===============","0/0",100,80.45,"vfdb","WP_005314251","(flgJ) peptidoglycan hydrolase [Lateral flagella (VF0474) - Motility (VFC0204)] [Aeromonas salmonicida subsp. salmonicida A449]",NA,"KMM358"
"KMM358.fasta","1",395219,396538,"+","lfgK","1-1320/1320","===============","0/0",100,82.12,"vfdb","WP_005314250","(lfgK) lateral flagellar hook-associated protein [Lateral flagella (VF0474) - Motility (VFC0204)] [Aeromonas salmonicida subsp. salmonicida A449]",NA,"KMM358"
"KMM358.fasta","1",397485,399828,"+","maf-5","1-2340/2340","========/======","5/10",99.87,80.83,"vfdb","WP_005314247","(maf-5) modification accessory factor [Lateral flagella (VF0474) - Motility (VFC0204)] [Aeromonas salmonicida subsp. salmonicida A449]",NA,"KMM358"
"KMM358.fasta","1",401231,402505,"+","lafB","1-1275/1284","===============","0/0",99.3,81.96,"vfdb","WP_005314227","(lafB) flagellar hook associated protein LafB [Lateral flagella (VF0474) - Motility (VFC0204)] [Aeromonas salmonicida subsp. salmonicida A449]",NA,"KMM358"
"KMM358.fasta","1",402561,402953,"+","lafC","1-393/393","===============","0/0",100,80.15,"vfdb","WP_005314225","(lafC) LafC flagellar export chaperone [Lateral flagella (VF0474) - Motility (VFC0204)] [Aeromonas salmonicida subsp. salmonicida A449]",NA,"KMM358"
"KMM358.fasta","1",405043,405707,"+","lafS","42-707/708","========/======","1/1",93.93,80.33,"vfdb","WP_011898286","(lafS) LafS RNA polymerase sigma factor [Lateral flagella (VF0474) - Motility (VFC0204)] [Aeromonas salmonicida subsp. salmonicida A449]",NA,"KMM358"
"KMM358.fasta","1",405756,406613,"+","lafT","1-858/858","===============","0/0",100,84.03,"vfdb","WP_005314215","(lafT) LafT flagella motor stator protein [Lateral flagella (VF0474) - Motility (VFC0204)] [Aeromonas salmonicida subsp. salmonicida A449]",NA,"KMM358"
"KMM358.fasta","1",432469,433303,"-","tapD/pilD","24-858/873","========/======","2/2",95.53,83.25,"vfdb","WP_016352170","(tapD/pilD) prepilin peptidase [Tap type IV pili (VF0475) - Adherence (VFC0001)] [Aeromonas hydrophila ML09-119]",NA,"KMM358"
"KMM358.fasta","1",433404,434629,"-","tapC","1-1226/1242","===============","0/0",98.71,86.87,"vfdb","WP_016352169","(tapC) type IV fimbrial assembly protein PilC-like [Tap type IV pili (VF0475) - Adherence (VFC0001)] [Aeromonas hydrophila ML09-119]",NA,"KMM358"
"KMM358.fasta","1",434864,436570,"-","tapB","1-1707/1707","===============","0/0",100,87.17,"vfdb","WP_016352168","(tapB) type IV pilus assembly ATPase PilB-like [Tap type IV pili (VF0475) - Adherence (VFC0001)] [Aeromonas hydrophila ML09-119]",NA,"KMM358"
"KMM358.fasta","1",1031715,1032233,"+","hcp","1-519/519","===============","0/0",100,94.61,"vfdb","WP_011705706","(hcp) hemolysin co-regulated protein [T6SS (VF0480) - Effector delivery system (VFC0086)] [Aeromonas hydrophila subsp. hydrophila ATCC 7966]",NA,"KMM358"
"KMM358.fasta","1",1032609,1034544,"+","vgrG2","13-1948/2232","========/=====.","4/10",86.51,83.87,"vfdb","WP_011705707","(vgrG2) VgrG protein [T6SS (VF0480) - Effector delivery system (VFC0086)] [Aeromonas hydrophila subsp. hydrophila ATCC 7966]",NA,"KMM358"
"KMM358.fasta","1",1288394,1288885,"-","exeM","1-492/492","===============","0/0",100,81.5,"vfdb","WP_016349344","(exeM) general secretion pathway protein M [Exe T2SS (VF0478) - Effector delivery system (VFC0086)] [Aeromonas hydrophila ML09-119]",NA,"KMM358"
"KMM358.fasta","1",1288882,1290072,"-","exeL","1-1185/1185","========/======","6/10",99.83,81.81,"vfdb","WP_016349343","(exeL) general secretion pathway protein L [Exe T2SS (VF0478) - Effector delivery system (VFC0086)] [Aeromonas hydrophila ML09-119]",NA,"KMM358"
"KMM358.fasta","1",1291319,1291920,"-","exeJ","40-641/654","===============","0/0",92.05,88.37,"vfdb","WP_016349341","(exeJ) general secretion pathway protein J [Exe T2SS (VF0478) - Effector delivery system (VFC0086)] [Aeromonas hydrophila ML09-119]",NA,"KMM358"
"KMM358.fasta","1",1291953,1292312,"-","exeI","1-360/360","===============","0/0",100,88.33,"vfdb","WP_016349340","(exeI) general secretion pathway protein I [Exe T2SS (VF0478) - Effector delivery system (VFC0086)] [Aeromonas hydrophila ML09-119]",NA,"KMM358"
"KMM358.fasta","1",1292352,1292858,"-","exeH","12-518/552","===============","0/0",91.85,81.46,"vfdb","WP_016349339","(exeH) general secretion pathway protein H [Exe T2SS (VF0478) - Effector delivery system (VFC0086)] [Aeromonas hydrophila ML09-119]",NA,"KMM358"
"KMM358.fasta","1",1292920,1293351,"-","exeG","1-432/432","===============","0/0",100,90.74,"vfdb","WP_005308483","(exeG) general secretion pathway protein G [Exe T2SS (VF0478) - Effector delivery system (VFC0086)] [Aeromonas hydrophila ML09-119]",NA,"KMM358"
"KMM358.fasta","1",1293450,1294669,"-","exeF","1-1220/1221","===============","0/0",99.92,88.85,"vfdb","WP_016349337","(exeF) general secretion pathway protein F [Exe T2SS (VF0478) - Effector delivery system (VFC0086)] [Aeromonas hydrophila ML09-119]",NA,"KMM358"
"KMM358.fasta","1",1294671,1296170,"-","exeE","7-1506/1506","===============","0/0",99.6,89.33,"vfdb","WP_016349336","(exeE) general secretory pathway protein E [Exe T2SS (VF0478) - Effector delivery system (VFC0086)] [Aeromonas hydrophila ML09-119]",NA,"KMM358"
"KMM358.fasta","1",1296258,1298215,"-","exeD","1-1970/2037","========/======","13/26",95.78,85.38,"vfdb","WP_016349335","(exeD) general secretion pathway protein D [Exe T2SS (VF0478) - Effector delivery system (VFC0086)] [Aeromonas hydrophila ML09-119]",NA,"KMM358"
"KMM358.fasta","1",1300000,1301558,"-","exeA","1-1559/1647","========/======","2/2",94.6,83.08,"vfdb","WP_016352107","(exeA) general secretion pathway protein A [Exe T2SS (VF0478) - Effector delivery system (VFC0086)] [Aeromonas hydrophila ML09-119]",NA,"KMM358"
"KMM358.fasta","1",1609319,1609637,"-","flgM","1-319/321","===============","0/0",99.38,80.56,"vfdb","WP_011706648","(flgM) anti-sigma-D factor [Polar flagella (VF0473) - Motility (VFC0204)] [Aeromonas hydrophila ML09-119]",NA,"KMM358"
"KMM358.fasta","1",1610557,1611468,"+","cheV","1-912/912","===============","0/0",100,85.53,"vfdb","WP_011706646","(cheV) CheV [Polar flagella (VF0473) - Motility (VFC0204)] [Aeromonas hydrophila ML09-119]",NA,"KMM358"
"KMM358.fasta","1",1611486,1612308,"+","cheR-3","1-823/825","===============","0/0",99.76,86.03,"vfdb","WP_011706645","(cheR-3) chemotaxis protein CheR [Polar flagella (VF0473) - Motility (VFC0204)] [Aeromonas hydrophila ML09-119]",NA,"KMM358"
"KMM358.fasta","1",1612606,1613004,"+","flgB","1-399/399","========/======","2/6",99.25,80.85,"vfdb","WP_011706644","(flgB) flagellar basal-body rod protein FlgB [Polar flagella (VF0473) - Motility (VFC0204)] [Aeromonas hydrophila ML09-119]",NA,"KMM358"
"KMM358.fasta","1",1613004,1613423,"+","flgC","1-420/420","===============","0/0",100,90.24,"vfdb","WP_011706643","(flgC) flagellar basal body rod protein FlgC [Polar flagella (VF0473) - Motility (VFC0204)] [Aeromonas hydrophila ML09-119]",NA,"KMM358"
"KMM358.fasta","1",1615708,1616454,"+","flgF","1-747/747","===============","0/0",100,85.41,"vfdb","WP_011706640","(flgF) flagellar basal-body rod protein FlgF [Polar flagella (VF0473) - Motility (VFC0204)] [Aeromonas hydrophila ML09-119]",NA,"KMM358"
"KMM358.fasta","1",1616469,1617257,"+","flgG","1-789/789","===============","0/0",100,86.44,"vfdb","WP_011706639","(flgG) flagellar basal body rod protein FlgG [Polar flagella (VF0473) - Motility (VFC0204)] [Aeromonas hydrophila ML09-119]",NA,"KMM358"
"KMM358.fasta","1",1617272,1617943,"+","flgH","1-672/672","===============","0/0",100,86.31,"vfdb","WP_011706638","(flgH) flagellar basal body L-ring protein [Polar flagella (VF0473) - Motility (VFC0204)] [Aeromonas hydrophila ML09-119]",NA,"KMM358"
"KMM358.fasta","1",1617952,1619049,"+","flgI","1-1098/1098","===============","0/0",100,86.34,"vfdb","WP_011706637","(flgI) flagellar basal body P-ring protein [Polar flagella (VF0473) - Motility (VFC0204)] [Aeromonas hydrophila ML09-119]",NA,"KMM358"
"KMM358.fasta","1",1619093,1620142,"+","flgJ","1-1053/1092","========/======","10/29",94.96,80.49,"vfdb","WP_016351320","(flgJ) flagellar rod assembly protein/muramidase FlgJ [Polar flagella (VF0473) - Motility (VFC0204)] [Aeromonas hydrophila ML09-119]",NA,"KMM358"
"KMM358.fasta","1",1630745,1632159,"+","flrA","1-1415/1422","========/======","2/2",99.44,86.65,"vfdb","WP_017409846","(flrA) FleQ protein [Polar flagella (VF0473) - Motility (VFC0204)] [Aeromonas hydrophila ML09-119]",NA,"KMM358"
"KMM358.fasta","1",1632273,1633307,"+","flrB","1-1035/1035","========/======","2/2",99.9,84.94,"vfdb","WP_016351312","(flrB) two-component sensor kinase [Polar flagella (VF0473) - Motility (VFC0204)] [Aeromonas hydrophila ML09-119]",NA,"KMM358"
"KMM358.fasta","1",1633304,1634647,"+","flrC","1-1344/1344","===============","0/0",100,87.8,"vfdb","WP_011706626","(flrC) transcriptional activator [Polar flagella (VF0473) - Motility (VFC0204)] [Aeromonas hydrophila ML09-119]",NA,"KMM358"
"KMM358.fasta","1",1866619,1867122,"+","vipA","1-504/504","===============","0/0",100,89.29,"vfdb","WP_011705712","(vipA) Type VI secretion system contractile sheath small subunit TssB/VipA [T6SS (VF0480) - Effector delivery system (VFC0086)] [Aeromonas hydrophila subsp. hydrophila ATCC 7966]",NA,"KMM358"
"KMM358.fasta","1",1867160,1868641,"+","vipB","1-1479/1479","========/======","1/3",100,90.42,"vfdb","WP_043163044","(vipB) Type VI secretion system contractile sheath large subunit TssC/VipB [T6SS (VF0480) - Effector delivery system (VFC0086)] [Aeromonas hydrophila subsp. hydrophila ATCC 7966]",NA,"KMM358"
"KMM358.fasta","1",1868648,1869079,"+","atsG","1-432/432","===============","0/0",100,93.52,"vfdb","WP_011705714","(atsG) Type VI secretion system protein [T6SS (VF0480) - Effector delivery system (VFC0086)] [Aeromonas hydrophila subsp. hydrophila ATCC 7966]",NA,"KMM358"
"KMM358.fasta","1",1869083,1870849,"+","atsH","1-1767/1767","===============","0/0",100,90.21,"vfdb","WP_011705715","(atsH) Type VI secretion system protein [T6SS (VF0480) - Effector delivery system (VFC0086)] [Aeromonas hydrophila subsp. hydrophila ATCC 7966]",NA,"KMM358"
"KMM358.fasta","1",1870814,1871811,"+","atsI","2-999/999","===============","0/0",99.9,87.88,"vfdb","WP_011705716","(atsI) Type VI secretion system protein [T6SS (VF0480) - Effector delivery system (VFC0086)] [Aeromonas hydrophila subsp. hydrophila ATCC 7966]",NA,"KMM358"
"KMM358.fasta","1",1871851,1873086,"+","atsJ","1-1251/1251","========/======","5/25",98.4,84.31,"vfdb","WP_011705717","(atsJ) Type VI secretion system protein [T6SS (VF0480) - Effector delivery system (VFC0086)] [Aeromonas hydrophila subsp. hydrophila ATCC 7966]",NA,"KMM358"
"KMM358.fasta","1",1873086,1873601,"+","atsK","1-516/516","===============","0/0",100,90.5,"vfdb","WP_011705718","(atsK) Type VI secretion system protein [T6SS (VF0480) - Effector delivery system (VFC0086)] [Aeromonas hydrophila subsp. hydrophila ATCC 7966]",NA,"KMM358"
"KMM358.fasta","1",1873604,1874938,"+","atsL","1-1335/1335","===============","0/0",100,91.69,"vfdb","WP_011705719","(atsL) Type VI secretion system protein [T6SS (VF0480) - Effector delivery system (VFC0086)] [Aeromonas hydrophila subsp. hydrophila ATCC 7966]",NA,"KMM358"
"KMM358.fasta","1",1874962,1875741,"+","dotU","1-780/780","===============","0/0",100,89.61,"vfdb","WP_010634228","(dotU) Type VI secretion system protein DotU [T6SS (VF0480) - Effector delivery system (VFC0086)] [Aeromonas hydrophila subsp. hydrophila ATCC 7966]",NA,"KMM358"
"KMM358.fasta","1",1875762,1878402,"+","clpB","1-2640/2643","========/======","1/1",99.89,88.22,"vfdb","WP_011705721","(clpB) type VI secretion system ATPase ClpV1 [T6SS (VF0480) - Effector delivery system (VFC0086)] [Aeromonas hydrophila subsp. hydrophila ATCC 7966]",NA,"KMM358"
"KMM358.fasta","1",1878407,1879945,"+","vasH","1-1539/1539","===============","0/0",100,86.75,"vfdb","WP_011705722","(vasH) sigma-54 dependent transcriptional regulator [T6SS (VF0480) - Effector delivery system (VFC0086)] [Aeromonas hydrophila subsp. hydrophila ATCC 7966]",NA,"KMM358"
"KMM358.fasta","1",1880559,1881957,"+","atsQ","1-1408/1437","========/======","11/35",96.45,82.55,"vfdb","WP_011705724","(atsQ) Type VI secretion system protein [T6SS (VF0480) - Effector delivery system (VFC0086)] [Aeromonas hydrophila subsp. hydrophila ATCC 7966]",NA,"KMM358"
"KMM358.fasta","1",1882028,1885525,"+","vasK/icmF","1-3486/3486","========/======","2/12",100,86.42,"vfdb","WP_011705725","(vasK/icmF) Type VI secretion system protein [T6SS (VF0480) - Effector delivery system (VFC0086)] [Aeromonas hydrophila subsp. hydrophila ATCC 7966]",NA,"KMM358"
"KMM358.fasta","1",1885570,1886997,"+","atsS","1-1431/1431","========/======","3/5",99.72,85.89,"vfdb","WP_011705726","(atsS) Type VI secretion system protein [T6SS (VF0480) - Effector delivery system (VFC0086)] [Aeromonas hydrophila subsp. hydrophila ATCC 7966]",NA,"KMM358"
"KMM358.fasta","1",1887303,1887590,"+","AHA_RS09305","1-288/288","========/======","2/2",99.65,81.66,"vfdb","WP_011705727","(AHA_RS09305) type VI secretion system PAAR protein [T6SS (VF0480) - Effector delivery system (VFC0086)] [Aeromonas hydrophila subsp. hydrophila ATCC 7966]",NA,"KMM358"
"KMM358.fasta","1",2350537,2351271,"-","flmH","1-735/735","===============","0/0",100,90.61,"vfdb","WP_005300916","(flmH) short chain dehydrogenase/reductase family oxidoreductase [Polar flagella (VF0473) - Motility (VFC0204)] [Aeromonas hydrophila ML09-119]",NA,"KMM358"
"KMM358.fasta","1",2801405,2802196,"-","tapF","1-792/792","========/======","2/6",99.62,87.55,"vfdb","WP_011705643","(tapF) type IV pilus biogenesis/stability protein pilW-like [Tap type IV pili (VF0475) - Adherence (VFC0001)] [Aeromonas hydrophila ML09-119]",NA,"KMM358"
"KMM358.fasta","1",2924394,2925143,"-","nueA","1-762/762","========/======","2/12",98.43,88.19,"vfdb","WP_016351249","(nueA) NeuA protein [Polar flagella (VF0473) - Motility (VFC0204)] [Aeromonas hydrophila ML09-119]",NA,"KMM358"
"KMM358.fasta","1",2979692,2980565,"-","motY","1-874/876","===============","0/0",99.77,87.99,"vfdb","WP_024944879","(motY) sodium-type flagellar protein MotY [Polar flagella (VF0473) - Motility (VFC0204)] [Aeromonas hydrophila ML09-119]",NA,"KMM358"
"KMM358.fasta","1",3004328,3005465,"+","tapW","1-1138/1140","===============","0/0",99.82,90.33,"vfdb","WP_011706550","(tapW) twitching ATPase [Tap type IV pili (VF0475) - Adherence (VFC0001)] [Aeromonas hydrophila ML09-119]",NA,"KMM358"
"KMM358.fasta","1",3131880,3132167,"-","AHA_RS09305","1-288/288","========/======","2/2",99.65,83.74,"vfdb","WP_011705727","(AHA_RS09305) type VI secretion system PAAR protein [T6SS (VF0480) - Effector delivery system (VFC0086)] [Aeromonas hydrophila subsp. hydrophila ATCC 7966]",NA,"KMM358"
"KMM358.fasta","1",3132368,3132886,"-","hcp","1-519/519","===============","0/0",100,94.99,"vfdb","WP_011705706","(hcp) hemolysin co-regulated protein [T6SS (VF0480) - Effector delivery system (VFC0086)] [Aeromonas hydrophila subsp. hydrophila ATCC 7966]",NA,"KMM358"
"KMM358.fasta","1",3304003,3304668,"-","ascL","1-666/666","===============","0/0",100,96.1,"vfdb","WP_005320812","(ascL) Type III secretion system C ring protein AscL [T3SS (VF0479) - Effector delivery system (VFC0086)] [Aeromonas salmonicida subsp. salmonicida A449]",NA,"KMM358"
"KMM358.fasta","1",3304647,3305273,"-","ascK","1-627/627","===============","0/0",100,93.62,"vfdb","WP_005320811","(ascK) Type III secretion system C ring protein AscK [T3SS (VF0479) - Effector delivery system (VFC0086)] [Aeromonas salmonicida subsp. salmonicida A449]",NA,"KMM358"
"KMM358.fasta","1",3305270,3306010,"-","ascJ","1-741/741","===============","0/0",100,96.63,"vfdb","WP_180975055","(ascJ) type III secretion system OM ring protein AscJ [T3SS (VF0479) - Effector delivery system (VFC0086)] [Aeromonas salmonicida subsp. salmonicida A449]",NA,"KMM358"
"KMM358.fasta","1",3306017,3306355,"-","ascI","1-339/339","===============","0/0",100,96.75,"vfdb","WP_005320806","(ascI) Type III secretion system inner rod protein AscI [T3SS (VF0479) - Effector delivery system (VFC0086)] [Aeromonas salmonicida subsp. salmonicida A449]",NA,"KMM358"
"KMM358.fasta","1",3306355,3306909,"-","ascH","1-555/555","===============","0/0",100,92.43,"vfdb","WP_005320804","(ascH) Type III secretion system protein AscH regulator needle assembling [T3SS (VF0479) - Effector delivery system (VFC0086)] [Aeromonas salmonicida subsp. salmonicida A449]",NA,"KMM358"
"KMM358.fasta","1",3306906,3307259,"-","ascG","1-354/354","===============","0/0",100,88.98,"vfdb","WP_005320802","(ascG) chaperone protein [T3SS (VF0479) - Effector delivery system (VFC0086)] [Aeromonas salmonicida subsp. salmonicida A449]",NA,"KMM358"
"KMM358.fasta","1",3307259,3307516,"-","ascF","1-258/258","===============","0/0",100,91.86,"vfdb","WP_005320800","(ascF) Type III secretion system needle complex subunit AscF [T3SS (VF0479) - Effector delivery system (VFC0086)] [Aeromonas salmonicida subsp. salmonicida A449]",NA,"KMM358"
"KMM358.fasta","1",3307509,3307721,"-","ascE","1-213/213","===============","0/0",100,95.31,"vfdb","WP_005320797","(ascE) chaperone protein [T3SS (VF0479) - Effector delivery system (VFC0086)] [Aeromonas salmonicida subsp. salmonicida A449]",NA,"KMM358"
"KMM358.fasta","1",3307684,3308988,"-","ascD","1-1305/1305","===============","0/0",100,96.02,"vfdb","WP_005320795","(ascD) Type III secretion system OM ring protein AscD [T3SS (VF0479) - Effector delivery system (VFC0086)] [Aeromonas salmonicida subsp. salmonicida A449]",NA,"KMM358"
"KMM358.fasta","1",3308985,3310838,"-","ascC","1-1854/1854","===============","0/0",100,96.28,"vfdb","WP_011899438","(ascC) Type III secretion system OM ring protein AscC [T3SS (VF0479) - Effector delivery system (VFC0086)] [Aeromonas salmonicida subsp. salmonicida A449]",NA,"KMM358"
"KMM358.fasta","1",3310811,3311236,"-","ascB","1-426/426","===============","0/0",100,96.48,"vfdb","WP_011899439","(ascB) chaperone protein [T3SS (VF0479) - Effector delivery system (VFC0086)] [Aeromonas salmonicida subsp. salmonicida A449]",NA,"KMM358"
"KMM358.fasta","1",3311252,3312067,"-","exsD","1-816/816","===============","0/0",100,95.34,"vfdb","WP_005320790","(exsD) Type III secretion system protein ExsD [T3SS (VF0479) - Effector delivery system (VFC0086)] [Aeromonas salmonicida subsp. salmonicida A449]",NA,"KMM358"
"KMM358.fasta","1",3312187,3312969,"-","exsA","1-783/783","===============","0/0",100,97.96,"vfdb","WP_192914500","(exsA) Type III secretion system transcriptional regulator [T3SS (VF0479) - Effector delivery system (VFC0086)] [Aeromonas salmonicida subsp. salmonicida A449]",NA,"KMM358"
"KMM358.fasta","1",3313348,3313748,"-","exsB","1-401/402","===============","0/0",99.75,96.01,"vfdb","WP_011899440","(exsB) type III secretion system OM ring protein ExsB [T3SS (VF0479) - Effector delivery system (VFC0086)] [Aeromonas salmonicida subsp. salmonicida A449]",NA,"KMM358"
"KMM358.fasta","1",3313745,3313978,"-","exsE","1-234/234","===============","0/0",100,90.17,"vfdb","WP_005320785","(exsE) Type III secretion system regulator [T3SS (VF0479) - Effector delivery system (VFC0086)] [Aeromonas salmonicida subsp. salmonicida A449]",NA,"KMM358"
"KMM358.fasta","1",3313981,3314424,"-","exsC","1-444/444","===============","0/0",100,96.17,"vfdb","WP_005320783","(exsC) chaperone protein [T3SS (VF0479) - Effector delivery system (VFC0086)] [Aeromonas salmonicida subsp. salmonicida A449]",NA,"KMM358"
"KMM358.fasta","1",3314559,3315455,"-","aopD","1-897/897","===============","0/0",100,87.96,"vfdb","WP_005320781","(aopD) Type III secretion system translocator AopD [T3SS (VF0479) - Effector delivery system (VFC0086)] [Aeromonas salmonicida subsp. salmonicida A449]",NA,"KMM358"
"KMM358.fasta","1",3315468,3316640,"-","aopB","1-1194/1194","========/======","1/21",98.24,86.52,"vfdb","WP_005320780","(aopB) Type III secretion system translocator AopB [T3SS (VF0479) - Effector delivery system (VFC0086)] [Aeromonas salmonicida subsp. salmonicida A449]",NA,"KMM358"
"KMM358.fasta","1",3316621,3317124,"-","acrH","1-504/504","===============","0/0",100,95.44,"vfdb","WP_005320778","(acrH) chaperon protein for AopB/AopD [T3SS (VF0479) - Effector delivery system (VFC0086)] [Aeromonas salmonicida subsp. salmonicida A449]",NA,"KMM358"
"KMM358.fasta","1",3317134,3318222,"-","acrV","1-1086/1086","========/======","1/3",100,89.16,"vfdb","WP_005320777","(acrV) Type III secretion system tip translocon AcrV  [T3SS (VF0479) - Effector delivery system (VFC0086)] [Aeromonas salmonicida subsp. salmonicida A449]",NA,"KMM358"
"KMM358.fasta","1",3318232,3318516,"-","acrG","1-285/285","===============","0/0",100,95.44,"vfdb","WP_005320774","(acrG) Type III secretion system protein LcrG-like [T3SS (VF0479) - Effector delivery system (VFC0086)] [Aeromonas salmonicida subsp. salmonicida A449]",NA,"KMM358"
"KMM358.fasta","1",3318556,3319011,"-","acrR","1-456/456","===============","0/0",100,92.98,"vfdb","WP_005320772","(acrR) Type III secretion system regulator LcrR-like [T3SS (VF0479) - Effector delivery system (VFC0086)] [Aeromonas salmonicida subsp. salmonicida A449]",NA,"KMM358"
"KMM358.fasta","1",3319008,3321125,"-","ascV","1-2118/2118","===============","0/0",100,96.18,"vfdb","WP_005320770","(ascV) Type III secretion system inner membrane export apparatus protein AscV [T3SS (VF0479) - Effector delivery system (VFC0086)] [Aeromonas salmonicida subsp. salmonicida A449]",NA,"KMM358"
"KMM358.fasta","1",3321106,3321456,"-","ascY","1-351/351","===============","0/0",100,97.15,"vfdb","WP_005320768","(ascY) chaperone protein [T3SS (VF0479) - Effector delivery system (VFC0086)] [Aeromonas salmonicida subsp. salmonicida A449]",NA,"KMM358"
"KMM358.fasta","1",3321453,3321818,"-","ascX","1-366/366","===============","0/0",100,95.08,"vfdb","WP_005320766","(ascX) Unknown function chaperoned by AscY [T3SS (VF0479) - Effector delivery system (VFC0086)] [Aeromonas salmonicida subsp. salmonicida A449]",NA,"KMM358"
"KMM358.fasta","1",3321815,3322186,"-","acr2","1-372/372","===============","0/0",100,94.36,"vfdb","WP_005320764","(acr2) chaperone protein [T3SS (VF0479) - Effector delivery system (VFC0086)] [Aeromonas salmonicida subsp. salmonicida A449]",NA,"KMM358"
"KMM358.fasta","1",3322183,3322464,"-","acr1","1-282/282","===============","0/0",100,96.81,"vfdb","WP_005320760","(acr1) Type III secretion system gatekeeper subunit  [T3SS (VF0479) - Effector delivery system (VFC0086)] [Aeromonas salmonicida subsp. salmonicida A449]",NA,"KMM358"
"KMM358.fasta","1",3322445,3323323,"-","aopN","1-879/879","===============","0/0",100,96.59,"vfdb","WP_005320757","(aopN) AopN secretion control of translocators and immune suppressor [T3SS (VF0479) - Effector delivery system (VFC0086)] [Aeromonas salmonicida subsp. salmonicida A449]",NA,"KMM358"
"KMM358.fasta","1",3323513,3324835,"+","ascN","1-1323/1323","===============","0/0",100,96.3,"vfdb","WP_005320755","(ascN) Type III secretion system ATPase [T3SS (VF0479) - Effector delivery system (VFC0086)] [Aeromonas salmonicida subsp. salmonicida A449]",NA,"KMM358"
"KMM358.fasta","1",3324832,3325293,"+","ascO","1-462/462","===============","0/0",100,96.75,"vfdb","WP_005320751","(ascO) Type III secretion system protein AscO [T3SS (VF0479) - Effector delivery system (VFC0086)] [Aeromonas salmonicida subsp. salmonicida A449]",NA,"KMM358"
"KMM358.fasta","1",3326385,3327311,"+","ascQ","1-927/927","===============","0/0",100,93.42,"vfdb","WP_005320747","(ascQ) type III secretion system protein AscQ [T3SS (VF0479) - Effector delivery system (VFC0086)] [Aeromonas salmonicida subsp. salmonicida A449]",NA,"KMM358"
"KMM358.fasta","1",3327308,3327961,"+","ascR","1-654/654","===============","0/0",100,96.79,"vfdb","WP_005320745","(ascR) Type III secretion system inner membrane export apparatus protein AscR [T3SS (VF0479) - Effector delivery system (VFC0086)] [Aeromonas salmonicida subsp. salmonicida A449]",NA,"KMM358"
"KMM358.fasta","1",3327963,3328229,"+","ascS","1-267/267","===============","0/0",100,96.25,"vfdb","WP_005320743","(ascS) type III secretion system inner membrane export apparatus protein AscS [T3SS (VF0479) - Effector delivery system (VFC0086)] [Aeromonas salmonicida subsp. salmonicida A449]",NA,"KMM358"
"KMM358.fasta","1",3328226,3329014,"+","ascT","1-789/789","===============","0/0",100,96.07,"vfdb","WP_005320741","(ascT) Type III secretion system inner membrane export apparatus protein AscT [T3SS (VF0479) - Effector delivery system (VFC0086)] [Aeromonas salmonicida subsp. salmonicida A449]",NA,"KMM358"
"KMM358.fasta","1",3329011,3330069,"+","ascU","1-1059/1059","===============","0/0",100,96.51,"vfdb","WP_005320739","(ascU) Type III secretion system inner membrane export apparatus protein AscU [T3SS (VF0479) - Effector delivery system (VFC0086)] [Aeromonas salmonicida subsp. salmonicida A449]",NA,"KMM358"
"KMM358.fasta","1",3330207,3331157,"+","aopX","1-971/971","========/======","1/20",97.94,93.82,"vfdb","","(aopX) hypothetical protein [T3SS (VF0479) - Effector delivery system (VFC0086)] [Aeromonas salmonicida subsp. salmonicida A449]",NA,"KMM358"
"KMM358.fasta","1",3331157,3331480,"+","sycX","1-324/381","=============..","0/0",85.04,92.59,"vfdb","WP_005320736","(sycX) hypothetical protein [T3SS (VF0479) - Effector delivery system (VFC0086)] [Aeromonas salmonicida subsp. salmonicida A449]",NA,"KMM358"
"KMM358.fasta","1",3389743,3390537,"-","AHML_RS07540","1-795/795","===============","0/0",100,83.27,"vfdb","WP_011705294","(AHML_RS07540) CobQ/CobB/MinD/ParA family protein [Polar flagella (VF0473) - Motility (VFC0204)] [Aeromonas hydrophila ML09-119]",NA,"KMM358"
"KMM358.fasta","1",3392205,3393320,"-","cheB-2","1-1116/1116","========/======","2/2",99.91,82.63,"vfdb","WP_016350060","(cheB-2) chemotaxis-specific methylesterase [Polar flagella (VF0473) - Motility (VFC0204)] [Aeromonas hydrophila ML09-119]",NA,"KMM358"
"KMM358.fasta","1",3395593,3396333,"-","cheZ","1-741/741","===============","0/0",100,86.1,"vfdb","WP_011705289","(cheZ) chemotaxis protein CheZ [Polar flagella (VF0473) - Motility (VFC0204)] [Aeromonas hydrophila ML09-119]",NA,"KMM358"
"KMM358.fasta","1",3396346,3396729,"-","cheY","1-384/384","===============","0/0",100,87.5,"vfdb","WP_010634617","(cheY) chemotaxis protein CheY [Polar flagella (VF0473) - Motility (VFC0204)] [Aeromonas hydrophila ML09-119]",NA,"KMM358"
"KMM358.fasta","1",3396841,3397560,"-","fliA","1-720/720","========/======","2/2",99.86,82.94,"vfdb","WP_017409955","(fliA) flagellar biosynthesis sigma factor [Polar flagella (VF0473) - Motility (VFC0204)] [Aeromonas hydrophila ML09-119]",NA,"KMM358"
"KMM358.fasta","1",3397553,3398428,"-","flhG","1-876/876","===============","0/0",100,88.93,"vfdb","WP_010634619","(flhG) CobQ/CobB/MinD/ParA family protein [Polar flagella (VF0473) - Motility (VFC0204)] [Aeromonas hydrophila ML09-119]",NA,"KMM358"
"KMM358.fasta","1",3398430,3399854,"-","flhF","1-1422/1422","========/======","7/15",99.58,88.12,"vfdb","WP_016350057","(flhF) flagellar biosynthesis protein FlhF [Polar flagella (VF0473) - Motility (VFC0204)] [Aeromonas hydrophila ML09-119]",NA,"KMM358"
"KMM358.fasta","1",3399871,3401973,"-","flhA","1-2103/2103","===============","0/0",100,87.64,"vfdb","WP_016350056","(flhA) flagellar biosynthesis protein FlhA [Polar flagella (VF0473) - Motility (VFC0204)] [Aeromonas hydrophila ML09-119]",NA,"KMM358"
"KMM358.fasta","1",3402081,3403211,"-","flhB","1-1131/1131","========/======","2/8",99.65,86.34,"vfdb","WP_016350055","(flhB) flagellar biosynthetic protein FlhB [Polar flagella (VF0473) - Motility (VFC0204)] [Aeromonas hydrophila ML09-119]",NA,"KMM358"
"KMM358.fasta","1",3403216,3404001,"-","fliR","1-786/792","===============","0/0",99.24,83.46,"vfdb","WP_011705283","(fliR) flagellar biosynthesis protein FliR [Polar flagella (VF0473) - Motility (VFC0204)] [Aeromonas hydrophila ML09-119]",NA,"KMM358"
"KMM358.fasta","1",3403998,3404267,"-","fliQ","1-270/270","===============","0/0",100,86.3,"vfdb","WP_011705282","(fliQ) flagellar biosynthetic protein FliQ [Polar flagella (VF0473) - Motility (VFC0204)] [Aeromonas hydrophila ML09-119]",NA,"KMM358"
"KMM358.fasta","1",3404296,3405066,"-","fliP","1-774/780","========/======","2/5",98.72,86.32,"vfdb","WP_016350054","(fliP) flagellar biosynthesis protein FliP [Polar flagella (VF0473) - Motility (VFC0204)] [Aeromonas hydrophila ML09-119]",NA,"KMM358"
"KMM358.fasta","1",3405053,3405373,"-","fliO","64-384/384","..=============","0/0",83.59,87.23,"vfdb","WP_005298795","(fliO) flagellar biosynthesis protein FliO [Polar flagella (VF0473) - Motility (VFC0204)] [Aeromonas hydrophila ML09-119]",NA,"KMM358"
"KMM358.fasta","1",3405430,3405822,"-","fliN","1-393/393","===============","0/0",100,89.57,"vfdb","WP_011705280","(fliN) flagellar motor switch protein FliN [Polar flagella (VF0473) - Motility (VFC0204)] [Aeromonas hydrophila ML09-119]",NA,"KMM358"
"KMM358.fasta","1",3405872,3406942,"-","fliM","1-1071/1071","===============","0/0",100,91.41,"vfdb","WP_011705279","(fliM) flagellar motor switch protein FliM [Polar flagella (VF0473) - Motility (VFC0204)] [Aeromonas hydrophila ML09-119]",NA,"KMM358"
"KMM358.fasta","1",3406951,3407465,"-","fliL","1-518/519","========/======","1/3",99.23,85.14,"vfdb","WP_011705278","(fliL) flagellar basal body-associated protein FliL [Polar flagella (VF0473) - Motility (VFC0204)] [Aeromonas hydrophila ML09-119]",NA,"KMM358"
"KMM358.fasta","1",3409522,3409962,"-","fliJ","1-441/441","===============","0/0",100,85.94,"vfdb","WP_011705276","(fliJ) flagellar export protein FliJ [Polar flagella (VF0473) - Motility (VFC0204)] [Aeromonas hydrophila ML09-119]",NA,"KMM358"
"KMM358.fasta","1",3409990,3411321,"-","fliI","1-1332/1332","===============","0/0",100,89.26,"vfdb","WP_011705275","(fliI) flagellum-specific ATP synthase [Polar flagella (VF0473) - Motility (VFC0204)] [Aeromonas hydrophila ML09-119]",NA,"KMM358"
"KMM358.fasta","1",3411404,3412195,"-","fliH","7-792/807","========/======","4/12",97.03,80.88,"vfdb","WP_016350051","(fliH) flagellar assembly protein FliH [Polar flagella (VF0473) - Motility (VFC0204)] [Aeromonas hydrophila ML09-119]",NA,"KMM358"
"KMM358.fasta","1",3412269,3413328,"-","fliG","1-1060/1062","===============","0/0",99.81,93.21,"vfdb","WP_011705273","(fliG) flagellar motor switch protein G [Polar flagella (VF0473) - Motility (VFC0204)] [Aeromonas hydrophila ML09-119]",NA,"KMM358"
"KMM358.fasta","1",3413321,3415030,"-","fliF","1-1713/1713","========/======","1/3",99.82,86.46,"vfdb","WP_016350050","(fliF) flagellar MS-ring protein [Polar flagella (VF0473) - Motility (VFC0204)] [Aeromonas hydrophila ML09-119]",NA,"KMM358"
"KMM358.fasta","1",3415093,3415410,"-","fliE","1-318/318","===============","0/0",100,89.31,"vfdb","WP_011705271","(fliE) flagellar hook-basal body complex protein FliE [Polar flagella (VF0473) - Motility (VFC0204)] [Aeromonas hydrophila ML09-119]",NA,"KMM358"
"KMM358.fasta","1",3564838,3565437,"-","tapO","1-600/600","===============","0/0",100,80,"vfdb","WP_016351631","(tapO) type IV pilus biogenesis protein PilO [Tap type IV pili (VF0475) - Adherence (VFC0001)] [Aeromonas hydrophila ML09-119]",NA,"KMM358"
"KMM358.fasta","1",3715697,3717624,"-","vgrG2","13-1940/2232","========/=====.","2/2",86.34,83.67,"vfdb","WP_011705707","(vgrG2) VgrG protein [T6SS (VF0480) - Effector delivery system (VFC0086)] [Aeromonas hydrophila subsp. hydrophila ATCC 7966]",NA,"KMM358"
"KMM358.fasta","1",3718000,3718518,"-","hcp","1-519/519","===============","0/0",100,94.61,"vfdb","WP_011705706","(hcp) hemolysin co-regulated protein [T6SS (VF0480) - Effector delivery system (VFC0086)] [Aeromonas hydrophila subsp. hydrophila ATCC 7966]",NA,"KMM358"
"KMM358.fasta","1",3769811,3770673,"-","pomB2","10-878/900","========/======","2/6",95.89,82.62,"vfdb","WP_016351724","(pomB2) flagellar motor protein MotB [Polar flagella (VF0473) - Motility (VFC0204)] [Aeromonas hydrophila ML09-119]",NA,"KMM358"
"KMM358.fasta","1",3770698,3771446,"-","pomA2","1-749/759","===============","0/0",98.68,83.31,"vfdb","WP_011707085","(pomA2) chemotaxis protein PomA [Polar flagella (VF0473) - Motility (VFC0204)] [Aeromonas hydrophila ML09-119]",NA,"KMM358"
"KMM358.fasta","1",4067336,4067885,"-","motX","51-600/600",".==============","0/0",91.67,83.09,"vfdb","WP_016349413","(motX) sodium-type flagellar motor component [Polar flagella (VF0473) - Motility (VFC0204)] [Aeromonas hydrophila ML09-119]",NA,"KMM358"
"KMM358.fasta","1",4081383,4082492,"-","tapU","1-1110/1110","===============","0/0",100,83.87,"vfdb","WP_016351972","(tapU) twitching ATPase [Tap type IV pili (VF0475) - Adherence (VFC0001)] [Aeromonas hydrophila ML09-119]",NA,"KMM358"
"KMM358.fasta","1",4082521,4083555,"-","tapT","1-1035/1035","===============","0/0",100,92.27,"vfdb","WP_011707389","(tapT) twitching ATPase [Tap type IV pili (VF0475) - Adherence (VFC0001)] [Aeromonas hydrophila ML09-119]",NA,"KMM358"
"KMM358.fasta","1",4310661,4311281,"-","mshB","52-672/672",".==============","0/0",92.41,85.51,"vfdb","WP_043118279","(mshB) MSHA (mannose-sensitive hemagglutinin) pili minor prepilin protein MshB [MSHA type IV pili (VF0477) - Adherence (VFC0001)] [Aeromonas hydrophila ML09-119]",NA,"KMM358"
"KMM358.fasta","1",4311949,4313161,"-","mshG","9-1221/1221","===============","0/0",99.34,87.96,"vfdb","WP_016349160","(mshG) MSHA (mannose-sensitive hemagglutinin) pili biogenesis protein MshG GspF-like [MSHA type IV pili (VF0477) - Adherence (VFC0001)] [Aeromonas hydrophila ML09-119]",NA,"KMM358"
"KMM358.fasta","1",4313173,4314882,"-","mshE","1-1710/1710","===============","0/0",100,90.23,"vfdb","WP_043118275","(mshE) ATPase protein MshE GspE-like [MSHA type IV pili (VF0477) - Adherence (VFC0001)] [Aeromonas hydrophila ML09-119]",NA,"KMM358"
"KMM358.fasta","1",4316033,4316923,"-","mshM","1-891/891","===============","0/0",100,87.09,"vfdb","WP_016349157","(mshM) membrane protein with ATPase domain GspA-like [MSHA type IV pili (VF0477) - Adherence (VFC0001)] [Aeromonas hydrophila ML09-119]",NA,"KMM358"
"KMM358.fasta","1",4317016,4318689,"-","mshL","1-1674/1674","========/======","11/34",98.98,83.15,"vfdb","WP_016349156","(mshL) MSHA (mannose-sensitive hemagglutinin) pili biogenesis protein MshL outer membrane secretin GspD-like [MSHA type IV pili (VF0477) - Adherence (VFC0001)] [Aeromonas hydrophila ML09-119]",NA,"KMM358"
"KMM358.fasta","1",4319729,4320322,"-","mshI1","1-594/594","========/======","4/4",99.66,80.7,"vfdb","WP_016349153","(mshI1) MSHA (mannose-sensitive hemagglutinin) pili biogenesis protein MshI1 bitopic inner membrane protein [MSHA type IV pili (VF0477) - Adherence (VFC0001)] [Aeromonas hydrophila ML09-119]",NA,"KMM358"
"KMM358.fasta","1",4320322,4321185,"-","mshI","1-864/864","===============","0/0",100,84.26,"vfdb","WP_016349152","(mshI) MSHA (mannose-sensitive hemagglutinin) pili biogenesis protein MshI bitopic inner membrane protein [MSHA type IV pili (VF0477) - Adherence (VFC0001)] [Aeromonas hydrophila ML09-119]",NA,"KMM358"
"KMM366.fasta","1",374288,374665,"+","lfiN","1-378/378","===============","0/0",100,83.86,"vfdb","WP_005314315","(lfiN) lateral flagellar motor switch protein lfiN [Lateral flagella (VF0474) - Motility (VFC0204)] [Aeromonas salmonicida subsp. salmonicida A449]",NA,"KMM366"
"KMM366.fasta","1",376446,377582,"+","lfhB","1-1137/1137","===============","0/0",100,81.71,"vfdb","WP_005314298","(lfhB) lateral flagellar biosynthetic protein LfhB [Lateral flagella (VF0474) - Motility (VFC0204)] [Aeromonas salmonicida subsp. salmonicida A449]",NA,"KMM366"
"KMM366.fasta","1",377586,379651,"+","lfhA","1-2066/2076","===============","0/0",99.52,81.9,"vfdb","WP_005314296","(lfhA) lateral flagellar biosynthesis protein [Lateral flagella (VF0474) - Motility (VFC0204)] [Aeromonas salmonicida subsp. salmonicida A449]",NA,"KMM366"
"KMM366.fasta","1",381463,381789,"+","lfiE","1-327/327","===============","0/0",100,83.18,"vfdb","WP_005314292","(lfiE) lateral flagellar hook basal body protein LfiE [Lateral flagella (VF0474) - Motility (VFC0204)] [Aeromonas salmonicida subsp. salmonicida A449]",NA,"KMM366"
"KMM366.fasta","1",383542,384570,"+","fliG","1-1029/1029","===============","0/0",100,84.16,"vfdb","WP_005314289","(fliG) flagellar motor switch protein G [Lateral flagella (VF0474) - Motility (VFC0204)] [Aeromonas salmonicida subsp. salmonicida A449]",NA,"KMM366"
"KMM366.fasta","1",388675,389064,"+","lfgB","1-390/390","===============","0/0",100,84.1,"vfdb","WP_005314272","(lfgB) lateral flagellar basal body protein LfgB [Lateral flagella (VF0474) - Motility (VFC0204)] [Aeromonas salmonicida subsp. salmonicida A449]",NA,"KMM366"
"KMM366.fasta","1",389067,389487,"+","flgC","1-421/426","===============","0/0",98.83,81.95,"vfdb","WP_005314270","(flgC) flagellar basal body rod protein FlgC [Lateral flagella (VF0474) - Motility (VFC0204)] [Aeromonas salmonicida subsp. salmonicida A449]",NA,"KMM366"
"KMM366.fasta","1",391425,392155,"+","lfgF","1-731/735","===============","0/0",99.46,82.35,"vfdb","WP_005314261","(lfgF) lateral flagellar basal-body rod protein LfgF [Lateral flagella (VF0474) - Motility (VFC0204)] [Aeromonas salmonicida subsp. salmonicida A449]",NA,"KMM366"
"KMM366.fasta","1",392238,393021,"+","lfgG","1-784/786","===============","0/0",99.75,82.91,"vfdb","WP_005314259","(lfgG) lateral flagellar basal-body rod protein LfgG [Lateral flagella (VF0474) - Motility (VFC0204)] [Aeromonas salmonicida subsp. salmonicida A449]",NA,"KMM366"
"KMM366.fasta","1",393023,393694,"+","lfgH","1-672/672","===============","0/0",100,81.99,"vfdb","WP_005314257","(lfgH) lateral flagellar L-ring protein LfgH [Lateral flagella (VF0474) - Motility (VFC0204)] [Aeromonas salmonicida subsp. salmonicida A449]",NA,"KMM366"
"KMM366.fasta","1",393703,394809,"+","flgI","1-1107/1107","===============","0/0",100,81.21,"vfdb","WP_005314254","(flgI) flagellar basal body P-ring protein [Lateral flagella (VF0474) - Motility (VFC0204)] [Aeromonas salmonicida subsp. salmonicida A449]",NA,"KMM366"
"KMM366.fasta","1",394818,395216,"+","flgJ","1-399/399","===============","0/0",100,80.45,"vfdb","WP_005314251","(flgJ) peptidoglycan hydrolase [Lateral flagella (VF0474) - Motility (VFC0204)] [Aeromonas salmonicida subsp. salmonicida A449]",NA,"KMM366"
"KMM366.fasta","1",395216,396535,"+","lfgK","1-1320/1320","===============","0/0",100,82.12,"vfdb","WP_005314250","(lfgK) lateral flagellar hook-associated protein [Lateral flagella (VF0474) - Motility (VFC0204)] [Aeromonas salmonicida subsp. salmonicida A449]",NA,"KMM366"
"KMM366.fasta","1",397482,399825,"+","maf-5","1-2340/2340","========/======","5/10",99.87,80.83,"vfdb","WP_005314247","(maf-5) modification accessory factor [Lateral flagella (VF0474) - Motility (VFC0204)] [Aeromonas salmonicida subsp. salmonicida A449]",NA,"KMM366"
"KMM366.fasta","1",401228,402502,"+","lafB","1-1275/1284","===============","0/0",99.3,81.96,"vfdb","WP_005314227","(lafB) flagellar hook associated protein LafB [Lateral flagella (VF0474) - Motility (VFC0204)] [Aeromonas salmonicida subsp. salmonicida A449]",NA,"KMM366"
"KMM366.fasta","1",402558,402950,"+","lafC","1-393/393","===============","0/0",100,80.15,"vfdb","WP_005314225","(lafC) LafC flagellar export chaperone [Lateral flagella (VF0474) - Motility (VFC0204)] [Aeromonas salmonicida subsp. salmonicida A449]",NA,"KMM366"
"KMM366.fasta","1",405040,405704,"+","lafS","42-707/708","========/======","1/1",93.93,80.33,"vfdb","WP_011898286","(lafS) LafS RNA polymerase sigma factor [Lateral flagella (VF0474) - Motility (VFC0204)] [Aeromonas salmonicida subsp. salmonicida A449]",NA,"KMM366"
"KMM366.fasta","1",405753,406610,"+","lafT","1-858/858","===============","0/0",100,84.03,"vfdb","WP_005314215","(lafT) LafT flagella motor stator protein [Lateral flagella (VF0474) - Motility (VFC0204)] [Aeromonas salmonicida subsp. salmonicida A449]",NA,"KMM366"
"KMM366.fasta","1",432466,433300,"-","tapD/pilD","24-858/873","========/======","2/2",95.53,83.25,"vfdb","WP_016352170","(tapD/pilD) prepilin peptidase [Tap type IV pili (VF0475) - Adherence (VFC0001)] [Aeromonas hydrophila ML09-119]",NA,"KMM366"
"KMM366.fasta","1",433401,434626,"-","tapC","1-1226/1242","===============","0/0",98.71,86.87,"vfdb","WP_016352169","(tapC) type IV fimbrial assembly protein PilC-like [Tap type IV pili (VF0475) - Adherence (VFC0001)] [Aeromonas hydrophila ML09-119]",NA,"KMM366"
"KMM366.fasta","1",434861,436567,"-","tapB","1-1707/1707","===============","0/0",100,87.17,"vfdb","WP_016352168","(tapB) type IV pilus assembly ATPase PilB-like [Tap type IV pili (VF0475) - Adherence (VFC0001)] [Aeromonas hydrophila ML09-119]",NA,"KMM366"
"KMM366.fasta","1",1031424,1031942,"+","hcp","1-519/519","===============","0/0",100,94.61,"vfdb","WP_011705706","(hcp) hemolysin co-regulated protein [T6SS (VF0480) - Effector delivery system (VFC0086)] [Aeromonas hydrophila subsp. hydrophila ATCC 7966]",NA,"KMM366"
"KMM366.fasta","1",1032318,1034253,"+","vgrG2","13-1948/2232","========/=====.","4/10",86.51,83.87,"vfdb","WP_011705707","(vgrG2) VgrG protein [T6SS (VF0480) - Effector delivery system (VFC0086)] [Aeromonas hydrophila subsp. hydrophila ATCC 7966]",NA,"KMM366"
"KMM366.fasta","1",1288103,1288594,"-","exeM","1-492/492","===============","0/0",100,81.5,"vfdb","WP_016349344","(exeM) general secretion pathway protein M [Exe T2SS (VF0478) - Effector delivery system (VFC0086)] [Aeromonas hydrophila ML09-119]",NA,"KMM366"
"KMM366.fasta","1",1288591,1289781,"-","exeL","1-1185/1185","========/======","6/10",99.83,81.81,"vfdb","WP_016349343","(exeL) general secretion pathway protein L [Exe T2SS (VF0478) - Effector delivery system (VFC0086)] [Aeromonas hydrophila ML09-119]",NA,"KMM366"
"KMM366.fasta","1",1291028,1291629,"-","exeJ","40-641/654","===============","0/0",92.05,88.37,"vfdb","WP_016349341","(exeJ) general secretion pathway protein J [Exe T2SS (VF0478) - Effector delivery system (VFC0086)] [Aeromonas hydrophila ML09-119]",NA,"KMM366"
"KMM366.fasta","1",1291662,1292021,"-","exeI","1-360/360","===============","0/0",100,88.33,"vfdb","WP_016349340","(exeI) general secretion pathway protein I [Exe T2SS (VF0478) - Effector delivery system (VFC0086)] [Aeromonas hydrophila ML09-119]",NA,"KMM366"
"KMM366.fasta","1",1292061,1292567,"-","exeH","12-518/552","===============","0/0",91.85,81.46,"vfdb","WP_016349339","(exeH) general secretion pathway protein H [Exe T2SS (VF0478) - Effector delivery system (VFC0086)] [Aeromonas hydrophila ML09-119]",NA,"KMM366"
"KMM366.fasta","1",1292629,1293060,"-","exeG","1-432/432","===============","0/0",100,90.74,"vfdb","WP_005308483","(exeG) general secretion pathway protein G [Exe T2SS (VF0478) - Effector delivery system (VFC0086)] [Aeromonas hydrophila ML09-119]",NA,"KMM366"
"KMM366.fasta","1",1293159,1294378,"-","exeF","1-1220/1221","===============","0/0",99.92,88.85,"vfdb","WP_016349337","(exeF) general secretion pathway protein F [Exe T2SS (VF0478) - Effector delivery system (VFC0086)] [Aeromonas hydrophila ML09-119]",NA,"KMM366"
"KMM366.fasta","1",1294380,1295879,"-","exeE","7-1506/1506","===============","0/0",99.6,89.33,"vfdb","WP_016349336","(exeE) general secretory pathway protein E [Exe T2SS (VF0478) - Effector delivery system (VFC0086)] [Aeromonas hydrophila ML09-119]",NA,"KMM366"
"KMM366.fasta","1",1295967,1297924,"-","exeD","1-1970/2037","========/======","13/26",95.78,85.38,"vfdb","WP_016349335","(exeD) general secretion pathway protein D [Exe T2SS (VF0478) - Effector delivery system (VFC0086)] [Aeromonas hydrophila ML09-119]",NA,"KMM366"
"KMM366.fasta","1",1299709,1301267,"-","exeA","1-1559/1647","========/======","2/2",94.6,83.08,"vfdb","WP_016352107","(exeA) general secretion pathway protein A [Exe T2SS (VF0478) - Effector delivery system (VFC0086)] [Aeromonas hydrophila ML09-119]",NA,"KMM366"
"KMM366.fasta","1",1609038,1609356,"-","flgM","1-319/321","===============","0/0",99.38,80.56,"vfdb","WP_011706648","(flgM) anti-sigma-D factor [Polar flagella (VF0473) - Motility (VFC0204)] [Aeromonas hydrophila ML09-119]",NA,"KMM366"
"KMM366.fasta","1",1610276,1611187,"+","cheV","1-912/912","===============","0/0",100,85.53,"vfdb","WP_011706646","(cheV) CheV [Polar flagella (VF0473) - Motility (VFC0204)] [Aeromonas hydrophila ML09-119]",NA,"KMM366"
"KMM366.fasta","1",1611205,1612027,"+","cheR-3","1-823/825","===============","0/0",99.76,86.03,"vfdb","WP_011706645","(cheR-3) chemotaxis protein CheR [Polar flagella (VF0473) - Motility (VFC0204)] [Aeromonas hydrophila ML09-119]",NA,"KMM366"
"KMM366.fasta","1",1612325,1612723,"+","flgB","1-399/399","========/======","2/6",99.25,80.85,"vfdb","WP_011706644","(flgB) flagellar basal-body rod protein FlgB [Polar flagella (VF0473) - Motility (VFC0204)] [Aeromonas hydrophila ML09-119]",NA,"KMM366"
"KMM366.fasta","1",1612723,1613142,"+","flgC","1-420/420","===============","0/0",100,90.24,"vfdb","WP_011706643","(flgC) flagellar basal body rod protein FlgC [Polar flagella (VF0473) - Motility (VFC0204)] [Aeromonas hydrophila ML09-119]",NA,"KMM366"
"KMM366.fasta","1",1615427,1616173,"+","flgF","1-747/747","===============","0/0",100,85.41,"vfdb","WP_011706640","(flgF) flagellar basal-body rod protein FlgF [Polar flagella (VF0473) - Motility (VFC0204)] [Aeromonas hydrophila ML09-119]",NA,"KMM366"
"KMM366.fasta","1",1616188,1616976,"+","flgG","1-789/789","===============","0/0",100,86.44,"vfdb","WP_011706639","(flgG) flagellar basal body rod protein FlgG [Polar flagella (VF0473) - Motility (VFC0204)] [Aeromonas hydrophila ML09-119]",NA,"KMM366"
"KMM366.fasta","1",1616991,1617662,"+","flgH","1-672/672","===============","0/0",100,86.31,"vfdb","WP_011706638","(flgH) flagellar basal body L-ring protein [Polar flagella (VF0473) - Motility (VFC0204)] [Aeromonas hydrophila ML09-119]",NA,"KMM366"
"KMM366.fasta","1",1617671,1618768,"+","flgI","1-1098/1098","===============","0/0",100,86.34,"vfdb","WP_011706637","(flgI) flagellar basal body P-ring protein [Polar flagella (VF0473) - Motility (VFC0204)] [Aeromonas hydrophila ML09-119]",NA,"KMM366"
"KMM366.fasta","1",1618812,1619861,"+","flgJ","1-1053/1092","========/======","10/29",94.96,80.49,"vfdb","WP_016351320","(flgJ) flagellar rod assembly protein/muramidase FlgJ [Polar flagella (VF0473) - Motility (VFC0204)] [Aeromonas hydrophila ML09-119]",NA,"KMM366"
"KMM366.fasta","1",1630464,1631878,"+","flrA","1-1415/1422","========/======","2/2",99.44,86.65,"vfdb","WP_017409846","(flrA) FleQ protein [Polar flagella (VF0473) - Motility (VFC0204)] [Aeromonas hydrophila ML09-119]",NA,"KMM366"
"KMM366.fasta","1",1631992,1633026,"+","flrB","1-1035/1035","========/======","2/2",99.9,84.94,"vfdb","WP_016351312","(flrB) two-component sensor kinase [Polar flagella (VF0473) - Motility (VFC0204)] [Aeromonas hydrophila ML09-119]",NA,"KMM366"
"KMM366.fasta","1",1633023,1634366,"+","flrC","1-1344/1344","===============","0/0",100,87.8,"vfdb","WP_011706626","(flrC) transcriptional activator [Polar flagella (VF0473) - Motility (VFC0204)] [Aeromonas hydrophila ML09-119]",NA,"KMM366"
"KMM366.fasta","1",1866345,1866848,"+","vipA","1-504/504","===============","0/0",100,89.29,"vfdb","WP_011705712","(vipA) Type VI secretion system contractile sheath small subunit TssB/VipA [T6SS (VF0480) - Effector delivery system (VFC0086)] [Aeromonas hydrophila subsp. hydrophila ATCC 7966]",NA,"KMM366"
"KMM366.fasta","1",1866886,1868367,"+","vipB","1-1479/1479","========/======","1/3",100,90.42,"vfdb","WP_043163044","(vipB) Type VI secretion system contractile sheath large subunit TssC/VipB [T6SS (VF0480) - Effector delivery system (VFC0086)] [Aeromonas hydrophila subsp. hydrophila ATCC 7966]",NA,"KMM366"
"KMM366.fasta","1",1868374,1868805,"+","atsG","1-432/432","===============","0/0",100,93.52,"vfdb","WP_011705714","(atsG) Type VI secretion system protein [T6SS (VF0480) - Effector delivery system (VFC0086)] [Aeromonas hydrophila subsp. hydrophila ATCC 7966]",NA,"KMM366"
"KMM366.fasta","1",1868809,1870575,"+","atsH","1-1767/1767","===============","0/0",100,90.21,"vfdb","WP_011705715","(atsH) Type VI secretion system protein [T6SS (VF0480) - Effector delivery system (VFC0086)] [Aeromonas hydrophila subsp. hydrophila ATCC 7966]",NA,"KMM366"
"KMM366.fasta","1",1870540,1871537,"+","atsI","2-999/999","===============","0/0",99.9,87.88,"vfdb","WP_011705716","(atsI) Type VI secretion system protein [T6SS (VF0480) - Effector delivery system (VFC0086)] [Aeromonas hydrophila subsp. hydrophila ATCC 7966]",NA,"KMM366"
"KMM366.fasta","1",1871577,1872812,"+","atsJ","1-1251/1251","========/======","5/25",98.4,84.31,"vfdb","WP_011705717","(atsJ) Type VI secretion system protein [T6SS (VF0480) - Effector delivery system (VFC0086)] [Aeromonas hydrophila subsp. hydrophila ATCC 7966]",NA,"KMM366"
"KMM366.fasta","1",1872812,1873327,"+","atsK","1-516/516","===============","0/0",100,90.5,"vfdb","WP_011705718","(atsK) Type VI secretion system protein [T6SS (VF0480) - Effector delivery system (VFC0086)] [Aeromonas hydrophila subsp. hydrophila ATCC 7966]",NA,"KMM366"
"KMM366.fasta","1",1873330,1874664,"+","atsL","1-1335/1335","===============","0/0",100,91.69,"vfdb","WP_011705719","(atsL) Type VI secretion system protein [T6SS (VF0480) - Effector delivery system (VFC0086)] [Aeromonas hydrophila subsp. hydrophila ATCC 7966]",NA,"KMM366"
"KMM366.fasta","1",1874688,1875467,"+","dotU","1-780/780","===============","0/0",100,89.61,"vfdb","WP_010634228","(dotU) Type VI secretion system protein DotU [T6SS (VF0480) - Effector delivery system (VFC0086)] [Aeromonas hydrophila subsp. hydrophila ATCC 7966]",NA,"KMM366"
"KMM366.fasta","1",1875488,1878128,"+","clpB","1-2640/2643","========/======","1/1",99.89,88.22,"vfdb","WP_011705721","(clpB) type VI secretion system ATPase ClpV1 [T6SS (VF0480) - Effector delivery system (VFC0086)] [Aeromonas hydrophila subsp. hydrophila ATCC 7966]",NA,"KMM366"
"KMM366.fasta","1",1878133,1879671,"+","vasH","1-1539/1539","===============","0/0",100,86.75,"vfdb","WP_011705722","(vasH) sigma-54 dependent transcriptional regulator [T6SS (VF0480) - Effector delivery system (VFC0086)] [Aeromonas hydrophila subsp. hydrophila ATCC 7966]",NA,"KMM366"
"KMM366.fasta","1",1880285,1881683,"+","atsQ","1-1408/1437","========/======","11/35",96.45,82.55,"vfdb","WP_011705724","(atsQ) Type VI secretion system protein [T6SS (VF0480) - Effector delivery system (VFC0086)] [Aeromonas hydrophila subsp. hydrophila ATCC 7966]",NA,"KMM366"
"KMM366.fasta","1",1881754,1885251,"+","vasK/icmF","1-3486/3486","========/======","2/12",100,86.42,"vfdb","WP_011705725","(vasK/icmF) Type VI secretion system protein [T6SS (VF0480) - Effector delivery system (VFC0086)] [Aeromonas hydrophila subsp. hydrophila ATCC 7966]",NA,"KMM366"
"KMM366.fasta","1",1885296,1886723,"+","atsS","1-1431/1431","========/======","3/5",99.72,85.89,"vfdb","WP_011705726","(atsS) Type VI secretion system protein [T6SS (VF0480) - Effector delivery system (VFC0086)] [Aeromonas hydrophila subsp. hydrophila ATCC 7966]",NA,"KMM366"
"KMM366.fasta","1",1887029,1887316,"+","AHA_RS09305","1-288/288","========/======","2/2",99.65,81.66,"vfdb","WP_011705727","(AHA_RS09305) type VI secretion system PAAR protein [T6SS (VF0480) - Effector delivery system (VFC0086)] [Aeromonas hydrophila subsp. hydrophila ATCC 7966]",NA,"KMM366"
"KMM366.fasta","1",2351089,2351823,"-","flmH","1-735/735","===============","0/0",100,90.61,"vfdb","WP_005300916","(flmH) short chain dehydrogenase/reductase family oxidoreductase [Polar flagella (VF0473) - Motility (VFC0204)] [Aeromonas hydrophila ML09-119]",NA,"KMM366"
"KMM366.fasta","1",2801957,2802748,"-","tapF","1-792/792","========/======","2/6",99.62,87.55,"vfdb","WP_011705643","(tapF) type IV pilus biogenesis/stability protein pilW-like [Tap type IV pili (VF0475) - Adherence (VFC0001)] [Aeromonas hydrophila ML09-119]",NA,"KMM366"
"KMM366.fasta","1",2926228,2926977,"-","nueA","1-762/762","========/======","2/12",98.43,88.19,"vfdb","WP_016351249","(nueA) NeuA protein [Polar flagella (VF0473) - Motility (VFC0204)] [Aeromonas hydrophila ML09-119]",NA,"KMM366"
"KMM366.fasta","1",2981526,2982399,"-","motY","1-874/876","===============","0/0",99.77,87.99,"vfdb","WP_024944879","(motY) sodium-type flagellar protein MotY [Polar flagella (VF0473) - Motility (VFC0204)] [Aeromonas hydrophila ML09-119]",NA,"KMM366"
"KMM366.fasta","1",3006162,3007299,"+","tapW","1-1138/1140","===============","0/0",99.82,90.33,"vfdb","WP_011706550","(tapW) twitching ATPase [Tap type IV pili (VF0475) - Adherence (VFC0001)] [Aeromonas hydrophila ML09-119]",NA,"KMM366"
"KMM366.fasta","1",3133714,3134001,"-","AHA_RS09305","1-288/288","========/======","2/2",99.65,83.74,"vfdb","WP_011705727","(AHA_RS09305) type VI secretion system PAAR protein [T6SS (VF0480) - Effector delivery system (VFC0086)] [Aeromonas hydrophila subsp. hydrophila ATCC 7966]",NA,"KMM366"
"KMM366.fasta","1",3134202,3134720,"-","hcp","1-519/519","===============","0/0",100,94.8,"vfdb","WP_011705706","(hcp) hemolysin co-regulated protein [T6SS (VF0480) - Effector delivery system (VFC0086)] [Aeromonas hydrophila subsp. hydrophila ATCC 7966]",NA,"KMM366"
"KMM366.fasta","1",3305838,3306503,"-","ascL","1-666/666","===============","0/0",100,96.1,"vfdb","WP_005320812","(ascL) Type III secretion system C ring protein AscL [T3SS (VF0479) - Effector delivery system (VFC0086)] [Aeromonas salmonicida subsp. salmonicida A449]",NA,"KMM366"
"KMM366.fasta","1",3306482,3307108,"-","ascK","1-627/627","===============","0/0",100,93.62,"vfdb","WP_005320811","(ascK) Type III secretion system C ring protein AscK [T3SS (VF0479) - Effector delivery system (VFC0086)] [Aeromonas salmonicida subsp. salmonicida A449]",NA,"KMM366"
"KMM366.fasta","1",3307105,3307845,"-","ascJ","1-741/741","===============","0/0",100,96.63,"vfdb","WP_180975055","(ascJ) type III secretion system OM ring protein AscJ [T3SS (VF0479) - Effector delivery system (VFC0086)] [Aeromonas salmonicida subsp. salmonicida A449]",NA,"KMM366"
"KMM366.fasta","1",3307852,3308190,"-","ascI","1-339/339","===============","0/0",100,96.75,"vfdb","WP_005320806","(ascI) Type III secretion system inner rod protein AscI [T3SS (VF0479) - Effector delivery system (VFC0086)] [Aeromonas salmonicida subsp. salmonicida A449]",NA,"KMM366"
"KMM366.fasta","1",3308190,3308744,"-","ascH","1-555/555","===============","0/0",100,92.43,"vfdb","WP_005320804","(ascH) Type III secretion system protein AscH regulator needle assembling [T3SS (VF0479) - Effector delivery system (VFC0086)] [Aeromonas salmonicida subsp. salmonicida A449]",NA,"KMM366"
"KMM366.fasta","1",3308741,3309094,"-","ascG","1-354/354","===============","0/0",100,88.98,"vfdb","WP_005320802","(ascG) chaperone protein [T3SS (VF0479) - Effector delivery system (VFC0086)] [Aeromonas salmonicida subsp. salmonicida A449]",NA,"KMM366"
"KMM366.fasta","1",3309094,3309351,"-","ascF","1-258/258","===============","0/0",100,91.86,"vfdb","WP_005320800","(ascF) Type III secretion system needle complex subunit AscF [T3SS (VF0479) - Effector delivery system (VFC0086)] [Aeromonas salmonicida subsp. salmonicida A449]",NA,"KMM366"
"KMM366.fasta","1",3309344,3309556,"-","ascE","1-213/213","===============","0/0",100,95.31,"vfdb","WP_005320797","(ascE) chaperone protein [T3SS (VF0479) - Effector delivery system (VFC0086)] [Aeromonas salmonicida subsp. salmonicida A449]",NA,"KMM366"
"KMM366.fasta","1",3309519,3310823,"-","ascD","1-1305/1305","===============","0/0",100,96.02,"vfdb","WP_005320795","(ascD) Type III secretion system OM ring protein AscD [T3SS (VF0479) - Effector delivery system (VFC0086)] [Aeromonas salmonicida subsp. salmonicida A449]",NA,"KMM366"
"KMM366.fasta","1",3310820,3312673,"-","ascC","1-1854/1854","===============","0/0",100,96.28,"vfdb","WP_011899438","(ascC) Type III secretion system OM ring protein AscC [T3SS (VF0479) - Effector delivery system (VFC0086)] [Aeromonas salmonicida subsp. salmonicida A449]",NA,"KMM366"
"KMM366.fasta","1",3312646,3313071,"-","ascB","1-426/426","===============","0/0",100,96.48,"vfdb","WP_011899439","(ascB) chaperone protein [T3SS (VF0479) - Effector delivery system (VFC0086)] [Aeromonas salmonicida subsp. salmonicida A449]",NA,"KMM366"
"KMM366.fasta","1",3313087,3313902,"-","exsD","1-816/816","===============","0/0",100,95.34,"vfdb","WP_005320790","(exsD) Type III secretion system protein ExsD [T3SS (VF0479) - Effector delivery system (VFC0086)] [Aeromonas salmonicida subsp. salmonicida A449]",NA,"KMM366"
"KMM366.fasta","1",3314022,3314804,"-","exsA","1-783/783","===============","0/0",100,97.96,"vfdb","WP_192914500","(exsA) Type III secretion system transcriptional regulator [T3SS (VF0479) - Effector delivery system (VFC0086)] [Aeromonas salmonicida subsp. salmonicida A449]",NA,"KMM366"
"KMM366.fasta","1",3315183,3315583,"-","exsB","1-401/402","===============","0/0",99.75,96.01,"vfdb","WP_011899440","(exsB) type III secretion system OM ring protein ExsB [T3SS (VF0479) - Effector delivery system (VFC0086)] [Aeromonas salmonicida subsp. salmonicida A449]",NA,"KMM366"
"KMM366.fasta","1",3315580,3315813,"-","exsE","1-234/234","===============","0/0",100,90.17,"vfdb","WP_005320785","(exsE) Type III secretion system regulator [T3SS (VF0479) - Effector delivery system (VFC0086)] [Aeromonas salmonicida subsp. salmonicida A449]",NA,"KMM366"
"KMM366.fasta","1",3315816,3316259,"-","exsC","1-444/444","===============","0/0",100,96.17,"vfdb","WP_005320783","(exsC) chaperone protein [T3SS (VF0479) - Effector delivery system (VFC0086)] [Aeromonas salmonicida subsp. salmonicida A449]",NA,"KMM366"
"KMM366.fasta","1",3316394,3317290,"-","aopD","1-897/897","===============","0/0",100,87.96,"vfdb","WP_005320781","(aopD) Type III secretion system translocator AopD [T3SS (VF0479) - Effector delivery system (VFC0086)] [Aeromonas salmonicida subsp. salmonicida A449]",NA,"KMM366"
"KMM366.fasta","1",3317303,3318475,"-","aopB","1-1194/1194","========/======","1/21",98.24,86.52,"vfdb","WP_005320780","(aopB) Type III secretion system translocator AopB [T3SS (VF0479) - Effector delivery system (VFC0086)] [Aeromonas salmonicida subsp. salmonicida A449]",NA,"KMM366"
"KMM366.fasta","1",3318456,3318959,"-","acrH","1-504/504","===============","0/0",100,95.44,"vfdb","WP_005320778","(acrH) chaperon protein for AopB/AopD [T3SS (VF0479) - Effector delivery system (VFC0086)] [Aeromonas salmonicida subsp. salmonicida A449]",NA,"KMM366"
"KMM366.fasta","1",3318969,3320057,"-","acrV","1-1086/1086","========/======","1/3",100,89.16,"vfdb","WP_005320777","(acrV) Type III secretion system tip translocon AcrV  [T3SS (VF0479) - Effector delivery system (VFC0086)] [Aeromonas salmonicida subsp. salmonicida A449]",NA,"KMM366"
"KMM366.fasta","1",3320067,3320351,"-","acrG","1-285/285","===============","0/0",100,95.44,"vfdb","WP_005320774","(acrG) Type III secretion system protein LcrG-like [T3SS (VF0479) - Effector delivery system (VFC0086)] [Aeromonas salmonicida subsp. salmonicida A449]",NA,"KMM366"
"KMM366.fasta","1",3320391,3320846,"-","acrR","1-456/456","===============","0/0",100,92.98,"vfdb","WP_005320772","(acrR) Type III secretion system regulator LcrR-like [T3SS (VF0479) - Effector delivery system (VFC0086)] [Aeromonas salmonicida subsp. salmonicida A449]",NA,"KMM366"
"KMM366.fasta","1",3320843,3322960,"-","ascV","1-2118/2118","===============","0/0",100,96.18,"vfdb","WP_005320770","(ascV) Type III secretion system inner membrane export apparatus protein AscV [T3SS (VF0479) - Effector delivery system (VFC0086)] [Aeromonas salmonicida subsp. salmonicida A449]",NA,"KMM366"
"KMM366.fasta","1",3322941,3323291,"-","ascY","1-351/351","===============","0/0",100,97.15,"vfdb","WP_005320768","(ascY) chaperone protein [T3SS (VF0479) - Effector delivery system (VFC0086)] [Aeromonas salmonicida subsp. salmonicida A449]",NA,"KMM366"
"KMM366.fasta","1",3323288,3323653,"-","ascX","1-366/366","===============","0/0",100,95.08,"vfdb","WP_005320766","(ascX) Unknown function chaperoned by AscY [T3SS (VF0479) - Effector delivery system (VFC0086)] [Aeromonas salmonicida subsp. salmonicida A449]",NA,"KMM366"
"KMM366.fasta","1",3323650,3324021,"-","acr2","1-372/372","===============","0/0",100,94.36,"vfdb","WP_005320764","(acr2) chaperone protein [T3SS (VF0479) - Effector delivery system (VFC0086)] [Aeromonas salmonicida subsp. salmonicida A449]",NA,"KMM366"
"KMM366.fasta","1",3324018,3324299,"-","acr1","1-282/282","===============","0/0",100,96.81,"vfdb","WP_005320760","(acr1) Type III secretion system gatekeeper subunit  [T3SS (VF0479) - Effector delivery system (VFC0086)] [Aeromonas salmonicida subsp. salmonicida A449]",NA,"KMM366"
"KMM366.fasta","1",3324280,3325158,"-","aopN","1-879/879","===============","0/0",100,96.59,"vfdb","WP_005320757","(aopN) AopN secretion control of translocators and immune suppressor [T3SS (VF0479) - Effector delivery system (VFC0086)] [Aeromonas salmonicida subsp. salmonicida A449]",NA,"KMM366"
"KMM366.fasta","1",3325348,3326670,"+","ascN","1-1323/1323","===============","0/0",100,96.3,"vfdb","WP_005320755","(ascN) Type III secretion system ATPase [T3SS (VF0479) - Effector delivery system (VFC0086)] [Aeromonas salmonicida subsp. salmonicida A449]",NA,"KMM366"
"KMM366.fasta","1",3326667,3327128,"+","ascO","1-462/462","===============","0/0",100,96.75,"vfdb","WP_005320751","(ascO) Type III secretion system protein AscO [T3SS (VF0479) - Effector delivery system (VFC0086)] [Aeromonas salmonicida subsp. salmonicida A449]",NA,"KMM366"
"KMM366.fasta","1",3328220,3329146,"+","ascQ","1-927/927","===============","0/0",100,93.42,"vfdb","WP_005320747","(ascQ) type III secretion system protein AscQ [T3SS (VF0479) - Effector delivery system (VFC0086)] [Aeromonas salmonicida subsp. salmonicida A449]",NA,"KMM366"
"KMM366.fasta","1",3329143,3329796,"+","ascR","1-654/654","===============","0/0",100,96.79,"vfdb","WP_005320745","(ascR) Type III secretion system inner membrane export apparatus protein AscR [T3SS (VF0479) - Effector delivery system (VFC0086)] [Aeromonas salmonicida subsp. salmonicida A449]",NA,"KMM366"
"KMM366.fasta","1",3329798,3330064,"+","ascS","1-267/267","===============","0/0",100,96.25,"vfdb","WP_005320743","(ascS) type III secretion system inner membrane export apparatus protein AscS [T3SS (VF0479) - Effector delivery system (VFC0086)] [Aeromonas salmonicida subsp. salmonicida A449]",NA,"KMM366"
"KMM366.fasta","1",3330061,3330849,"+","ascT","1-789/789","===============","0/0",100,96.07,"vfdb","WP_005320741","(ascT) Type III secretion system inner membrane export apparatus protein AscT [T3SS (VF0479) - Effector delivery system (VFC0086)] [Aeromonas salmonicida subsp. salmonicida A449]",NA,"KMM366"
"KMM366.fasta","1",3330846,3331904,"+","ascU","1-1059/1059","===============","0/0",100,96.51,"vfdb","WP_005320739","(ascU) Type III secretion system inner membrane export apparatus protein AscU [T3SS (VF0479) - Effector delivery system (VFC0086)] [Aeromonas salmonicida subsp. salmonicida A449]",NA,"KMM366"
"KMM366.fasta","1",3332042,3332992,"+","aopX","1-971/971","========/======","1/20",97.94,93.82,"vfdb","","(aopX) hypothetical protein [T3SS (VF0479) - Effector delivery system (VFC0086)] [Aeromonas salmonicida subsp. salmonicida A449]",NA,"KMM366"
"KMM366.fasta","1",3332992,3333315,"+","sycX","1-324/381","=============..","0/0",85.04,92.59,"vfdb","WP_005320736","(sycX) hypothetical protein [T3SS (VF0479) - Effector delivery system (VFC0086)] [Aeromonas salmonicida subsp. salmonicida A449]",NA,"KMM366"
"KMM366.fasta","1",3391578,3392372,"-","AHML_RS07540","1-795/795","===============","0/0",100,83.27,"vfdb","WP_011705294","(AHML_RS07540) CobQ/CobB/MinD/ParA family protein [Polar flagella (VF0473) - Motility (VFC0204)] [Aeromonas hydrophila ML09-119]",NA,"KMM366"
"KMM366.fasta","1",3394040,3395155,"-","cheB-2","1-1116/1116","========/======","2/2",99.91,82.63,"vfdb","WP_016350060","(cheB-2) chemotaxis-specific methylesterase [Polar flagella (VF0473) - Motility (VFC0204)] [Aeromonas hydrophila ML09-119]",NA,"KMM366"
"KMM366.fasta","1",3397428,3398168,"-","cheZ","1-741/741","===============","0/0",100,86.1,"vfdb","WP_011705289","(cheZ) chemotaxis protein CheZ [Polar flagella (VF0473) - Motility (VFC0204)] [Aeromonas hydrophila ML09-119]",NA,"KMM366"
"KMM366.fasta","1",3398181,3398564,"-","cheY","1-384/384","===============","0/0",100,87.5,"vfdb","WP_010634617","(cheY) chemotaxis protein CheY [Polar flagella (VF0473) - Motility (VFC0204)] [Aeromonas hydrophila ML09-119]",NA,"KMM366"
"KMM366.fasta","1",3398676,3399395,"-","fliA","1-720/720","========/======","2/2",99.86,82.94,"vfdb","WP_017409955","(fliA) flagellar biosynthesis sigma factor [Polar flagella (VF0473) - Motility (VFC0204)] [Aeromonas hydrophila ML09-119]",NA,"KMM366"
"KMM366.fasta","1",3399388,3400263,"-","flhG","1-876/876","===============","0/0",100,88.93,"vfdb","WP_010634619","(flhG) CobQ/CobB/MinD/ParA family protein [Polar flagella (VF0473) - Motility (VFC0204)] [Aeromonas hydrophila ML09-119]",NA,"KMM366"
"KMM366.fasta","1",3400265,3401689,"-","flhF","1-1422/1422","========/======","7/15",99.58,88.12,"vfdb","WP_016350057","(flhF) flagellar biosynthesis protein FlhF [Polar flagella (VF0473) - Motility (VFC0204)] [Aeromonas hydrophila ML09-119]",NA,"KMM366"
"KMM366.fasta","1",3401706,3403808,"-","flhA","1-2103/2103","===============","0/0",100,87.64,"vfdb","WP_016350056","(flhA) flagellar biosynthesis protein FlhA [Polar flagella (VF0473) - Motility (VFC0204)] [Aeromonas hydrophila ML09-119]",NA,"KMM366"
"KMM366.fasta","1",3403916,3405046,"-","flhB","1-1131/1131","========/======","2/8",99.65,86.34,"vfdb","WP_016350055","(flhB) flagellar biosynthetic protein FlhB [Polar flagella (VF0473) - Motility (VFC0204)] [Aeromonas hydrophila ML09-119]",NA,"KMM366"
"KMM366.fasta","1",3405051,3405836,"-","fliR","1-786/792","===============","0/0",99.24,83.46,"vfdb","WP_011705283","(fliR) flagellar biosynthesis protein FliR [Polar flagella (VF0473) - Motility (VFC0204)] [Aeromonas hydrophila ML09-119]",NA,"KMM366"
"KMM366.fasta","1",3405833,3406102,"-","fliQ","1-270/270","===============","0/0",100,86.3,"vfdb","WP_011705282","(fliQ) flagellar biosynthetic protein FliQ [Polar flagella (VF0473) - Motility (VFC0204)] [Aeromonas hydrophila ML09-119]",NA,"KMM366"
"KMM366.fasta","1",3406131,3406901,"-","fliP","1-774/780","========/======","2/5",98.72,86.32,"vfdb","WP_016350054","(fliP) flagellar biosynthesis protein FliP [Polar flagella (VF0473) - Motility (VFC0204)] [Aeromonas hydrophila ML09-119]",NA,"KMM366"
"KMM366.fasta","1",3406888,3407208,"-","fliO","64-384/384","..=============","0/0",83.59,87.23,"vfdb","WP_005298795","(fliO) flagellar biosynthesis protein FliO [Polar flagella (VF0473) - Motility (VFC0204)] [Aeromonas hydrophila ML09-119]",NA,"KMM366"
"KMM366.fasta","1",3407265,3407657,"-","fliN","1-393/393","===============","0/0",100,89.57,"vfdb","WP_011705280","(fliN) flagellar motor switch protein FliN [Polar flagella (VF0473) - Motility (VFC0204)] [Aeromonas hydrophila ML09-119]",NA,"KMM366"
"KMM366.fasta","1",3407707,3408777,"-","fliM","1-1071/1071","===============","0/0",100,91.41,"vfdb","WP_011705279","(fliM) flagellar motor switch protein FliM [Polar flagella (VF0473) - Motility (VFC0204)] [Aeromonas hydrophila ML09-119]",NA,"KMM366"
"KMM366.fasta","1",3408786,3409300,"-","fliL","1-518/519","========/======","1/3",99.23,85.14,"vfdb","WP_011705278","(fliL) flagellar basal body-associated protein FliL [Polar flagella (VF0473) - Motility (VFC0204)] [Aeromonas hydrophila ML09-119]",NA,"KMM366"
"KMM366.fasta","1",3411357,3411797,"-","fliJ","1-441/441","===============","0/0",100,85.94,"vfdb","WP_011705276","(fliJ) flagellar export protein FliJ [Polar flagella (VF0473) - Motility (VFC0204)] [Aeromonas hydrophila ML09-119]",NA,"KMM366"
"KMM366.fasta","1",3411825,3413156,"-","fliI","1-1332/1332","===============","0/0",100,89.26,"vfdb","WP_011705275","(fliI) flagellum-specific ATP synthase [Polar flagella (VF0473) - Motility (VFC0204)] [Aeromonas hydrophila ML09-119]",NA,"KMM366"
"KMM366.fasta","1",3413239,3414030,"-","fliH","7-792/807","========/======","4/12",97.03,80.88,"vfdb","WP_016350051","(fliH) flagellar assembly protein FliH [Polar flagella (VF0473) - Motility (VFC0204)] [Aeromonas hydrophila ML09-119]",NA,"KMM366"
"KMM366.fasta","1",3414104,3415163,"-","fliG","1-1060/1062","===============","0/0",99.81,93.21,"vfdb","WP_011705273","(fliG) flagellar motor switch protein G [Polar flagella (VF0473) - Motility (VFC0204)] [Aeromonas hydrophila ML09-119]",NA,"KMM366"
"KMM366.fasta","1",3415156,3416865,"-","fliF","1-1713/1713","========/======","1/3",99.82,86.46,"vfdb","WP_016350050","(fliF) flagellar MS-ring protein [Polar flagella (VF0473) - Motility (VFC0204)] [Aeromonas hydrophila ML09-119]",NA,"KMM366"
"KMM366.fasta","1",3416928,3417245,"-","fliE","1-318/318","===============","0/0",100,89.31,"vfdb","WP_011705271","(fliE) flagellar hook-basal body complex protein FliE [Polar flagella (VF0473) - Motility (VFC0204)] [Aeromonas hydrophila ML09-119]",NA,"KMM366"
"KMM366.fasta","1",3566860,3567459,"-","tapO","1-600/600","===============","0/0",100,80,"vfdb","WP_016351631","(tapO) type IV pilus biogenesis protein PilO [Tap type IV pili (VF0475) - Adherence (VFC0001)] [Aeromonas hydrophila ML09-119]",NA,"KMM366"
"KMM366.fasta","1",3717724,3719651,"-","vgrG2","13-1940/2232","========/=====.","2/2",86.34,83.67,"vfdb","WP_011705707","(vgrG2) VgrG protein [T6SS (VF0480) - Effector delivery system (VFC0086)] [Aeromonas hydrophila subsp. hydrophila ATCC 7966]",NA,"KMM366"
"KMM366.fasta","1",3720027,3720545,"-","hcp","1-519/519","===============","0/0",100,94.61,"vfdb","WP_011705706","(hcp) hemolysin co-regulated protein [T6SS (VF0480) - Effector delivery system (VFC0086)] [Aeromonas hydrophila subsp. hydrophila ATCC 7966]",NA,"KMM366"
"KMM366.fasta","1",3771838,3772700,"-","pomB2","10-878/900","========/======","2/6",95.89,82.62,"vfdb","WP_016351724","(pomB2) flagellar motor protein MotB [Polar flagella (VF0473) - Motility (VFC0204)] [Aeromonas hydrophila ML09-119]",NA,"KMM366"
"KMM366.fasta","1",3772725,3773473,"-","pomA2","1-749/759","===============","0/0",98.68,83.31,"vfdb","WP_011707085","(pomA2) chemotaxis protein PomA [Polar flagella (VF0473) - Motility (VFC0204)] [Aeromonas hydrophila ML09-119]",NA,"KMM366"
"KMM366.fasta","1",4080266,4080815,"-","motX","51-600/600",".==============","0/0",91.67,83.09,"vfdb","WP_016349413","(motX) sodium-type flagellar motor component [Polar flagella (VF0473) - Motility (VFC0204)] [Aeromonas hydrophila ML09-119]",NA,"KMM366"
"KMM366.fasta","1",4094313,4095422,"-","tapU","1-1110/1110","===============","0/0",100,83.87,"vfdb","WP_016351972","(tapU) twitching ATPase [Tap type IV pili (VF0475) - Adherence (VFC0001)] [Aeromonas hydrophila ML09-119]",NA,"KMM366"
"KMM366.fasta","1",4095451,4096485,"-","tapT","1-1035/1035","===============","0/0",100,92.27,"vfdb","WP_011707389","(tapT) twitching ATPase [Tap type IV pili (VF0475) - Adherence (VFC0001)] [Aeromonas hydrophila ML09-119]",NA,"KMM366"
"KMM366.fasta","1",4323591,4324211,"-","mshB","52-672/672",".==============","0/0",92.41,85.51,"vfdb","WP_043118279","(mshB) MSHA (mannose-sensitive hemagglutinin) pili minor prepilin protein MshB [MSHA type IV pili (VF0477) - Adherence (VFC0001)] [Aeromonas hydrophila ML09-119]",NA,"KMM366"
"KMM366.fasta","1",4324879,4326091,"-","mshG","9-1221/1221","===============","0/0",99.34,87.96,"vfdb","WP_016349160","(mshG) MSHA (mannose-sensitive hemagglutinin) pili biogenesis protein MshG GspF-like [MSHA type IV pili (VF0477) - Adherence (VFC0001)] [Aeromonas hydrophila ML09-119]",NA,"KMM366"
"KMM366.fasta","1",4326103,4327812,"-","mshE","1-1710/1710","===============","0/0",100,90.23,"vfdb","WP_043118275","(mshE) ATPase protein MshE GspE-like [MSHA type IV pili (VF0477) - Adherence (VFC0001)] [Aeromonas hydrophila ML09-119]",NA,"KMM366"
"KMM366.fasta","1",4328963,4329853,"-","mshM","1-891/891","===============","0/0",100,87.09,"vfdb","WP_016349157","(mshM) membrane protein with ATPase domain GspA-like [MSHA type IV pili (VF0477) - Adherence (VFC0001)] [Aeromonas hydrophila ML09-119]",NA,"KMM366"
"KMM366.fasta","1",4329946,4331619,"-","mshL","1-1674/1674","========/======","11/34",98.98,83.15,"vfdb","WP_016349156","(mshL) MSHA (mannose-sensitive hemagglutinin) pili biogenesis protein MshL outer membrane secretin GspD-like [MSHA type IV pili (VF0477) - Adherence (VFC0001)] [Aeromonas hydrophila ML09-119]",NA,"KMM366"
"KMM366.fasta","1",4332659,4333252,"-","mshI1","1-594/594","========/======","4/4",99.66,80.7,"vfdb","WP_016349153","(mshI1) MSHA (mannose-sensitive hemagglutinin) pili biogenesis protein MshI1 bitopic inner membrane protein [MSHA type IV pili (VF0477) - Adherence (VFC0001)] [Aeromonas hydrophila ML09-119]",NA,"KMM366"
"KMM366.fasta","1",4333252,4334115,"-","mshI","1-864/864","===============","0/0",100,84.26,"vfdb","WP_016349152","(mshI) MSHA (mannose-sensitive hemagglutinin) pili biogenesis protein MshI bitopic inner membrane protein [MSHA type IV pili (VF0477) - Adherence (VFC0001)] [Aeromonas hydrophila ML09-119]",NA,"KMM366"
"ZfB1.fasta","NZ_CP034967.1",435824,436201,"+","lfiN","1-378/378","===============","0/0",100,85.45,"vfdb","WP_005314315","(lfiN) lateral flagellar motor switch protein lfiN [Lateral flagella (VF0474) - Motility (VFC0204)] [Aeromonas salmonicida subsp. salmonicida A449]",NA,"ZfB1"
"ZfB1.fasta","NZ_CP034967.1",436201,436935,"+","fliP","1-735/735","===============","0/0",100,80,"vfdb","WP_005314307","(fliP) flagellar biosynthesis protein FliP [Lateral flagella (VF0474) - Motility (VFC0204)] [Aeromonas salmonicida subsp. salmonicida A449]",NA,"ZfB1"
"ZfB1.fasta","NZ_CP034967.1",436938,437206,"+","lfiQ","2-270/270","===============","0/0",99.63,80.3,"vfdb","WP_005314303","(lfiQ) lateral flagellar biosynthetic protein LfiQ [Lateral flagella (VF0474) - Motility (VFC0204)] [Aeromonas salmonicida subsp. salmonicida A449]",NA,"ZfB1"
"ZfB1.fasta","NZ_CP034967.1",437982,439118,"+","lfhB","1-1137/1137","===============","0/0",100,81.44,"vfdb","WP_005314298","(lfhB) lateral flagellar biosynthetic protein LfhB [Lateral flagella (VF0474) - Motility (VFC0204)] [Aeromonas salmonicida subsp. salmonicida A449]",NA,"ZfB1"
"ZfB1.fasta","NZ_CP034967.1",439122,441188,"+","lfhA","1-2067/2076","===============","0/0",99.57,82.2,"vfdb","WP_005314296","(lfhA) lateral flagellar biosynthesis protein [Lateral flagella (VF0474) - Motility (VFC0204)] [Aeromonas salmonicida subsp. salmonicida A449]",NA,"ZfB1"
"ZfB1.fasta","NZ_CP034967.1",442984,443310,"+","lfiE","1-327/327","===============","0/0",100,83.49,"vfdb","WP_005314292","(lfiE) lateral flagellar hook basal body protein LfiE [Lateral flagella (VF0474) - Motility (VFC0204)] [Aeromonas salmonicida subsp. salmonicida A449]",NA,"ZfB1"
"ZfB1.fasta","NZ_CP034967.1",445057,446085,"+","fliG","1-1029/1029","===============","0/0",100,84.35,"vfdb","WP_005314289","(fliG) flagellar motor switch protein G [Lateral flagella (VF0474) - Motility (VFC0204)] [Aeromonas salmonicida subsp. salmonicida A449]",NA,"ZfB1"
"ZfB1.fasta","NZ_CP034967.1",450190,450579,"+","lfgB","1-390/390","===============","0/0",100,83.85,"vfdb","WP_005314272","(lfgB) lateral flagellar basal body protein LfgB [Lateral flagella (VF0474) - Motility (VFC0204)] [Aeromonas salmonicida subsp. salmonicida A449]",NA,"ZfB1"
"ZfB1.fasta","NZ_CP034967.1",450582,451002,"+","flgC","1-421/426","===============","0/0",98.83,81.95,"vfdb","WP_005314270","(flgC) flagellar basal body rod protein FlgC [Lateral flagella (VF0474) - Motility (VFC0204)] [Aeromonas salmonicida subsp. salmonicida A449]",NA,"ZfB1"
"ZfB1.fasta","NZ_CP034967.1",452991,453721,"+","lfgF","1-731/735","===============","0/0",99.46,83.04,"vfdb","WP_005314261","(lfgF) lateral flagellar basal-body rod protein LfgF [Lateral flagella (VF0474) - Motility (VFC0204)] [Aeromonas salmonicida subsp. salmonicida A449]",NA,"ZfB1"
"ZfB1.fasta","NZ_CP034967.1",453804,454587,"+","lfgG","1-784/786","===============","0/0",99.75,83.16,"vfdb","WP_005314259","(lfgG) lateral flagellar basal-body rod protein LfgG [Lateral flagella (VF0474) - Motility (VFC0204)] [Aeromonas salmonicida subsp. salmonicida A449]",NA,"ZfB1"
"ZfB1.fasta","NZ_CP034967.1",454589,455260,"+","lfgH","1-672/672","===============","0/0",100,82.14,"vfdb","WP_005314257","(lfgH) lateral flagellar L-ring protein LfgH [Lateral flagella (VF0474) - Motility (VFC0204)] [Aeromonas salmonicida subsp. salmonicida A449]",NA,"ZfB1"
"ZfB1.fasta","NZ_CP034967.1",455269,456375,"+","flgI","1-1107/1107","===============","0/0",100,81.39,"vfdb","WP_005314254","(flgI) flagellar basal body P-ring protein [Lateral flagella (VF0474) - Motility (VFC0204)] [Aeromonas salmonicida subsp. salmonicida A449]",NA,"ZfB1"
"ZfB1.fasta","NZ_CP034967.1",466138,466995,"+","lafT","1-858/858","========/======","2/2",99.88,84.75,"vfdb","WP_005314215","(lafT) LafT flagella motor stator protein [Lateral flagella (VF0474) - Motility (VFC0204)] [Aeromonas salmonicida subsp. salmonicida A449]",NA,"ZfB1"
"ZfB1.fasta","NZ_CP034967.1",492730,493564,"-","tapD/pilD","24-858/873","========/======","2/2",95.53,83.85,"vfdb","WP_016352170","(tapD/pilD) prepilin peptidase [Tap type IV pili (VF0475) - Adherence (VFC0001)] [Aeromonas hydrophila ML09-119]",NA,"ZfB1"
"ZfB1.fasta","NZ_CP034967.1",493665,494890,"-","tapC","1-1226/1242","===============","0/0",98.71,86.46,"vfdb","WP_016352169","(tapC) type IV fimbrial assembly protein PilC-like [Tap type IV pili (VF0475) - Adherence (VFC0001)] [Aeromonas hydrophila ML09-119]",NA,"ZfB1"
"ZfB1.fasta","NZ_CP034967.1",495134,496840,"-","tapB","1-1707/1707","===============","0/0",100,86.94,"vfdb","WP_016352168","(tapB) type IV pilus assembly ATPase PilB-like [Tap type IV pili (VF0475) - Adherence (VFC0001)] [Aeromonas hydrophila ML09-119]",NA,"ZfB1"
"ZfB1.fasta","NZ_CP034967.1",1002368,1003126,"+","pomA2","1-759/759","===============","0/0",100,86.69,"vfdb","WP_011707085","(pomA2) chemotaxis protein PomA [Polar flagella (VF0473) - Motility (VFC0204)] [Aeromonas hydrophila ML09-119]",NA,"ZfB1"
"ZfB1.fasta","NZ_CP034967.1",1003144,1004006,"+","pomB2","10-878/900","========/======","2/6",95.89,83.66,"vfdb","WP_016351724","(pomB2) flagellar motor protein MotB [Polar flagella (VF0473) - Motility (VFC0204)] [Aeromonas hydrophila ML09-119]",NA,"ZfB1"
"ZfB1.fasta","NZ_CP034967.1",1314371,1314688,"+","fliE","1-318/318","===============","0/0",100,88.05,"vfdb","WP_011705271","(fliE) flagellar hook-basal body complex protein FliE [Polar flagella (VF0473) - Motility (VFC0204)] [Aeromonas hydrophila ML09-119]",NA,"ZfB1"
"ZfB1.fasta","NZ_CP034967.1",1314751,1316460,"+","fliF","1-1713/1713","========/======","1/3",99.82,86.98,"vfdb","WP_016350050","(fliF) flagellar MS-ring protein [Polar flagella (VF0473) - Motility (VFC0204)] [Aeromonas hydrophila ML09-119]",NA,"ZfB1"
"ZfB1.fasta","NZ_CP034967.1",1316453,1317512,"+","fliG","1-1060/1062","===============","0/0",99.81,93.4,"vfdb","WP_011705273","(fliG) flagellar motor switch protein G [Polar flagella (VF0473) - Motility (VFC0204)] [Aeromonas hydrophila ML09-119]",NA,"ZfB1"
"ZfB1.fasta","NZ_CP034967.1",1317585,1318376,"+","fliH","7-792/807","========/======","4/12",97.03,81.13,"vfdb","WP_016350051","(fliH) flagellar assembly protein FliH [Polar flagella (VF0473) - Motility (VFC0204)] [Aeromonas hydrophila ML09-119]",NA,"ZfB1"
"ZfB1.fasta","NZ_CP034967.1",1318459,1319790,"+","fliI","1-1332/1332","===============","0/0",100,89.49,"vfdb","WP_011705275","(fliI) flagellum-specific ATP synthase [Polar flagella (VF0473) - Motility (VFC0204)] [Aeromonas hydrophila ML09-119]",NA,"ZfB1"
"ZfB1.fasta","NZ_CP034967.1",1319818,1320258,"+","fliJ","1-441/441","===============","0/0",100,86.17,"vfdb","WP_011705276","(fliJ) flagellar export protein FliJ [Polar flagella (VF0473) - Motility (VFC0204)] [Aeromonas hydrophila ML09-119]",NA,"ZfB1"
"ZfB1.fasta","NZ_CP034967.1",1322312,1322826,"+","fliL","1-518/519","========/======","1/3",99.23,84.75,"vfdb","WP_011705278","(fliL) flagellar basal body-associated protein FliL [Polar flagella (VF0473) - Motility (VFC0204)] [Aeromonas hydrophila ML09-119]",NA,"ZfB1"
"ZfB1.fasta","NZ_CP034967.1",1322835,1323905,"+","fliM","1-1071/1071","===============","0/0",100,91.22,"vfdb","WP_011705279","(fliM) flagellar motor switch protein FliM [Polar flagella (VF0473) - Motility (VFC0204)] [Aeromonas hydrophila ML09-119]",NA,"ZfB1"
"ZfB1.fasta","NZ_CP034967.1",1323955,1324347,"+","fliN","1-393/393","===============","0/0",100,89.31,"vfdb","WP_011705280","(fliN) flagellar motor switch protein FliN [Polar flagella (VF0473) - Motility (VFC0204)] [Aeromonas hydrophila ML09-119]",NA,"ZfB1"
"ZfB1.fasta","NZ_CP034967.1",1324404,1324724,"+","fliO","64-384/384","..=============","0/0",83.59,87.54,"vfdb","WP_005298795","(fliO) flagellar biosynthesis protein FliO [Polar flagella (VF0473) - Motility (VFC0204)] [Aeromonas hydrophila ML09-119]",NA,"ZfB1"
"ZfB1.fasta","NZ_CP034967.1",1324711,1325481,"+","fliP","1-774/780","========/======","2/5",98.72,85.68,"vfdb","WP_016350054","(fliP) flagellar biosynthesis protein FliP [Polar flagella (VF0473) - Motility (VFC0204)] [Aeromonas hydrophila ML09-119]",NA,"ZfB1"
"ZfB1.fasta","NZ_CP034967.1",1325510,1325779,"+","fliQ","1-270/270","===============","0/0",100,85.56,"vfdb","WP_011705282","(fliQ) flagellar biosynthetic protein FliQ [Polar flagella (VF0473) - Motility (VFC0204)] [Aeromonas hydrophila ML09-119]",NA,"ZfB1"
"ZfB1.fasta","NZ_CP034967.1",1325776,1326561,"+","fliR","1-786/792","===============","0/0",99.24,83.21,"vfdb","WP_011705283","(fliR) flagellar biosynthesis protein FliR [Polar flagella (VF0473) - Motility (VFC0204)] [Aeromonas hydrophila ML09-119]",NA,"ZfB1"
"ZfB1.fasta","NZ_CP034967.1",1326566,1327696,"+","flhB","1-1131/1131","========/======","2/8",99.65,85.64,"vfdb","WP_016350055","(flhB) flagellar biosynthetic protein FlhB [Polar flagella (VF0473) - Motility (VFC0204)] [Aeromonas hydrophila ML09-119]",NA,"ZfB1"
"ZfB1.fasta","NZ_CP034967.1",1327804,1329906,"+","flhA","1-2103/2103","===============","0/0",100,86.97,"vfdb","WP_016350056","(flhA) flagellar biosynthesis protein FlhA [Polar flagella (VF0473) - Motility (VFC0204)] [Aeromonas hydrophila ML09-119]",NA,"ZfB1"
"ZfB1.fasta","NZ_CP034967.1",1329923,1331347,"+","flhF","1-1422/1422","========/======","6/13",99.65,88.39,"vfdb","WP_016350057","(flhF) flagellar biosynthesis protein FlhF [Polar flagella (VF0473) - Motility (VFC0204)] [Aeromonas hydrophila ML09-119]",NA,"ZfB1"
"ZfB1.fasta","NZ_CP034967.1",1331349,1332224,"+","flhG","1-876/876","===============","0/0",100,89.04,"vfdb","WP_010634619","(flhG) CobQ/CobB/MinD/ParA family protein [Polar flagella (VF0473) - Motility (VFC0204)] [Aeromonas hydrophila ML09-119]",NA,"ZfB1"
"ZfB1.fasta","NZ_CP034967.1",1332217,1332936,"+","fliA","1-720/720","========/======","2/2",99.86,82.66,"vfdb","WP_017409955","(fliA) flagellar biosynthesis sigma factor [Polar flagella (VF0473) - Motility (VFC0204)] [Aeromonas hydrophila ML09-119]",NA,"ZfB1"
"ZfB1.fasta","NZ_CP034967.1",1333048,1333431,"+","cheY","1-384/384","===============","0/0",100,87.5,"vfdb","WP_010634617","(cheY) chemotaxis protein CheY [Polar flagella (VF0473) - Motility (VFC0204)] [Aeromonas hydrophila ML09-119]",NA,"ZfB1"
"ZfB1.fasta","NZ_CP034967.1",1333444,1334184,"+","cheZ","1-741/741","===============","0/0",100,85.56,"vfdb","WP_011705289","(cheZ) chemotaxis protein CheZ [Polar flagella (VF0473) - Motility (VFC0204)] [Aeromonas hydrophila ML09-119]",NA,"ZfB1"
"ZfB1.fasta","NZ_CP034967.1",1336448,1337563,"+","cheB-2","1-1116/1116","===============","0/0",100,82.17,"vfdb","WP_016350060","(cheB-2) chemotaxis-specific methylesterase [Polar flagella (VF0473) - Motility (VFC0204)] [Aeromonas hydrophila ML09-119]",NA,"ZfB1"
"ZfB1.fasta","NZ_CP034967.1",1339231,1340018,"+","AHML_RS07540","1-788/795","===============","0/0",99.12,83.25,"vfdb","WP_011705294","(AHML_RS07540) CobQ/CobB/MinD/ParA family protein [Polar flagella (VF0473) - Motility (VFC0204)] [Aeromonas hydrophila ML09-119]",NA,"ZfB1"
"ZfB1.fasta","NZ_CP034967.1",1383754,1384077,"-","sycX","1-324/381","=============..","0/0",85.04,93.21,"vfdb","WP_005320736","(sycX) hypothetical protein [T3SS (VF0479) - Effector delivery system (VFC0086)] [Aeromonas salmonicida subsp. salmonicida A449]",NA,"ZfB1"
"ZfB1.fasta","NZ_CP034967.1",1384077,1385027,"-","aopX","1-971/971","========/======","1/20",97.94,94.44,"vfdb","","(aopX) hypothetical protein [T3SS (VF0479) - Effector delivery system (VFC0086)] [Aeromonas salmonicida subsp. salmonicida A449]",NA,"ZfB1"
"ZfB1.fasta","NZ_CP034967.1",1385165,1386223,"-","ascU","1-1059/1059","===============","0/0",100,95.94,"vfdb","WP_005320739","(ascU) Type III secretion system inner membrane export apparatus protein AscU [T3SS (VF0479) - Effector delivery system (VFC0086)] [Aeromonas salmonicida subsp. salmonicida A449]",NA,"ZfB1"
"ZfB1.fasta","NZ_CP034967.1",1386220,1387008,"-","ascT","1-789/789","===============","0/0",100,94.68,"vfdb","WP_005320741","(ascT) Type III secretion system inner membrane export apparatus protein AscT [T3SS (VF0479) - Effector delivery system (VFC0086)] [Aeromonas salmonicida subsp. salmonicida A449]",NA,"ZfB1"
"ZfB1.fasta","NZ_CP034967.1",1387005,1387271,"-","ascS","1-267/267","===============","0/0",100,95.13,"vfdb","WP_005320743","(ascS) type III secretion system inner membrane export apparatus protein AscS [T3SS (VF0479) - Effector delivery system (VFC0086)] [Aeromonas salmonicida subsp. salmonicida A449]",NA,"ZfB1"
"ZfB1.fasta","NZ_CP034967.1",1387273,1387926,"-","ascR","1-654/654","===============","0/0",100,96.94,"vfdb","WP_005320745","(ascR) Type III secretion system inner membrane export apparatus protein AscR [T3SS (VF0479) - Effector delivery system (VFC0086)] [Aeromonas salmonicida subsp. salmonicida A449]",NA,"ZfB1"
"ZfB1.fasta","NZ_CP034967.1",1387923,1388849,"-","ascQ","1-927/927","===============","0/0",100,95.04,"vfdb","WP_005320747","(ascQ) type III secretion system protein AscQ [T3SS (VF0479) - Effector delivery system (VFC0086)] [Aeromonas salmonicida subsp. salmonicida A449]",NA,"ZfB1"
"ZfB1.fasta","NZ_CP034967.1",1389947,1390408,"-","ascO","1-462/462","===============","0/0",100,96.97,"vfdb","WP_005320751","(ascO) Type III secretion system protein AscO [T3SS (VF0479) - Effector delivery system (VFC0086)] [Aeromonas salmonicida subsp. salmonicida A449]",NA,"ZfB1"
"ZfB1.fasta","NZ_CP034967.1",1390405,1391727,"-","ascN","1-1323/1323","===============","0/0",100,97.05,"vfdb","WP_005320755","(ascN) Type III secretion system ATPase [T3SS (VF0479) - Effector delivery system (VFC0086)] [Aeromonas salmonicida subsp. salmonicida A449]",NA,"ZfB1"
"ZfB1.fasta","NZ_CP034967.1",1391917,1392795,"+","aopN","1-879/879","===============","0/0",100,95.9,"vfdb","WP_005320757","(aopN) AopN secretion control of translocators and immune suppressor [T3SS (VF0479) - Effector delivery system (VFC0086)] [Aeromonas salmonicida subsp. salmonicida A449]",NA,"ZfB1"
"ZfB1.fasta","NZ_CP034967.1",1392776,1393057,"+","acr1","1-282/282","===============","0/0",100,97.87,"vfdb","WP_005320760","(acr1) Type III secretion system gatekeeper subunit  [T3SS (VF0479) - Effector delivery system (VFC0086)] [Aeromonas salmonicida subsp. salmonicida A449]",NA,"ZfB1"
"ZfB1.fasta","NZ_CP034967.1",1393054,1393425,"+","acr2","1-372/372","===============","0/0",100,96.77,"vfdb","WP_005320764","(acr2) chaperone protein [T3SS (VF0479) - Effector delivery system (VFC0086)] [Aeromonas salmonicida subsp. salmonicida A449]",NA,"ZfB1"
"ZfB1.fasta","NZ_CP034967.1",1393422,1393787,"+","ascX","1-366/366","===============","0/0",100,96.45,"vfdb","WP_005320766","(ascX) Unknown function chaperoned by AscY [T3SS (VF0479) - Effector delivery system (VFC0086)] [Aeromonas salmonicida subsp. salmonicida A449]",NA,"ZfB1"
"ZfB1.fasta","NZ_CP034967.1",1393784,1394134,"+","ascY","1-351/351","===============","0/0",100,97.15,"vfdb","WP_005320768","(ascY) chaperone protein [T3SS (VF0479) - Effector delivery system (VFC0086)] [Aeromonas salmonicida subsp. salmonicida A449]",NA,"ZfB1"
"ZfB1.fasta","NZ_CP034967.1",1394115,1396232,"+","ascV","1-2118/2118","===============","0/0",100,96.6,"vfdb","WP_005320770","(ascV) Type III secretion system inner membrane export apparatus protein AscV [T3SS (VF0479) - Effector delivery system (VFC0086)] [Aeromonas salmonicida subsp. salmonicida A449]",NA,"ZfB1"
"ZfB1.fasta","NZ_CP034967.1",1396229,1396684,"+","acrR","1-456/456","===============","0/0",100,93.42,"vfdb","WP_005320772","(acrR) Type III secretion system regulator LcrR-like [T3SS (VF0479) - Effector delivery system (VFC0086)] [Aeromonas salmonicida subsp. salmonicida A449]",NA,"ZfB1"
"ZfB1.fasta","NZ_CP034967.1",1396724,1397008,"+","acrG","1-285/285","===============","0/0",100,96.84,"vfdb","WP_005320774","(acrG) Type III secretion system protein LcrG-like [T3SS (VF0479) - Effector delivery system (VFC0086)] [Aeromonas salmonicida subsp. salmonicida A449]",NA,"ZfB1"
"ZfB1.fasta","NZ_CP034967.1",1397018,1398106,"+","acrV","1-1086/1086","========/======","1/3",100,89.16,"vfdb","WP_005320777","(acrV) Type III secretion system tip translocon AcrV  [T3SS (VF0479) - Effector delivery system (VFC0086)] [Aeromonas salmonicida subsp. salmonicida A449]",NA,"ZfB1"
"ZfB1.fasta","NZ_CP034967.1",1398116,1398619,"+","acrH","1-504/504","===============","0/0",100,94.84,"vfdb","WP_005320778","(acrH) chaperon protein for AopB/AopD [T3SS (VF0479) - Effector delivery system (VFC0086)] [Aeromonas salmonicida subsp. salmonicida A449]",NA,"ZfB1"
"ZfB1.fasta","NZ_CP034967.1",1398600,1399772,"+","aopB","1-1194/1194","========/======","10/35",97.65,81.68,"vfdb","WP_005320780","(aopB) Type III secretion system translocator AopB [T3SS (VF0479) - Effector delivery system (VFC0086)] [Aeromonas salmonicida subsp. salmonicida A449]",NA,"ZfB1"
"ZfB1.fasta","NZ_CP034967.1",1399785,1400681,"+","aopD","1-897/897","===============","0/0",100,87.85,"vfdb","WP_005320781","(aopD) Type III secretion system translocator AopD [T3SS (VF0479) - Effector delivery system (VFC0086)] [Aeromonas salmonicida subsp. salmonicida A449]",NA,"ZfB1"
"ZfB1.fasta","NZ_CP034967.1",1400817,1401260,"+","exsC","1-444/444","===============","0/0",100,95.5,"vfdb","WP_005320783","(exsC) chaperone protein [T3SS (VF0479) - Effector delivery system (VFC0086)] [Aeromonas salmonicida subsp. salmonicida A449]",NA,"ZfB1"
"ZfB1.fasta","NZ_CP034967.1",1401263,1401496,"+","exsE","1-234/234","===============","0/0",100,91.45,"vfdb","WP_005320785","(exsE) Type III secretion system regulator [T3SS (VF0479) - Effector delivery system (VFC0086)] [Aeromonas salmonicida subsp. salmonicida A449]",NA,"ZfB1"
"ZfB1.fasta","NZ_CP034967.1",1401493,1401893,"+","exsB","1-401/402","===============","0/0",99.75,94.51,"vfdb","WP_011899440","(exsB) type III secretion system OM ring protein ExsB [T3SS (VF0479) - Effector delivery system (VFC0086)] [Aeromonas salmonicida subsp. salmonicida A449]",NA,"ZfB1"
"ZfB1.fasta","NZ_CP034967.1",1402272,1403054,"+","exsA","1-783/783","===============","0/0",100,97.32,"vfdb","WP_192914500","(exsA) Type III secretion system transcriptional regulator [T3SS (VF0479) - Effector delivery system (VFC0086)] [Aeromonas salmonicida subsp. salmonicida A449]",NA,"ZfB1"
"ZfB1.fasta","NZ_CP034967.1",1403174,1403989,"+","exsD","1-816/816","===============","0/0",100,95.47,"vfdb","WP_005320790","(exsD) Type III secretion system protein ExsD [T3SS (VF0479) - Effector delivery system (VFC0086)] [Aeromonas salmonicida subsp. salmonicida A449]",NA,"ZfB1"
"ZfB1.fasta","NZ_CP034967.1",1404005,1404430,"+","ascB","1-426/426","===============","0/0",100,96.01,"vfdb","WP_011899439","(ascB) chaperone protein [T3SS (VF0479) - Effector delivery system (VFC0086)] [Aeromonas salmonicida subsp. salmonicida A449]",NA,"ZfB1"
"ZfB1.fasta","NZ_CP034967.1",1404403,1406256,"+","ascC","1-1854/1854","===============","0/0",100,96.82,"vfdb","WP_011899438","(ascC) Type III secretion system OM ring protein AscC [T3SS (VF0479) - Effector delivery system (VFC0086)] [Aeromonas salmonicida subsp. salmonicida A449]",NA,"ZfB1"
"ZfB1.fasta","NZ_CP034967.1",1406253,1407557,"+","ascD","1-1305/1305","===============","0/0",100,95.25,"vfdb","WP_005320795","(ascD) Type III secretion system OM ring protein AscD [T3SS (VF0479) - Effector delivery system (VFC0086)] [Aeromonas salmonicida subsp. salmonicida A449]",NA,"ZfB1"
"ZfB1.fasta","NZ_CP034967.1",1407520,1407732,"+","ascE","1-213/213","===============","0/0",100,94.84,"vfdb","WP_005320797","(ascE) chaperone protein [T3SS (VF0479) - Effector delivery system (VFC0086)] [Aeromonas salmonicida subsp. salmonicida A449]",NA,"ZfB1"
"ZfB1.fasta","NZ_CP034967.1",1407725,1407982,"+","ascF","1-258/258","===============","0/0",100,94.57,"vfdb","WP_005320800","(ascF) Type III secretion system needle complex subunit AscF [T3SS (VF0479) - Effector delivery system (VFC0086)] [Aeromonas salmonicida subsp. salmonicida A449]",NA,"ZfB1"
"ZfB1.fasta","NZ_CP034967.1",1407982,1408335,"+","ascG","1-354/354","===============","0/0",100,87.85,"vfdb","WP_005320802","(ascG) chaperone protein [T3SS (VF0479) - Effector delivery system (VFC0086)] [Aeromonas salmonicida subsp. salmonicida A449]",NA,"ZfB1"
"ZfB1.fasta","NZ_CP034967.1",1408332,1408886,"+","ascH","1-555/555","===============","0/0",100,94.05,"vfdb","WP_005320804","(ascH) Type III secretion system protein AscH regulator needle assembling [T3SS (VF0479) - Effector delivery system (VFC0086)] [Aeromonas salmonicida subsp. salmonicida A449]",NA,"ZfB1"
"ZfB1.fasta","NZ_CP034967.1",1408886,1409224,"+","ascI","1-339/339","===============","0/0",100,97.94,"vfdb","WP_005320806","(ascI) Type III secretion system inner rod protein AscI [T3SS (VF0479) - Effector delivery system (VFC0086)] [Aeromonas salmonicida subsp. salmonicida A449]",NA,"ZfB1"
"ZfB1.fasta","NZ_CP034967.1",1409231,1409971,"+","ascJ","1-741/741","===============","0/0",100,96.76,"vfdb","WP_180975055","(ascJ) type III secretion system OM ring protein AscJ [T3SS (VF0479) - Effector delivery system (VFC0086)] [Aeromonas salmonicida subsp. salmonicida A449]",NA,"ZfB1"
"ZfB1.fasta","NZ_CP034967.1",1409968,1410594,"+","ascK","1-627/627","===============","0/0",100,92.82,"vfdb","WP_005320811","(ascK) Type III secretion system C ring protein AscK [T3SS (VF0479) - Effector delivery system (VFC0086)] [Aeromonas salmonicida subsp. salmonicida A449]",NA,"ZfB1"
"ZfB1.fasta","NZ_CP034967.1",1410573,1411238,"+","ascL","1-666/666","===============","0/0",100,96.25,"vfdb","WP_005320812","(ascL) Type III secretion system C ring protein AscL [T3SS (VF0479) - Effector delivery system (VFC0086)] [Aeromonas salmonicida subsp. salmonicida A449]",NA,"ZfB1"
"ZfB1.fasta","NZ_CP034967.1",1628434,1629307,"+","motY","1-874/876","===============","0/0",99.77,87.3,"vfdb","WP_024944879","(motY) sodium-type flagellar protein MotY [Polar flagella (VF0473) - Motility (VFC0204)] [Aeromonas hydrophila ML09-119]",NA,"ZfB1"
"ZfB1.fasta","NZ_CP034967.1",1688131,1688880,"+","nueA","1-762/762","========/======","2/12",98.43,86.61,"vfdb","WP_016351249","(nueA) NeuA protein [Polar flagella (VF0473) - Motility (VFC0204)] [Aeromonas hydrophila ML09-119]",NA,"ZfB1"
"ZfB1.fasta","NZ_CP034967.1",1818291,1819082,"+","tapF","1-792/792","========/======","2/6",99.62,88.05,"vfdb","WP_011705643","(tapF) type IV pilus biogenesis/stability protein pilW-like [Tap type IV pili (VF0475) - Adherence (VFC0001)] [Aeromonas hydrophila ML09-119]",NA,"ZfB1"
"ZfB1.fasta","NZ_CP034967.1",2314923,2315657,"+","flmH","1-735/735","===============","0/0",100,90.88,"vfdb","WP_005300916","(flmH) short chain dehydrogenase/reductase family oxidoreductase [Polar flagella (VF0473) - Motility (VFC0204)] [Aeromonas hydrophila ML09-119]",NA,"ZfB1"
"ZfB1.fasta","NZ_CP034967.1",3027412,3028755,"-","flrC","1-1344/1344","===============","0/0",100,88.09,"vfdb","WP_011706626","(flrC) transcriptional activator [Polar flagella (VF0473) - Motility (VFC0204)] [Aeromonas hydrophila ML09-119]",NA,"ZfB1"
"ZfB1.fasta","NZ_CP034967.1",3028752,3029786,"-","flrB","1-1035/1035","========/======","2/2",99.9,84.94,"vfdb","WP_016351312","(flrB) two-component sensor kinase [Polar flagella (VF0473) - Motility (VFC0204)] [Aeromonas hydrophila ML09-119]",NA,"ZfB1"
"ZfB1.fasta","NZ_CP034967.1",3029900,3031314,"-","flrA","1-1415/1422","========/======","2/2",99.44,86.23,"vfdb","WP_017409846","(flrA) FleQ protein [Polar flagella (VF0473) - Motility (VFC0204)] [Aeromonas hydrophila ML09-119]",NA,"ZfB1"
"ZfB1.fasta","NZ_CP034967.1",3041918,3042967,"-","flgJ","1-1053/1092","========/======","9/29",94.96,80.3,"vfdb","WP_016351320","(flgJ) flagellar rod assembly protein/muramidase FlgJ [Polar flagella (VF0473) - Motility (VFC0204)] [Aeromonas hydrophila ML09-119]",NA,"ZfB1"
"ZfB1.fasta","NZ_CP034967.1",3043011,3044108,"-","flgI","1-1098/1098","===============","0/0",100,86.98,"vfdb","WP_011706637","(flgI) flagellar basal body P-ring protein [Polar flagella (VF0473) - Motility (VFC0204)] [Aeromonas hydrophila ML09-119]",NA,"ZfB1"
"ZfB1.fasta","NZ_CP034967.1",3044117,3044788,"-","flgH","1-672/672","===============","0/0",100,86.01,"vfdb","WP_011706638","(flgH) flagellar basal body L-ring protein [Polar flagella (VF0473) - Motility (VFC0204)] [Aeromonas hydrophila ML09-119]",NA,"ZfB1"
"ZfB1.fasta","NZ_CP034967.1",3044803,3045591,"-","flgG","1-789/789","===============","0/0",100,86.44,"vfdb","WP_011706639","(flgG) flagellar basal body rod protein FlgG [Polar flagella (VF0473) - Motility (VFC0204)] [Aeromonas hydrophila ML09-119]",NA,"ZfB1"
"ZfB1.fasta","NZ_CP034967.1",3045607,3046353,"-","flgF","1-747/747","===============","0/0",100,85.94,"vfdb","WP_011706640","(flgF) flagellar basal-body rod protein FlgF [Polar flagella (VF0473) - Motility (VFC0204)] [Aeromonas hydrophila ML09-119]",NA,"ZfB1"
"ZfB1.fasta","NZ_CP034967.1",3048649,3049068,"-","flgC","1-420/420","===============","0/0",100,90.48,"vfdb","WP_011706643","(flgC) flagellar basal body rod protein FlgC [Polar flagella (VF0473) - Motility (VFC0204)] [Aeromonas hydrophila ML09-119]",NA,"ZfB1"
"ZfB1.fasta","NZ_CP034967.1",3049068,3049466,"-","flgB","1-399/399","========/======","2/6",99.25,81.59,"vfdb","WP_011706644","(flgB) flagellar basal-body rod protein FlgB [Polar flagella (VF0473) - Motility (VFC0204)] [Aeromonas hydrophila ML09-119]",NA,"ZfB1"
"ZfB1.fasta","NZ_CP034967.1",3049764,3050586,"-","cheR-3","1-823/825","===============","0/0",99.76,86.03,"vfdb","WP_011706645","(cheR-3) chemotaxis protein CheR [Polar flagella (VF0473) - Motility (VFC0204)] [Aeromonas hydrophila ML09-119]",NA,"ZfB1"
"ZfB1.fasta","NZ_CP034967.1",3050604,3051515,"-","cheV","1-912/912","===============","0/0",100,86.08,"vfdb","WP_011706646","(cheV) CheV [Polar flagella (VF0473) - Motility (VFC0204)] [Aeromonas hydrophila ML09-119]",NA,"ZfB1"
"ZfB1.fasta","NZ_CP034967.1",3052435,3052753,"+","flgM","1-319/321","===============","0/0",99.38,80.25,"vfdb","WP_011706648","(flgM) anti-sigma-D factor [Polar flagella (VF0473) - Motility (VFC0204)] [Aeromonas hydrophila ML09-119]",NA,"ZfB1"
"ZfB1.fasta","NZ_CP034967.1",3195250,3196387,"+","tapW","1-1138/1140","===============","0/0",99.82,90.16,"vfdb","WP_011706550","(tapW) twitching ATPase [Tap type IV pili (VF0475) - Adherence (VFC0001)] [Aeromonas hydrophila ML09-119]",NA,"ZfB1"
"ZfB1.fasta","NZ_CP034967.1",3673517,3675075,"+","exeA","1-1559/1647","========/======","2/2",94.6,83.08,"vfdb","WP_016352107","(exeA) general secretion pathway protein A [Exe T2SS (VF0478) - Effector delivery system (VFC0086)] [Aeromonas hydrophila ML09-119]",NA,"ZfB1"
"ZfB1.fasta","NZ_CP034967.1",3676863,3678817,"+","exeD","1-1970/2037","========/======","11/27",95.68,81.98,"vfdb","WP_016349335","(exeD) general secretion pathway protein D [Exe T2SS (VF0478) - Effector delivery system (VFC0086)] [Aeromonas hydrophila ML09-119]",NA,"ZfB1"
"ZfB1.fasta","NZ_CP034967.1",3678905,3680404,"+","exeE","7-1506/1506","===============","0/0",99.6,89.8,"vfdb","WP_016349336","(exeE) general secretory pathway protein E [Exe T2SS (VF0478) - Effector delivery system (VFC0086)] [Aeromonas hydrophila ML09-119]",NA,"ZfB1"
"ZfB1.fasta","NZ_CP034967.1",3680406,3681625,"+","exeF","1-1220/1221","===============","0/0",99.92,88.69,"vfdb","WP_016349337","(exeF) general secretion pathway protein F [Exe T2SS (VF0478) - Effector delivery system (VFC0086)] [Aeromonas hydrophila ML09-119]",NA,"ZfB1"
"ZfB1.fasta","NZ_CP034967.1",3681724,3682155,"+","exeG","1-432/432","===============","0/0",100,92.13,"vfdb","WP_005308483","(exeG) general secretion pathway protein G [Exe T2SS (VF0478) - Effector delivery system (VFC0086)] [Aeromonas hydrophila ML09-119]",NA,"ZfB1"
"ZfB1.fasta","NZ_CP034967.1",3682225,3682723,"+","exeH","20-518/552","===============","0/0",90.4,80.36,"vfdb","WP_016349339","(exeH) general secretion pathway protein H [Exe T2SS (VF0478) - Effector delivery system (VFC0086)] [Aeromonas hydrophila ML09-119]",NA,"ZfB1"
"ZfB1.fasta","NZ_CP034967.1",3682763,3683122,"+","exeI","1-360/360","===============","0/0",100,87.5,"vfdb","WP_016349340","(exeI) general secretion pathway protein I [Exe T2SS (VF0478) - Effector delivery system (VFC0086)] [Aeromonas hydrophila ML09-119]",NA,"ZfB1"
"ZfB1.fasta","NZ_CP034967.1",3683155,3683747,"+","exeJ","40-632/654","===============","0/0",90.67,89.04,"vfdb","WP_016349341","(exeJ) general secretion pathway protein J [Exe T2SS (VF0478) - Effector delivery system (VFC0086)] [Aeromonas hydrophila ML09-119]",NA,"ZfB1"
"ZfB1.fasta","NZ_CP034967.1",3685006,3686190,"+","exeL","1-1185/1185","========/======","2/2",99.92,82.12,"vfdb","WP_016349343","(exeL) general secretion pathway protein L [Exe T2SS (VF0478) - Effector delivery system (VFC0086)] [Aeromonas hydrophila ML09-119]",NA,"ZfB1"
"ZfB1.fasta","NZ_CP034967.1",3686187,3686678,"+","exeM","1-492/492","===============","0/0",100,83.33,"vfdb","WP_016349344","(exeM) general secretion pathway protein M [Exe T2SS (VF0478) - Effector delivery system (VFC0086)] [Aeromonas hydrophila ML09-119]",NA,"ZfB1"
"ZfB1.fasta","NZ_CP034967.1",4353268,4353817,"-","motX","51-600/600",".==============","0/0",91.67,82.36,"vfdb","WP_016349413","(motX) sodium-type flagellar motor component [Polar flagella (VF0473) - Motility (VFC0204)] [Aeromonas hydrophila ML09-119]",NA,"ZfB1"
"ZfB1.fasta","NZ_CP034967.1",4367328,4368437,"-","tapU","1-1110/1110","===============","0/0",100,83.33,"vfdb","WP_016351972","(tapU) twitching ATPase [Tap type IV pili (VF0475) - Adherence (VFC0001)] [Aeromonas hydrophila ML09-119]",NA,"ZfB1"
"ZfB1.fasta","NZ_CP034967.1",4368466,4369500,"-","tapT","1-1035/1035","===============","0/0",100,91.4,"vfdb","WP_011707389","(tapT) twitching ATPase [Tap type IV pili (VF0475) - Adherence (VFC0001)] [Aeromonas hydrophila ML09-119]",NA,"ZfB1"
"ZfB1.fasta","NZ_CP034967.1",4582933,4583553,"-","mshB","52-672/672",".==============","0/0",92.41,85.99,"vfdb","WP_043118279","(mshB) MSHA (mannose-sensitive hemagglutinin) pili minor prepilin protein MshB [MSHA type IV pili (VF0477) - Adherence (VFC0001)] [Aeromonas hydrophila ML09-119]",NA,"ZfB1"
"ZfB1.fasta","NZ_CP034967.1",4584221,4585433,"-","mshG","9-1221/1221","========/======","2/2",99.26,88.47,"vfdb","WP_016349160","(mshG) MSHA (mannose-sensitive hemagglutinin) pili biogenesis protein MshG GspF-like [MSHA type IV pili (VF0477) - Adherence (VFC0001)] [Aeromonas hydrophila ML09-119]",NA,"ZfB1"
"ZfB1.fasta","NZ_CP034967.1",4585445,4587154,"-","mshE","1-1710/1710","===============","0/0",100,89.71,"vfdb","WP_043118275","(mshE) ATPase protein MshE GspE-like [MSHA type IV pili (VF0477) - Adherence (VFC0001)] [Aeromonas hydrophila ML09-119]",NA,"ZfB1"
"ZfB1.fasta","NZ_CP034967.1",4588296,4589186,"-","mshM","1-891/891","===============","0/0",100,87.2,"vfdb","WP_016349157","(mshM) membrane protein with ATPase domain GspA-like [MSHA type IV pili (VF0477) - Adherence (VFC0001)] [Aeromonas hydrophila ML09-119]",NA,"ZfB1"
"ZfB1.fasta","NZ_CP034967.1",4592058,4592651,"-","mshI1","1-594/594","========/======","4/4",99.66,80.87,"vfdb","WP_016349153","(mshI1) MSHA (mannose-sensitive hemagglutinin) pili biogenesis protein MshI1 bitopic inner membrane protein [MSHA type IV pili (VF0477) - Adherence (VFC0001)] [Aeromonas hydrophila ML09-119]",NA,"ZfB1"
"ZfB1.fasta","NZ_CP034967.1",4592651,4593514,"-","mshI","1-864/864","===============","0/0",100,83.33,"vfdb","WP_016349152","(mshI) MSHA (mannose-sensitive hemagglutinin) pili biogenesis protein MshI bitopic inner membrane protein [MSHA type IV pili (VF0477) - Adherence (VFC0001)] [Aeromonas hydrophila ML09-119]",NA,"ZfB1"
