gene_callers_id	contig	start	stop	direction	partial	call_type	source	version
1	1	3	2259	f	0	1	Prodigal	002006
2	1	2345	2906	f	0	1	Prodigal	002006
3	1	2961	3678	f	0	1	Prodigal	002006
4	1	3814	5395	r	0	1	Prodigal	002006
5	1	5519	6086	r	0	1	Prodigal	002006
6	1	6791	7238	r	0	1	Prodigal	002006
7	1	7450	8503	f	0	1	Prodigal	002006
8	1	8577	9714	f	0	1	Prodigal	002006
9	1	9767	10103	f	0	1	Prodigal	002006
10	1	10121	11975	f	0	1	Prodigal	002006
11	1	11985	12933	f	0	1	Prodigal	002006
12	1	13017	13386	f	0	1	Prodigal	002006
13	1	13476	14421	f	0	1	Prodigal	002006
14	1	14486	15359	r	0	1	Prodigal	002006
15	1	15370	16366	r	0	1	Prodigal	002006
16	1	16555	17089	f	0	1	Prodigal	002006
17	1	17041	17458	r	0	1	Prodigal	002006
18	1	17645	18368	f	0	1	Prodigal	002006
19	1	18421	18964	f	0	1	Prodigal	002006
20	1	18990	20232	f	0	1	Prodigal	002006
21	1	20273	20657	f	0	1	Prodigal	002006
22	1	20672	20996	f	0	1	Prodigal	002006
23	1	21114	21633	f	0	1	Prodigal	002006
24	1	21661	23509	f	0	1	Prodigal	002006
25	1	23510	23849	f	0	1	Prodigal	002006
26	1	24022	25327	f	0	1	Prodigal	002006
27	1	25323	26607	f	0	1	Prodigal	002006
28	1	26874	27303	f	0	1	Prodigal	002006
29	1	27470	28574	f	0	1	Prodigal	002006
30	1	28600	29377	f	0	1	Prodigal	002006
31	1	29366	30335	f	0	1	Prodigal	002006
32	1	30345	31461	f	0	1	Prodigal	002006
33	1	31599	32877	f	0	1	Prodigal	002006
34	1	32880	33531	f	0	1	Prodigal	002006
35	1	33523	34708	f	0	1	Prodigal	002006
36	1	34782	36279	f	0	1	Prodigal	002006
37	1	36427	36652	f	0	1	Prodigal	002006
38	1	36695	36887	r	0	1	Prodigal	002006
39	1	37018	38503	r	0	1	Prodigal	002006
40	1	38652	42576	f	0	1	Prodigal	002006
41	1	42640	44185	r	0	1	Prodigal	002006
42	1	44186	45644	r	0	1	Prodigal	002006
43	1	45640	46777	r	0	1	Prodigal	002006
44	1	47012	48476	r	0	1	Prodigal	002006
45	1	48472	50017	r	0	1	Prodigal	002006
46	1	50115	51963	r	0	1	Prodigal	002006
47	1	51959	52268	r	0	1	Prodigal	002006
48	1	52264	52816	r	0	1	Prodigal	002006
49	1	52826	53369	r	0	1	Prodigal	002006
50	1	53379	54348	r	0	1	Prodigal	002006
51	1	54344	57101	r	0	1	Prodigal	002006
52	1	57142	58528	r	0	1	Prodigal	002006
53	1	58524	59067	r	0	1	Prodigal	002006
54	1	59147	60953	r	0	1	Prodigal	002006
55	1	60955	61630	r	0	1	Prodigal	002006
56	1	61659	62064	r	0	1	Prodigal	002006
57	1	62441	63317	r	0	1	Prodigal	002006
58	1	63294	64053	r	0	1	Prodigal	002006
59	1	64673	65291	r	0	1	Prodigal	002006
60	1	65311	66037	r	0	1	Prodigal	002006
61	1	66033	66624	r	0	1	Prodigal	002006
62	1	66709	67447	r	0	1	Prodigal	002006
63	1	67440	68346	r	0	1	Prodigal	002006
64	1	68345	69167	r	0	1	Prodigal	002006
65	1	69169	69967	r	0	1	Prodigal	002006
66	1	69959	70730	r	0	1	Prodigal	002006
67	1	70836	71379	f	0	1	Prodigal	002006
68	1	71595	71877	f	0	1	Prodigal	002006
69	1	71948	72908	r	0	1	Prodigal	002006
70	1	72995	73403	f	0	1	Prodigal	002006
71	1	73490	74192	f	0	1	Prodigal	002006
72	1	74304	75324	f	0	1	Prodigal	002006
73	1	75413	75845	r	0	1	Prodigal	002006
74	1	75853	76876	r	0	1	Prodigal	002006
75	1	76930	77869	r	0	1	Prodigal	002006
76	1	78679	80683	f	0	1	Prodigal	002006
77	1	80826	82392	f	0	1	Prodigal	002006
78	1	82463	83189	f	0	1	Prodigal	002006
79	1	83380	84145	f	0	1	Prodigal	002006
80	1	84180	84693	f	0	1	Prodigal	002006
81	1	84838	86062	r	0	1	Prodigal	002006
82	1	86157	87033	f	0	1	Prodigal	002006
83	1	87096	88053	f	0	1	Prodigal	002006
84	1	88132	88726	r	0	1	Prodigal	002006
85	1	88974	89667	f	0	1	Prodigal	002006
86	1	89761	91432	f	0	1	Prodigal	002006
87	1	91524	91809	f	0	1	Prodigal	002006
88	1	91967	92252	f	0	1	Prodigal	002006
89	1	92261	93428	f	0	1	Prodigal	002006
90	1	93446	94148	f	0	1	Prodigal	002006
91	1	94122	94713	r	0	1	Prodigal	002006
92	1	94714	95338	f	0	1	Prodigal	002006
93	1	95358	96066	f	0	1	Prodigal	002006
94	1	96127	96799	f	0	1	Prodigal	002006
95	1	96800	97031	f	0	1	Prodigal	002006
96	1	97027	97603	f	0	1	Prodigal	002006
97	1	97672	98077	r	0	1	Prodigal	002006
98	1	98639	100220	f	0	1	Prodigal	002006
99	1	100311	100893	f	0	1	Prodigal	002006
100	1	100973	102311	r	0	1	Prodigal	002006
101	1	102469	102925	f	0	1	Prodigal	002006
102	1	103447	104155	r	0	1	Prodigal	002006
103	1	104166	106719	r	0	1	Prodigal	002006
104	1	106869	107052	r	0	1	Prodigal	002006
105	1	107106	108432	r	0	1	Prodigal	002006
106	1	108453	109164	r	0	1	Prodigal	002006
107	1	110008	110863	f	0	1	Prodigal	002006
108	1	110980	111199	r	0	1	Prodigal	002006
109	1	111428	111746	f	0	1	Prodigal	002006
110	1	111805	114061	f	0	1	Prodigal	002006
111	1	114129	114348	r	0	1	Prodigal	002006
112	1	114416	115133	r	0	1	Prodigal	002006
113	1	115129	115837	r	0	1	Prodigal	002006
114	1	115856	116327	f	0	1	Prodigal	002006
115	1	116435	117683	r	0	1	Prodigal	002006
116	1	117745	118696	r	0	1	Prodigal	002006
117	1	118880	119996	r	0	1	Prodigal	002006
118	1	120146	120638	f	0	1	Prodigal	002006
119	1	120840	123357	f	0	1	Prodigal	002006
120	1	123425	124046	f	0	1	Prodigal	002006
121	1	124122	125460	f	0	1	Prodigal	002006
122	1	125506	125665	f	0	1	Prodigal	002006
123	1	125766	127062	f	0	1	Prodigal	002006
124	1	127249	127738	f	0	1	Prodigal	002006
125	1	127759	129280	f	0	1	Prodigal	002006
126	1	129485	130244	f	0	1	Prodigal	002006
127	1	130547	131192	f	0	1	Prodigal	002006
128	1	131290	132265	f	0	1	Prodigal	002006
129	1	132299	132692	f	0	1	Prodigal	002006
130	1	132878	134183	f	0	1	Prodigal	002006
131	1	134363	134726	f	0	1	Prodigal	002006
132	1	134901	135396	f	0	1	Prodigal	002006
133	1	135358	137062	r	0	1	Prodigal	002006
134	1	137188	138463	f	0	1	Prodigal	002006
135	1	138547	140545	r	0	1	Prodigal	002006
136	1	140740	141292	r	0	1	Prodigal	002006
137	1	141536	142307	f	0	1	Prodigal	002006
138	1	142319	142781	r	0	1	Prodigal	002006
139	1	142821	143007	f	0	1	Prodigal	002006
140	1	142928	143876	r	0	1	Prodigal	002006
141	1	144169	145813	r	0	1	Prodigal	002006
142	1	145982	146735	f	0	1	Prodigal	002006
143	1	146731	147658	f	0	1	Prodigal	002006
144	1	147883	148972	f	0	1	Prodigal	002006
145	1	149199	150483	f	0	1	Prodigal	002006
146	1	150703	151759	f	0	1	Prodigal	002006
147	1	151885	153481	r	0	1	Prodigal	002006
148	1	153635	155099	f	0	1	Prodigal	002006
149	1	155198	156587	r	0	1	Prodigal	002006
150	1	156769	157246	r	0	1	Prodigal	002006
151	1	157596	158205	f	0	1	Prodigal	002006
152	1	158409	159399	f	0	1	Prodigal	002006
153	1	159562	162217	r	0	1	Prodigal	002006
154	1	162303	164250	r	0	1	Prodigal	002006
155	1	164497	165217	f	0	1	Prodigal	002006
156	1	165313	166693	r	0	1	Prodigal	002006
157	1	166982	167534	f	0	1	Prodigal	002006
158	1	167978	169442	f	0	1	Prodigal	002006
159	1	169526	171116	f	0	1	Prodigal	002006
160	1	171495	171768	f	0	1	Prodigal	002006
161	1	172066	175909	f	0	1	Prodigal	002006
162	1	176227	177055	r	0	1	Prodigal	002006
163	1	177106	177871	r	0	1	Prodigal	002006
164	1	178189	179569	f	0	1	Prodigal	002006
165	1	179853	180501	f	0	1	Prodigal	002006
166	1	180832	183619	r	0	1	Prodigal	002006
167	1	183781	184249	f	0	1	Prodigal	002006
168	1	184382	184589	f	0	1	Prodigal	002006
169	1	184752	185670	f	0	1	Prodigal	002006
170	1	185773	187390	r	0	1	Prodigal	002006
171	1	187772	188807	f	0	1	Prodigal	002006
172	1	189046	192514	r	0	1	Prodigal	002006
173	1	192569	193145	r	0	1	Prodigal	002006
174	1	193221	194457	f	0	1	Prodigal	002006
175	1	194545	195244	f	0	1	Prodigal	002006
176	1	195243	196485	f	0	1	Prodigal	002006
177	1	196572	197163	r	0	1	Prodigal	002006
178	1	197255	197690	r	0	1	Prodigal	002006
179	1	198131	199442	f	0	1	Prodigal	002006
180	1	199528	200152	f	0	1	Prodigal	002006
181	1	200222	201497	f	0	1	Prodigal	002006
182	1	201638	203993	f	0	1	Prodigal	002006
183	1	204233	204506	f	0	1	Prodigal	002006
184	1	204656	206570	f	0	1	Prodigal	002006
185	1	206780	208373	r	0	1	Prodigal	002006
186	1	208435	209689	r	0	1	Prodigal	002006
187	1	209667	209871	r	0	1	Prodigal	002006
188	1	209831	210239	r	0	1	Prodigal	002006
189	1	210329	210545	r	0	1	Prodigal	002006
190	1	210556	210748	r	0	1	Prodigal	002006
191	1	210871	211930	r	0	1	Prodigal	002006
192	1	211941	213354	r	0	1	Prodigal	002006
193	1	213430	213928	r	0	1	Prodigal	002006
194	1	213924	214209	r	0	1	Prodigal	002006
195	1	214585	215779	f	0	1	Prodigal	002006
196	1	215790	216144	f	0	1	Prodigal	002006
197	1	217112	217751	r	0	1	Prodigal	002006
198	1	217842	218046	f	0	1	Prodigal	002006
199	1	218211	218496	f	0	1	Prodigal	002006
200	1	218500	218722	f	0	1	Prodigal	002006
201	1	218776	218929	f	0	1	Prodigal	002006
202	1	218925	219297	f	0	1	Prodigal	002006
203	1	219293	220109	f	0	1	Prodigal	002006
204	1	220086	220581	f	0	1	Prodigal	002006
205	1	221085	221688	r	0	1	Prodigal	002006
206	1	221684	222830	r	0	1	Prodigal	002006
207	1	223225	223906	r	0	1	Prodigal	002006
208	1	224325	225189	r	0	1	Prodigal	002006
209	1	225646	225937	f	0	1	Prodigal	002006
210	1	226041	227181	f	0	1	Prodigal	002006
211	1	227177	227672	f	0	1	Prodigal	002006
212	1	227736	228099	f	0	1	Prodigal	002006
213	1	228342	228927	r	0	1	Prodigal	002006
214	1	229013	229568	r	0	1	Prodigal	002006
215	1	230500	231559	r	0	1	Prodigal	002006
216	1	232292	232883	f	0	1	Prodigal	002006
217	1	232882	233218	f	0	1	Prodigal	002006
218	1	233229	233931	f	0	1	Prodigal	002006
219	1	233968	234556	r	0	1	Prodigal	002006
220	1	234545	235448	r	0	1	Prodigal	002006
221	1	235444	235981	r	0	1	Prodigal	002006
222	1	236163	237444	r	0	1	Prodigal	002006
223	1	237447	237870	r	0	1	Prodigal	002006
224	1	237993	239310	f	0	1	Prodigal	002006
225	1	239323	239956	f	0	1	Prodigal	002006
226	1	239994	240786	r	0	1	Prodigal	002006
227	1	241083	241494	f	0	1	Prodigal	002006
228	1	241528	242140	f	0	1	Prodigal	002006
229	1	242178	242475	f	0	1	Prodigal	002006
230	1	242471	242966	f	0	1	Prodigal	002006
231	1	243224	243473	f	0	1	Prodigal	002006
232	1	243730	244594	f	0	1	Prodigal	002006
233	1	244633	245326	f	0	1	Prodigal	002006
234	1	245383	247084	f	0	1	Prodigal	002006
235	1	247083	249210	f	0	1	Prodigal	002006
236	1	249482	250424	f	0	1	Prodigal	002006
237	1	250493	251711	f	0	1	Prodigal	002006
238	1	251773	252163	f	0	1	Prodigal	002006
239	1	252229	252673	f	0	1	Prodigal	002006
240	1	252672	253317	f	0	1	Prodigal	002006
241	1	253330	253996	f	0	1	Prodigal	002006
242	1	253992	255987	f	0	1	Prodigal	002006
243	1	256185	257796	f	0	1	Prodigal	002006
244	1	257792	259028	f	0	1	Prodigal	002006
245	1	259398	260034	f	0	1	Prodigal	002006
246	1	260042	260417	f	0	1	Prodigal	002006
247	1	260416	260656	f	0	1	Prodigal	002006
248	1	260667	262068	f	0	1	Prodigal	002006
249	1	262367	262838	f	0	1	Prodigal	002006
250	1	263053	271492	f	0	1	Prodigal	002006
251	1	271553	271760	f	0	1	Prodigal	002006
252	1	272430	274098	r	0	1	Prodigal	002006
253	1	274094	274406	r	0	1	Prodigal	002006
254	1	274511	275138	r	0	1	Prodigal	002006
255	1	275140	276928	r	0	1	Prodigal	002006
256	1	277096	277903	f	0	1	Prodigal	002006
257	1	277930	278476	f	0	1	Prodigal	002006
258	1	278506	278656	f	0	1	Prodigal	002006
259	1	278757	279840	r	0	1	Prodigal	002006
260	1	280135	280285	f	0	1	Prodigal	002006
261	1	280533	281574	r	0	1	Prodigal	002006
262	1	281712	283053	r	0	1	Prodigal	002006
263	1	283253	284753	r	0	1	Prodigal	002006
264	1	285101	285539	f	0	1	Prodigal	002006
265	1	285570	286392	f	0	1	Prodigal	002006
266	1	287235	289020	r	0	1	Prodigal	002006
267	1	289016	289622	r	0	1	Prodigal	002006
268	1	290514	291111	r	0	1	Prodigal	002006
269	1	291334	294337	r	0	1	Prodigal	002006
270	1	294389	295151	r	0	1	Prodigal	002006
271	1	295187	295598	r	0	1	Prodigal	002006
272	1	295600	296569	r	0	1	Prodigal	002006
273	1	296565	298536	r	0	1	Prodigal	002006
274	1	298532	299387	r	0	1	Prodigal	002006
275	1	299398	301000	r	0	1	Prodigal	002006
276	1	300996	302139	r	0	1	Prodigal	002006
277	1	302459	303617	f	0	1	Prodigal	002006
278	1	303757	304540	f	0	1	Prodigal	002006
279	1	304558	305671	f	0	1	Prodigal	002006
280	1	305722	306625	f	0	1	Prodigal	002006
281	1	306677	307457	f	0	1	Prodigal	002006
282	1	307823	309260	f	0	1	Prodigal	002006
283	1	309365	310154	f	0	1	Prodigal	002006
284	1	310682	312509	r	0	1	Prodigal	002006
285	1	312517	313009	r	0	1	Prodigal	002006
286	1	313347	313698	f	0	1	Prodigal	002006
287	1	313694	314111	f	0	1	Prodigal	002006
288	1	314129	316235	f	0	1	Prodigal	002006
289	1	316236	316905	f	0	1	Prodigal	002006
290	1	316928	318419	f	0	1	Prodigal	002006
291	1	318499	319501	f	0	1	Prodigal	002006
292	1	319788	320424	r	0	1	Prodigal	002006
293	1	320420	321611	r	0	1	Prodigal	002006
294	1	321642	322758	r	0	1	Prodigal	002006
295	1	322915	324331	f	0	1	Prodigal	002006
296	1	324665	325286	f	0	1	Prodigal	002006
297	1	325587	325707	r	0	1	Prodigal	002006
298	1	326008	326854	r	0	1	Prodigal	002006
299	1	327021	327789	f	0	1	Prodigal	002006
300	1	327876	328326	f	0	1	Prodigal	002006
301	1	328303	328777	r	0	1	Prodigal	002006
302	1	328788	331335	r	0	1	Prodigal	002006
303	1	331331	332531	r	0	1	Prodigal	002006
304	1	332527	333283	r	0	1	Prodigal	002006
305	1	333582	334902	f	0	1	Prodigal	002006
306	1	334889	336296	f	0	1	Prodigal	002006
307	1	336292	337564	f	0	1	Prodigal	002006
308	1	337576	338713	f	0	1	Prodigal	002006
309	1	338756	339803	r	0	1	Prodigal	002006
310	1	341069	342203	f	0	1	Prodigal	002006
311	1	342205	343252	f	0	1	Prodigal	002006
312	1	343244	344432	f	0	1	Prodigal	002006
313	1	344428	346132	f	0	1	Prodigal	002006
314	1	346131	346662	f	0	1	Prodigal	002006
315	1	346643	347183	f	0	1	Prodigal	002006
316	1	347314	348925	f	0	1	Prodigal	002006
317	1	348909	349920	f	0	1	Prodigal	002006
318	1	349909	350725	f	0	1	Prodigal	002006
319	1	350718	351507	f	0	1	Prodigal	002006
320	1	351506	352148	f	0	1	Prodigal	002006
321	1	352511	353162	r	0	1	Prodigal	002006
322	1	353198	353639	f	0	1	Prodigal	002006
323	1	353616	353958	r	0	1	Prodigal	002006
324	1	354027	355032	r	0	1	Prodigal	002006
325	1	355028	356141	r	0	1	Prodigal	002006
326	1	356134	356386	r	0	1	Prodigal	002006
327	1	356391	358818	r	0	1	Prodigal	002006
328	1	358814	360698	r	0	1	Prodigal	002006
329	1	360702	362172	r	0	1	Prodigal	002006
330	1	362794	363286	r	0	1	Prodigal	002006
331	1	363285	363699	r	0	1	Prodigal	002006
332	1	363691	364507	r	0	1	Prodigal	002006
333	1	364506	365085	r	0	1	Prodigal	002006
334	1	365094	366813	r	0	1	Prodigal	002006
335	1	366893	367847	r	0	1	Prodigal	002006
336	1	367849	369721	r	0	1	Prodigal	002006
337	1	369720	370416	r	0	1	Prodigal	002006
338	1	371151	373020	r	0	1	Prodigal	002006
339	1	373551	373974	r	0	1	Prodigal	002006
340	1	374095	376564	r	0	1	Prodigal	002006
341	1	377245	377845	f	0	1	Prodigal	002006
342	1	377891	378311	f	0	1	Prodigal	002006
343	1	378359	380036	f	0	1	Prodigal	002006
344	1	380132	380531	f	0	1	Prodigal	002006
345	1	380947	383080	f	0	1	Prodigal	002006
346	1	383076	383910	f	0	1	Prodigal	002006
347	1	384013	385126	r	0	1	Prodigal	002006
348	1	385487	386753	r	0	1	Prodigal	002006
349	1	386952	388473	r	0	1	Prodigal	002006
350	1	389097	390483	f	0	1	Prodigal	002006
351	1	390615	391500	r	0	1	Prodigal	002006
352	1	391697	392384	r	0	1	Prodigal	002006
353	1	392380	392737	r	0	1	Prodigal	002006
354	1	392902	394612	f	0	1	Prodigal	002006
355	1	394684	395185	r	0	1	Prodigal	002006
356	1	395341	396769	r	0	1	Prodigal	002006
357	1	397112	398426	f	0	1	Prodigal	002006
358	1	398429	399545	f	0	1	Prodigal	002006
359	1	399579	400380	f	0	1	Prodigal	002006
360	1	400376	401312	r	0	1	Prodigal	002006
361	1	401499	402882	r	0	1	Prodigal	002006
362	1	402862	404593	r	0	1	Prodigal	002006
363	1	404589	405633	r	0	1	Prodigal	002006
364	1	405625	406147	r	0	1	Prodigal	002006
365	1	406146	407130	r	0	1	Prodigal	002006
366	1	407138	408116	r	0	1	Prodigal	002006
367	1	408260	409826	r	0	1	Prodigal	002006
368	1	410643	411921	f	0	1	Prodigal	002006
369	1	412043	412466	f	0	1	Prodigal	002006
370	1	412706	416621	f	0	1	Prodigal	002006
371	1	416716	417604	f	0	1	Prodigal	002006
372	1	417720	418008	f	0	1	Prodigal	002006
373	1	418114	418507	r	0	1	Prodigal	002006
374	1	418629	419805	f	0	1	Prodigal	002006
375	1	419801	421025	r	0	1	Prodigal	002006
376	1	421141	422410	r	0	1	Prodigal	002006
377	1	422662	423940	r	0	1	Prodigal	002006
378	1	424342	425122	r	0	1	Prodigal	002006
379	1	425114	425714	r	0	1	Prodigal	002006
380	1	425727	427239	r	0	1	Prodigal	002006
381	1	427259	428723	r	0	1	Prodigal	002006
382	1	428713	429706	r	0	1	Prodigal	002006
383	1	429702	430242	r	0	1	Prodigal	002006
384	1	430226	431129	r	0	1	Prodigal	002006
385	1	431119	432070	r	0	1	Prodigal	002006
386	1	432252	433563	f	0	1	Prodigal	002006
387	1	433562	435710	f	0	1	Prodigal	002006
388	1	435878	437399	r	0	1	Prodigal	002006
389	1	437408	438680	r	0	1	Prodigal	002006
390	1	438703	440626	r	0	1	Prodigal	002006
391	1	441217	443134	r	0	1	Prodigal	002006
392	1	443489	444740	f	0	1	Prodigal	002006
393	1	445335	446634	r	0	1	Prodigal	002006
394	1	446850	447417	r	0	1	Prodigal	002006
395	1	447459	448743	r	0	1	Prodigal	002006
396	1	449037	450564	f	0	1	Prodigal	002006
397	1	450768	451347	r	0	1	Prodigal	002006
398	1	451531	452752	f	0	1	Prodigal	002006
399	1	453057	454521	f	0	1	Prodigal	002006
400	1	455118	455481	f	0	1	Prodigal	002006
401	1	455539	455728	f	0	1	Prodigal	002006
402	1	455860	457156	r	0	1	Prodigal	002006
403	1	457213	457738	r	0	1	Prodigal	002006
404	1	457820	458756	f	0	1	Prodigal	002006
405	1	458768	459857	f	0	1	Prodigal	002006
406	1	459970	460801	r	0	1	Prodigal	002006
407	1	461149	462553	f	0	1	Prodigal	002006
408	1	462666	463053	r	0	1	Prodigal	002006
409	1	463246	463804	r	0	1	Prodigal	002006
410	1	463948	464614	r	0	1	Prodigal	002006
411	1	464789	465983	r	0	1	Prodigal	002006
412	1	466621	467608	r	0	1	Prodigal	002006
413	1	467915	469031	f	0	1	Prodigal	002006
414	1	469030	470020	f	0	1	Prodigal	002006
415	1	470016	471753	f	0	1	Prodigal	002006
416	1	472497	475602	r	0	1	Prodigal	002006
417	1	476015	476960	f	0	1	Prodigal	002006
418	1	476959	477622	f	0	1	Prodigal	002006
419	1	477722	478304	r	0	1	Prodigal	002006
420	1	478564	478783	r	0	1	Prodigal	002006
421	1	478964	479132	f	0	1	Prodigal	002006
422	1	479141	480161	f	0	1	Prodigal	002006
423	1	480129	481128	f	0	1	Prodigal	002006
424	1	481199	482135	f	0	1	Prodigal	002006
425	1	482148	482883	f	0	1	Prodigal	002006
426	1	483041	483278	f	0	1	Prodigal	002006
427	1	483360	484602	f	0	1	Prodigal	002006
428	1	484670	485477	f	0	1	Prodigal	002006
429	1	485466	486468	f	0	1	Prodigal	002006
430	1	486467	487109	f	0	1	Prodigal	002006
431	1	487093	488041	f	0	1	Prodigal	002006
432	1	488066	488846	f	0	1	Prodigal	002006
433	1	489216	490158	f	0	1	Prodigal	002006
434	1	490331	490604	f	0	1	Prodigal	002006
435	1	490830	492261	r	0	1	Prodigal	002006
436	1	492405	494958	r	0	1	Prodigal	002006
437	1	495013	495616	r	0	1	Prodigal	002006
438	1	495599	496226	r	0	1	Prodigal	002006
439	1	496373	497261	f	0	1	Prodigal	002006
440	1	497271	498399	f	0	1	Prodigal	002006
441	1	498409	499855	f	0	1	Prodigal	002006
442	1	499954	500683	r	0	1	Prodigal	002006
443	1	500942	501275	f	0	1	Prodigal	002006
444	1	501530	502961	f	0	1	Prodigal	002006
445	1	503070	503859	r	0	1	Prodigal	002006
446	1	503884	504526	r	0	1	Prodigal	002006
447	1	504527	505715	r	0	1	Prodigal	002006
448	1	505809	506382	r	0	1	Prodigal	002006
449	1	506630	508604	f	0	1	Prodigal	002006
450	1	508694	509570	r	0	1	Prodigal	002006
451	1	509740	510043	f	0	1	Prodigal	002006
452	1	510423	511701	f	0	1	Prodigal	002006
453	1	512073	512412	f	0	1	Prodigal	002006
454	1	512735	512936	f	0	1	Prodigal	002006
455	1	513248	513449	r	0	1	Prodigal	002006
456	1	514237	515071	r	0	1	Prodigal	002006
457	1	515465	516668	r	0	1	Prodigal	002006
458	1	516668	516983	r	0	1	Prodigal	002006
459	1	516989	518216	r	0	1	Prodigal	002006
460	1	518724	518958	r	0	1	Prodigal	002006
461	1	519018	519339	r	0	1	Prodigal	002006
462	1	519366	520839	r	0	1	Prodigal	002006
463	1	520825	521077	r	0	1	Prodigal	002006
464	1	521201	521594	f	0	1	Prodigal	002006
465	1	521643	523620	f	0	1	Prodigal	002006
466	1	523697	524258	f	0	1	Prodigal	002006
467	1	524342	524522	r	0	1	Prodigal	002006
468	1	524680	526594	r	0	1	Prodigal	002006
469	1	526669	526900	r	0	1	Prodigal	002006
470	1	526899	529095	r	0	1	Prodigal	002006
471	1	529235	529361	r	0	1	Prodigal	002006
472	1	529361	529625	r	0	1	Prodigal	002006
473	1	530005	530542	r	0	1	Prodigal	002006
474	1	530631	531642	r	0	1	Prodigal	002006
475	1	531719	536558	r	0	1	Prodigal	002006
476	1	536836	537058	r	0	1	Prodigal	002006
477	1	537128	539753	r	0	1	Prodigal	002006
478	1	539897	541913	r	0	1	Prodigal	002006
479	1	541921	542560	r	0	1	Prodigal	002006
480	1	542662	543121	r	0	1	Prodigal	002006
481	1	543214	543676	r	0	1	Prodigal	002006
482	1	543957	545382	f	0	1	Prodigal	002006
483	1	545398	546013	f	0	1	Prodigal	002006
484	1	546023	546203	f	0	1	Prodigal	002006
485	1	546202	547186	f	0	1	Prodigal	002006
486	1	547326	547827	f	0	1	Prodigal	002006
487	1	547913	550298	f	0	1	Prodigal	002006
488	1	550436	550625	f	0	1	Prodigal	002006
489	1	550608	551295	f	0	1	Prodigal	002006
490	1	551363	552119	f	0	1	Prodigal	002006
491	1	552270	553218	f	0	1	Prodigal	002006
492	1	553292	554201	f	0	1	Prodigal	002006
493	1	554304	554991	r	0	1	Prodigal	002006
494	1	555007	555745	r	0	1	Prodigal	002006
495	1	555946	557050	f	0	1	Prodigal	002006
496	1	557036	557924	f	0	1	Prodigal	002006
497	1	557920	558691	f	0	1	Prodigal	002006
498	1	558771	559839	f	0	1	Prodigal	002006
499	1	560000	560702	r	0	1	Prodigal	002006
500	1	560744	561320	r	0	1	Prodigal	002006
501	1	561999	562617	f	0	1	Prodigal	002006
502	1	562850	563270	f	0	1	Prodigal	002006
503	1	563306	564836	f	0	1	Prodigal	002006
504	1	564832	565801	f	0	1	Prodigal	002006
505	1	565831	566707	f	0	1	Prodigal	002006
506	1	566815	567748	f	0	1	Prodigal	002006
507	1	567747	568752	f	0	1	Prodigal	002006
508	1	568837	570487	r	0	1	Prodigal	002006
509	1	570486	570963	r	0	1	Prodigal	002006
510	1	571054	571828	r	0	1	Prodigal	002006
511	1	571888	572530	r	0	1	Prodigal	002006
512	1	572533	573778	r	0	1	Prodigal	002006
513	1	573764	577754	r	0	1	Prodigal	002006
514	1	577769	578066	r	0	1	Prodigal	002006
515	1	578069	580457	r	0	1	Prodigal	002006
516	1	580469	581453	r	0	1	Prodigal	002006
517	1	581832	582189	r	0	1	Prodigal	002006
518	1	582204	582402	r	0	1	Prodigal	002006
519	1	582488	582896	r	0	1	Prodigal	002006
520	1	583040	584969	r	0	1	Prodigal	002006
521	1	585202	585790	r	0	1	Prodigal	002006
522	1	585963	587019	f	0	1	Prodigal	002006
523	1	587177	587333	r	0	1	Prodigal	002006
524	1	587595	588993	f	0	1	Prodigal	002006
525	1	589100	591839	r	0	1	Prodigal	002006
526	1	592037	592754	f	0	1	Prodigal	002006
527	1	592753	593449	f	0	1	Prodigal	002006
528	1	594072	596340	f	0	1	Prodigal	002006
529	1	596420	597554	f	0	1	Prodigal	002006
530	1	597550	597874	f	0	1	Prodigal	002006
531	1	597992	599144	r	0	1	Prodigal	002006
532	1	599294	599546	f	0	1	Prodigal	002006
533	1	599565	600210	r	0	1	Prodigal	002006
534	1	600163	600730	r	0	1	Prodigal	002006
535	1	600804	601653	r	0	1	Prodigal	002006
536	1	601652	602456	r	0	1	Prodigal	002006
537	1	602468	602963	r	0	1	Prodigal	002006
538	1	602972	603401	r	0	1	Prodigal	002006
539	1	603406	605173	r	0	1	Prodigal	002006
540	1	605384	606392	f	0	1	Prodigal	002006
541	1	606424	607000	r	0	1	Prodigal	002006
542	1	607313	608783	r	0	1	Prodigal	002006
543	1	609160	609742	r	0	1	Prodigal	002006
544	1	609805	610450	r	0	1	Prodigal	002006
545	1	610560	611643	r	0	1	Prodigal	002006
546	1	611850	613863	f	0	1	Prodigal	002006
547	1	614000	614867	r	0	1	Prodigal	002006
548	1	614882	615155	r	0	1	Prodigal	002006
549	1	615237	616668	f	0	1	Prodigal	002006
550	1	616781	617975	f	0	1	Prodigal	002006
551	1	618324	619509	f	0	1	Prodigal	002006
552	1	619543	619957	r	0	1	Prodigal	002006
553	1	620362	621400	f	0	1	Prodigal	002006
554	1	621396	622512	f	0	1	Prodigal	002006
555	1	622534	623179	f	0	1	Prodigal	002006
556	1	623368	624481	r	0	1	Prodigal	002006
557	1	624589	626332	r	0	1	Prodigal	002006
558	1	626464	627346	r	0	1	Prodigal	002006
559	1	627354	627969	r	0	1	Prodigal	002006
560	1	627988	628690	r	0	1	Prodigal	002006
561	1	628780	630700	r	0	1	Prodigal	002006
562	1	630767	631013	r	0	1	Prodigal	002006
563	1	631353	632250	f	0	1	Prodigal	002006
564	1	632262	633588	f	0	1	Prodigal	002006
565	1	633584	634655	f	0	1	Prodigal	002006
566	1	634670	635780	f	0	1	Prodigal	002006
567	1	635779	636421	f	0	1	Prodigal	002006
568	1	636426	637188	f	0	1	Prodigal	002006
569	1	637187	637961	f	0	1	Prodigal	002006
570	1	637953	638604	f	0	1	Prodigal	002006
571	1	638637	640152	r	0	1	Prodigal	002006
572	1	640506	641796	f	0	1	Prodigal	002006
573	1	641883	643506	r	0	1	Prodigal	002006
574	1	644172	645699	f	0	1	Prodigal	002006
575	1	645761	645950	r	0	1	Prodigal	002006
576	1	646427	646991	f	0	1	Prodigal	002006
577	1	647105	647591	r	0	1	Prodigal	002006
578	1	647587	648466	r	0	1	Prodigal	002006
579	1	648458	650777	r	0	1	Prodigal	002006
580	1	651177	652587	r	0	1	Prodigal	002006
581	1	652874	654191	r	0	1	Prodigal	002006
582	1	654243	655767	r	0	1	Prodigal	002006
583	1	655862	658760	r	0	1	Prodigal	002006
584	1	658756	659533	r	0	1	Prodigal	002006
585	1	659613	660942	r	0	1	Prodigal	002006
586	1	660972	664083	r	0	1	Prodigal	002006
587	1	664402	665047	r	0	1	Prodigal	002006
588	1	665051	665900	f	0	1	Prodigal	002006
589	1	665927	667520	f	0	1	Prodigal	002006
590	1	667623	668709	r	0	1	Prodigal	002006
591	1	668869	669793	r	0	1	Prodigal	002006
592	1	670055	671177	f	0	1	Prodigal	002006
593	1	671276	672329	f	0	1	Prodigal	002006
594	1	672321	673092	f	0	1	Prodigal	002006
595	1	673147	674371	f	0	1	Prodigal	002006
596	1	674524	675457	r	0	1	Prodigal	002006
597	1	675552	677010	r	0	1	Prodigal	002006
598	1	677082	678300	r	0	1	Prodigal	002006
599	1	678438	679638	r	0	1	Prodigal	002006
600	1	679775	680963	r	0	1	Prodigal	002006
601	1	681568	682162	f	0	1	Prodigal	002006
602	1	682203	683211	r	0	1	Prodigal	002006
603	1	683420	684662	f	0	1	Prodigal	002006
604	1	684783	684891	f	0	1	Prodigal	002006
605	1	685141	685345	f	0	1	Prodigal	002006
606	1	685643	686270	f	0	1	Prodigal	002006
607	1	686306	686759	r	0	1	Prodigal	002006
608	1	686992	687379	r	0	1	Prodigal	002006
609	1	687638	692066	r	0	1	Prodigal	002006
610	1	692069	692789	r	0	1	Prodigal	002006
611	1	692769	694104	r	0	1	Prodigal	002006
612	1	694204	694996	r	0	1	Prodigal	002006
613	1	695082	695853	f	0	1	Prodigal	002006
614	1	695988	696744	f	0	1	Prodigal	002006
615	1	696893	697865	f	0	1	Prodigal	002006
616	1	699126	699438	r	0	1	Prodigal	002006
617	1	699502	700744	r	0	1	Prodigal	002006
618	1	701014	701299	f	0	1	Prodigal	002006
619	1	701452	702838	f	0	1	Prodigal	002006
620	1	702803	703028	f	0	1	Prodigal	002006
621	1	703113	704484	f	0	1	Prodigal	002006
622	1	705339	705618	r	0	1	Prodigal	002006
623	1	705725	706445	f	0	1	Prodigal	002006
624	1	706463	707276	f	0	1	Prodigal	002006
625	1	707278	707545	f	0	1	Prodigal	002006
626	1	707742	708069	f	0	1	Prodigal	002006
627	1	708053	708845	f	0	1	Prodigal	002006
628	1	709124	709448	f	0	1	Prodigal	002006
629	1	709503	709815	r	0	1	Prodigal	002006
630	1	709816	710677	r	0	1	Prodigal	002006
631	1	710908	712123	f	0	1	Prodigal	002006
632	1	712293	712758	f	0	1	Prodigal	002006
633	1	712760	712949	f	0	1	Prodigal	002006
634	1	713112	713292	f	0	1	Prodigal	002006
635	1	713460	714276	r	0	1	Prodigal	002006
636	1	714301	715165	f	0	1	Prodigal	002006
637	1	715250	716429	f	0	1	Prodigal	002006
638	1	716555	717215	f	0	1	Prodigal	002006
639	1	717489	717693	f	0	1	Prodigal	002006
640	1	717799	718417	r	0	1	Prodigal	002006
641	1	718519	719422	r	0	1	Prodigal	002006
642	1	719552	719759	f	0	1	Prodigal	002006
643	1	719908	721288	f	0	1	Prodigal	002006
644	1	722000	723836	r	0	1	Prodigal	002006
645	1	724119	724584	r	0	1	Prodigal	002006
646	1	724807	725692	r	0	1	Prodigal	002006
647	1	725704	726262	r	0	1	Prodigal	002006
648	1	726450	726591	r	0	1	Prodigal	002006
649	1	726856	727639	r	0	1	Prodigal	002006
650	1	727903	729484	f	0	1	Prodigal	002006
651	1	729582	730104	f	0	1	Prodigal	002006
652	1	730184	730847	r	0	1	Prodigal	002006
653	1	731010	731268	r	0	1	Prodigal	002006
654	1	731264	733277	r	0	1	Prodigal	002006
655	1	734259	735945	f	0	1	Prodigal	002006
656	1	736273	737485	r	0	1	Prodigal	002006
657	1	737596	739594	f	0	1	Prodigal	002006
658	1	739689	740286	r	0	1	Prodigal	002006
659	1	740469	740934	r	0	1	Prodigal	002006
660	1	741129	742482	f	0	1	Prodigal	002006
661	1	742573	744220	f	0	1	Prodigal	002006
662	1	744406	746050	f	0	1	Prodigal	002006
663	1	746194	746698	f	0	1	Prodigal	002006
664	1	746724	747588	f	0	1	Prodigal	002006
665	1	747764	748016	r	0	1	Prodigal	002006
666	1	748090	750517	r	0	1	Prodigal	002006
667	1	750683	751178	f	0	1	Prodigal	002006
668	1	751441	752680	f	0	1	Prodigal	002006
669	1	752676	753213	f	0	1	Prodigal	002006
670	1	753314	754175	r	0	1	Prodigal	002006
671	1	754370	755366	r	0	1	Prodigal	002006
672	1	755516	756539	r	0	1	Prodigal	002006
673	1	756764	757757	r	0	1	Prodigal	002006
674	1	757859	758765	f	0	1	Prodigal	002006
675	1	758860	759703	r	0	1	Prodigal	002006
676	1	759712	759901	r	0	1	Prodigal	002006
677	1	760021	760351	r	0	1	Prodigal	002006
678	1	760465	763003	r	0	1	Prodigal	002006
679	1	763175	763721	r	0	1	Prodigal	002006
680	1	763855	764233	r	0	1	Prodigal	002006
681	1	764356	765301	f	0	1	Prodigal	002006
682	1	765398	765767	f	0	1	Prodigal	002006
683	1	765927	766647	f	0	1	Prodigal	002006
684	1	766764	767445	r	0	1	Prodigal	002006
685	1	767459	768959	r	0	1	Prodigal	002006
686	1	769738	771802	f	0	1	Prodigal	002006
687	1	771910	772630	r	0	1	Prodigal	002006
688	1	772828	774466	r	0	1	Prodigal	002006
689	1	774728	775607	r	0	1	Prodigal	002006
690	1	775775	776693	f	0	1	Prodigal	002006
691	1	776762	777629	f	0	1	Prodigal	002006
692	1	777706	778483	r	0	1	Prodigal	002006
693	1	778686	779442	r	0	1	Prodigal	002006
694	1	779616	780828	r	0	1	Prodigal	002006
695	1	780960	782628	r	0	1	Prodigal	002006
696	1	782844	783207	f	0	1	Prodigal	002006
697	1	783449	785123	f	0	1	Prodigal	002006
698	1	785112	786378	f	0	1	Prodigal	002006
699	1	786429	787632	f	0	1	Prodigal	002006
700	1	787729	798418	r	0	1	Prodigal	002006
701	1	798456	798567	r	0	1	Prodigal	002006
702	1	799144	800581	f	0	1	Prodigal	002006
703	1	800634	801234	f	0	1	Prodigal	002006
704	1	801230	801923	f	0	1	Prodigal	002006
705	1	802013	802967	f	0	1	Prodigal	002006
706	1	803273	805241	f	0	1	Prodigal	002006
707	1	805237	805852	f	0	1	Prodigal	002006
708	1	805848	807042	f	0	1	Prodigal	002006
709	1	807133	807763	f	0	1	Prodigal	002006
710	1	807817	808270	f	0	1	Prodigal	002006
711	1	808368	809208	r	0	1	Prodigal	002006
712	1	809200	810640	r	0	1	Prodigal	002006
713	1	810636	811779	r	0	1	Prodigal	002006
714	1	812044	812752	f	0	1	Prodigal	002006
715	1	812872	813892	f	0	1	Prodigal	002006
716	1	814164	815259	f	0	1	Prodigal	002006
717	1	815255	816992	f	0	1	Prodigal	002006
718	1	817010	818417	f	0	1	Prodigal	002006
719	1	819282	820818	f	0	1	Prodigal	002006
720	1	820935	821808	r	0	1	Prodigal	002006
721	1	821807	822974	r	0	1	Prodigal	002006
722	1	823145	824336	r	0	1	Prodigal	002006
723	1	824371	827179	r	0	1	Prodigal	002006
724	1	827294	828011	r	0	1	Prodigal	002006
725	1	828027	829803	r	0	1	Prodigal	002006
726	1	829795	830140	r	0	1	Prodigal	002006
727	1	830133	830511	r	0	1	Prodigal	002006
728	1	830575	830776	f	0	1	Prodigal	002006
729	1	830953	832240	f	0	1	Prodigal	002006
730	1	832332	832653	f	0	1	Prodigal	002006
731	1	832730	833171	r	0	1	Prodigal	002006
732	1	833228	834074	r	0	1	Prodigal	002006
733	1	834373	834952	f	0	1	Prodigal	002006
734	1	834948	835341	f	0	1	Prodigal	002006
735	1	835432	835939	f	0	1	Prodigal	002006
736	1	836237	837356	f	0	1	Prodigal	002006
737	1	837463	838327	r	0	1	Prodigal	002006
738	1	838502	839279	r	0	1	Prodigal	002006
739	1	839362	839926	r	0	1	Prodigal	002006
740	1	840187	840421	f	0	1	Prodigal	002006
741	1	840454	840928	r	0	1	Prodigal	002006
742	1	841094	842846	r	0	1	Prodigal	002006
743	1	842842	844630	r	0	1	Prodigal	002006
744	1	844745	847550	r	0	1	Prodigal	002006
745	1	847737	848172	f	0	1	Prodigal	002006
746	1	848333	849716	f	0	1	Prodigal	002006
747	1	849779	852254	r	0	1	Prodigal	002006
748	1	852629	852827	r	0	1	Prodigal	002006
749	1	853057	853543	f	0	1	Prodigal	002006
750	1	853955	854390	f	0	1	Prodigal	002006
751	1	854965	857248	r	0	1	Prodigal	002006
752	1	857294	858143	r	0	1	Prodigal	002006
753	1	858524	860285	r	0	1	Prodigal	002006
754	1	860478	861912	r	0	1	Prodigal	002006
755	1	862078	862942	f	0	1	Prodigal	002006
756	1	862978	863728	r	0	1	Prodigal	002006
757	1	863903	866168	r	0	1	Prodigal	002006
758	1	866445	867354	f	0	1	Prodigal	002006
759	1	867360	868296	r	0	1	Prodigal	002006
760	1	868488	869226	f	0	1	Prodigal	002006
761	1	869285	870185	f	0	1	Prodigal	002006
762	1	870181	871441	f	0	1	Prodigal	002006
763	1	871541	872444	f	0	1	Prodigal	002006
764	1	872568	873459	r	0	1	Prodigal	002006
765	1	873560	874199	f	0	1	Prodigal	002006
766	1	874608	875634	f	0	1	Prodigal	002006
767	1	875768	876932	f	0	1	Prodigal	002006
768	1	877041	878706	r	0	1	Prodigal	002006
769	1	878804	879083	r	0	1	Prodigal	002006
770	1	879182	880298	r	0	1	Prodigal	002006
771	1	880418	881156	f	0	1	Prodigal	002006
772	1	881251	881740	r	0	1	Prodigal	002006
773	1	881775	883005	r	0	1	Prodigal	002006
774	1	883001	883559	r	0	1	Prodigal	002006
775	1	883748	885296	r	0	1	Prodigal	002006
776	1	885444	885537	r	0	1	Prodigal	002006
777	1	885563	885902	r	0	1	Prodigal	002006
778	1	885965	886760	r	0	1	Prodigal	002006
779	1	886912	888376	r	0	1	Prodigal	002006
780	1	888372	889200	r	0	1	Prodigal	002006
781	1	889235	890204	r	0	1	Prodigal	002006
782	1	890200	891214	r	0	1	Prodigal	002006
783	1	891357	892503	r	0	1	Prodigal	002006
784	1	892700	893624	r	0	1	Prodigal	002006
785	1	893814	894846	r	0	1	Prodigal	002006
786	1	894899	896306	r	0	1	Prodigal	002006
787	1	896407	896812	r	0	1	Prodigal	002006
788	1	896808	897045	r	0	1	Prodigal	002006
789	1	897048	897735	r	0	1	Prodigal	002006
790	1	897931	898960	f	0	1	Prodigal	002006
791	1	899062	900664	f	0	1	Prodigal	002006
792	1	900666	901626	f	0	1	Prodigal	002006
793	1	901661	902555	f	0	1	Prodigal	002006
794	1	902554	903553	f	0	1	Prodigal	002006
795	1	903587	904373	f	0	1	Prodigal	002006
796	1	904478	906392	r	0	1	Prodigal	002006
797	1	906560	907163	r	0	1	Prodigal	002006
798	1	907586	908150	r	0	1	Prodigal	002006
799	1	908187	908562	r	0	1	Prodigal	002006
800	1	908558	913346	r	0	1	Prodigal	002006
801	1	913342	914071	r	0	1	Prodigal	002006
802	1	914060	916106	r	0	1	Prodigal	002006
803	1	916117	916405	r	0	1	Prodigal	002006
804	1	916710	918138	r	0	1	Prodigal	002006
805	1	918181	921679	r	0	1	Prodigal	002006
806	1	921720	923148	r	0	1	Prodigal	002006
807	1	923158	923764	r	0	1	Prodigal	002006
808	1	923763	925302	r	0	1	Prodigal	002006
809	1	925304	927947	r	0	1	Prodigal	002006
810	1	927967	928747	r	0	1	Prodigal	002006
811	1	928770	930105	r	0	1	Prodigal	002006
812	1	930107	930623	r	0	1	Prodigal	002006
813	1	930622	931858	r	0	1	Prodigal	002006
814	1	931897	932896	r	0	1	Prodigal	002006
815	1	932859	934626	r	0	1	Prodigal	002006
816	1	934629	935061	r	0	1	Prodigal	002006
817	1	935067	936549	r	0	1	Prodigal	002006
818	1	936586	937090	r	0	1	Prodigal	002006
819	1	938841	940578	r	0	1	Prodigal	002006
820	1	941445	942435	r	0	1	Prodigal	002006
821	1	942712	943198	f	0	1	Prodigal	002006
822	1	943326	943776	f	0	1	Prodigal	002006
823	1	943780	946771	f	0	1	Prodigal	002006
824	1	946770	947610	f	0	1	Prodigal	002006
825	1	947712	949137	f	0	1	Prodigal	002006
826	1	949171	949732	f	0	1	Prodigal	002006
827	1	949890	951198	f	0	1	Prodigal	002006
828	1	951268	952480	f	0	1	Prodigal	002006
829	1	952566	953991	r	0	1	Prodigal	002006
830	1	954098	954566	r	0	1	Prodigal	002006
831	1	954763	955444	f	0	1	Prodigal	002006
832	1	955474	957904	f	0	1	Prodigal	002006
833	1	957900	959142	f	0	1	Prodigal	002006
834	1	959627	959957	f	0	1	Prodigal	002006
835	1	960052	960970	f	0	1	Prodigal	002006
836	1	961504	961711	f	0	1	Prodigal	002006
837	1	962501	963293	r	0	1	Prodigal	002006
838	1	963411	963795	f	0	1	Prodigal	002006
839	1	963791	964280	f	0	1	Prodigal	002006
840	1	964337	964673	f	0	1	Prodigal	002006
841	1	964934	965567	r	0	1	Prodigal	002006
842	1	965835	967164	f	0	1	Prodigal	002006
843	1	967585	968938	f	0	1	Prodigal	002006
844	1	969020	970106	r	0	1	Prodigal	002006
845	1	970361	972617	f	0	1	Prodigal	002006
846	1	972681	973698	r	0	1	Prodigal	002006
847	1	973963	974806	f	0	1	Prodigal	002006
848	1	975006	976065	f	0	1	Prodigal	002006
849	1	976066	976906	f	0	1	Prodigal	002006
850	1	976917	977928	f	0	1	Prodigal	002006
851	1	978099	979491	f	0	1	Prodigal	002006
852	1	979590	980193	r	0	1	Prodigal	002006
853	1	980445	980763	r	0	1	Prodigal	002006
854	1	980935	981736	r	0	1	Prodigal	002006
855	1	981810	983058	r	0	1	Prodigal	002006
856	1	983072	983936	r	0	1	Prodigal	002006
857	1	984055	984865	r	0	1	Prodigal	002006
858	1	985067	987272	r	0	1	Prodigal	002006
859	1	987543	988560	r	0	1	Prodigal	002006
860	1	988753	989875	r	0	1	Prodigal	002006
861	1	990123	990867	f	0	1	Prodigal	002006
862	1	990966	991644	f	0	1	Prodigal	002006
863	1	991917	993240	f	0	1	Prodigal	002006
864	1	993374	995291	r	0	1	Prodigal	002006
865	1	995292	995775	r	0	1	Prodigal	002006
866	1	996108	998010	r	0	1	Prodigal	002006
867	1	998190	998652	r	0	1	Prodigal	002006
868	1	998820	999309	r	0	1	Prodigal	002006
869	1	999308	1002380	r	0	1	Prodigal	002006
870	1	1002547	1003474	f	0	1	Prodigal	002006
871	1	1003775	1005311	f	0	1	Prodigal	002006
872	1	1005506	1006628	f	0	1	Prodigal	002006
873	1	1006774	1007761	f	0	1	Prodigal	002006
874	1	1007872	1008937	r	0	1	Prodigal	002006
875	1	1009134	1009884	f	0	1	Prodigal	002006
876	1	1009938	1011513	f	0	1	Prodigal	002006
877	1	1011643	1012012	f	0	1	Prodigal	002006
878	1	1012204	1013869	f	0	1	Prodigal	002006
879	1	1014116	1014641	f	0	1	Prodigal	002006
880	1	1014667	1014874	f	0	1	Prodigal	002006
881	1	1014952	1015204	r	0	1	Prodigal	002006
882	1	1015142	1015808	r	0	1	Prodigal	002006
883	1	1015995	1016304	r	0	1	Prodigal	002006
884	1	1016442	1018539	r	0	1	Prodigal	002006
885	1	1018843	1019257	r	0	1	Prodigal	002006
886	1	1019308	1020697	r	0	1	Prodigal	002006
887	1	1021206	1022118	r	0	1	Prodigal	002006
888	1	1022531	1023449	r	0	1	Prodigal	002006
889	1	1024030	1024945	r	0	1	Prodigal	002006
890	1	1025319	1025952	f	0	1	Prodigal	002006
891	1	1026052	1026445	f	0	1	Prodigal	002006
892	1	1026519	1027968	r	0	1	Prodigal	002006
893	1	1028913	1029276	f	0	1	Prodigal	002006
894	1	1029190	1029388	r	0	1	Prodigal	002006
895	1	1029652	1029784	r	0	1	Prodigal	002006
896	1	1029780	1030701	r	0	1	Prodigal	002006
897	1	1030681	1030831	r	0	1	Prodigal	002006
898	1	1030823	1030991	r	0	1	Prodigal	002006
899	1	1031352	1031673	f	0	1	Prodigal	002006
900	1	1031678	1032644	f	0	1	Prodigal	002006
901	1	1032645	1032831	r	0	1	Prodigal	002006
902	1	1032893	1039802	r	0	1	Prodigal	002006
903	1	1039936	1041337	r	0	1	Prodigal	002006
904	1	1041349	1041610	r	0	1	Prodigal	002006
905	1	1041609	1041990	r	0	1	Prodigal	002006
906	1	1041999	1042635	r	0	1	Prodigal	002006
907	1	1043007	1044243	r	0	1	Prodigal	002006
908	1	1044239	1045850	r	0	1	Prodigal	002006
909	1	1045873	1046008	f	0	1	Prodigal	002006
910	1	1045947	1047474	r	0	1	Prodigal	002006
911	1	1047476	1048136	r	0	1	Prodigal	002006
912	1	1048147	1048777	r	0	1	Prodigal	002006
913	1	1048776	1049220	r	0	1	Prodigal	002006
914	1	1049286	1049676	r	0	1	Prodigal	002006
915	1	1049744	1050962	r	0	1	Prodigal	002006
916	1	1051034	1051964	r	0	1	Prodigal	002006
917	1	1052101	1052548	r	0	1	Prodigal	002006
918	1	1052589	1054716	r	0	1	Prodigal	002006
919	1	1054715	1056413	r	0	1	Prodigal	002006
920	1	1056474	1056825	r	0	1	Prodigal	002006
921	1	1056821	1057214	r	0	1	Prodigal	002006
922	1	1057218	1058115	r	0	1	Prodigal	002006
923	1	1058115	1058295	r	0	1	Prodigal	002006
924	1	1058348	1058579	r	0	1	Prodigal	002006
925	1	1058580	1058805	r	0	1	Prodigal	002006
926	1	1058860	1059340	r	0	1	Prodigal	002006
927	1	1059339	1059657	r	0	1	Prodigal	002006
928	1	1059779	1060013	r	0	1	Prodigal	002006
929	1	1060014	1060713	r	0	1	Prodigal	002006
930	1	1060709	1061135	r	0	1	Prodigal	002006
931	1	1061131	1061461	r	0	1	Prodigal	002006
932	1	1061457	1062051	r	0	1	Prodigal	002006
933	1	1062053	1062590	r	0	1	Prodigal	002006
934	1	1062768	1063065	r	0	1	Prodigal	002006
935	1	1063140	1063443	r	0	1	Prodigal	002006
936	1	1063445	1063934	r	0	1	Prodigal	002006
937	1	1063911	1065072	r	0	1	Prodigal	002006
938	1	1065068	1066709	r	0	1	Prodigal	002006
939	1	1066705	1066858	r	0	1	Prodigal	002006
940	1	1066911	1067130	r	0	1	Prodigal	002006
941	1	1067135	1067534	r	0	1	Prodigal	002006
942	1	1067575	1067782	r	0	1	Prodigal	002006
943	1	1067918	1068533	f	0	1	Prodigal	002006
944	1	1069297	1069543	f	0	1	Prodigal	002006
945	1	1069689	1070217	f	0	1	Prodigal	002006
946	1	1070545	1071232	f	0	1	Prodigal	002006
947	1	1071307	1071673	f	0	1	Prodigal	002006
948	1	1071669	1072026	f	0	1	Prodigal	002006
949	1	1072022	1072865	f	0	1	Prodigal	002006
950	1	1072861	1073830	f	0	1	Prodigal	002006
951	1	1073902	1075009	f	0	1	Prodigal	002006
952	1	1075063	1076281	f	0	1	Prodigal	002006
953	1	1076277	1076973	f	0	1	Prodigal	002006
954	1	1077133	1077739	f	0	1	Prodigal	002006
955	1	1077738	1078317	f	0	1	Prodigal	002006
956	1	1078375	1078552	f	0	1	Prodigal	002006
957	1	1078574	1079486	f	0	1	Prodigal	002006
958	1	1079482	1080031	f	0	1	Prodigal	002006
959	1	1080027	1080591	f	0	1	Prodigal	002006
960	1	1080587	1081760	f	0	1	Prodigal	002006
961	1	1081723	1081942	f	0	1	Prodigal	002006
962	1	1081935	1082148	f	0	1	Prodigal	002006
963	1	1082150	1082495	f	0	1	Prodigal	002006
964	1	1082541	1082631	f	0	1	Prodigal	002006
965	1	1082633	1082888	f	0	1	Prodigal	002006
966	1	1082892	1083081	f	0	1	Prodigal	002006
967	1	1083093	1083297	f	0	1	Prodigal	002006
968	1	1083313	1083562	f	0	1	Prodigal	002006
969	1	1083618	1084026	f	0	1	Prodigal	002006
970	1	1083989	1084196	f	0	1	Prodigal	002006
971	1	1084168	1085443	f	0	1	Prodigal	002006
972	1	1085464	1086433	f	0	1	Prodigal	002006
973	1	1086859	1089292	r	0	1	Prodigal	002006
974	1	1089257	1094156	r	0	1	Prodigal	002006
975	1	1094321	1094981	r	0	1	Prodigal	002006
976	1	1095197	1096886	r	0	1	Prodigal	002006
977	1	1097021	1099958	f	0	1	Prodigal	002006
978	1	1100023	1100821	f	0	1	Prodigal	002006
979	1	1100916	1101558	f	0	1	Prodigal	002006
980	1	1101641	1102934	r	0	1	Prodigal	002006
981	1	1103009	1103549	r	0	1	Prodigal	002006
982	1	1104027	1105434	f	0	1	Prodigal	002006
983	1	1105497	1107294	r	0	1	Prodigal	002006
984	1	1107417	1108338	r	0	1	Prodigal	002006
985	1	1108339	1108480	r	0	1	Prodigal	002006
986	1	1108730	1109333	f	0	1	Prodigal	002006
987	1	1109401	1111021	r	0	1	Prodigal	002006
988	1	1111125	1112385	r	0	1	Prodigal	002006
989	1	1112589	1113057	r	0	1	Prodigal	002006
990	1	1113426	1114770	r	0	1	Prodigal	002006
991	1	1114850	1115726	f	0	1	Prodigal	002006
992	1	1115797	1117810	r	0	1	Prodigal	002006
993	1	1118062	1118413	f	0	1	Prodigal	002006
994	1	1118412	1119849	f	0	1	Prodigal	002006
995	1	1119932	1120328	f	0	1	Prodigal	002006
996	1	1120327	1120924	f	0	1	Prodigal	002006
997	1	1120934	1121759	f	0	1	Prodigal	002006
998	1	1121762	1122620	f	0	1	Prodigal	002006
999	1	1122716	1123151	f	0	1	Prodigal	002006
1000	1	1123309	1125112	f	0	1	Prodigal	002006
1001	1	1125262	1126180	f	0	1	Prodigal	002006
1002	1	1126469	1127771	f	0	1	Prodigal	002006
1003	1	1128172	1129246	f	0	1	Prodigal	002006
1004	1	1129381	1130509	f	0	1	Prodigal	002006
1005	1	1131109	1132234	r	0	1	Prodigal	002006
1006	1	1132629	1134702	f	0	1	Prodigal	002006
1007	1	1134844	1135504	f	0	1	Prodigal	002006
1008	1	1135685	1136582	f	0	1	Prodigal	002006
1009	1	1136717	1137668	r	0	1	Prodigal	002006
1010	1	1137991	1139389	f	0	1	Prodigal	002006
1011	1	1139400	1140792	f	0	1	Prodigal	002006
1012	1	1140864	1141551	f	0	1	Prodigal	002006
1013	1	1141633	1142371	f	0	1	Prodigal	002006
1014	1	1142617	1143013	f	0	1	Prodigal	002006
1015	1	1143205	1143796	f	0	1	Prodigal	002006
1016	1	1143792	1145313	f	0	1	Prodigal	002006
1017	1	1145334	1146669	f	0	1	Prodigal	002006
1018	1	1146755	1147889	r	0	1	Prodigal	002006
1019	1	1148409	1149210	f	0	1	Prodigal	002006
1020	1	1149282	1150269	f	0	1	Prodigal	002006
1021	1	1150252	1150375	f	0	1	Prodigal	002006
1022	1	1150358	1151102	f	0	1	Prodigal	002006
1023	1	1151209	1152001	r	0	1	Prodigal	002006
1024	1	1152169	1153009	f	0	1	Prodigal	002006
1025	1	1153121	1154537	r	0	1	Prodigal	002006
1026	1	1154546	1155449	r	0	1	Prodigal	002006
1027	1	1155742	1156279	r	0	1	Prodigal	002006
1028	1	1156304	1157624	r	0	1	Prodigal	002006
1029	1	1157814	1158525	r	0	1	Prodigal	002006
1030	1	1158610	1159429	r	0	1	Prodigal	002006
1031	1	1159562	1161212	r	0	1	Prodigal	002006
1032	1	1161244	1163482	r	0	1	Prodigal	002006
1033	1	1163686	1164169	r	0	1	Prodigal	002006
1034	1	1164773	1164914	f	0	1	Prodigal	002006
1035	1	1165601	1167209	f	0	1	Prodigal	002006
1036	1	1167282	1168596	f	0	1	Prodigal	002006
1037	1	1168702	1169446	r	0	1	Prodigal	002006
1038	1	1169506	1170526	r	0	1	Prodigal	002006
1039	1	1170676	1171303	r	0	1	Prodigal	002006
1040	1	1171479	1172517	f	0	1	Prodigal	002006
1041	1	1172513	1173152	f	0	1	Prodigal	002006
1042	1	1173374	1174136	r	0	1	Prodigal	002006
1043	1	1174276	1175620	r	0	1	Prodigal	002006
1044	1	1175616	1176651	r	0	1	Prodigal	002006
1045	1	1176757	1178179	r	0	1	Prodigal	002006
1046	1	1178447	1179326	r	0	1	Prodigal	002006
1047	1	1179522	1180038	f	0	1	Prodigal	002006
1048	1	1180112	1182182	f	0	1	Prodigal	002006
1049	1	1182171	1183662	f	0	1	Prodigal	002006
1050	1	1183722	1185066	r	0	1	Prodigal	002006
1051	1	1185541	1186750	r	0	1	Prodigal	002006
1052	1	1186754	1188758	r	0	1	Prodigal	002006
1053	1	1188761	1189835	r	0	1	Prodigal	002006
1054	1	1189878	1190976	r	0	1	Prodigal	002006
1055	1	1190984	1191656	r	0	1	Prodigal	002006
1056	1	1191670	1192459	r	0	1	Prodigal	002006
1057	1	1192473	1193220	r	0	1	Prodigal	002006
1058	1	1193366	1194734	r	0	1	Prodigal	002006
1059	1	1194744	1195485	r	0	1	Prodigal	002006
1060	1	1195500	1195920	r	0	1	Prodigal	002006
1061	1	1195919	1196318	r	0	1	Prodigal	002006
1062	1	1196613	1197438	r	0	1	Prodigal	002006
1063	1	1197455	1198367	r	0	1	Prodigal	002006
1064	1	1198511	1199195	f	0	1	Prodigal	002006
1065	1	1199286	1199607	f	0	1	Prodigal	002006
1066	1	1199606	1200020	f	0	1	Prodigal	002006
1067	1	1200056	1200599	r	0	1	Prodigal	002006
1068	1	1200609	1202247	r	0	1	Prodigal	002006
1069	1	1202403	1203303	f	0	1	Prodigal	002006
1070	1	1203321	1204014	r	0	1	Prodigal	002006
1071	1	1204182	1205382	f	0	1	Prodigal	002006
1072	1	1205399	1205579	r	0	1	Prodigal	002006
1073	1	1205711	1206365	r	0	1	Prodigal	002006
1074	1	1206493	1207390	f	0	1	Prodigal	002006
1075	1	1207394	1209827	f	0	1	Prodigal	002006
1076	1	1209922	1210669	f	0	1	Prodigal	002006
1077	1	1210833	1211727	f	0	1	Prodigal	002006
1078	1	1211856	1213707	f	0	1	Prodigal	002006
1079	1	1213801	1214194	r	0	1	Prodigal	002006
1080	1	1214353	1214902	r	0	1	Prodigal	002006
1081	1	1215147	1215396	f	0	1	Prodigal	002006
1082	1	1215778	1215988	r	0	1	Prodigal	002006
1083	1	1216196	1217297	r	0	1	Prodigal	002006
1084	1	1217293	1218280	r	0	1	Prodigal	002006
1085	1	1218272	1219361	r	0	1	Prodigal	002006
1086	1	1219662	1220532	r	0	1	Prodigal	002006
1087	1	1220528	1224518	r	0	1	Prodigal	002006
1088	1	1224643	1225405	r	0	1	Prodigal	002006
1089	1	1225401	1226334	r	0	1	Prodigal	002006
1090	1	1226330	1227977	r	0	1	Prodigal	002006
1091	1	1227973	1229122	r	0	1	Prodigal	002006
1092	1	1229388	1231341	f	0	1	Prodigal	002006
1093	1	1231467	1232532	f	0	1	Prodigal	002006
1094	1	1232609	1233608	r	0	1	Prodigal	002006
1095	1	1233785	1235687	r	0	1	Prodigal	002006
1096	1	1235786	1238291	r	0	1	Prodigal	002006
1097	1	1238659	1238998	f	0	1	Prodigal	002006
1098	1	1239109	1239619	r	0	1	Prodigal	002006
1099	1	1240124	1243892	r	0	1	Prodigal	002006
1100	1	1243986	1245762	r	0	1	Prodigal	002006
1101	1	1246278	1246653	f	0	1	Prodigal	002006
1102	1	1246786	1247065	f	0	1	Prodigal	002006
1103	1	1247244	1247919	f	0	1	Prodigal	002006
1104	1	1247944	1248526	f	0	1	Prodigal	002006
1105	1	1248525	1250679	f	0	1	Prodigal	002006
1106	1	1250696	1251917	f	0	1	Prodigal	002006
1107	1	1251916	1253629	f	0	1	Prodigal	002006
1108	1	1253625	1254303	f	0	1	Prodigal	002006
1109	1	1254319	1254934	f	0	1	Prodigal	002006
1110	1	1255021	1256149	f	0	1	Prodigal	002006
1111	1	1256251	1257901	r	0	1	Prodigal	002006
1112	1	1257959	1258469	r	0	1	Prodigal	002006
1113	1	1258743	1259526	f	0	1	Prodigal	002006
1114	1	1259581	1259803	f	0	1	Prodigal	002006
1115	1	1259823	1260120	f	0	1	Prodigal	002006
1116	1	1260159	1260684	f	0	1	Prodigal	002006
1117	1	1260774	1261248	r	0	1	Prodigal	002006
1118	1	1261490	1261919	f	0	1	Prodigal	002006
1119	1	1262034	1263696	r	0	1	Prodigal	002006
1120	1	1264051	1266715	r	0	1	Prodigal	002006
1121	1	1266836	1268315	r	0	1	Prodigal	002006
1122	1	1268588	1269389	f	0	1	Prodigal	002006
1123	1	1269398	1270544	f	0	1	Prodigal	002006
1124	1	1270548	1271763	f	0	1	Prodigal	002006
1125	1	1271833	1273450	r	0	1	Prodigal	002006
1126	1	1273680	1274916	f	0	1	Prodigal	002006
1127	1	1275269	1276940	f	0	1	Prodigal	002006
1128	1	1276936	1277641	f	0	1	Prodigal	002006
1129	1	1277781	1279203	f	0	1	Prodigal	002006
1130	1	1279247	1279358	f	0	1	Prodigal	002006
1131	1	1279426	1279765	f	0	1	Prodigal	002006
1132	1	1279768	1280806	f	0	1	Prodigal	002006
1133	1	1280899	1282681	f	0	1	Prodigal	002006
1134	1	1282793	1284233	f	0	1	Prodigal	002006
1135	1	1284360	1284624	f	0	1	Prodigal	002006
1136	1	1284729	1285575	r	0	1	Prodigal	002006
1137	1	1285682	1285907	f	0	1	Prodigal	002006
1138	1	1285907	1286312	r	0	1	Prodigal	002006
1139	1	1286371	1287220	r	0	1	Prodigal	002006
1140	1	1287342	1288215	r	0	1	Prodigal	002006
1141	1	1288465	1292041	r	0	1	Prodigal	002006
1142	1	1292037	1293684	r	0	1	Prodigal	002006
1143	1	1293860	1294613	r	0	1	Prodigal	002006
1144	1	1294690	1296541	f	0	1	Prodigal	002006
1145	1	1296771	1298484	f	0	1	Prodigal	002006
1146	1	1298562	1299435	r	0	1	Prodigal	002006
1147	1	1299548	1300226	r	0	1	Prodigal	002006
1148	1	1300285	1301101	r	0	1	Prodigal	002006
1149	1	1301093	1302290	r	0	1	Prodigal	002006
1150	1	1302286	1303375	r	0	1	Prodigal	002006
1151	1	1303568	1304843	f	0	1	Prodigal	002006
1152	1	1305019	1305832	f	0	1	Prodigal	002006
1153	1	1305841	1306186	r	0	1	Prodigal	002006
1154	1	1306386	1307787	f	0	1	Prodigal	002006
1155	1	1307897	1308653	f	0	1	Prodigal	002006
1156	1	1309027	1310371	f	0	1	Prodigal	002006
1157	1	1310544	1311201	f	0	1	Prodigal	002006
1158	1	1311338	1312478	r	0	1	Prodigal	002006
1159	1	1312612	1313989	r	0	1	Prodigal	002006
1160	1	1314274	1314589	f	0	1	Prodigal	002006
1161	1	1314909	1315260	f	0	1	Prodigal	002006
1162	1	1315279	1316407	f	0	1	Prodigal	002006
1163	1	1316403	1317093	f	0	1	Prodigal	002006
1164	1	1317089	1317236	f	0	1	Prodigal	002006
1165	1	1317515	1319243	f	0	1	Prodigal	002006
1166	1	1319286	1320390	f	0	1	Prodigal	002006
1167	1	1320422	1321631	f	0	1	Prodigal	002006
1168	1	1321704	1322337	r	0	1	Prodigal	002006
1169	1	1322569	1324192	f	0	1	Prodigal	002006
1170	1	1324367	1324898	f	0	1	Prodigal	002006
1171	1	1324894	1325191	f	0	1	Prodigal	002006
1172	1	1325277	1325745	r	0	1	Prodigal	002006
1173	1	1325778	1326714	r	0	1	Prodigal	002006
1174	1	1326969	1327665	f	0	1	Prodigal	002006
1175	1	1327805	1328561	r	0	1	Prodigal	002006
1176	1	1328943	1330095	f	0	1	Prodigal	002006
1177	1	1330231	1330570	f	0	1	Prodigal	002006
1178	1	1330741	1331371	f	0	1	Prodigal	002006
1179	1	1331514	1333209	r	0	1	Prodigal	002006
1180	1	1333432	1334449	r	0	1	Prodigal	002006
1181	1	1334879	1337342	f	0	1	Prodigal	002006
1182	1	1337393	1338593	r	0	1	Prodigal	002006
1183	1	1338592	1339807	r	0	1	Prodigal	002006
1184	1	1339807	1340497	r	0	1	Prodigal	002006
1185	1	1340489	1341629	r	0	1	Prodigal	002006
1186	1	1341656	1344821	r	0	1	Prodigal	002006
1187	1	1344813	1345869	r	0	1	Prodigal	002006
1188	1	1345910	1346381	r	0	1	Prodigal	002006
1189	1	1346394	1346805	r	0	1	Prodigal	002006
1190	1	1346807	1347122	r	0	1	Prodigal	002006
1191	1	1347210	1347396	f	0	1	Prodigal	002006
1192	1	1347450	1348722	f	0	1	Prodigal	002006
1193	1	1349104	1349509	f	0	1	Prodigal	002006
1194	1	1349726	1350455	f	0	1	Prodigal	002006
1195	1	1350545	1351556	r	0	1	Prodigal	002006
1196	1	1351583	1352999	r	0	1	Prodigal	002006
1197	1	1352998	1354363	r	0	1	Prodigal	002006
1198	1	1354446	1355403	r	0	1	Prodigal	002006
1199	1	1355518	1357021	r	0	1	Prodigal	002006
1200	1	1357288	1358431	r	0	1	Prodigal	002006
1201	1	1358532	1360461	r	0	1	Prodigal	002006
1202	1	1360758	1361334	r	0	1	Prodigal	002006
1203	1	1361625	1362510	f	0	1	Prodigal	002006
1204	1	1362761	1364426	f	0	1	Prodigal	002006
1205	1	1364719	1365610	f	0	1	Prodigal	002006
1206	1	1365858	1367022	f	0	1	Prodigal	002006
1207	1	1367018	1368992	f	0	1	Prodigal	002006
1208	1	1368994	1370359	f	0	1	Prodigal	002006
1209	1	1370896	1371307	r	0	1	Prodigal	002006
1210	1	1371914	1373648	r	0	1	Prodigal	002006
1211	1	1373743	1374835	r	0	1	Prodigal	002006
1212	1	1374883	1375423	r	0	1	Prodigal	002006
1213	1	1375518	1376406	r	0	1	Prodigal	002006
1214	1	1376518	1377406	r	0	1	Prodigal	002006
1215	1	1377405	1378494	r	0	1	Prodigal	002006
1216	1	1378694	1380656	r	0	1	Prodigal	002006
1217	1	1380715	1381270	r	0	1	Prodigal	002006
1218	1	1381272	1382238	r	0	1	Prodigal	002006
1219	1	1382230	1383409	r	0	1	Prodigal	002006
1220	1	1383408	1384542	r	0	1	Prodigal	002006
1221	1	1384553	1385675	r	0	1	Prodigal	002006
1222	1	1385675	1386131	r	0	1	Prodigal	002006
1223	1	1386728	1387913	r	0	1	Prodigal	002006
1224	1	1387915	1389049	r	0	1	Prodigal	002006
1225	1	1389041	1390277	r	0	1	Prodigal	002006
1226	1	1390692	1390806	r	0	1	Prodigal	002006
1227	1	1391446	1394596	r	0	1	Prodigal	002006
1228	1	1394613	1395807	r	0	1	Prodigal	002006
1229	1	1395947	1396586	f	0	1	Prodigal	002006
1230	1	1396850	1397243	f	0	1	Prodigal	002006
1231	1	1397435	1398617	f	0	1	Prodigal	002006
1232	1	1398840	1399155	f	0	1	Prodigal	002006
1233	1	1399151	1399709	f	0	1	Prodigal	002006
1234	1	1399775	1399961	f	0	1	Prodigal	002006
1235	1	1400124	1401249	r	0	1	Prodigal	002006
1236	1	1401541	1402870	f	0	1	Prodigal	002006
1237	1	1402949	1403531	r	0	1	Prodigal	002006
1238	1	1403757	1404135	r	0	1	Prodigal	002006
1239	1	1404757	1406482	f	0	1	Prodigal	002006
1240	1	1406885	1408160	r	0	1	Prodigal	002006
1241	1	1408156	1409152	r	0	1	Prodigal	002006
1242	1	1409154	1411614	r	0	1	Prodigal	002006
1243	1	1411877	1412582	r	0	1	Prodigal	002006
1244	1	1412788	1414516	f	0	1	Prodigal	002006
1245	1	1414594	1415461	r	0	1	Prodigal	002006
1246	1	1415651	1416380	f	0	1	Prodigal	002006
1247	1	1416872	1417028	r	0	1	Prodigal	002006
1248	1	1417872	1426200	r	0	1	Prodigal	002006
1249	1	1426213	1427893	r	0	1	Prodigal	002006
1250	1	1428250	1429174	r	0	1	Prodigal	002006
1251	1	1429308	1429881	r	0	1	Prodigal	002006
1252	1	1429864	1430734	r	0	1	Prodigal	002006
1253	1	1430726	1431347	r	0	1	Prodigal	002006
1254	1	1431453	1432335	r	0	1	Prodigal	002006
1255	1	1432771	1434406	f	0	1	Prodigal	002006
1256	1	1434398	1434998	f	0	1	Prodigal	002006
1257	1	1435013	1436027	f	0	1	Prodigal	002006
1258	1	1436026	1437535	f	0	1	Prodigal	002006
1259	1	1437582	1438776	f	0	1	Prodigal	002006
1260	1	1438772	1439579	f	0	1	Prodigal	002006
1261	1	1440553	1441645	f	0	1	Prodigal	002006
1262	1	1441692	1442616	f	0	1	Prodigal	002006
1263	1	1443264	1444077	f	0	1	Prodigal	002006
1264	1	1444296	1444590	f	0	1	Prodigal	002006
1265	1	1444726	1445341	f	0	1	Prodigal	002006
1266	1	1445503	1446037	r	0	1	Prodigal	002006
1267	1	1446253	1447030	f	0	1	Prodigal	002006
1268	1	1447212	1447362	r	0	1	Prodigal	002006
1269	1	1447805	1449905	f	0	1	Prodigal	002006
1270	1	1449992	1451201	r	0	1	Prodigal	002006
1271	1	1451229	1451373	f	0	1	Prodigal	002006
1272	1	1451559	1451985	r	0	1	Prodigal	002006
1273	1	1452060	1453125	r	0	1	Prodigal	002006
1274	1	1453234	1454998	r	0	1	Prodigal	002006
1275	1	1455025	1455394	r	0	1	Prodigal	002006
1276	1	1455398	1455767	r	0	1	Prodigal	002006
1277	1	1456023	1456422	r	0	1	Prodigal	002006
1278	1	1456579	1457059	f	0	1	Prodigal	002006
1279	1	1457062	1457542	r	0	1	Prodigal	002006
1280	1	1457584	1457992	r	0	1	Prodigal	002006
1281	1	1458388	1459108	f	0	1	Prodigal	002006
1282	1	1459633	1461403	f	0	1	Prodigal	002006
1283	1	1461395	1463126	f	0	1	Prodigal	002006
1284	1	1463147	1463672	f	0	1	Prodigal	002006
1285	1	1463681	1464068	f	0	1	Prodigal	002006
1286	1	1464227	1465226	r	0	1	Prodigal	002006
1287	1	1465439	1466144	f	0	1	Prodigal	002006
1288	1	1466432	1466981	f	0	1	Prodigal	002006
1289	1	1467068	1467749	r	0	1	Prodigal	002006
1290	1	1467933	1468623	f	0	1	Prodigal	002006
1291	1	1468622	1470008	f	0	1	Prodigal	002006
1292	1	1470376	1470958	f	0	1	Prodigal	002006
1293	1	1470996	1471278	f	0	1	Prodigal	002006
1294	1	1471424	1471859	f	0	1	Prodigal	002006
1295	1	1472562	1472811	f	0	1	Prodigal	002006
1296	1	1472935	1474213	r	0	1	Prodigal	002006
1297	1	1474258	1474861	r	0	1	Prodigal	002006
1298	1	1475277	1476420	f	0	1	Prodigal	002006
1299	1	1476456	1476741	f	0	1	Prodigal	002006
1300	1	1476865	1478155	f	0	1	Prodigal	002006
1301	1	1478390	1478522	f	0	1	Prodigal	002006
1302	1	1478521	1479871	f	0	1	Prodigal	002006
1303	1	1480535	1480676	f	0	1	Prodigal	002006
1304	1	1480675	1482022	f	0	1	Prodigal	002006
1305	1	1482116	1482491	r	0	1	Prodigal	002006
1306	1	1482740	1483889	f	0	1	Prodigal	002006
1307	1	1484063	1484534	f	0	1	Prodigal	002006
1308	1	1484588	1486370	r	0	1	Prodigal	002006
1309	1	1486561	1487473	r	0	1	Prodigal	002006
1310	1	1487650	1488079	f	0	1	Prodigal	002006
1311	1	1488182	1489409	f	0	1	Prodigal	002006
1312	1	1489405	1493158	f	0	1	Prodigal	002006
1313	1	1493251	1494016	r	0	1	Prodigal	002006
1314	1	1494183	1494426	r	0	1	Prodigal	002006
1315	1	1494722	1496147	f	0	1	Prodigal	002006
1316	1	1496297	1499627	f	0	1	Prodigal	002006
1317	1	1500037	1500442	f	0	1	Prodigal	002006
1318	1	1500496	1502527	f	0	1	Prodigal	002006
1319	1	1502866	1503799	f	0	1	Prodigal	002006
1320	1	1503897	1504407	r	0	1	Prodigal	002006
1321	1	1504449	1506177	r	0	1	Prodigal	002006
1322	1	1506223	1506481	r	0	1	Prodigal	002006
1323	1	1506921	1507890	r	0	1	Prodigal	002006
1324	1	1508049	1508892	f	0	1	Prodigal	002006
1325	1	1508895	1510059	f	0	1	Prodigal	002006
1326	1	1510113	1511235	f	0	1	Prodigal	002006
1327	1	1511284	1512730	f	0	1	Prodigal	002006
1328	1	1512939	1514589	f	0	1	Prodigal	002006
1329	1	1514588	1515281	f	0	1	Prodigal	002006
1330	1	1515277	1515370	f	0	1	Prodigal	002006
1331	1	1515502	1516342	f	0	1	Prodigal	002006
1332	1	1516363	1518400	f	0	1	Prodigal	002006
1333	1	1518399	1519905	f	0	1	Prodigal	002006
1334	1	1519906	1521127	f	0	1	Prodigal	002006
1335	1	1521224	1521656	f	0	1	Prodigal	002006
1336	1	1521694	1522267	f	0	1	Prodigal	002006
1337	1	1522347	1522707	f	0	1	Prodigal	002006
1338	1	1522703	1523519	f	0	1	Prodigal	002006
1339	1	1523508	1524510	f	0	1	Prodigal	002006
1340	1	1524632	1525817	f	0	1	Prodigal	002006
1341	1	1525813	1526305	f	0	1	Prodigal	002006
1342	1	1526301	1527069	f	0	1	Prodigal	002006
1343	1	1527132	1527777	r	0	1	Prodigal	002006
1344	1	1527902	1528595	r	0	1	Prodigal	002006
1345	1	1528637	1529114	r	0	1	Prodigal	002006
1346	1	1529158	1530910	r	0	1	Prodigal	002006
1347	1	1531422	1532490	f	0	1	Prodigal	002006
1348	1	1532610	1533435	f	0	1	Prodigal	002006
1349	1	1533449	1534322	f	0	1	Prodigal	002006
1350	1	1534419	1535178	f	0	1	Prodigal	002006
1351	1	1535469	1536678	f	0	1	Prodigal	002006
1352	1	1536813	1537041	r	0	1	Prodigal	002006
1353	1	1537178	1538000	r	0	1	Prodigal	002006
1354	1	1538765	1542299	f	0	1	Prodigal	002006
1355	1	1542541	1542718	r	0	1	Prodigal	002006
1356	1	1542744	1543446	r	0	1	Prodigal	002006
1357	1	1543445	1545395	r	0	1	Prodigal	002006
1358	1	1545394	1546189	r	0	1	Prodigal	002006
1359	1	1546185	1548228	r	0	1	Prodigal	002006
1360	1	1548239	1548527	r	0	1	Prodigal	002006
1361	1	1548711	1549230	r	0	1	Prodigal	002006
1362	1	1549457	1550288	r	0	1	Prodigal	002006
1363	1	1550414	1550618	f	0	1	Prodigal	002006
1364	1	1550691	1551450	f	0	1	Prodigal	002006
1365	1	1552308	1552932	f	0	1	Prodigal	002006
1366	1	1553066	1553414	r	0	1	Prodigal	002006
1367	1	1553575	1554427	f	0	1	Prodigal	002006
1368	1	1554430	1554886	f	0	1	Prodigal	002006
1369	1	1554974	1555553	f	0	1	Prodigal	002006
1370	1	1555596	1556022	f	0	1	Prodigal	002006
1371	1	1556032	1556461	f	0	1	Prodigal	002006
1372	1	1556435	1556744	f	0	1	Prodigal	002006
1373	1	1556832	1557330	f	0	1	Prodigal	002006
1374	1	1557326	1557518	f	0	1	Prodigal	002006
1375	1	1557543	1557882	f	0	1	Prodigal	002006
1376	1	1557998	1558505	f	0	1	Prodigal	002006
1377	1	1558504	1558720	f	0	1	Prodigal	002006
1378	1	1558716	1559079	f	0	1	Prodigal	002006
1379	1	1559158	1559701	f	0	1	Prodigal	002006
1380	1	1559702	1559900	f	0	1	Prodigal	002006
1381	1	1560073	1560370	f	0	1	Prodigal	002006
1382	1	1560508	1560823	f	0	1	Prodigal	002006
1383	1	1561006	1561213	f	0	1	Prodigal	002006
1384	1	1561557	1566315	f	0	1	Prodigal	002006
1385	1	1566882	1567539	f	0	1	Prodigal	002006
1386	1	1567788	1569954	f	0	1	Prodigal	002006
1387	1	1569978	1570329	f	0	1	Prodigal	002006
1388	1	1570444	1571359	r	0	1	Prodigal	002006
1389	1	1571487	1572369	r	0	1	Prodigal	002006
1390	1	1572474	1573083	f	0	1	Prodigal	002006
1391	1	1573438	1574068	f	0	1	Prodigal	002006
1392	1	1574302	1575484	r	0	1	Prodigal	002006
1393	1	1576105	1577497	f	0	1	Prodigal	002006
1394	1	1578232	1578712	f	0	1	Prodigal	002006
1395	1	1578711	1579446	f	0	1	Prodigal	002006
1396	1	1579512	1581864	r	0	1	Prodigal	002006
1397	1	1582075	1585192	r	0	1	Prodigal	002006
1398	1	1585191	1586241	r	0	1	Prodigal	002006
1399	1	1586438	1587977	f	0	1	Prodigal	002006
1400	1	1588023	1588899	f	0	1	Prodigal	002006
1401	1	1588971	1590312	r	0	1	Prodigal	002006
1402	1	1590510	1590777	r	0	1	Prodigal	002006
1403	1	1591035	1591632	f	0	1	Prodigal	002006
1404	1	1591943	1592960	f	0	1	Prodigal	002006
1405	1	1593267	1594269	f	0	1	Prodigal	002006
1406	1	1594501	1595539	f	0	1	Prodigal	002006
1407	1	1595624	1597319	r	0	1	Prodigal	002006
1408	1	1597388	1598246	r	0	1	Prodigal	002006
1409	1	1598366	1599746	f	0	1	Prodigal	002006
1410	1	1599890	1600139	f	0	1	Prodigal	002006
1411	1	1600172	1601294	r	0	1	Prodigal	002006
1412	1	1601540	1602938	f	0	1	Prodigal	002006
1413	1	1603037	1603754	f	0	1	Prodigal	002006
1414	1	1603868	1605245	r	0	1	Prodigal	002006
1415	1	1605975	1607142	f	0	1	Prodigal	002006
1416	1	1607230	1608199	r	0	1	Prodigal	002006
1417	1	1608325	1608799	r	0	1	Prodigal	002006
1418	1	1608954	1609881	f	0	1	Prodigal	002006
1419	1	1609964	1610447	r	0	1	Prodigal	002006
1420	1	1610650	1610869	f	0	1	Prodigal	002006
1421	1	1610921	1611236	r	0	1	Prodigal	002006
1422	1	1611424	1612036	r	0	1	Prodigal	002006
1423	1	1612186	1612912	r	0	1	Prodigal	002006
1424	1	1612953	1613856	r	0	1	Prodigal	002006
1425	1	1613964	1614471	r	0	1	Prodigal	002006
1426	1	1614458	1615265	r	0	1	Prodigal	002006
1427	1	1615446	1616421	r	0	1	Prodigal	002006
1428	1	1616599	1617895	r	0	1	Prodigal	002006
1429	1	1617903	1618593	r	0	1	Prodigal	002006
1430	1	1618694	1619105	r	0	1	Prodigal	002006
1431	1	1619235	1620915	r	0	1	Prodigal	002006
1432	1	1621151	1622669	f	0	1	Prodigal	002006
1433	1	1622749	1623535	r	0	1	Prodigal	002006
1434	1	1623768	1624668	f	0	1	Prodigal	002006
1435	1	1624744	1625440	r	0	1	Prodigal	002006
1436	1	1625443	1627012	r	0	1	Prodigal	002006
1437	1	1627029	1628580	r	0	1	Prodigal	002006
1438	1	1628603	1629920	r	0	1	Prodigal	002006
1439	1	1630906	1631419	f	0	1	Prodigal	002006
1440	1	1631420	1632476	f	0	1	Prodigal	002006
1441	1	1632465	1633563	f	0	1	Prodigal	002006
1442	1	1633734	1634499	f	0	1	Prodigal	002006
1443	1	1634641	1634998	f	0	1	Prodigal	002006
1444	1	1635053	1635446	r	0	1	Prodigal	002006
1445	1	1635622	1635793	r	0	1	Prodigal	002006
1446	1	1635857	1636367	r	0	1	Prodigal	002006
1447	1	1636467	1638585	r	0	1	Prodigal	002006
1448	1	1639028	1640003	f	0	1	Prodigal	002006
1449	1	1640085	1642092	r	0	1	Prodigal	002006
1450	1	1642191	1643361	r	0	1	Prodigal	002006
1451	1	1643376	1646751	r	0	1	Prodigal	002006
1452	1	1646964	1647747	f	0	1	Prodigal	002006
1453	1	1647875	1648490	f	0	1	Prodigal	002006
1454	1	1648575	1648827	r	0	1	Prodigal	002006
1455	1	1648874	1649420	r	0	1	Prodigal	002006
1456	1	1649584	1651069	r	0	1	Prodigal	002006
1457	1	1651161	1651926	r	0	1	Prodigal	002006
1458	1	1652197	1652788	f	0	1	Prodigal	002006
1459	1	1652843	1653863	f	0	1	Prodigal	002006
1460	1	1653859	1654231	f	0	1	Prodigal	002006
1461	1	1654230	1655397	f	0	1	Prodigal	002006
1462	1	1655624	1657736	f	0	1	Prodigal	002006
1463	1	1657811	1658438	r	0	1	Prodigal	002006
1464	1	1658609	1659254	f	0	1	Prodigal	002006
1465	1	1659367	1659964	f	0	1	Prodigal	002006
1466	1	1660046	1660925	f	0	1	Prodigal	002006
1467	1	1661037	1662183	f	0	1	Prodigal	002006
1468	1	1662211	1664164	r	0	1	Prodigal	002006
1469	1	1664282	1665185	f	0	1	Prodigal	002006
1470	1	1665274	1666633	r	0	1	Prodigal	002006
1471	1	1666813	1668847	f	0	1	Prodigal	002006
1472	1	1668905	1669349	f	0	1	Prodigal	002006
1473	1	1669425	1670286	r	0	1	Prodigal	002006
1474	1	1670379	1672512	r	0	1	Prodigal	002006
1475	1	1672589	1673924	r	0	1	Prodigal	002006
1476	1	1674682	1676236	r	0	1	Prodigal	002006
1477	1	1676628	1677909	r	0	1	Prodigal	002006
1478	1	1677997	1678897	r	0	1	Prodigal	002006
1479	1	1679052	1680075	f	0	1	Prodigal	002006
1480	1	1680166	1680886	f	0	1	Prodigal	002006
1481	1	1680976	1682269	r	0	1	Prodigal	002006
1482	1	1682764	1683706	f	0	1	Prodigal	002006
1483	1	1683779	1685192	f	0	1	Prodigal	002006
1484	1	1685308	1686979	r	0	1	Prodigal	002006
1485	1	1686997	1687792	r	0	1	Prodigal	002006
1486	1	1687900	1688836	f	0	1	Prodigal	002006
1487	1	1688878	1690078	r	0	1	Prodigal	002006
1488	1	1690187	1691513	f	0	1	Prodigal	002006
1489	1	1691827	1692949	f	0	1	Prodigal	002006
1490	1	1692971	1693844	r	0	1	Prodigal	002006
1491	1	1693967	1694060	r	0	1	Prodigal	002006
1492	1	1695012	1696278	f	0	1	Prodigal	002006
1493	1	1696352	1697075	r	0	1	Prodigal	002006
1494	1	1697071	1697935	r	0	1	Prodigal	002006
1495	1	1698080	1698953	r	0	1	Prodigal	002006
1496	1	1699088	1700117	f	0	1	Prodigal	002006
1497	1	1700113	1700284	f	0	1	Prodigal	002006
1498	1	1700340	1701162	r	0	1	Prodigal	002006
1499	1	1701521	1703513	r	0	1	Prodigal	002006
1500	1	1703862	1705014	f	0	1	Prodigal	002006
1501	1	1705082	1705610	f	0	1	Prodigal	002006
1502	1	1705683	1706388	f	0	1	Prodigal	002006
1503	1	1706507	1707239	f	0	1	Prodigal	002006
1504	1	1707421	1708372	f	0	1	Prodigal	002006
1505	1	1708573	1709128	f	0	1	Prodigal	002006
1506	1	1709171	1709594	f	0	1	Prodigal	002006
1507	1	1709656	1711162	r	0	1	Prodigal	002006
1508	1	1711870	1712833	r	0	1	Prodigal	002006
1509	1	1712851	1714024	r	0	1	Prodigal	002006
1510	1	1714379	1715309	f	0	1	Prodigal	002006
1511	1	1715308	1716304	f	0	1	Prodigal	002006
1512	1	1716290	1718306	f	0	1	Prodigal	002006
1513	1	1718368	1719973	r	0	1	Prodigal	002006
1514	1	1720500	1721451	f	0	1	Prodigal	002006
1515	1	1721611	1721794	f	0	1	Prodigal	002006
1516	1	1722108	1723059	r	0	1	Prodigal	002006
1517	1	1723074	1726554	r	0	1	Prodigal	002006
1518	1	1726592	1727180	r	0	1	Prodigal	002006
1519	1	1727301	1728441	r	0	1	Prodigal	002006
1520	1	1728433	1729225	r	0	1	Prodigal	002006
1521	1	1729230	1729692	r	0	1	Prodigal	002006
1522	1	1729716	1730736	r	0	1	Prodigal	002006
1523	1	1730739	1731252	r	0	1	Prodigal	002006
1524	1	1731401	1733936	r	0	1	Prodigal	002006
1525	1	1733970	1735323	r	0	1	Prodigal	002006
1526	1	1735322	1736519	r	0	1	Prodigal	002006
1527	1	1736518	1737346	r	0	1	Prodigal	002006
1528	1	1737403	1738189	r	0	1	Prodigal	002006
1529	1	1738261	1738819	r	0	1	Prodigal	002006
1530	1	1738920	1739655	r	0	1	Prodigal	002006
1531	1	1739726	1740608	r	0	1	Prodigal	002006
1532	1	1740712	1741441	r	0	1	Prodigal	002006
1533	1	1741812	1742601	f	0	1	Prodigal	002006
1534	1	1742687	1745336	f	0	1	Prodigal	002006
1535	1	1745510	1746338	f	0	1	Prodigal	002006
1536	1	1746464	1746848	f	0	1	Prodigal	002006
1537	1	1747124	1748555	r	0	1	Prodigal	002006
1538	1	1748978	1749986	r	0	1	Prodigal	002006
1539	1	1750068	1751307	r	0	1	Prodigal	002006
1540	1	1751849	1752290	r	0	1	Prodigal	002006
1541	1	1752380	1753151	r	0	1	Prodigal	002006
1542	1	1753150	1753486	r	0	1	Prodigal	002006
1543	1	1753762	1754803	f	0	1	Prodigal	002006
1544	1	1754914	1755214	f	0	1	Prodigal	002006
1545	1	1755288	1755525	f	0	1	Prodigal	002006
1546	1	1755609	1755906	f	0	1	Prodigal	002006
1547	1	1755909	1756695	f	0	1	Prodigal	002006
1548	1	1756787	1757336	r	0	1	Prodigal	002006
1549	1	1757528	1758389	f	0	1	Prodigal	002006
1550	1	1758599	1760882	f	0	1	Prodigal	002006
1551	1	1760965	1762582	f	0	1	Prodigal	002006
1552	1	1762730	1764086	f	0	1	Prodigal	002006
1553	1	1764221	1765022	f	0	1	Prodigal	002006
1554	1	1765181	1766189	f	0	1	Prodigal	002006
1555	1	1766306	1766765	f	0	1	Prodigal	002006
1556	1	1766845	1767940	r	0	1	Prodigal	002006
1557	1	1767932	1768319	r	0	1	Prodigal	002006
1558	1	1768370	1769012	r	0	1	Prodigal	002006
1559	1	1769004	1769925	r	0	1	Prodigal	002006
1560	1	1770209	1772351	r	0	1	Prodigal	002006
1561	1	1772417	1773497	r	0	1	Prodigal	002006
1562	1	1773604	1773811	f	0	1	Prodigal	002006
1563	1	1773922	1774483	r	0	1	Prodigal	002006
1564	1	1774520	1775474	r	0	1	Prodigal	002006
1565	1	1775674	1776157	f	0	1	Prodigal	002006
1566	1	1776264	1777095	r	0	1	Prodigal	002006
1567	1	1777251	1778625	r	0	1	Prodigal	002006
1568	1	1778803	1779394	r	0	1	Prodigal	002006
1569	1	1779393	1779978	r	0	1	Prodigal	002006
1570	1	1779995	1781129	r	0	1	Prodigal	002006
1571	1	1781333	1781648	f	0	1	Prodigal	002006
1572	1	1782082	1783426	f	0	1	Prodigal	002006
1573	1	1783429	1784659	f	0	1	Prodigal	002006
1574	1	1784648	1785437	f	0	1	Prodigal	002006
1575	1	1785429	1786062	f	0	1	Prodigal	002006
1576	1	1786065	1786662	f	0	1	Prodigal	002006
1577	1	1786694	1787918	f	0	1	Prodigal	002006
1578	1	1787921	1788959	f	0	1	Prodigal	002006
1579	1	1788968	1789193	f	0	1	Prodigal	002006
1580	1	1789266	1789806	r	0	1	Prodigal	002006
1581	1	1789820	1790363	r	0	1	Prodigal	002006
1582	1	1790319	1790541	r	0	1	Prodigal	002006
1583	1	1790537	1791014	r	0	1	Prodigal	002006
1584	1	1791016	1792273	r	0	1	Prodigal	002006
1585	1	1792272	1793055	r	0	1	Prodigal	002006
1586	1	1793051	1794311	r	0	1	Prodigal	002006
1587	1	1794307	1795042	r	0	1	Prodigal	002006
1588	1	1795038	1795467	r	0	1	Prodigal	002006
1589	1	1795468	1796890	r	0	1	Prodigal	002006
1590	1	1796886	1797774	r	0	1	Prodigal	002006
1591	1	1797843	1798791	r	0	1	Prodigal	002006
1592	1	1798971	1799613	r	0	1	Prodigal	002006
1593	1	1799802	1800375	r	0	1	Prodigal	002006
1594	1	1800481	1801318	r	0	1	Prodigal	002006
1595	1	1801397	1801676	r	0	1	Prodigal	002006
1596	1	1801694	1802306	r	0	1	Prodigal	002006
1597	1	1802636	1803809	f	0	1	Prodigal	002006
1598	1	1803886	1804312	r	0	1	Prodigal	002006
1599	1	1804322	1804943	r	0	1	Prodigal	002006
1600	1	1805008	1806304	f	0	1	Prodigal	002006
1601	1	1806651	1808193	f	0	1	Prodigal	002006
1602	1	1809769	1810177	r	0	1	Prodigal	002006
1603	1	1810337	1810622	f	0	1	Prodigal	002006
1604	1	1811514	1812189	f	0	1	Prodigal	002006
1605	1	1813138	1813495	f	0	1	Prodigal	002006
1606	1	1814186	1814975	r	0	1	Prodigal	002006
1607	1	1815013	1816099	r	0	1	Prodigal	002006
1608	1	1816162	1817194	r	0	1	Prodigal	002006
1609	1	1817853	1819092	f	0	1	Prodigal	002006
1610	1	1819203	1819782	f	0	1	Prodigal	002006
1611	1	1820490	1820679	f	0	1	Prodigal	002006
1612	1	1821985	1822690	r	0	1	Prodigal	002006
1613	1	1822815	1823481	r	0	1	Prodigal	002006
1614	1	1824020	1825454	f	0	1	Prodigal	002006
1615	1	1825701	1826619	r	0	1	Prodigal	002006
1616	1	1827342	1828083	r	0	1	Prodigal	002006
1617	1	1828196	1828505	r	0	1	Prodigal	002006
1618	1	1828849	1829362	f	0	1	Prodigal	002006
1619	1	1829943	1830051	f	0	1	Prodigal	002006
1620	1	1830321	1831317	r	0	1	Prodigal	002006
1621	1	1831380	1831854	r	0	1	Prodigal	002006
1622	1	1831989	1832610	r	0	1	Prodigal	002006
1623	1	1832593	1833553	r	0	1	Prodigal	002006
1624	1	1833802	1834597	f	0	1	Prodigal	002006
1625	1	1834666	1835188	r	0	1	Prodigal	002006
1626	1	1835254	1836073	r	0	1	Prodigal	002006
1627	1	1836100	1836937	r	0	1	Prodigal	002006
1628	1	1837245	1838496	f	0	1	Prodigal	002006
1629	1	1838568	1839555	f	0	1	Prodigal	002006
1630	1	1839551	1841591	f	0	1	Prodigal	002006
1631	1	1842102	1842579	r	0	1	Prodigal	002006
1632	1	1842873	1842999	f	0	1	Prodigal	002006
1633	1	1843950	1846722	f	0	1	Prodigal	002006
1634	1	1846714	1848010	f	0	1	Prodigal	002006
1635	1	1847984	1850198	f	0	1	Prodigal	002006
1636	1	1850707	1852066	r	0	1	Prodigal	002006
1637	1	1853109	1854657	r	0	1	Prodigal	002006
1638	1	1855290	1855491	r	0	1	Prodigal	002006
1639	1	1855725	1855953	r	0	1	Prodigal	002006
1640	1	1856084	1856507	f	0	1	Prodigal	002006
1641	1	1856510	1857782	f	0	1	Prodigal	002006
1642	1	1857924	1858359	f	0	1	Prodigal	002006
1643	1	1858485	1858971	f	0	1	Prodigal	002006
1644	1	1859958	1860099	r	0	1	Prodigal	002006
1645	1	1860447	1861167	f	0	1	Prodigal	002006
1646	1	1861209	1861938	r	0	1	Prodigal	002006
1647	1	1861960	1863319	r	0	1	Prodigal	002006
1648	1	1864602	1865010	r	0	1	Prodigal	002006
1649	1	1865901	1866177	f	0	1	Prodigal	002006
1650	1	1868279	1869647	r	0	1	Prodigal	002006
1651	1	1869792	1869957	r	0	1	Prodigal	002006
1652	1	1869983	1870388	r	0	1	Prodigal	002006
1653	1	1870570	1870879	f	0	1	Prodigal	002006
1654	1	1870992	1871733	f	0	1	Prodigal	002006
1655	1	1872090	1872792	r	0	1	Prodigal	002006
1656	1	1872788	1874789	r	0	1	Prodigal	002006
1657	1	1874788	1875583	r	0	1	Prodigal	002006
1658	1	1875579	1877622	r	0	1	Prodigal	002006
1659	1	1877985	1878504	r	0	1	Prodigal	002006
1660	1	1878912	1879797	f	0	1	Prodigal	002006
1661	1	1879901	1881839	f	0	1	Prodigal	002006
1662	1	1882342	1883782	f	0	1	Prodigal	002006
1663	1	1883923	1884751	f	0	1	Prodigal	002006
1664	1	1884843	1885176	r	0	1	Prodigal	002006
1665	1	1885264	1886167	f	0	1	Prodigal	002006
1666	1	1886288	1886468	f	0	1	Prodigal	002006
1667	1	1886655	1887237	f	0	1	Prodigal	002006
1668	1	1887375	1888854	f	0	1	Prodigal	002006
1669	1	1888973	1889375	r	0	1	Prodigal	002006
1670	1	1889469	1891089	r	0	1	Prodigal	002006
1671	1	1891085	1891646	r	0	1	Prodigal	002006
1672	1	1891639	1892032	r	0	1	Prodigal	002006
1673	1	1892028	1892448	r	0	1	Prodigal	002006
1674	1	1892449	1892839	r	0	1	Prodigal	002006
1675	1	1893193	1894795	f	0	1	Prodigal	002006
1676	1	1894791	1895265	f	0	1	Prodigal	002006
1677	1	1895332	1897192	r	0	1	Prodigal	002006
1678	1	1897289	1897898	r	0	1	Prodigal	002006
1679	1	1898026	1898968	r	0	1	Prodigal	002006
1680	1	1899194	1900283	f	0	1	Prodigal	002006
1681	1	1900536	1901751	f	0	1	Prodigal	002006
1682	1	1901760	1902129	f	0	1	Prodigal	002006
1683	1	1902142	1902469	f	0	1	Prodigal	002006
1684	1	1902491	1904702	f	0	1	Prodigal	002006
1685	1	1904712	1906638	f	0	1	Prodigal	002006
1686	1	1906650	1907220	f	0	1	Prodigal	002006
1687	1	1907263	1909018	f	0	1	Prodigal	002006
1688	1	1909075	1909879	f	0	1	Prodigal	002006
1689	1	1909882	1910374	f	0	1	Prodigal	002006
1690	1	1910370	1911429	f	0	1	Prodigal	002006
1691	1	1911527	1913675	r	0	1	Prodigal	002006
1692	1	1913842	1914112	r	0	1	Prodigal	002006
1693	1	1914256	1915207	r	0	1	Prodigal	002006
1694	1	1915208	1915646	r	0	1	Prodigal	002006
1695	1	1915701	1918395	r	0	1	Prodigal	002006
1696	1	1918415	1919918	r	0	1	Prodigal	002006
1697	1	1919932	1920391	r	0	1	Prodigal	002006
1698	1	1920818	1921145	r	0	1	Prodigal	002006
1699	1	1921145	1921910	r	0	1	Prodigal	002006
1700	1	1922041	1923376	r	0	1	Prodigal	002006
1701	1	1923391	1924237	r	0	1	Prodigal	002006
1702	1	1924296	1926243	r	0	1	Prodigal	002006
1703	1	1926288	1926918	r	0	1	Prodigal	002006
1704	1	1927015	1927312	f	0	1	Prodigal	002006
1705	1	1927415	1927997	f	0	1	Prodigal	002006
1706	1	1928073	1928550	r	0	1	Prodigal	002006
1707	1	1928706	1929600	r	0	1	Prodigal	002006
1708	1	1929608	1930367	r	0	1	Prodigal	002006
1709	1	1930578	1930830	f	0	1	Prodigal	002006
1710	1	1930830	1931721	f	0	1	Prodigal	002006
1711	1	1931742	1933611	f	0	1	Prodigal	002006
1712	1	1933685	1934627	r	0	1	Prodigal	002006
1713	1	1934631	1935606	r	0	1	Prodigal	002006
1714	1	1935705	1937262	r	0	1	Prodigal	002006
1715	1	1937332	1939057	r	0	1	Prodigal	002006
1716	1	1939544	1940039	r	0	1	Prodigal	002006
1717	1	1940035	1941013	r	0	1	Prodigal	002006
1718	1	1941052	1941466	r	0	1	Prodigal	002006
1719	1	1941480	1941951	r	0	1	Prodigal	002006
1720	1	1942154	1943264	r	0	1	Prodigal	002006
1721	1	1943413	1944067	r	0	1	Prodigal	002006
1722	1	1944122	1945232	r	0	1	Prodigal	002006
1723	1	1945329	1945779	r	0	1	Prodigal	002006
1724	1	1945929	1947183	r	0	1	Prodigal	002006
1725	1	1947507	1947792	f	0	1	Prodigal	002006
1726	1	1947842	1950668	r	0	1	Prodigal	002006
1727	1	1950738	1951785	f	0	1	Prodigal	002006
1728	1	1951822	1952227	f	0	1	Prodigal	002006
1729	1	1952263	1952977	r	0	1	Prodigal	002006
1730	1	1953122	1954289	f	0	1	Prodigal	002006
1731	1	1954316	1956809	f	0	1	Prodigal	002006
1732	1	1956907	1957576	f	0	1	Prodigal	002006
1733	1	1957583	1957952	f	0	1	Prodigal	002006
1734	1	1958105	1960550	f	0	1	Prodigal	002006
1735	1	1960607	1960886	r	0	1	Prodigal	002006
1736	1	1961055	1963002	f	0	1	Prodigal	002006
1737	1	1963290	1963740	f	0	1	Prodigal	002006
1738	1	1963776	1964235	f	0	1	Prodigal	002006
1739	1	1964250	1965591	f	0	1	Prodigal	002006
1740	1	1965718	1965982	f	0	1	Prodigal	002006
1741	1	1965971	1967429	f	0	1	Prodigal	002006
1742	1	1967518	1968946	f	0	1	Prodigal	002006
1743	1	1968947	1969820	r	0	1	Prodigal	002006
1744	1	1969920	1970937	f	0	1	Prodigal	002006
1745	1	1971473	1972352	f	0	1	Prodigal	002006
1746	1	1972484	1972595	f	0	1	Prodigal	002006
1747	1	1972674	1973400	r	0	1	Prodigal	002006
1748	1	1973750	1975025	r	0	1	Prodigal	002006
1749	1	1975860	1976208	f	0	1	Prodigal	002006
1750	1	1976271	1978227	r	0	1	Prodigal	002006
1751	1	1978412	1978907	f	0	1	Prodigal	002006
1752	1	1978978	1994956	r	0	1	Prodigal	002006
1753	1	1995187	1996849	r	0	1	Prodigal	002006
1754	1	1996976	1997612	r	0	1	Prodigal	002006
1755	1	1997787	1999311	f	0	1	Prodigal	002006
1756	1	1999401	1999965	f	0	1	Prodigal	002006
1757	1	1999989	2000286	f	0	1	Prodigal	002006
1758	1	2000366	2001134	r	0	1	Prodigal	002006
1759	1	2001336	2002074	r	0	1	Prodigal	002006
1760	1	2002158	2002869	r	0	1	Prodigal	002006
1761	1	2002869	2003769	r	0	1	Prodigal	002006
1762	1	2003765	2004437	r	0	1	Prodigal	002006
1763	1	2004437	2005361	r	0	1	Prodigal	002006
1764	1	2005364	2007158	r	0	1	Prodigal	002006
1765	1	2007274	2007745	r	0	1	Prodigal	002006
1766	1	2007829	2008810	r	0	1	Prodigal	002006
1767	1	2008831	2009434	r	0	1	Prodigal	002006
1768	1	2009456	2010038	r	0	1	Prodigal	002006
1769	1	2010220	2011828	f	0	1	Prodigal	002006
1770	1	2011994	2012387	r	0	1	Prodigal	002006
1771	1	2012406	2012676	r	0	1	Prodigal	002006
1772	1	2012787	2013696	f	0	1	Prodigal	002006
1773	1	2013702	2014584	r	0	1	Prodigal	002006
1774	1	2014709	2015156	f	0	1	Prodigal	002006
1775	1	2015318	2015675	r	0	1	Prodigal	002006
1776	1	2015919	2016237	f	0	1	Prodigal	002006
1777	1	2016233	2018033	f	0	1	Prodigal	002006
1778	1	2018022	2018514	f	0	1	Prodigal	002006
1779	1	2018584	2018998	f	0	1	Prodigal	002006
1780	1	2019052	2019640	r	0	1	Prodigal	002006
1781	1	2019876	2021181	r	0	1	Prodigal	002006
1782	1	2021340	2022420	r	0	1	Prodigal	002006
1783	1	2022535	2023699	r	0	1	Prodigal	002006
1784	1	2023760	2024771	r	0	1	Prodigal	002006
1785	1	2024831	2025761	r	0	1	Prodigal	002006
1786	1	2025872	2026940	r	0	1	Prodigal	002006
1787	1	2027120	2027900	r	0	1	Prodigal	002006
1788	1	2028121	2031286	r	0	1	Prodigal	002006
1789	1	2031603	2032209	r	0	1	Prodigal	002006
1790	1	2032355	2033108	r	0	1	Prodigal	002006
1791	1	2033209	2034460	f	0	1	Prodigal	002006
1792	1	2034542	2034989	f	0	1	Prodigal	002006
1793	1	2035148	2038022	f	0	1	Prodigal	002006
1794	1	2038288	2039383	f	0	1	Prodigal	002006
1795	1	2039413	2039977	r	0	1	Prodigal	002006
1796	1	2040072	2042274	r	0	1	Prodigal	002006
1797	1	2042382	2043183	r	0	1	Prodigal	002006
1798	1	2043179	2043827	r	0	1	Prodigal	002006
1799	1	2043823	2045206	r	0	1	Prodigal	002006
1800	1	2045350	2047513	r	0	1	Prodigal	002006
1801	1	2047645	2048152	r	0	1	Prodigal	002006
1802	1	2054076	2055123	r	0	1	Prodigal	002006
1803	1	2055254	2055896	r	0	1	Prodigal	002006
1804	1	2056099	2056660	f	0	1	Prodigal	002006
1805	1	2056740	2057649	r	0	1	Prodigal	002006
1806	1	2057847	2058312	f	0	1	Prodigal	002006
1807	1	2058468	2059938	f	0	1	Prodigal	002006
1808	1	2060035	2061286	f	0	1	Prodigal	002006
1809	1	2061370	2062642	r	0	1	Prodigal	002006
1810	1	2062858	2063620	r	0	1	Prodigal	002006
1811	1	2063941	2065057	f	0	1	Prodigal	002006
1812	1	2065053	2065560	f	0	1	Prodigal	002006
1813	1	2065866	2066769	f	0	1	Prodigal	002006
1814	1	2066880	2067342	f	0	1	Prodigal	002006
1815	1	2067438	2069142	r	0	1	Prodigal	002006
1816	1	2069279	2070377	r	0	1	Prodigal	002006
1817	1	2070532	2071486	f	0	1	Prodigal	002006
1818	1	2071544	2072111	r	0	1	Prodigal	002006
1819	1	2072310	2073348	f	0	1	Prodigal	002006
1820	1	2073447	2074431	r	0	1	Prodigal	002006
1821	1	2074476	2075547	r	0	1	Prodigal	002006
1822	1	2075556	2076138	r	0	1	Prodigal	002006
1823	1	2076134	2076752	r	0	1	Prodigal	002006
1824	1	2076759	2077521	r	0	1	Prodigal	002006
1825	1	2077501	2078560	r	0	1	Prodigal	002006
1826	1	2078559	2079036	r	0	1	Prodigal	002006
1827	1	2079182	2079875	r	0	1	Prodigal	002006
1828	1	2079867	2080185	r	0	1	Prodigal	002006
1829	1	2080393	2081911	r	0	1	Prodigal	002006
1830	1	2082237	2083131	f	0	1	Prodigal	002006
1831	1	2083200	2084127	r	0	1	Prodigal	002006
1832	1	2084315	2085557	r	0	1	Prodigal	002006
1833	1	2085700	2086900	r	0	1	Prodigal	002006
1834	1	2087121	2087592	r	0	1	Prodigal	002006
1835	1	2087906	2089013	r	0	1	Prodigal	002006
1836	1	2089143	2089842	r	0	1	Prodigal	002006
1837	1	2089968	2090559	r	0	1	Prodigal	002006
1838	1	2090684	2091281	r	0	1	Prodigal	002006
1839	1	2091397	2092774	f	0	1	Prodigal	002006
1840	1	2092828	2093296	f	0	1	Prodigal	002006
1841	1	2093464	2095126	f	0	1	Prodigal	002006
1842	1	2095242	2095656	r	0	1	Prodigal	002006
1843	1	2095810	2097721	f	0	1	Prodigal	002006
1844	1	2097713	2098175	f	0	1	Prodigal	002006
1845	1	2098168	2099023	f	0	1	Prodigal	002006
1846	1	2099768	2100365	f	0	1	Prodigal	002006
1847	1	2100771	2100936	f	0	1	Prodigal	002006
1848	1	2102003	2102531	f	0	1	Prodigal	002006
1849	1	2102722	2102929	r	0	1	Prodigal	002006
1850	1	2103120	2103486	f	0	1	Prodigal	002006
1851	1	2103673	2104270	f	0	1	Prodigal	002006
1852	1	2104310	2105486	r	0	1	Prodigal	002006
1853	1	2105968	2106397	f	0	1	Prodigal	002006
1854	1	2106413	2107379	f	0	1	Prodigal	002006
1855	1	2107371	2108112	r	0	1	Prodigal	002006
1856	1	2108225	2108534	r	0	1	Prodigal	002006
1857	1	2108549	2110283	f	0	1	Prodigal	002006
1858	1	2110401	2110887	f	0	1	Prodigal	002006
1859	1	2111080	2111902	f	0	1	Prodigal	002006
1860	1	2111964	2113266	r	0	1	Prodigal	002006
1861	1	2113355	2114993	r	0	1	Prodigal	002006
1862	1	2115134	2115932	r	0	1	Prodigal	002006
1863	1	2116005	2118219	r	0	1	Prodigal	002006
1864	1	2118688	2120011	r	0	1	Prodigal	002006
1865	1	2120164	2122882	f	0	1	Prodigal	002006
1866	1	2122970	2123450	f	0	1	Prodigal	002006
1867	1	2123526	2124372	f	0	1	Prodigal	002006
1868	1	2124527	2124995	f	0	1	Prodigal	002006
1869	1	2125284	2126934	f	0	1	Prodigal	002006
1870	1	2127045	2128035	f	0	1	Prodigal	002006
1871	1	2128151	2129165	f	0	1	Prodigal	002006
1872	1	2129234	2129936	r	0	1	Prodigal	002006
1873	1	2130195	2131566	f	0	1	Prodigal	002006
1874	1	2131562	2132174	f	0	1	Prodigal	002006
1875	1	2132246	2132861	r	0	1	Prodigal	002006
1876	1	2133062	2133593	f	0	1	Prodigal	002006
1877	1	2133704	2134622	f	0	1	Prodigal	002006
1878	1	2134618	2135392	f	0	1	Prodigal	002006
1879	1	2135451	2137554	r	0	1	Prodigal	002006
1880	1	2137799	2138207	f	0	1	Prodigal	002006
1881	1	2138326	2138746	f	0	1	Prodigal	002006
1882	1	2138753	2139278	f	0	1	Prodigal	002006
1883	1	2139361	2140729	r	0	1	Prodigal	002006
1884	1	2140878	2141229	r	0	1	Prodigal	002006
1885	1	2141253	2142111	r	0	1	Prodigal	002006
1886	1	2142312	2143107	r	0	1	Prodigal	002006
1887	1	2143103	2143613	r	0	1	Prodigal	002006
1888	1	2143624	2145091	r	0	1	Prodigal	002006
1889	1	2145435	2146344	r	0	1	Prodigal	002006
1890	1	2146455	2146905	r	0	1	Prodigal	002006
1891	1	2147024	2147768	r	0	1	Prodigal	002006
1892	1	2147764	2148307	r	0	1	Prodigal	002006
1893	1	2148485	2150933	f	0	1	Prodigal	002006
1894	1	2151006	2153325	f	0	1	Prodigal	002006
1895	1	2153384	2153786	f	0	1	Prodigal	002006
1896	1	2153855	2154176	r	0	1	Prodigal	002006
1897	1	2154172	2154559	r	0	1	Prodigal	002006
1898	1	2154717	2155599	f	0	1	Prodigal	002006
1899	1	2155708	2157289	f	0	1	Prodigal	002006
1900	1	2157506	2158037	f	0	1	Prodigal	002006
1901	1	2158063	2158411	r	0	1	Prodigal	002006
1902	1	2158550	2159441	f	0	1	Prodigal	002006
1903	1	2159661	2160204	f	0	1	Prodigal	002006
1904	1	2160248	2160548	f	0	1	Prodigal	002006
1905	1	2160579	2161164	f	0	1	Prodigal	002006
1906	1	2161168	2161858	f	0	1	Prodigal	002006
1907	1	2161851	2161941	f	0	1	Prodigal	002006
1908	1	2161934	2163182	f	0	1	Prodigal	002006
1909	1	2163216	2163687	f	0	1	Prodigal	002006
1910	1	2163791	2164652	f	0	1	Prodigal	002006
1911	1	2164927	2166565	f	0	1	Prodigal	002006
1912	1	2167130	2168705	f	0	1	Prodigal	002006
1913	1	2169001	2169592	r	0	1	Prodigal	002006
1914	1	2169730	2171455	r	0	1	Prodigal	002006
1915	1	2171459	2172887	r	0	1	Prodigal	002006
1916	1	2172899	2173868	r	0	1	Prodigal	002006
1917	1	2173964	2175395	r	0	1	Prodigal	002006
1918	1	2175607	2176531	f	0	1	Prodigal	002006
1919	1	2176527	2176983	f	0	1	Prodigal	002006
1920	1	2177052	2179158	r	0	1	Prodigal	002006
1921	1	2179298	2180372	f	0	1	Prodigal	002006
1922	1	2180442	2181309	r	0	1	Prodigal	002006
1923	1	2181395	2182391	r	0	1	Prodigal	002006
1924	1	2182738	2184928	f	0	1	Prodigal	002006
1925	1	2185010	2187188	f	0	1	Prodigal	002006
1926	1	2187187	2189344	f	0	1	Prodigal	002006
1927	1	2189412	2189799	f	0	1	Prodigal	002006
1928	1	2189872	2191039	r	0	1	Prodigal	002006
1929	1	2191106	2191553	r	0	1	Prodigal	002006
1930	1	2191759	2191987	f	0	1	Prodigal	002006
1931	1	2192132	2192450	f	0	1	Prodigal	002006
1932	1	2192581	2193058	r	0	1	Prodigal	002006
1933	1	2193369	2193993	r	0	1	Prodigal	002006
1934	1	2194099	2195329	f	0	1	Prodigal	002006
1935	1	2195439	2196258	f	0	1	Prodigal	002006
1936	1	2196309	2196873	r	0	1	Prodigal	002006
1937	1	2197079	2197919	f	0	1	Prodigal	002006
1938	1	2198130	2199444	f	0	1	Prodigal	002006
1939	1	2199447	2200167	r	0	1	Prodigal	002006
1940	1	2200599	2201913	f	0	1	Prodigal	002006
1941	1	2201726	2202245	r	0	1	Prodigal	002006
1942	1	2203055	2203856	r	0	1	Prodigal	002006
1943	1	2204014	2204539	r	0	1	Prodigal	002006
1944	1	2204588	2205914	r	0	1	Prodigal	002006
1945	1	2206009	2207137	r	0	1	Prodigal	002006
1946	1	2207148	2207595	r	0	1	Prodigal	002006
1947	1	2207594	2208284	r	0	1	Prodigal	002006
1948	1	2208273	2208681	r	0	1	Prodigal	002006
1949	1	2208786	2209032	r	0	1	Prodigal	002006
1950	1	2209084	2209201	r	0	1	Prodigal	002006
1951	1	2209215	2210352	r	0	1	Prodigal	002006
1952	1	2210363	2211920	r	0	1	Prodigal	002006
1953	1	2212854	2213865	r	0	1	Prodigal	002006
1954	1	2213873	2214488	r	0	1	Prodigal	002006
1955	1	2214748	2216758	f	0	1	Prodigal	002006
1956	1	2216839	2217451	r	0	1	Prodigal	002006
1957	1	2217644	2218421	r	0	1	Prodigal	002006
1958	1	2218483	2219122	f	0	1	Prodigal	002006
1959	1	2219331	2220231	f	0	1	Prodigal	002006
1960	1	2220330	2222367	f	0	1	Prodigal	002006
1961	1	2222621	2224262	f	0	1	Prodigal	002006
1962	1	2224266	2225370	f	0	1	Prodigal	002006
1963	1	2225435	2226026	f	0	1	Prodigal	002006
1964	1	2226158	2226518	r	0	1	Prodigal	002006
1965	1	2226562	2227966	f	0	1	Prodigal	002006
1966	1	2227958	2229608	f	0	1	Prodigal	002006
1967	1	2229604	2230174	f	0	1	Prodigal	002006
1968	1	2230253	2231606	r	0	1	Prodigal	002006
1969	1	2231879	2233604	f	0	1	Prodigal	002006
1970	1	2233694	2234375	r	0	1	Prodigal	002006
1971	1	2234406	2235039	r	0	1	Prodigal	002006
1972	1	2235134	2235584	r	0	1	Prodigal	002006
1973	1	2235674	2236424	f	0	1	Prodigal	002006
1974	1	2236441	2236870	r	0	1	Prodigal	002006
1975	1	2237155	2237815	f	0	1	Prodigal	002006
1976	1	2237916	2238624	r	0	1	Prodigal	002006
1977	1	2238808	2240413	f	0	1	Prodigal	002006
1978	1	2240531	2240831	f	0	1	Prodigal	002006
1979	1	2240968	2242528	f	0	1	Prodigal	002006
1980	1	2242591	2243578	r	0	1	Prodigal	002006
1981	1	2243715	2244174	f	0	1	Prodigal	002006
1982	1	2244163	2244625	f	0	1	Prodigal	002006
1983	1	2244629	2244860	f	0	1	Prodigal	002006
1984	1	2244933	2246211	r	0	1	Prodigal	002006
1985	1	2246662	2247967	r	0	1	Prodigal	002006
1986	1	2248158	2248869	r	0	1	Prodigal	002006
1987	1	2248988	2250212	f	0	1	Prodigal	002006
1988	1	2250286	2250742	r	0	1	Prodigal	002006
1989	1	2250831	2252001	r	0	1	Prodigal	002006
1990	1	2252096	2252660	r	0	1	Prodigal	002006
1991	1	2252662	2253412	r	0	1	Prodigal	002006
1992	1	2253408	2255802	r	0	1	Prodigal	002006
1993	1	2255936	2256959	f	0	1	Prodigal	002006
1994	1	2257090	2258128	r	0	1	Prodigal	002006
1995	1	2258393	2259431	r	0	1	Prodigal	002006
1996	1	2259685	2260072	f	0	1	Prodigal	002006
1997	1	2260157	2261261	r	0	1	Prodigal	002006
1998	1	2261378	2261651	r	0	1	Prodigal	002006
1999	1	2261659	2262712	r	0	1	Prodigal	002006
2000	1	2262949	2264188	f	0	1	Prodigal	002006
2001	1	2264306	2265905	r	0	1	Prodigal	002006
2002	1	2265914	2266442	r	0	1	Prodigal	002006
2003	1	2266605	2267085	f	0	1	Prodigal	002006
2004	1	2267206	2268340	r	0	1	Prodigal	002006
2005	1	2268349	2269612	r	0	1	Prodigal	002006
2006	1	2269730	2270846	r	0	1	Prodigal	002006
2007	1	2270998	2271430	f	0	1	Prodigal	002006
2008	1	2271483	2271780	f	0	1	Prodigal	002006
2009	1	2271847	2272585	r	0	1	Prodigal	002006
2010	1	2272705	2273536	f	0	1	Prodigal	002006
2011	1	2273734	2275051	f	0	1	Prodigal	002006
2012	1	2275047	2275833	f	0	1	Prodigal	002006
2013	1	2275835	2277056	r	0	1	Prodigal	002006
2014	1	2277200	2278028	f	0	1	Prodigal	002006
2015	1	2278086	2278587	r	0	1	Prodigal	002006
2016	1	2278771	2281237	f	0	1	Prodigal	002006
2017	1	2281447	2285530	r	0	1	Prodigal	002006
2018	1	2285741	2286155	f	0	1	Prodigal	002006
2019	1	2286202	2287168	r	0	1	Prodigal	002006
2020	1	2287239	2287515	f	0	1	Prodigal	002006
2021	1	2287642	2288839	f	0	1	Prodigal	002006
2022	1	2289002	2289935	f	0	1	Prodigal	002006
2023	1	2289998	2290322	r	0	1	Prodigal	002006
2024	1	2290460	2291348	r	0	1	Prodigal	002006
2025	1	2291358	2292885	r	0	1	Prodigal	002006
2026	1	2293049	2293529	r	0	1	Prodigal	002006
2027	1	2293808	2296976	f	0	1	Prodigal	002006
2028	1	2296982	2298275	r	0	1	Prodigal	002006
2029	1	2298518	2298815	f	0	1	Prodigal	002006
2030	1	2298960	2299275	r	0	1	Prodigal	002006
2031	1	2299261	2300512	r	0	1	Prodigal	002006
2032	1	2300508	2302467	r	0	1	Prodigal	002006
2033	1	2302466	2304869	r	0	1	Prodigal	002006
2034	1	2305418	2307263	r	0	1	Prodigal	002006
2035	1	2307540	2309223	f	0	1	Prodigal	002006
2036	1	2309639	2311061	f	0	1	Prodigal	002006
2037	1	2311345	2312608	f	0	1	Prodigal	002006
2038	1	2312694	2313285	f	0	1	Prodigal	002006
2039	1	2313284	2313620	f	0	1	Prodigal	002006
2040	1	2313784	2313997	f	0	1	Prodigal	002006
2041	1	2314082	2314763	r	0	1	Prodigal	002006
2042	1	2314907	2315516	f	0	1	Prodigal	002006
2043	1	2315553	2316366	f	0	1	Prodigal	002006
2044	1	2316802	2318074	f	0	1	Prodigal	002006
2045	1	2318144	2318483	r	0	1	Prodigal	002006
2046	1	2318567	2319290	r	0	1	Prodigal	002006
2047	1	2319331	2319655	r	0	1	Prodigal	002006
2048	1	2319860	2321033	f	0	1	Prodigal	002006
2049	1	2321032	2323489	f	0	1	Prodigal	002006
2050	1	2323583	2324849	r	0	1	Prodigal	002006
2051	1	2324874	2325555	r	0	1	Prodigal	002006
2052	1	2325724	2326693	f	0	1	Prodigal	002006
2053	1	2326773	2327646	r	0	1	Prodigal	002006
2054	1	2327926	2328955	f	0	1	Prodigal	002006
2055	1	2329106	2330324	f	0	1	Prodigal	002006
2056	1	2330313	2331774	f	0	1	Prodigal	002006
2057	1	2332525	2332798	f	0	1	Prodigal	002006
2058	1	2332792	2333002	r	0	1	Prodigal	002006
2059	1	2333303	2334713	f	0	1	Prodigal	002006
2060	1	2334851	2335202	r	0	1	Prodigal	002006
2061	1	2335289	2335985	r	0	1	Prodigal	002006
2062	1	2336076	2337465	r	0	1	Prodigal	002006
2063	1	2337709	2338996	f	0	1	Prodigal	002006
2064	1	2339214	2340030	f	0	1	Prodigal	002006
2065	1	2339944	2340847	r	0	1	Prodigal	002006
2066	1	2341144	2341894	r	0	1	Prodigal	002006
2067	1	2348530	2351398	f	0	1	Prodigal	002006
2068	1	2351513	2352170	f	0	1	Prodigal	002006
2069	1	2352230	2352419	r	0	1	Prodigal	002006
2070	1	2352539	2353139	r	0	1	Prodigal	002006
2071	1	2353142	2354804	r	0	1	Prodigal	002006
2072	1	2354870	2356301	r	0	1	Prodigal	002006
2073	1	2356493	2357441	r	0	1	Prodigal	002006
2074	1	2357578	2358529	f	0	1	Prodigal	002006
2075	1	2358591	2358786	f	0	1	Prodigal	002006
2076	1	2358916	2359975	f	0	1	Prodigal	002006
2077	1	2360218	2361511	f	0	1	Prodigal	002006
2078	1	2361529	2362195	f	0	1	Prodigal	002006
2079	1	2362354	2363182	f	0	1	Prodigal	002006
2080	1	2364220	2364367	r	0	1	Prodigal	002006
2081	1	2364400	2364589	r	0	1	Prodigal	002006
2082	1	2364692	2365931	r	0	1	Prodigal	002006
2083	1	2365947	2368572	r	0	1	Prodigal	002006
2084	1	2368867	2369380	r	0	1	Prodigal	002006
2085	1	2369421	2370486	r	0	1	Prodigal	002006
2086	1	2370566	2371058	r	0	1	Prodigal	002006
2087	1	2371307	2373899	f	0	1	Prodigal	002006
2088	1	2373975	2374839	r	0	1	Prodigal	002006
2089	1	2375116	2376016	r	0	1	Prodigal	002006
2090	1	2376090	2376780	r	0	1	Prodigal	002006
2091	1	2376772	2377180	r	0	1	Prodigal	002006
2092	1	2377308	2378193	f	0	1	Prodigal	002006
2093	1	2378186	2379179	r	0	1	Prodigal	002006
2094	1	2379183	2379975	r	0	1	Prodigal	002006
2095	1	2380094	2380559	r	0	1	Prodigal	002006
2096	1	2380706	2381108	r	0	1	Prodigal	002006
2097	1	2381229	2383863	r	0	1	Prodigal	002006
2098	1	2384094	2385240	r	0	1	Prodigal	002006
2099	1	2385510	2386518	f	0	1	Prodigal	002006
2100	1	2386540	2387320	f	0	1	Prodigal	002006
2101	1	2387345	2388257	f	0	1	Prodigal	002006
2102	1	2388325	2389561	f	0	1	Prodigal	002006
2103	1	2389798	2391184	f	0	1	Prodigal	002006
2104	1	2391258	2391714	r	0	1	Prodigal	002006
2105	1	2391969	2392485	r	0	1	Prodigal	002006
2106	1	2393025	2394198	r	0	1	Prodigal	002006
2107	1	2394717	2395503	r	0	1	Prodigal	002006
2108	1	2395537	2395909	f	0	1	Prodigal	002006
2109	1	2395908	2396418	f	0	1	Prodigal	002006
2110	1	2396544	2397033	f	0	1	Prodigal	002006
2111	1	2397004	2398408	r	0	1	Prodigal	002006
2112	1	2398419	2399028	r	0	1	Prodigal	002006
2113	1	2399118	2400219	f	0	1	Prodigal	002006
2114	1	2400215	2403323	f	0	1	Prodigal	002006
2115	1	2403307	2404435	r	0	1	Prodigal	002006
2116	1	2404444	2405839	r	0	1	Prodigal	002006
2117	1	2406001	2407588	r	0	1	Prodigal	002006
2118	1	2407868	2410466	r	0	1	Prodigal	002006
2119	1	2410695	2412957	r	0	1	Prodigal	002006
2120	1	2413191	2415102	f	0	1	Prodigal	002006
2121	1	2415192	2416155	r	0	1	Prodigal	002006
2122	1	2416279	2417707	r	0	1	Prodigal	002006
2123	1	2417855	2419742	r	0	1	Prodigal	002006
2124	1	2419861	2422522	r	0	1	Prodigal	002006
2125	1	2422601	2423366	r	0	1	Prodigal	002006
2126	1	2423644	2424220	r	0	1	Prodigal	002006
2127	1	2424350	2424821	f	0	1	Prodigal	002006
2128	1	2424824	2425700	f	0	1	Prodigal	002006
2129	1	2426453	2428160	f	0	1	Prodigal	002006
2130	1	2428289	2429531	f	0	1	Prodigal	002006
2131	1	2429592	2430465	f	0	1	Prodigal	002006
2132	1	2430478	2431093	f	0	1	Prodigal	002006
2133	1	2431130	2431853	f	0	1	Prodigal	002006
2134	1	2431862	2432057	f	0	1	Prodigal	002006
2135	1	2432134	2432539	r	0	1	Prodigal	002006
2136	1	2432723	2435444	r	0	1	Prodigal	002006
2137	1	2435504	2436410	r	0	1	Prodigal	002006
2138	1	2436550	2437474	r	0	1	Prodigal	002006
2139	1	2437573	2438725	r	0	1	Prodigal	002006
2140	1	2438764	2440024	r	0	1	Prodigal	002006
2141	1	2440004	2440757	r	0	1	Prodigal	002006
2142	1	2440854	2442309	r	0	1	Prodigal	002006
2143	1	2442420	2443503	r	0	1	Prodigal	002006
2144	1	2443502	2444684	r	0	1	Prodigal	002006
2145	1	2444680	2445964	r	0	1	Prodigal	002006
2146	1	2445968	2447051	r	0	1	Prodigal	002006
2147	1	2447044	2448400	r	0	1	Prodigal	002006
2148	1	2448396	2449878	r	0	1	Prodigal	002006
2149	1	2449861	2451616	r	0	1	Prodigal	002006
2150	1	2451612	2451927	r	0	1	Prodigal	002006
2151	1	2451930	2452869	r	0	1	Prodigal	002006
2152	1	2452869	2453325	r	0	1	Prodigal	002006
2153	1	2453565	2453865	r	0	1	Prodigal	002006
2154	1	2454095	2454980	f	0	1	Prodigal	002006
2155	1	2454912	2455374	r	0	1	Prodigal	002006
2156	1	2455360	2456308	r	0	1	Prodigal	002006
2157	1	2456307	2457165	r	0	1	Prodigal	002006
2158	1	2457215	2457932	r	0	1	Prodigal	002006
2159	1	2457939	2458398	r	0	1	Prodigal	002006
2160	1	2458433	2459516	r	0	1	Prodigal	002006
2161	1	2459967	2460360	r	0	1	Prodigal	002006
2162	1	2460406	2461690	r	0	1	Prodigal	002006
2163	1	2461802	2462678	r	0	1	Prodigal	002006
2164	1	2462869	2463145	r	0	1	Prodigal	002006
2165	1	2463141	2464428	r	0	1	Prodigal	002006
2166	1	2464480	2465482	r	0	1	Prodigal	002006
2167	1	2465503	2466421	r	0	1	Prodigal	002006
2168	1	2466431	2467751	r	0	1	Prodigal	002006
2169	1	2467750	2468149	r	0	1	Prodigal	002006
2170	1	2468157	2469264	r	0	1	Prodigal	002006
2171	1	2469272	2469941	r	0	1	Prodigal	002006
2172	1	2469943	2470729	r	0	1	Prodigal	002006
2173	1	2470807	2471542	r	0	1	Prodigal	002006
2174	1	2471551	2472745	r	0	1	Prodigal	002006
2175	1	2472763	2473471	r	0	1	Prodigal	002006
2176	1	2473474	2473900	r	0	1	Prodigal	002006
2177	1	2473902	2474292	r	0	1	Prodigal	002006
2178	1	2474351	2475143	f	0	1	Prodigal	002006
2179	1	2475219	2475495	f	0	1	Prodigal	002006
2180	1	2475491	2475935	f	0	1	Prodigal	002006
2181	1	2475944	2476358	r	0	1	Prodigal	002006
2182	1	2476367	2477699	r	0	1	Prodigal	002006
2183	1	2477691	2478384	r	0	1	Prodigal	002006
2184	1	2478396	2479425	r	0	1	Prodigal	002006
2185	1	2479411	2481163	r	0	1	Prodigal	002006
2186	1	2481171	2481486	r	0	1	Prodigal	002006
2187	1	2481501	2482884	r	0	1	Prodigal	002006
2188	1	2483299	2485375	r	0	1	Prodigal	002006
2189	1	2485378	2486515	r	0	1	Prodigal	002006
2190	1	2486511	2487294	r	0	1	Prodigal	002006
2191	1	2487290	2487560	r	0	1	Prodigal	002006
2192	1	2487561	2488296	r	0	1	Prodigal	002006
2193	1	2488295	2488673	r	0	1	Prodigal	002006
2194	1	2488681	2489554	r	0	1	Prodigal	002006
2195	1	2490324	2491158	r	0	1	Prodigal	002006
2196	1	2491357	2493145	f	0	1	Prodigal	002006
2197	1	2493086	2493458	f	0	1	Prodigal	002006
2198	1	2493467	2494058	f	0	1	Prodigal	002006
2199	1	2494062	2494641	f	0	1	Prodigal	002006
2200	1	2494683	2495109	r	0	1	Prodigal	002006
2201	1	2495105	2495735	r	0	1	Prodigal	002006
2202	1	2495822	2496557	r	0	1	Prodigal	002006
2203	1	2496553	2497771	r	0	1	Prodigal	002006
2204	1	2497773	2498364	r	0	1	Prodigal	002006
2205	1	2498659	2499052	r	0	1	Prodigal	002006
2206	1	2499067	2499496	r	0	1	Prodigal	002006
2207	1	2499762	2500857	r	0	1	Prodigal	002006
2208	1	2500997	2501378	f	0	1	Prodigal	002006
2209	1	2501459	2502821	f	0	1	Prodigal	002006
2210	1	2502930	2504055	f	0	1	Prodigal	002006
2211	1	2504369	2504729	f	0	1	Prodigal	002006
2212	1	2504746	2505112	f	0	1	Prodigal	002006
2213	1	2505111	2505408	f	0	1	Prodigal	002006
2214	1	2505447	2506224	f	0	1	Prodigal	002006
2215	1	2506235	2506886	f	0	1	Prodigal	002006
2216	1	2506928	2508068	f	0	1	Prodigal	002006
2217	1	2508051	2509167	f	0	1	Prodigal	002006
2218	1	2509166	2509907	f	0	1	Prodigal	002006
2219	1	2510047	2511919	f	0	1	Prodigal	002006
2220	1	2511934	2512207	r	0	1	Prodigal	002006
2221	1	2512227	2513094	r	0	1	Prodigal	002006
2222	1	2513139	2513586	r	0	1	Prodigal	002006
2223	1	2513588	2513876	r	0	1	Prodigal	002006
2224	1	2513896	2515336	r	0	1	Prodigal	002006
2225	1	2515401	2516127	r	0	1	Prodigal	002006
2226	1	2516130	2516673	r	0	1	Prodigal	002006
2227	1	2516644	2517205	r	0	1	Prodigal	002006
2228	1	2517201	2517756	r	0	1	Prodigal	002006
2229	1	2517755	2518751	r	0	1	Prodigal	002006
2230	1	2518958	2519759	f	0	1	Prodigal	002006
2231	1	2519758	2520538	f	0	1	Prodigal	002006
2232	1	2520545	2521043	f	0	1	Prodigal	002006
2233	1	2521045	2521678	f	0	1	Prodigal	002006
2234	1	2521674	2521947	f	0	1	Prodigal	002006
2235	1	2521946	2522204	f	0	1	Prodigal	002006
2236	1	2522222	2523479	f	0	1	Prodigal	002006
2237	1	2523566	2524910	r	0	1	Prodigal	002006
2238	1	2525024	2525549	f	0	1	Prodigal	002006
2239	1	2525945	2526728	f	0	1	Prodigal	002006
2240	1	2526740	2527154	r	0	1	Prodigal	002006
2241	1	2527269	2528796	f	0	1	Prodigal	002006
2242	1	2528841	2529240	f	0	1	Prodigal	002006
2243	1	2529316	2530027	r	0	1	Prodigal	002006
2244	1	2530059	2531037	r	0	1	Prodigal	002006
2245	1	2531029	2531710	r	0	1	Prodigal	002006
2246	1	2531801	2532632	r	0	1	Prodigal	002006
2247	1	2532784	2534035	r	0	1	Prodigal	002006
2248	1	2534317	2534632	f	0	1	Prodigal	002006
2249	1	2534628	2535282	f	0	1	Prodigal	002006
2250	1	2535358	2537878	r	0	1	Prodigal	002006
2251	1	2538138	2539131	f	0	1	Prodigal	002006
2252	1	2539127	2539862	f	0	1	Prodigal	002006
2253	1	2539858	2540908	f	0	1	Prodigal	002006
2254	1	2540918	2542082	f	0	1	Prodigal	002006
2255	1	2542152	2542404	r	0	1	Prodigal	002006
2256	1	2542538	2543549	r	0	1	Prodigal	002006
2257	1	2543770	2544850	f	0	1	Prodigal	002006
2258	1	2544970	2545891	f	0	1	Prodigal	002006
2259	1	2545924	2546803	f	0	1	Prodigal	002006
2260	1	2547238	2548705	f	0	1	Prodigal	002006
2261	1	2548964	2549876	f	0	1	Prodigal	002006
2262	1	2550096	2551134	f	0	1	Prodigal	002006
2263	1	2551426	2553469	f	0	1	Prodigal	002006
2264	1	2553532	2554156	f	0	1	Prodigal	002006
2265	1	2554626	2555160	f	0	1	Prodigal	002006
2266	1	2555234	2556305	r	0	1	Prodigal	002006
2267	1	2556330	2557443	r	0	1	Prodigal	002006
2268	1	2557615	2559124	f	0	1	Prodigal	002006
2269	1	2559298	2559754	f	0	1	Prodigal	002006
2270	1	2559818	2562671	f	0	1	Prodigal	002006
2271	1	2562738	2563791	r	0	1	Prodigal	002006
2272	1	2564092	2564680	f	0	1	Prodigal	002006
2273	1	2564775	2565690	r	0	1	Prodigal	002006
2274	1	2565640	2566138	r	0	1	Prodigal	002006
2275	1	2566299	2567748	f	0	1	Prodigal	002006
2276	1	2568215	2568533	r	0	1	Prodigal	002006
2277	1	2568755	2570105	f	0	1	Prodigal	002006
2278	1	2570214	2570991	f	0	1	Prodigal	002006
2279	1	2571003	2571852	r	0	1	Prodigal	002006
2280	1	2571997	2573263	f	0	1	Prodigal	002006
2281	1	2573440	2574355	f	0	1	Prodigal	002006
2282	1	2574351	2575101	f	0	1	Prodigal	002006
2283	1	2575137	2575851	r	0	1	Prodigal	002006
2284	1	2575883	2576279	r	0	1	Prodigal	002006
2285	1	2576544	2578722	r	0	1	Prodigal	002006
2286	1	2578867	2580571	r	0	1	Prodigal	002006
2287	1	2580671	2580848	f	0	1	Prodigal	002006
2288	1	2580998	2582267	f	0	1	Prodigal	002006
2289	1	2582374	2583001	f	0	1	Prodigal	002006
2290	1	2583067	2583967	r	0	1	Prodigal	002006
2291	1	2584104	2584545	r	0	1	Prodigal	002006
2292	1	2584628	2586263	f	0	1	Prodigal	002006
2293	1	2586378	2587032	r	0	1	Prodigal	002006
2294	1	2587071	2588079	r	0	1	Prodigal	002006
2295	1	2588085	2588862	r	0	1	Prodigal	002006
2296	1	2588854	2589754	r	0	1	Prodigal	002006
2297	1	2589753	2590587	r	0	1	Prodigal	002006
2298	1	2590597	2591644	r	0	1	Prodigal	002006
2299	1	2591871	2592669	f	0	1	Prodigal	002006
2300	1	2592718	2593483	r	0	1	Prodigal	002006
2301	1	2593737	2593938	r	0	1	Prodigal	002006
2302	1	2594759	2595386	f	0	1	Prodigal	002006
2303	1	2595470	2596469	r	0	1	Prodigal	002006
2304	1	2596673	2596868	r	0	1	Prodigal	002006
2305	1	2597038	2598382	r	0	1	Prodigal	002006
2306	1	2599745	2601809	r	0	1	Prodigal	002006
2307	1	2601805	2605414	r	0	1	Prodigal	002006
2308	1	2605413	2608788	r	0	1	Prodigal	002006
2309	1	2609046	2609439	r	0	1	Prodigal	002006
2310	1	2609478	2610165	r	0	1	Prodigal	002006
2311	1	2610195	2610522	r	0	1	Prodigal	002006
2312	1	2610786	2611686	f	0	1	Prodigal	002006
2313	1	2611798	2612149	r	0	1	Prodigal	002006
2314	1	2612348	2613071	f	0	1	Prodigal	002006
2315	1	2613104	2614466	f	0	1	Prodigal	002006
2316	1	2614606	2615995	f	0	1	Prodigal	002006
2317	1	2616062	2618015	r	0	1	Prodigal	002006
2318	1	2624373	2624757	r	0	1	Prodigal	002006
2319	1	2624800	2625790	r	0	1	Prodigal	002006
2320	1	2625815	2626436	r	0	1	Prodigal	002006
2321	1	2626475	2626865	r	0	1	Prodigal	002006
2322	1	2626879	2627236	r	0	1	Prodigal	002006
2323	1	2627516	2628845	r	0	1	Prodigal	002006
2324	1	2628853	2629291	r	0	1	Prodigal	002006
2325	1	2629293	2629473	r	0	1	Prodigal	002006
2326	1	2629479	2629980	r	0	1	Prodigal	002006
2327	1	2629994	2630348	r	0	1	Prodigal	002006
2328	1	2630357	2630891	r	0	1	Prodigal	002006
2329	1	2630904	2631297	r	0	1	Prodigal	002006
2330	1	2631318	2631624	r	0	1	Prodigal	002006
2331	1	2631634	2632174	r	0	1	Prodigal	002006
2332	1	2632187	2632505	r	0	1	Prodigal	002006
2333	1	2632516	2632885	r	0	1	Prodigal	002006
2334	1	2633032	2633281	r	0	1	Prodigal	002006
2335	1	2633280	2633472	r	0	1	Prodigal	002006
2336	1	2633471	2633885	r	0	1	Prodigal	002006
2337	1	2633898	2634612	r	0	1	Prodigal	002006
2338	1	2634615	2634963	r	0	1	Prodigal	002006
2339	1	2634970	2635249	r	0	1	Prodigal	002006
2340	1	2635271	2636093	r	0	1	Prodigal	002006
2341	1	2636108	2636411	r	0	1	Prodigal	002006
2342	1	2636407	2637013	r	0	1	Prodigal	002006
2343	1	2637030	2637663	r	0	1	Prodigal	002006
2344	1	2637685	2637997	r	0	1	Prodigal	002006
2345	1	2638353	2639268	f	0	1	Prodigal	002006
2346	1	2639305	2640616	r	0	1	Prodigal	002006
2347	1	2640612	2641335	r	0	1	Prodigal	002006
2348	1	2641584	2642058	f	0	1	Prodigal	002006
2349	1	2642259	2644569	f	0	1	Prodigal	002006
2350	1	2644639	2644918	r	0	1	Prodigal	002006
2351	1	2645003	2645771	r	0	1	Prodigal	002006
2352	1	2645772	2646006	r	0	1	Prodigal	002006
2353	1	2646077	2646842	r	0	1	Prodigal	002006
2354	1	2647129	2647609	f	0	1	Prodigal	002006
2355	1	2647689	2648268	f	0	1	Prodigal	002006
2356	1	2648337	2649342	r	0	1	Prodigal	002006
2357	1	2649344	2649815	r	0	1	Prodigal	002006
2358	1	2649865	2650297	r	0	1	Prodigal	002006
2359	1	2650543	2652073	f	0	1	Prodigal	002006
2360	1	2652082	2653435	f	0	1	Prodigal	002006
2361	1	2653567	2654218	r	0	1	Prodigal	002006
2362	1	2654307	2655315	f	0	1	Prodigal	002006
2363	1	2655399	2656041	r	0	1	Prodigal	002006
2364	1	2656050	2657847	r	0	1	Prodigal	002006
2365	1	2657843	2658353	r	0	1	Prodigal	002006
2366	1	2658598	2659939	f	0	1	Prodigal	002006
2367	1	2660089	2661439	f	0	1	Prodigal	002006
2368	1	2661629	2663699	f	0	1	Prodigal	002006
2369	1	2663730	2665848	f	0	1	Prodigal	002006
2370	1	2665902	2666811	r	0	1	Prodigal	002006
2371	1	2666862	2667543	f	0	1	Prodigal	002006
2372	1	2667531	2667969	r	0	1	Prodigal	002006
2373	1	2668055	2668928	r	0	1	Prodigal	002006
2374	1	2669104	2670346	r	0	1	Prodigal	002006
2375	1	2670600	2671827	r	0	1	Prodigal	002006
2376	1	2671995	2673429	r	0	1	Prodigal	002006
2377	1	2673739	2674807	f	0	1	Prodigal	002006
2378	1	2674871	2677079	r	0	1	Prodigal	002006
2379	1	2677226	2677442	f	0	1	Prodigal	002006
2380	1	2677552	2678203	r	0	1	Prodigal	002006
2381	1	2678325	2680179	r	0	1	Prodigal	002006
2382	1	2680325	2680811	f	0	1	Prodigal	002006
2383	1	2681081	2681756	r	0	1	Prodigal	002006
2384	1	2681915	2682203	r	0	1	Prodigal	002006
2385	1	2682213	2683641	r	0	1	Prodigal	002006
2386	1	2683746	2684049	f	0	1	Prodigal	002006
2387	1	2684116	2685952	r	0	1	Prodigal	002006
2388	1	2686085	2686550	f	0	1	Prodigal	002006
2389	1	2686674	2687202	f	0	1	Prodigal	002006
2390	1	2687694	2688399	r	0	1	Prodigal	002006
2391	1	2688444	2689290	r	0	1	Prodigal	002006
2392	1	2689286	2690192	r	0	1	Prodigal	002006
2393	1	2690188	2691343	r	0	1	Prodigal	002006
2394	1	2691421	2692507	r	0	1	Prodigal	002006
2395	1	2692626	2693724	r	0	1	Prodigal	002006
2396	1	2693777	2695139	r	0	1	Prodigal	002006
2397	1	2695415	2696774	r	0	1	Prodigal	002006
2398	1	2697239	2697614	f	0	1	Prodigal	002006
2399	1	2697761	2698619	f	0	1	Prodigal	002006
2400	1	2698681	2699128	f	0	1	Prodigal	002006
2401	1	2699154	2699649	f	0	1	Prodigal	002006
2402	1	2699723	2700713	f	0	1	Prodigal	002006
2403	1	2700805	2702167	f	0	1	Prodigal	002006
2404	1	2702332	2702749	f	0	1	Prodigal	002006
2405	1	2702837	2703668	f	0	1	Prodigal	002006
2406	1	2703673	2705503	f	0	1	Prodigal	002006
2407	1	2705602	2706136	r	0	1	Prodigal	002006
2408	1	2706226	2707369	r	0	1	Prodigal	002006
2409	1	2707539	2708673	f	0	1	Prodigal	002006
2410	1	2708740	2710474	r	0	1	Prodigal	002006
2411	1	2710525	2711536	r	0	1	Prodigal	002006
2412	1	2711552	2713097	r	0	1	Prodigal	002006
2413	1	2713126	2714113	r	0	1	Prodigal	002006
2414	1	2714389	2717449	r	0	1	Prodigal	002006
2415	1	2717638	2718646	r	0	1	Prodigal	002006
2416	1	2718847	2719861	f	0	1	Prodigal	002006
2417	1	2719921	2720980	f	0	1	Prodigal	002006
2418	1	2720976	2722125	f	0	1	Prodigal	002006
2419	1	2722121	2723111	f	0	1	Prodigal	002006
2420	1	2723226	2724042	f	0	1	Prodigal	002006
2421	1	2724108	2724804	r	0	1	Prodigal	002006
2422	1	2724796	2725366	r	0	1	Prodigal	002006
2423	1	2725507	2726074	r	0	1	Prodigal	002006
2424	1	2726384	2728130	f	0	1	Prodigal	002006
2425	1	2728133	2728979	f	0	1	Prodigal	002006
2426	1	2729166	2729700	f	0	1	Prodigal	002006
2427	1	2729766	2731095	f	0	1	Prodigal	002006
2428	1	2731359	2733906	f	0	1	Prodigal	002006
2429	1	2733902	2734223	f	0	1	Prodigal	002006
2430	1	2734280	2735093	f	0	1	Prodigal	002006
2431	1	2735105	2736506	f	0	1	Prodigal	002006
2432	1	2736651	2738076	f	0	1	Prodigal	002006
2433	1	2738161	2739127	r	0	1	Prodigal	002006
2434	1	2739129	2740248	r	0	1	Prodigal	002006
2435	1	2740247	2741813	r	0	1	Prodigal	002006
2436	1	2741898	2742897	r	0	1	Prodigal	002006
2437	1	2743403	2745575	f	0	1	Prodigal	002006
2438	1	2746105	2747092	f	0	1	Prodigal	002006
2439	1	2747205	2748255	f	0	1	Prodigal	002006
2440	1	2748682	2749045	r	0	1	Prodigal	002006
2441	1	2749307	2749505	r	0	1	Prodigal	002006
2442	1	2749817	2750318	f	0	1	Prodigal	002006
2443	1	2750419	2750932	r	0	1	Prodigal	002006
2444	1	2751209	2751866	r	0	1	Prodigal	002006
2445	1	2752256	2753387	r	0	1	Prodigal	002006
2446	1	2753444	2754080	r	0	1	Prodigal	002006
2447	1	2754120	2754942	r	0	1	Prodigal	002006
2448	1	2755002	2755719	r	0	1	Prodigal	002006
2449	1	2756018	2756558	f	0	1	Prodigal	002006
2450	1	2756601	2757921	r	0	1	Prodigal	002006
2451	1	2757936	2759034	r	0	1	Prodigal	002006
2452	1	2759062	2760079	r	0	1	Prodigal	002006
2453	1	2760082	2760796	r	0	1	Prodigal	002006
2454	1	2760836	2761928	r	0	1	Prodigal	002006
2455	1	2761924	2763133	r	0	1	Prodigal	002006
2456	1	2763135	2764899	r	0	1	Prodigal	002006
2457	1	2765017	2765974	r	0	1	Prodigal	002006
2458	1	2766132	2766777	f	0	1	Prodigal	002006
2459	1	2766892	2768083	f	0	1	Prodigal	002006
2460	1	2768138	2769167	f	0	1	Prodigal	002006
2461	1	2769370	2769820	f	0	1	Prodigal	002006
2462	1	2769904	2772181	f	0	1	Prodigal	002006
2463	1	2772183	2774196	r	0	1	Prodigal	002006
2464	1	2774377	2775598	f	0	1	Prodigal	002006
2465	1	2775611	2776046	f	0	1	Prodigal	002006
2466	1	2776067	2776904	r	0	1	Prodigal	002006
2467	1	2782328	2782445	r	0	1	Prodigal	002006
2468	1	2782857	2783349	f	0	1	Prodigal	002006
2469	1	2783356	2784193	r	0	1	Prodigal	002006
2470	1	2784270	2786076	r	0	1	Prodigal	002006
2471	1	2786341	2787244	r	0	1	Prodigal	002006
2472	1	2787353	2788280	f	0	1	Prodigal	002006
2473	1	2788284	2788587	f	0	1	Prodigal	002006
2474	1	2788650	2789160	f	0	1	Prodigal	002006
2475	1	2789156	2790281	f	0	1	Prodigal	002006
2476	1	2790354	2791545	r	0	1	Prodigal	002006
2477	1	2791654	2792398	r	0	1	Prodigal	002006
2478	1	2792444	2794118	r	0	1	Prodigal	002006
2479	1	2794199	2795384	r	0	1	Prodigal	002006
2480	1	2795533	2796058	r	0	1	Prodigal	002006
2481	1	2796150	2797338	r	0	1	Prodigal	002006
2482	1	2797739	2798177	f	0	1	Prodigal	002006
2483	1	2798369	2799383	f	0	1	Prodigal	002006
2484	1	2799361	2800321	r	0	1	Prodigal	002006
2485	1	2800412	2801312	f	0	1	Prodigal	002006
2486	1	2801296	2801458	f	0	1	Prodigal	002006
2487	1	2801582	2802044	r	0	1	Prodigal	002006
2488	1	2802083	2802938	f	0	1	Prodigal	002006
2489	1	2802944	2803808	r	0	1	Prodigal	002006
2490	1	2803878	2804592	r	0	1	Prodigal	002006
2491	1	2804814	2805867	f	0	1	Prodigal	002006
2492	1	2806170	2806797	f	0	1	Prodigal	002006
2493	1	2806876	2807152	f	0	1	Prodigal	002006
2494	1	2807283	2809401	f	0	1	Prodigal	002006
2495	1	2809445	2810177	f	0	1	Prodigal	002006
2496	1	2810176	2810836	f	0	1	Prodigal	002006
2497	1	2810835	2811876	f	0	1	Prodigal	002006
2498	1	2811965	2812781	f	0	1	Prodigal	002006
2499	1	2812856	2813171	r	0	1	Prodigal	002006
2500	1	2813243	2814521	r	0	1	Prodigal	002006
2501	1	2814504	2816913	r	0	1	Prodigal	002006
2502	1	2816909	2818169	r	0	1	Prodigal	002006
2503	1	2818483	2819821	f	0	1	Prodigal	002006
2504	1	2819883	2821317	f	0	1	Prodigal	002006
2505	1	2821340	2821856	r	0	1	Prodigal	002006
2506	1	2822730	2823327	f	0	1	Prodigal	002006
2507	1	2823323	2824457	f	0	1	Prodigal	002006
2508	1	2824472	2827553	f	0	1	Prodigal	002006
2509	1	2827671	2829639	f	0	1	Prodigal	002006
2510	1	2829715	2831065	f	0	1	Prodigal	002006
2511	1	2831424	2831517	f	0	1	Prodigal	002006
2512	1	2831528	2833223	f	0	1	Prodigal	002006
2513	1	2833290	2835348	f	0	1	Prodigal	002006
2514	1	2835410	2835938	f	0	1	Prodigal	002006
2515	1	2836064	2838653	f	0	1	Prodigal	002006
2516	1	2838711	2839395	f	0	1	Prodigal	002006
2517	1	2839399	2840527	r	0	1	Prodigal	002006
2518	1	2840619	2841444	f	0	1	Prodigal	002006
2519	1	2841373	2841607	r	0	1	Prodigal	002006
2520	1	2841735	2841849	f	0	1	Prodigal	002006
2521	1	2841900	2843151	f	0	1	Prodigal	002006
2522	1	2843223	2843664	r	0	1	Prodigal	002006
2523	1	2843757	2844171	r	0	1	Prodigal	002006
2524	1	2844451	2845222	f	0	1	Prodigal	002006
2525	1	2845313	2846273	f	0	1	Prodigal	002006
2526	1	2846376	2848788	r	0	1	Prodigal	002006
2527	1	2848784	2849888	r	0	1	Prodigal	002006
2528	1	2849890	2850994	r	0	1	Prodigal	002006
2529	1	2851077	2852448	r	0	1	Prodigal	002006
2530	1	2852759	2853518	f	0	1	Prodigal	002006
2531	1	2853521	2854187	f	0	1	Prodigal	002006
2532	1	2854199	2854934	f	0	1	Prodigal	002006
2533	1	2855204	2855339	f	0	1	Prodigal	002006
2534	1	2855338	2855698	f	0	1	Prodigal	002006
2535	1	2855918	2857565	f	0	1	Prodigal	002006
2536	1	2857663	2859025	f	0	1	Prodigal	002006
2537	1	2859096	2861079	r	0	1	Prodigal	002006
2538	1	2861075	2861972	r	0	1	Prodigal	002006
2539	1	2862006	2862771	r	0	1	Prodigal	002006
2540	1	2862817	2864464	r	0	1	Prodigal	002006
2541	1	2864543	2866640	r	0	1	Prodigal	002006
2542	1	2867036	2867486	f	0	1	Prodigal	002006
2543	1	2867994	2869884	f	0	1	Prodigal	002006
2544	1	2869896	2870532	f	0	1	Prodigal	002006
2545	1	2870558	2871362	f	0	1	Prodigal	002006
2546	1	2871358	2872267	f	0	1	Prodigal	002006
2547	1	2872475	2872868	f	0	1	Prodigal	002006
2548	1	2872876	2873659	f	0	1	Prodigal	002006
2549	1	2873717	2873960	f	0	1	Prodigal	002006
2550	1	2874014	2874485	f	0	1	Prodigal	002006
2551	1	2874498	2875032	f	0	1	Prodigal	002006
2552	1	2875047	2876589	f	0	1	Prodigal	002006
2553	1	2876632	2877499	f	0	1	Prodigal	002006
2554	1	2877532	2878921	f	0	1	Prodigal	002006
2555	1	2878939	2879368	f	0	1	Prodigal	002006
2556	1	2879462	2880830	f	0	1	Prodigal	002006
2557	1	2880850	2882254	f	0	1	Prodigal	002006
2558	1	2882237	2883596	f	0	1	Prodigal	002006
2559	1	2883597	2884137	f	0	1	Prodigal	002006
2560	1	2884152	2886294	f	0	1	Prodigal	002006
2561	1	2886290	2887505	f	0	1	Prodigal	002006
2562	1	2887501	2888881	f	0	1	Prodigal	002006
2563	1	2888877	2889888	f	0	1	Prodigal	002006
2564	1	2889884	2891102	f	0	1	Prodigal	002006
2565	1	2891098	2891602	f	0	1	Prodigal	002006
2566	1	2891588	2892716	f	0	1	Prodigal	002006
2567	1	2892712	2893120	f	0	1	Prodigal	002006
2568	1	2893152	2894550	r	0	1	Prodigal	002006
2569	1	2894684	2896040	r	0	1	Prodigal	002006
2570	1	2896157	2896637	r	0	1	Prodigal	002006
2571	1	2896720	2897515	r	0	1	Prodigal	002006
2572	1	2897595	2899017	r	0	1	Prodigal	002006
2573	1	2899013	2899733	r	0	1	Prodigal	002006
2574	1	2899810	2900584	f	0	1	Prodigal	002006
2575	1	2900640	2902473	f	0	1	Prodigal	002006
2576	1	2902547	2903324	r	0	1	Prodigal	002006
2577	1	2903534	2904296	f	0	1	Prodigal	002006
2578	1	2904292	2905597	f	0	1	Prodigal	002006
2579	1	2905593	2906124	f	0	1	Prodigal	002006
2580	1	2906120	2906522	f	0	1	Prodigal	002006
2581	1	2906518	2907181	f	0	1	Prodigal	002006
2582	1	2907183	2908362	f	0	1	Prodigal	002006
2583	1	2908579	2908696	f	0	1	Prodigal	002006
2584	1	2914300	2915545	f	0	1	Prodigal	002006
2585	1	2915538	2916804	f	0	1	Prodigal	002006
2586	1	2916899	2917277	f	0	1	Prodigal	002006
2587	1	2917342	2918095	f	0	1	Prodigal	002006
2588	1	2918103	2918712	f	0	1	Prodigal	002006
2589	1	2918711	2920352	f	0	1	Prodigal	002006
2590	1	2920394	2920646	f	0	1	Prodigal	002006
2591	1	2920649	2921114	f	0	1	Prodigal	002006
2592	1	2921110	2921866	f	0	1	Prodigal	002006
2593	1	2922054	2922840	f	0	1	Prodigal	002006
2594	1	2922843	2923860	f	0	1	Prodigal	002006
2595	1	2923943	2926133	r	0	1	Prodigal	002006
2596	1	2926697	2928740	f	0	1	Prodigal	002006
2597	1	2928947	2931494	f	0	1	Prodigal	002006
2598	1	2931500	2932241	r	0	1	Prodigal	002006
2599	1	2932317	2933067	f	0	1	Prodigal	002006
2600	1	2933137	2933392	r	0	1	Prodigal	002006
2601	1	2933422	2934913	r	0	1	Prodigal	002006
2602	1	2934924	2936214	r	0	1	Prodigal	002006
2603	1	2936327	2936654	f	0	1	Prodigal	002006
2604	1	2936858	2938124	f	0	1	Prodigal	002006
2605	1	2938232	2939225	f	0	1	Prodigal	002006
2606	1	2939258	2940728	f	0	1	Prodigal	002006
2607	1	2940874	2941573	f	0	1	Prodigal	002006
2608	1	2941792	2942806	f	0	1	Prodigal	002006
2609	1	2942860	2943118	r	0	1	Prodigal	002006
2610	1	2943259	2944093	r	0	1	Prodigal	002006
2611	1	2944089	2944413	r	0	1	Prodigal	002006
2612	1	2944535	2945237	r	0	1	Prodigal	002006
2613	1	2945247	2946021	r	0	1	Prodigal	002006
2614	1	2946017	2947286	r	0	1	Prodigal	002006
2615	1	2947285	2948212	r	0	1	Prodigal	002006
2616	1	2948278	2949400	r	0	1	Prodigal	002006
2617	1	2949834	2950839	f	0	1	Prodigal	002006
2618	1	2951090	2953355	f	0	1	Prodigal	002006
2619	1	2953429	2953924	r	0	1	Prodigal	002006
2620	1	2954050	2954428	r	0	1	Prodigal	002006
2621	1	2954701	2956162	f	0	1	Prodigal	002006
2622	1	2956283	2957048	r	0	1	Prodigal	002006
2623	1	2957292	2958687	r	0	1	Prodigal	002006
2624	1	2958784	2960854	r	0	1	Prodigal	002006
2625	1	2960863	2961787	r	0	1	Prodigal	002006
2626	1	2962009	2962582	f	0	1	Prodigal	002006
2627	1	2962711	2963368	f	0	1	Prodigal	002006
2628	1	2963512	2963860	r	0	1	Prodigal	002006
2629	1	2963881	2964058	r	0	1	Prodigal	002006
2630	1	2964296	2964488	f	0	1	Prodigal	002006
2631	1	2964563	2965802	r	0	1	Prodigal	002006
2632	1	2965806	2967252	r	0	1	Prodigal	002006
2633	1	2967248	2967971	r	0	1	Prodigal	002006
2634	1	2968250	2969414	r	0	1	Prodigal	002006
2635	1	2969435	2971583	r	0	1	Prodigal	002006
2636	1	2971787	2973725	r	0	1	Prodigal	002006
2637	1	2973916	2975239	f	0	1	Prodigal	002006
2638	1	2975238	2975856	f	0	1	Prodigal	002006
2639	1	2975892	2977350	f	0	1	Prodigal	002006
2640	1	2977357	2977882	f	0	1	Prodigal	002006
2641	1	2978146	2978263	f	0	1	Prodigal	002006
2642	1	2983933	2986516	r	0	1	Prodigal	002006
2643	1	2986589	2986781	r	0	1	Prodigal	002006
2644	1	2986961	2987834	f	0	1	Prodigal	002006
2645	1	2987822	2988716	r	0	1	Prodigal	002006
2646	1	2988937	2990419	f	0	1	Prodigal	002006
2647	1	2990575	2992225	r	0	1	Prodigal	002006
2648	1	2992572	2993409	r	0	1	Prodigal	002006
2649	1	2993574	2994171	r	0	1	Prodigal	002006
2650	1	2994240	2994699	r	0	1	Prodigal	002006
2651	1	2994779	2995982	r	0	1	Prodigal	002006
2652	1	2996129	2996804	f	0	1	Prodigal	002006
2653	1	2996940	2997177	f	0	1	Prodigal	002006
2654	1	2997188	2997356	f	0	1	Prodigal	002006
2655	1	2997449	2997905	f	0	1	Prodigal	002006
2656	1	2997929	2998742	f	0	1	Prodigal	002006
2657	1	2998856	2999792	f	0	1	Prodigal	002006
2658	1	2999897	3000380	r	0	1	Prodigal	002006
2659	1	3000514	3001552	f	0	1	Prodigal	002006
2660	1	3001603	3002380	r	0	1	Prodigal	002006
2661	1	3002656	3003691	f	0	1	Prodigal	002006
2662	1	3003692	3004958	f	0	1	Prodigal	002006
2663	1	3005056	3006358	r	0	1	Prodigal	002006
2664	1	3006367	3006655	r	0	1	Prodigal	002006
2665	1	3006690	3007134	r	0	1	Prodigal	002006
2666	1	3007385	3008408	f	0	1	Prodigal	002006
2667	1	3008440	3009421	f	0	1	Prodigal	002006
2668	1	3009495	3009621	f	0	1	Prodigal	002006
2669	1	3009759	3010092	f	0	1	Prodigal	002006
2670	1	3010112	3010277	r	0	1	Prodigal	002006
2671	1	3010389	3010824	r	0	1	Prodigal	002006
2672	1	3010969	3011506	f	0	1	Prodigal	002006
2673	1	3011502	3012372	f	0	1	Prodigal	002006
2674	1	3012441	3014865	r	0	1	Prodigal	002006
2675	1	3015069	3015693	f	0	1	Prodigal	002006
2676	1	3016092	3016392	f	0	1	Prodigal	002006
2677	1	3016602	3017229	f	0	1	Prodigal	002006
2678	1	3017303	3018593	f	0	1	Prodigal	002006
2679	1	3018606	3019071	r	0	1	Prodigal	002006
2680	1	3019145	3020516	r	0	1	Prodigal	002006
2681	1	3020497	3021193	r	0	1	Prodigal	002006
2682	1	3021278	3022190	f	0	1	Prodigal	002006
2683	1	3022198	3022978	f	0	1	Prodigal	002006
2684	1	3022998	3024279	f	0	1	Prodigal	002006
2685	1	3024525	3024735	f	0	1	Prodigal	002006
2686	1	3024807	3025458	r	0	1	Prodigal	002006
2687	1	3025858	3028624	f	0	1	Prodigal	002006
2688	1	3028712	3029276	r	0	1	Prodigal	002006
2689	1	3035291	3036257	f	0	1	Prodigal	002006
2690	1	3036578	3039653	f	0	1	Prodigal	002006
2691	1	3039649	3040105	f	0	1	Prodigal	002006
2692	1	3040208	3041654	f	0	1	Prodigal	002006
2693	1	3041730	3042069	f	0	1	Prodigal	002006
2694	1	3042235	3043681	f	0	1	Prodigal	002006
2695	1	3043974	3044925	f	0	1	Prodigal	002006
2696	1	3045004	3047155	r	0	1	Prodigal	002006
2697	1	3047519	3048242	f	0	1	Prodigal	002006
2698	1	3048292	3049129	r	0	1	Prodigal	002006
2699	1	3049177	3050305	r	0	1	Prodigal	002006
2700	1	3050425	3051331	f	0	1	Prodigal	002006
2701	1	3051451	3052315	r	0	1	Prodigal	002006
2702	1	3052462	3053179	f	0	1	Prodigal	002006
2703	1	3053520	3054174	f	0	1	Prodigal	002006
2704	1	3054353	3056783	f	0	1	Prodigal	002006
2705	1	3056783	3057173	f	0	1	Prodigal	002006
2706	1	3057300	3058455	f	0	1	Prodigal	002006
2707	1	3058485	3058749	f	0	1	Prodigal	002006
2708	1	3058904	3060356	f	0	1	Prodigal	002006
2709	1	3060412	3061450	f	0	1	Prodigal	002006
2710	1	3061587	3062196	f	0	1	Prodigal	002006
2711	1	3062268	3063447	r	0	1	Prodigal	002006
2712	1	3063448	3063547	r	0	1	Prodigal	002006
2713	1	3063548	3064184	r	0	1	Prodigal	002006
2714	1	3064258	3064909	f	0	1	Prodigal	002006
2715	1	3064905	3065412	f	0	1	Prodigal	002006
2716	1	3065336	3066302	r	0	1	Prodigal	002006
2717	1	3066308	3067208	r	0	1	Prodigal	002006
2718	1	3067334	3068849	r	0	1	Prodigal	002006
2719	1	3069233	3070880	f	0	1	Prodigal	002006
2720	1	3070876	3071155	f	0	1	Prodigal	002006
2721	1	3071167	3072112	f	0	1	Prodigal	002006
2722	1	3072254	3074096	f	0	1	Prodigal	002006
2723	1	3074099	3075620	f	0	1	Prodigal	002006
2724	1	3075922	3077017	f	0	1	Prodigal	002006
2725	1	3077096	3078206	r	0	1	Prodigal	002006
2726	1	3078328	3079948	r	0	1	Prodigal	002006
2727	1	3080090	3080993	r	0	1	Prodigal	002006
2728	1	3081106	3081277	r	0	1	Prodigal	002006
2729	1	3081402	3082899	r	0	1	Prodigal	002006
2730	1	3083023	3083566	r	0	1	Prodigal	002006
2731	1	3083752	3085084	f	0	1	Prodigal	002006
2732	1	3085165	3086662	f	0	1	Prodigal	002006
2733	1	3086745	3087474	f	0	1	Prodigal	002006
2734	1	3087657	3088629	f	0	1	Prodigal	002006
2735	1	3088735	3089575	f	0	1	Prodigal	002006
2736	1	3089920	3090373	f	0	1	Prodigal	002006
2737	1	3090445	3090967	r	0	1	Prodigal	002006
2738	1	3091107	3091323	f	0	1	Prodigal	002006
2739	1	3091319	3092660	f	0	1	Prodigal	002006
2740	1	3092811	3093813	r	0	1	Prodigal	002006
2741	1	3093954	3095373	r	0	1	Prodigal	002006
2742	1	3095382	3096438	r	0	1	Prodigal	002006
2743	1	3096524	3097103	r	0	1	Prodigal	002006
2744	1	3097218	3098628	r	0	1	Prodigal	002006
2745	1	3098979	3100791	f	0	1	Prodigal	002006
2746	1	3101032	3102475	r	0	1	Prodigal	002006
2747	1	3102571	3103948	r	0	1	Prodigal	002006
2748	1	3104035	3105328	r	0	1	Prodigal	002006
2749	1	3105388	3106333	r	0	1	Prodigal	002006
2750	1	3106345	3106858	r	0	1	Prodigal	002006
2751	1	3106966	3108058	f	0	1	Prodigal	002006
2752	1	3108059	3109175	f	0	1	Prodigal	002006
2753	1	3109167	3109641	f	0	1	Prodigal	002006
2754	1	3109696	3110254	f	0	1	Prodigal	002006
2755	1	3110328	3110832	f	0	1	Prodigal	002006
2756	1	3110967	3111528	f	0	1	Prodigal	002006
2757	1	3111640	3112549	f	0	1	Prodigal	002006
2758	1	3112652	3113474	f	0	1	Prodigal	002006
2759	1	3113470	3113731	f	0	1	Prodigal	002006
2760	1	3114506	3115163	r	0	1	Prodigal	002006
2761	1	3115305	3115923	f	0	1	Prodigal	002006
2762	1	3116759	3117347	f	0	1	Prodigal	002006
2763	1	3117358	3117799	f	0	1	Prodigal	002006
2764	1	3117830	3119204	f	0	1	Prodigal	002006
2765	1	3119944	3120373	r	0	1	Prodigal	002006
2766	1	3120311	3120959	r	0	1	Prodigal	002006
2767	1	3121056	3121233	r	0	1	Prodigal	002006
2768	1	3121980	3123201	f	0	1	Prodigal	002006
2769	1	3123263	3124190	f	0	1	Prodigal	002006
2770	1	3124269	3125274	f	0	1	Prodigal	002006
2771	1	3125397	3126804	f	0	1	Prodigal	002006
2772	1	3126935	3127427	r	0	1	Prodigal	002006
2773	1	3127627	3128092	r	0	1	Prodigal	002006
2774	1	3128107	3129028	r	0	1	Prodigal	002006
2775	1	3129302	3129845	r	0	1	Prodigal	002006
2776	1	3130267	3131140	r	0	1	Prodigal	002006
2777	1	3131240	3131738	f	0	1	Prodigal	002006
2778	1	3131945	3133838	f	0	1	Prodigal	002006
2779	1	3133903	3134416	r	0	1	Prodigal	002006
2780	1	3134433	3135336	r	0	1	Prodigal	002006
2781	1	3135493	3136657	f	0	1	Prodigal	002006
2782	1	3137164	3138691	f	0	1	Prodigal	002006
2783	1	3138702	3140187	f	0	1	Prodigal	002006
2784	1	3140285	3141065	f	0	1	Prodigal	002006
2785	1	3141212	3141881	f	0	1	Prodigal	002006
2786	1	3141917	3143204	f	0	1	Prodigal	002006
2787	1	3143337	3144738	f	0	1	Prodigal	002006
2788	1	3144836	3146165	f	0	1	Prodigal	002006
2789	1	3146311	3147067	r	0	1	Prodigal	002006
2790	1	3147184	3148165	f	0	1	Prodigal	002006
2791	1	3148277	3149015	f	0	1	Prodigal	002006
2792	1	3149217	3151791	f	0	1	Prodigal	002006
2793	1	3151851	3152676	f	0	1	Prodigal	002006
2794	1	3152900	3153893	r	0	1	Prodigal	002006
2795	1	3154047	3154509	f	0	1	Prodigal	002006
2796	1	3154611	3155376	r	0	1	Prodigal	002006
2797	1	3155463	3156000	f	0	1	Prodigal	002006
2798	1	3155996	3156401	r	0	1	Prodigal	002006
2799	1	3156563	3157268	f	0	1	Prodigal	002006
2800	1	3157193	3157769	r	0	1	Prodigal	002006
2801	1	3157893	3157986	f	0	1	Prodigal	002006
2802	1	3158089	3159490	f	0	1	Prodigal	002006
2803	1	3159486	3160014	f	0	1	Prodigal	002006
2804	1	3160010	3161291	f	0	1	Prodigal	002006
2805	1	3161292	3161775	r	0	1	Prodigal	002006
2806	1	3161977	3162073	f	0	1	Prodigal	002006
2807	1	3162144	3163146	f	0	1	Prodigal	002006
2808	1	3163136	3163763	f	0	1	Prodigal	002006
2809	1	3163759	3164002	r	0	1	Prodigal	002006
2810	1	3164071	3164410	f	0	1	Prodigal	002006
2811	1	3164431	3165088	f	0	1	Prodigal	002006
2812	1	3165084	3166434	f	0	1	Prodigal	002006
2813	1	3166475	3166937	f	0	1	Prodigal	002006
2814	1	3167022	3169503	r	0	1	Prodigal	002006
2815	1	3169526	3170657	r	0	1	Prodigal	002006
2816	1	3170933	3172901	f	0	1	Prodigal	002006
2817	1	3172956	3173454	f	0	1	Prodigal	002006
2818	1	3173521	3175495	f	0	1	Prodigal	002006
2819	1	3175535	3175976	r	0	1	Prodigal	002006
2820	1	3175990	3176524	r	0	1	Prodigal	002006
2821	1	3176625	3177456	f	0	1	Prodigal	002006
2822	1	3177496	3178852	r	0	1	Prodigal	002006
2823	1	3178848	3179502	r	0	1	Prodigal	002006
2824	1	3179629	3180667	f	0	1	Prodigal	002006
2825	1	3180663	3181629	f	0	1	Prodigal	002006
2826	1	3181709	3182648	r	0	1	Prodigal	002006
2827	1	3183277	3184462	f	0	1	Prodigal	002006
2828	1	3184652	3185024	f	0	1	Prodigal	002006
2829	1	3185033	3185585	f	0	1	Prodigal	002006
2830	1	3185719	3186148	f	0	1	Prodigal	002006
2831	1	3186152	3186854	f	0	1	Prodigal	002006
2832	1	3187110	3187611	f	0	1	Prodigal	002006
2833	1	3187662	3188028	f	0	1	Prodigal	002006
2834	1	3188252	3192281	f	0	1	Prodigal	002006
2835	1	3192372	3196677	f	0	1	Prodigal	002006
2836	1	3196871	3197588	f	0	1	Prodigal	002006
2837	1	3197612	3197993	f	0	1	Prodigal	002006
2838	1	3198077	3198470	f	0	1	Prodigal	002006
2839	1	3198478	3198838	f	0	1	Prodigal	002006
2840	1	3198845	3199124	f	0	1	Prodigal	002006
2841	1	3199306	3199681	f	0	1	Prodigal	002006
2842	1	3199774	3200245	f	0	1	Prodigal	002006
2843	1	3200320	3202426	f	0	1	Prodigal	002006
2844	1	3202480	3203665	f	0	1	Prodigal	002006
2845	1	3203777	3204320	f	0	1	Prodigal	002006
2846	1	3210528	3210894	r	0	1	Prodigal	002006
2847	1	3210913	3211534	r	0	1	Prodigal	002006
2848	1	3211681	3212800	f	0	1	Prodigal	002006
2849	1	3212875	3212986	r	0	1	Prodigal	002006
2850	1	3213010	3213166	r	0	1	Prodigal	002006
2851	1	3213341	3213968	f	0	1	Prodigal	002006
2852	1	3214045	3215599	r	0	1	Prodigal	002006
2853	1	3215598	3216651	r	0	1	Prodigal	002006
2854	1	3216747	3217650	f	0	1	Prodigal	002006
2855	1	3217659	3217974	f	0	1	Prodigal	002006
2856	1	3217985	3219269	r	0	1	Prodigal	002006
2857	1	3219478	3219724	f	0	1	Prodigal	002006
2858	1	3219847	3220423	f	0	1	Prodigal	002006
2859	1	3220498	3221467	r	0	1	Prodigal	002006
2860	1	3221743	3221905	f	0	1	Prodigal	002006
2861	1	3221921	3222224	f	0	1	Prodigal	002006
2862	1	3222452	3223874	f	0	1	Prodigal	002006
2863	1	3223851	3224028	r	0	1	Prodigal	002006
2864	1	3224101	3225355	f	0	1	Prodigal	002006
2865	1	3225875	3228431	r	0	1	Prodigal	002006
2866	1	3228534	3229506	r	0	1	Prodigal	002006
2867	1	3229918	3232072	r	0	1	Prodigal	002006
2868	1	3232306	3232738	r	0	1	Prodigal	002006
2869	1	3232790	3233108	r	0	1	Prodigal	002006
2870	1	3233196	3233919	r	0	1	Prodigal	002006
2871	1	3234061	3234904	f	0	1	Prodigal	002006
2872	1	3235005	3235602	f	0	1	Prodigal	002006
2873	1	3235669	3237526	f	0	1	Prodigal	002006
2874	1	3237522	3237909	f	0	1	Prodigal	002006
2875	1	3238196	3239183	f	0	1	Prodigal	002006
2876	1	3240038	3240350	r	0	1	Prodigal	002006
2877	1	3240333	3240963	r	0	1	Prodigal	002006
2878	1	3241073	3242900	f	0	1	Prodigal	002006
2879	1	3242989	3243658	f	0	1	Prodigal	002006
2880	1	3243657	3244611	f	0	1	Prodigal	002006
2881	1	3245062	3245917	f	0	1	Prodigal	002006
2882	1	3246042	3246702	f	0	1	Prodigal	002006
2883	1	3246710	3247418	f	0	1	Prodigal	002006
2884	1	3247572	3248808	f	0	1	Prodigal	002006
2885	1	3248800	3249745	f	0	1	Prodigal	002006
2886	1	3249799	3251509	f	0	1	Prodigal	002006
2887	1	3251513	3253046	f	0	1	Prodigal	002006
2888	1	3253191	3254289	r	0	1	Prodigal	002006
2889	1	3254589	3256116	r	0	1	Prodigal	002006
2890	1	3256620	3258549	f	0	1	Prodigal	002006
2891	1	3258625	3259549	r	0	1	Prodigal	002006
2892	1	3259636	3260500	f	0	1	Prodigal	002006
2893	1	3260499	3261093	f	0	1	Prodigal	002006
2894	1	3261092	3261740	f	0	1	Prodigal	002006
2895	1	3261732	3262062	f	0	1	Prodigal	002006
2896	1	3262132	3263806	f	0	1	Prodigal	002006
2897	1	3263898	3264789	f	0	1	Prodigal	002006
2898	1	3264785	3265865	f	0	1	Prodigal	002006
2899	1	3265939	3267649	f	0	1	Prodigal	002006
2900	1	3267652	3268873	f	0	1	Prodigal	002006
2901	1	3268893	3269355	f	0	1	Prodigal	002006
2902	1	3269432	3270104	f	0	1	Prodigal	002006
2903	1	3270641	3271124	f	0	1	Prodigal	002006
2904	1	3271110	3271671	f	0	1	Prodigal	002006
2905	1	3271670	3272600	f	0	1	Prodigal	002006
2906	1	3272637	3273063	f	0	1	Prodigal	002006
2907	1	3273062	3276803	f	0	1	Prodigal	002006
2908	1	3277007	3278048	f	0	1	Prodigal	002006
2909	1	3278090	3278981	f	0	1	Prodigal	002006
2910	1	3278980	3279466	f	0	1	Prodigal	002006
2911	1	3279468	3280056	f	0	1	Prodigal	002006
2912	1	3280151	3281621	f	0	1	Prodigal	002006
2913	1	3281651	3285515	f	0	1	Prodigal	002006
2914	1	3285549	3285870	f	0	1	Prodigal	002006
2915	1	3285895	3286702	f	0	1	Prodigal	002006
2916	1	3286880	3288329	f	0	1	Prodigal	002006
2917	1	3288460	3288664	r	0	1	Prodigal	002006
2918	1	3288823	3289546	r	0	1	Prodigal	002006
2919	1	3289684	3291004	r	0	1	Prodigal	002006
2920	1	3291170	3291845	f	0	1	Prodigal	002006
2921	1	3291950	3292670	f	0	1	Prodigal	002006
2922	1	3292743	3293010	r	0	1	Prodigal	002006
2923	1	3293179	3294001	f	0	1	Prodigal	002006
2924	1	3294129	3294627	f	0	1	Prodigal	002006
2925	1	3294780	3294957	r	0	1	Prodigal	002006
2926	1	3295463	3296798	r	0	1	Prodigal	002006
2927	1	3296945	3300653	f	0	1	Prodigal	002006
2928	1	3300884	3301781	f	0	1	Prodigal	002006
2929	1	3301934	3303164	r	0	1	Prodigal	002006
2930	1	3303160	3303829	r	0	1	Prodigal	002006
2931	1	3303917	3304340	f	0	1	Prodigal	002006
2932	1	3304426	3304912	f	0	1	Prodigal	002006
2933	1	3305169	3306636	f	0	1	Prodigal	002006
2934	1	3307281	3309273	f	0	1	Prodigal	002006
2935	1	3309269	3310877	f	0	1	Prodigal	002006
2936	1	3310866	3311661	f	0	1	Prodigal	002006
2937	1	3311657	3311864	f	0	1	Prodigal	002006
2938	1	3311949	3312717	f	0	1	Prodigal	002006
2939	1	3312827	3314027	f	0	1	Prodigal	002006
2940	1	3315616	3316318	f	0	1	Prodigal	002006
2941	1	3316497	3317079	r	0	1	Prodigal	002006
2942	1	3317078	3317495	r	0	1	Prodigal	002006
2943	1	3317523	3318159	r	0	1	Prodigal	002006
2944	1	3318182	3318500	r	0	1	Prodigal	002006
2945	1	3318848	3319739	f	0	1	Prodigal	002006
2946	1	3320210	3321485	f	0	1	Prodigal	002006
2947	1	3321551	3322190	r	0	1	Prodigal	002006
2948	1	3322437	3323064	f	0	1	Prodigal	002006
2949	1	3323154	3324078	r	0	1	Prodigal	002006
2950	1	3324583	3326011	f	0	1	Prodigal	002006
2951	1	3326093	3326561	r	0	1	Prodigal	002006
2952	1	3326658	3327156	r	0	1	Prodigal	002006
2953	1	3327268	3327673	r	0	1	Prodigal	002006
2954	1	3327760	3329563	r	0	1	Prodigal	002006
2955	1	3329596	3330262	r	0	1	Prodigal	002006
2956	1	3330455	3332081	r	0	1	Prodigal	002006
2957	1	3332230	3333115	r	0	1	Prodigal	002006
2958	1	3333192	3333591	r	0	1	Prodigal	002006
2959	1	3333846	3334227	r	0	1	Prodigal	002006
2960	1	3334411	3335800	f	0	1	Prodigal	002006
2961	1	3335796	3336882	f	0	1	Prodigal	002006
2962	1	3337229	3337697	r	0	1	Prodigal	002006
2963	1	3338404	3338821	r	0	1	Prodigal	002006
2964	1	3339176	3340313	r	0	1	Prodigal	002006
2965	1	3340330	3341440	r	0	1	Prodigal	002006
2966	1	3341436	3342351	r	0	1	Prodigal	002006
2967	1	3342355	3343408	r	0	1	Prodigal	002006
2968	1	3343524	3344424	f	0	1	Prodigal	002006
2969	1	3344497	3346399	f	0	1	Prodigal	002006
2970	1	3346493	3347576	r	0	1	Prodigal	002006
2971	1	3347721	3348438	r	0	1	Prodigal	002006
2972	1	3348439	3349069	r	0	1	Prodigal	002006
2973	1	3349078	3350149	r	0	1	Prodigal	002006
2974	1	3350387	3351746	r	0	1	Prodigal	002006
2975	1	3352050	3352263	r	0	1	Prodigal	002006
2976	1	3352857	3353142	r	0	1	Prodigal	002006
2977	1	3353288	3354191	r	0	1	Prodigal	002006
2978	1	3354520	3354637	f	0	1	Prodigal	002006
2979	1	3354655	3354778	f	0	1	Prodigal	002006
2980	1	3354850	3355606	r	0	1	Prodigal	002006
2981	1	3355743	3356331	r	0	1	Prodigal	002006
2982	1	3356757	3357405	f	0	1	Prodigal	002006
2983	1	3357404	3357848	f	0	1	Prodigal	002006
2984	1	3357859	3358261	f	0	1	Prodigal	002006
2985	1	3358268	3359108	f	0	1	Prodigal	002006
2986	1	3359296	3359818	f	0	1	Prodigal	002006
2987	1	3359852	3361442	f	0	1	Prodigal	002006
2988	1	3361441	3361867	f	0	1	Prodigal	002006
2989	1	3361956	3364785	f	0	1	Prodigal	002006
2990	1	3364905	3366579	f	0	1	Prodigal	002006
2991	1	3367037	3367652	f	0	1	Prodigal	002006
2992	1	3367874	3369854	f	0	1	Prodigal	002006
2993	1	3369862	3371332	f	0	1	Prodigal	002006
2994	1	3371405	3372206	r	0	1	Prodigal	002006
2995	1	3372535	3373426	f	0	1	Prodigal	002006
2996	1	3373495	3374560	r	0	1	Prodigal	002006
2997	1	3374682	3375858	r	0	1	Prodigal	002006
2998	1	3375977	3376547	f	0	1	Prodigal	002006
2999	1	3376563	3377760	r	0	1	Prodigal	002006
3000	1	3378060	3378177	f	0	1	Prodigal	002006
3001	1	3383990	3384308	f	0	1	Prodigal	002006
3002	1	3384516	3387600	f	0	1	Prodigal	002006
3003	1	3387709	3388519	r	0	1	Prodigal	002006
3004	1	3388633	3390355	r	0	1	Prodigal	002006
3005	1	3390553	3391702	r	0	1	Prodigal	002006
3006	1	3391755	3392994	r	0	1	Prodigal	002006
3007	1	3393138	3394086	f	0	1	Prodigal	002006
3008	1	3394086	3394605	r	0	1	Prodigal	002006
3009	1	3394748	3395219	f	0	1	Prodigal	002006
3010	1	3395309	3397274	r	0	1	Prodigal	002006
3011	1	3397533	3397791	f	0	1	Prodigal	002006
3012	1	3398036	3400004	f	0	1	Prodigal	002006
3013	1	3400113	3401742	f	0	1	Prodigal	002006
3014	1	3401826	3403266	r	0	1	Prodigal	002006
3015	1	3403452	3403974	f	0	1	Prodigal	002006
3016	1	3404005	3404251	f	0	1	Prodigal	002006
3017	1	3404247	3405054	f	0	1	Prodigal	002006
3018	1	3405114	3406587	r	0	1	Prodigal	002006
3019	1	3407060	3407516	f	0	1	Prodigal	002006
3020	1	3407659	3408811	f	0	1	Prodigal	002006
3021	1	3408900	3409359	r	0	1	Prodigal	002006
3022	1	3409543	3410020	r	0	1	Prodigal	002006
3023	1	3410164	3410371	r	0	1	Prodigal	002006
3024	1	3410507	3410819	f	0	1	Prodigal	002006
3025	1	3410815	3412882	f	0	1	Prodigal	002006
3026	1	3412868	3413588	r	0	1	Prodigal	002006
3027	1	3413789	3414806	f	0	1	Prodigal	002006
3028	1	3414981	3415461	f	0	1	Prodigal	002006
3029	1	3415478	3416093	f	0	1	Prodigal	002006
3030	1	3416177	3417125	r	0	1	Prodigal	002006
3031	1	3417311	3420071	r	0	1	Prodigal	002006
3032	1	3420291	3421719	r	0	1	Prodigal	002006
3033	1	3421711	3422641	r	0	1	Prodigal	002006
3034	1	3422640	3423588	r	0	1	Prodigal	002006
3035	1	3423611	3424409	r	0	1	Prodigal	002006
3036	1	3424368	3426126	r	0	1	Prodigal	002006
3037	1	3426158	3427481	r	0	1	Prodigal	002006
3038	1	3427689	3428595	f	0	1	Prodigal	002006
3039	1	3428675	3430070	r	0	1	Prodigal	002006
3040	1	3430338	3430746	f	0	1	Prodigal	002006
3041	1	3430773	3431064	r	0	1	Prodigal	002006
3042	1	3431153	3432533	r	0	1	Prodigal	002006
3043	1	3433075	3434281	f	0	1	Prodigal	002006
3044	1	3434345	3434879	r	0	1	Prodigal	002006
3045	1	3434971	3435421	r	0	1	Prodigal	002006
3046	1	3435561	3436527	f	0	1	Prodigal	002006
3047	1	3436540	3437053	f	0	1	Prodigal	002006
3048	1	3437113	3437362	r	0	1	Prodigal	002006
3049	1	3437440	3438013	r	0	1	Prodigal	002006
3050	1	3438009	3439797	r	0	1	Prodigal	002006
3051	1	3439987	3440509	r	0	1	Prodigal	002006
3052	1	3440642	3441788	r	0	1	Prodigal	002006
3053	1	3441825	3443748	r	0	1	Prodigal	002006
3054	1	3444374	3445298	r	0	1	Prodigal	002006
3055	1	3445502	3446930	f	0	1	Prodigal	002006
3056	1	3447046	3448366	r	0	1	Prodigal	002006
3057	1	3448670	3449312	f	0	1	Prodigal	002006
3058	1	3449420	3449870	f	0	1	Prodigal	002006
3059	1	3449892	3450711	f	0	1	Prodigal	002006
3060	1	3450723	3451311	f	0	1	Prodigal	002006
3061	1	3451443	3453354	f	0	1	Prodigal	002006
3062	1	3453437	3455732	f	0	1	Prodigal	002006
3063	1	3455820	3456558	r	0	1	Prodigal	002006
3064	1	3457216	3458734	r	0	1	Prodigal	002006
3065	1	3459229	3460132	r	0	1	Prodigal	002006
3066	1	3460143	3460911	r	0	1	Prodigal	002006
3067	1	3460923	3461466	r	0	1	Prodigal	002006
3068	1	3461489	3461774	r	0	1	Prodigal	002006
3069	1	3462054	3462795	r	0	1	Prodigal	002006
3070	1	3462791	3463670	r	0	1	Prodigal	002006
3071	1	3463800	3464625	f	0	1	Prodigal	002006
3072	1	3464700	3465216	r	0	1	Prodigal	002006
3073	1	3465219	3465963	r	0	1	Prodigal	002006
3074	1	3465972	3468015	r	0	1	Prodigal	002006
3075	1	3468068	3468446	r	0	1	Prodigal	002006
3076	1	3468631	3469360	f	0	1	Prodigal	002006
3077	1	3469570	3470233	f	0	1	Prodigal	002006
3078	1	3470235	3470442	f	0	1	Prodigal	002006
3079	1	3470490	3470709	f	0	1	Prodigal	002006
3080	1	3470799	3471144	r	0	1	Prodigal	002006
3081	1	3471188	3471923	f	0	1	Prodigal	002006
3082	1	3471904	3472795	r	0	1	Prodigal	002006
3083	1	3472894	3473482	f	0	1	Prodigal	002006
3084	1	3473486	3474344	r	0	1	Prodigal	002006
3085	1	3474435	3475326	f	0	1	Prodigal	002006
3086	1	3475335	3476115	r	0	1	Prodigal	002006
3087	1	3476136	3476913	r	0	1	Prodigal	002006
3088	1	3477006	3477939	f	0	1	Prodigal	002006
3089	1	3478006	3478681	f	0	1	Prodigal	002006
3090	1	3478675	3479617	r	0	1	Prodigal	002006
3091	1	3479613	3480912	r	0	1	Prodigal	002006
3092	1	3481172	3482510	f	0	1	Prodigal	002006
3093	1	3482581	3483526	r	0	1	Prodigal	002006
3094	1	3483688	3484270	f	0	1	Prodigal	002006
3095	1	3484409	3484973	f	0	1	Prodigal	002006
3096	1	3485031	3485568	f	0	1	Prodigal	002006
3097	1	3485650	3486586	f	0	1	Prodigal	002006
3098	1	3486768	3487965	f	0	1	Prodigal	002006
3099	1	3488066	3488486	r	0	1	Prodigal	002006
3100	1	3488529	3488832	r	0	1	Prodigal	002006
3101	1	3488831	3489383	r	0	1	Prodigal	002006
3102	1	3489394	3490219	r	0	1	Prodigal	002006
3103	1	3490361	3491063	r	0	1	Prodigal	002006
3104	1	3491180	3492137	f	0	1	Prodigal	002006
3105	1	3492165	3493275	f	0	1	Prodigal	002006
3106	1	3493322	3494096	f	0	1	Prodigal	002006
3107	1	3494290	3494716	f	0	1	Prodigal	002006
3108	1	3495076	3495568	r	0	1	Prodigal	002006
3109	1	3495589	3496006	r	0	1	Prodigal	002006
3110	1	3496207	3496546	f	0	1	Prodigal	002006
3111	1	3496804	3497812	f	0	1	Prodigal	002006
3112	1	3497851	3499477	f	0	1	Prodigal	002006
3113	1	3499559	3500594	f	0	1	Prodigal	002006
3114	1	3500697	3501603	f	0	1	Prodigal	002006
3115	1	3501693	3502164	r	0	1	Prodigal	002006
3116	1	3502365	3503106	f	0	1	Prodigal	002006
3117	1	3503130	3503868	f	0	1	Prodigal	002006
3118	1	3503871	3504522	f	0	1	Prodigal	002006
3119	1	3504525	3505188	f	0	1	Prodigal	002006
3120	1	3505409	3506345	f	0	1	Prodigal	002006
3121	1	3506461	3507325	f	0	1	Prodigal	002006
3122	1	3507425	3508619	r	0	1	Prodigal	002006
3123	1	3508730	3509201	f	0	1	Prodigal	002006
3124	1	3509241	3510522	r	0	1	Prodigal	002006
3125	1	3510564	3511353	r	0	1	Prodigal	002006
3126	1	3511555	3512932	f	0	1	Prodigal	002006
3127	1	3513109	3513358	f	0	1	Prodigal	002006
3128	1	3513382	3513904	f	0	1	Prodigal	002006
3129	1	3513938	3514688	f	0	1	Prodigal	002006
3130	1	3514720	3515068	f	0	1	Prodigal	002006
3131	1	3515176	3515500	r	0	1	Prodigal	002006
3132	1	3515580	3516255	r	0	1	Prodigal	002006
3133	1	3516565	3516661	r	0	1	Prodigal	002006
3134	1	3516988	3517516	f	0	1	Prodigal	002006
3135	1	3517530	3519810	f	0	1	Prodigal	002006
3136	1	3519964	3520702	f	0	1	Prodigal	002006
3137	1	3520701	3521496	f	0	1	Prodigal	002006
3138	1	3521719	3522910	f	0	1	Prodigal	002006
3139	1	3522906	3523314	f	0	1	Prodigal	002006
3140	1	3523300	3524233	f	0	1	Prodigal	002006
3141	1	3524284	3524587	f	0	1	Prodigal	002006
3142	1	3524636	3524900	r	0	1	Prodigal	002006
3143	1	3525091	3526654	f	0	1	Prodigal	002006
3144	1	3526809	3527784	f	0	1	Prodigal	002006
3145	1	3527783	3530645	f	0	1	Prodigal	002006
3146	1	3530644	3531142	f	0	1	Prodigal	002006
3147	1	3531138	3531591	f	0	1	Prodigal	002006
3148	1	3531590	3532526	f	0	1	Prodigal	002006
3149	1	3532636	3533041	f	0	1	Prodigal	002006
3150	1	3533044	3533614	f	0	1	Prodigal	002006
3151	1	3533610	3534606	f	0	1	Prodigal	002006
3152	1	3534602	3535040	f	0	1	Prodigal	002006
3153	1	3536916	3537036	r	0	1	Prodigal	002006
3154	1	3537135	3538713	f	0	1	Prodigal	002006
3155	1	3538709	3538991	f	0	1	Prodigal	002006
3156	1	3539018	3539546	r	0	1	Prodigal	002006
3157	1	3539644	3540175	r	0	1	Prodigal	002006
3158	1	3540321	3541944	f	0	1	Prodigal	002006
3159	1	3541953	3542292	f	0	1	Prodigal	002006
3160	1	3542327	3542945	f	0	1	Prodigal	002006
3161	1	3542963	3543473	f	0	1	Prodigal	002006
3162	1	3543650	3543830	f	0	1	Prodigal	002006
3163	1	3543798	3544413	r	0	1	Prodigal	002006
3164	1	3544454	3545234	f	0	1	Prodigal	002006
3165	1	3545450	3546725	f	0	1	Prodigal	002006
3166	1	3546850	3547021	f	0	1	Prodigal	002006
3167	1	3547445	3548219	f	0	1	Prodigal	002006
3168	1	3548328	3549660	f	0	1	Prodigal	002006
3169	1	3549674	3550883	f	0	1	Prodigal	002006
3170	1	3550959	3551676	f	0	1	Prodigal	002006
3171	1	3551743	3552364	r	0	1	Prodigal	002006
3172	1	3552400	3553495	f	0	1	Prodigal	002006
3173	1	3553523	3554429	f	0	1	Prodigal	002006
3174	1	3554483	3556862	r	0	1	Prodigal	002006
3175	1	3556962	3558330	f	0	1	Prodigal	002006
3176	1	3558411	3558792	r	0	1	Prodigal	002006
3177	1	3558892	3559375	r	0	1	Prodigal	002006
3178	1	3559712	3559985	f	0	1	Prodigal	002006
3179	1	3560112	3560556	r	0	1	Prodigal	002006
3180	1	3560720	3561578	r	0	1	Prodigal	002006
3181	1	3561689	3562913	r	0	1	Prodigal	002006
3182	1	3563150	3563537	f	0	1	Prodigal	002006
3183	1	3563567	3563798	f	0	1	Prodigal	002006
3184	1	3563850	3564297	f	0	1	Prodigal	002006
3185	1	3564398	3565139	f	0	1	Prodigal	002006
3186	1	3565187	3565538	r	0	1	Prodigal	002006
3187	1	3565557	3565854	r	0	1	Prodigal	002006
3188	1	3566133	3567120	f	0	1	Prodigal	002006
3189	1	3567174	3567342	r	0	1	Prodigal	002006
3190	1	3567398	3568376	f	0	1	Prodigal	002006
3191	1	3568372	3568810	f	0	1	Prodigal	002006
3192	1	3568837	3571651	f	0	1	Prodigal	002006
3193	1	3571712	3573311	f	0	1	Prodigal	002006
3194	1	3573392	3575183	r	0	1	Prodigal	002006
3195	1	3575368	3575914	f	0	1	Prodigal	002006
3196	1	3575952	3576402	r	0	1	Prodigal	002006
3197	1	3576511	3576946	r	0	1	Prodigal	002006
3198	1	3577259	3578873	f	0	1	Prodigal	002006
3199	1	3578882	3580337	f	0	1	Prodigal	002006
3200	1	3580564	3582412	f	0	1	Prodigal	002006
3201	1	3582553	3583276	r	0	1	Prodigal	002006
3202	1	3583708	3585295	f	0	1	Prodigal	002006
3203	1	3585546	3586458	r	0	1	Prodigal	002006
3204	1	3586599	3587796	r	0	1	Prodigal	002006
3205	1	3587888	3588782	f	0	1	Prodigal	002006
3206	1	3588814	3590590	r	0	1	Prodigal	002006
3207	1	3590936	3591491	f	0	1	Prodigal	002006
3208	1	3591490	3592042	f	0	1	Prodigal	002006
3209	1	3592104	3592353	r	0	1	Prodigal	002006
3210	1	3592662	3593712	r	0	1	Prodigal	002006
3211	1	3593847	3595011	r	0	1	Prodigal	002006
3212	1	3595249	3595846	f	0	1	Prodigal	002006
3213	1	3595936	3597082	f	0	1	Prodigal	002006
3214	1	3597199	3597439	r	0	1	Prodigal	002006
3215	1	3597651	3598107	r	0	1	Prodigal	002006
3216	1	3598522	3600115	f	0	1	Prodigal	002006
3217	1	3600229	3601516	f	0	1	Prodigal	002006
3218	1	3601793	3602168	f	0	1	Prodigal	002006
3219	1	3602148	3602706	f	0	1	Prodigal	002006
3220	1	3603075	3604515	f	0	1	Prodigal	002006
3221	1	3604527	3604911	f	0	1	Prodigal	002006
3222	1	3604994	3605225	f	0	1	Prodigal	002006
3223	1	3605228	3605678	f	0	1	Prodigal	002006
3224	1	3605688	3606195	f	0	1	Prodigal	002006
3225	1	3606191	3606356	f	0	1	Prodigal	002006
3226	1	3606352	3606607	f	0	1	Prodigal	002006
3227	1	3606603	3609057	f	0	1	Prodigal	002006
3228	1	3609838	3610777	f	0	1	Prodigal	002006
3229	1	3611109	3611280	f	0	1	Prodigal	002006
3230	1	3611382	3611547	f	0	1	Prodigal	002006
3231	1	3612122	3613979	r	0	1	Prodigal	002006
3232	1	3614201	3615989	r	0	1	Prodigal	002006
3233	1	3616077	3616521	r	0	1	Prodigal	002006
3234	1	3616536	3616752	r	0	1	Prodigal	002006
3235	1	3616931	3617945	f	0	1	Prodigal	002006
3236	1	3618180	3619500	r	0	1	Prodigal	002006
3237	1	3619625	3621068	r	0	1	Prodigal	002006
3238	1	3621510	3621987	f	0	1	Prodigal	002006
3239	1	3622021	3623374	r	0	1	Prodigal	002006
3240	1	3623616	3623910	f	0	1	Prodigal	002006
3241	1	3623952	3625587	f	0	1	Prodigal	002006
3242	1	3625689	3626190	f	0	1	Prodigal	002006
3243	1	3626213	3628145	f	0	1	Prodigal	002006
3244	1	3634105	3634846	r	0	1	Prodigal	002006
3245	1	3634959	3635268	r	0	1	Prodigal	002006
3246	1	3635345	3635486	f	0	1	Prodigal	002006
3247	1	3635697	3637845	f	0	1	Prodigal	002006
3248	1	3637855	3638539	f	0	1	Prodigal	002006
3249	1	3638759	3640130	f	0	1	Prodigal	002006
3250	1	3640212	3640908	r	0	1	Prodigal	002006
3251	1	3640989	3642612	r	0	1	Prodigal	002006
3252	1	3642608	3643589	r	0	1	Prodigal	002006
3253	1	3643829	3644120	f	0	1	Prodigal	002006
3254	1	3644150	3645080	r	0	1	Prodigal	002006
3255	1	3645197	3645797	r	0	1	Prodigal	002006
3256	1	3645809	3647207	r	0	1	Prodigal	002006
3257	1	3647240	3648326	r	0	1	Prodigal	002006
3258	1	3648458	3650021	r	0	1	Prodigal	002006
3259	1	3650429	3651050	f	0	1	Prodigal	002006
3260	1	3651176	3651680	f	0	1	Prodigal	002006
3261	1	3651676	3652786	f	0	1	Prodigal	002006
3262	1	3652823	3652976	f	0	1	Prodigal	002006
3263	1	3653366	3655085	f	0	1	Prodigal	002006
3264	1	3655084	3655579	f	0	1	Prodigal	002006
3265	1	3655683	3656316	f	0	1	Prodigal	002006
3266	1	3656476	3657370	r	0	1	Prodigal	002006
3267	1	3657577	3658855	f	0	1	Prodigal	002006
3268	1	3659137	3660505	r	0	1	Prodigal	002006
3269	1	3660637	3660814	r	0	1	Prodigal	002006
3270	1	3660840	3661542	r	0	1	Prodigal	002006
3271	1	3661541	3663491	r	0	1	Prodigal	002006
3272	1	3663490	3664285	r	0	1	Prodigal	002006
3273	1	3664281	3666324	r	0	1	Prodigal	002006
3274	1	3666334	3666622	r	0	1	Prodigal	002006
3275	1	3666822	3667341	r	0	1	Prodigal	002006
3276	1	3667708	3668602	f	0	1	Prodigal	002006
3277	1	3668732	3669854	r	0	1	Prodigal	002006
3278	1	3671916	3672150	r	0	1	Prodigal	002006
3279	1	3673091	3673640	f	0	1	Prodigal	002006
3280	1	3673820	3674141	f	0	1	Prodigal	002006
3281	1	3674151	3674940	f	0	1	Prodigal	002006
3282	1	3675004	3675481	f	0	1	Prodigal	002006
3283	1	3675507	3675933	f	0	1	Prodigal	002006
3284	1	3675942	3676245	f	0	1	Prodigal	002006
3285	1	3676443	3677328	f	0	1	Prodigal	002006
3286	1	3677331	3678087	r	0	1	Prodigal	002006
3287	1	3678280	3678427	f	0	1	Prodigal	002006
3288	1	3678472	3678778	f	0	1	Prodigal	002006
3289	1	3678774	3679254	f	0	1	Prodigal	002006
3290	1	3679171	3679417	r	0	1	Prodigal	002006
3291	1	3679434	3679941	f	0	1	Prodigal	002006
3292	1	3679940	3680156	f	0	1	Prodigal	002006
3293	1	3680152	3680515	f	0	1	Prodigal	002006
3294	1	3680603	3680999	f	0	1	Prodigal	002006
3295	1	3680956	3681835	f	0	1	Prodigal	002006
3296	1	3681932	3682475	f	0	1	Prodigal	002006
3297	1	3682476	3682818	f	0	1	Prodigal	002006
3298	1	3682848	3683145	f	0	1	Prodigal	002006
3299	1	3683260	3683575	f	0	1	Prodigal	002006
3300	1	3683577	3683997	f	0	1	Prodigal	002006
3301	1	3684221	3684518	r	0	1	Prodigal	002006
3302	1	3684544	3685510	r	0	1	Prodigal	002006
3303	1	3685802	3687200	f	0	1	Prodigal	002006
3304	1	3687273	3688278	f	0	1	Prodigal	002006
3305	1	3688277	3689432	f	0	1	Prodigal	002006
3306	1	3689431	3690628	f	0	1	Prodigal	002006
3307	1	3690727	3691363	r	0	1	Prodigal	002006
3308	1	3691496	3692351	r	0	1	Prodigal	002006
3309	1	3692422	3693121	r	0	1	Prodigal	002006
3310	1	3693359	3694331	f	0	1	Prodigal	002006
3311	1	3694405	3695803	r	0	1	Prodigal	002006
3312	1	3696016	3696928	r	0	1	Prodigal	002006
3313	1	3697024	3697345	r	0	1	Prodigal	002006
3314	1	3697722	3699903	r	0	1	Prodigal	002006
3315	1	3699958	3701161	r	0	1	Prodigal	002006
3316	1	3701465	3701906	f	0	1	Prodigal	002006
3317	1	3701966	3702467	r	0	1	Prodigal	002006
3318	1	3702502	3702601	r	0	1	Prodigal	002006
3319	1	3702630	3703095	r	0	1	Prodigal	002006
3320	1	3703119	3703653	r	0	1	Prodigal	002006
3321	1	3703858	3704746	f	0	1	Prodigal	002006
3322	1	3704738	3705866	f	0	1	Prodigal	002006
3323	1	3705938	3707138	f	0	1	Prodigal	002006
3324	1	3707266	3707869	r	0	1	Prodigal	002006
3325	1	3707966	3708866	f	0	1	Prodigal	002006
3326	1	3708937	3709579	f	0	1	Prodigal	002006
3327	1	3709653	3710100	f	0	1	Prodigal	002006
3328	1	3710189	3710888	f	0	1	Prodigal	002006
3329	1	3710955	3711942	r	0	1	Prodigal	002006
3330	1	3712148	3714461	f	0	1	Prodigal	002006
3331	1	3714512	3715877	f	0	1	Prodigal	002006
3332	1	3716192	3716396	f	0	1	Prodigal	002006
3333	1	3716619	3720861	f	0	1	Prodigal	002006
3334	1	3720841	3722053	f	0	1	Prodigal	002006
3335	1	3722092	3724069	f	0	1	Prodigal	002006
3336	1	3724128	3724629	r	0	1	Prodigal	002006
3337	1	3724725	3725526	r	0	1	Prodigal	002006
3338	1	3725551	3726205	r	0	1	Prodigal	002006
3339	1	3726185	3727229	r	0	1	Prodigal	002006
3340	1	3727734	3728190	f	0	1	Prodigal	002006
3341	1	3728294	3729035	r	0	1	Prodigal	002006
3342	1	3729146	3730301	r	0	1	Prodigal	002006
3343	1	3730361	3731873	f	0	1	Prodigal	002006
3344	1	3731883	3732357	f	0	1	Prodigal	002006
3345	1	3732380	3734072	f	0	1	Prodigal	002006
3346	1	3734145	3734247	f	0	1	Prodigal	002006
3347	1	3734250	3736116	f	0	1	Prodigal	002006
3348	1	3736105	3737035	f	0	1	Prodigal	002006
3349	1	3737107	3737371	f	0	1	Prodigal	002006
3350	1	3737434	3738721	f	0	1	Prodigal	002006
3351	1	3738811	3739963	f	0	1	Prodigal	002006
3352	1	3739966	3740851	f	0	1	Prodigal	002006
3353	1	3740956	3741145	f	0	1	Prodigal	002006
3354	1	3741237	3742209	r	0	1	Prodigal	002006
3355	1	3742451	3742763	f	0	1	Prodigal	002006
3356	1	3742780	3743038	f	0	1	Prodigal	002006
3357	1	3743238	3744441	f	0	1	Prodigal	002006
3358	1	3744806	3746177	f	0	1	Prodigal	002006
3359	1	3746279	3746621	r	0	1	Prodigal	002006
3360	1	3746722	3747052	r	0	1	Prodigal	002006
3361	1	3747357	3748347	f	0	1	Prodigal	002006
3362	1	3748350	3748797	f	0	1	Prodigal	002006
3363	1	3748839	3749421	f	0	1	Prodigal	002006
3364	1	3749540	3750362	r	0	1	Prodigal	002006
3365	1	3750368	3750731	r	0	1	Prodigal	002006
3366	1	3750735	3751548	r	0	1	Prodigal	002006
3367	1	3751537	3752533	r	0	1	Prodigal	002006
3368	1	3752532	3753831	r	0	1	Prodigal	002006
3369	1	3753857	3756302	r	0	1	Prodigal	002006
3370	1	3756476	3757487	f	0	1	Prodigal	002006
3371	1	3757483	3758152	f	0	1	Prodigal	002006
3372	1	3758171	3759005	f	0	1	Prodigal	002006
3373	1	3759086	3760538	r	0	1	Prodigal	002006
3374	1	3760932	3761022	f	0	1	Prodigal	002006
3375	1	3761485	3761953	f	0	1	Prodigal	002006
3376	1	3762125	3763394	f	0	1	Prodigal	002006
3377	1	3763456	3763849	f	0	1	Prodigal	002006
3378	1	3764028	3765132	f	0	1	Prodigal	002006
3379	1	3765166	3766420	f	0	1	Prodigal	002006
3380	1	3766505	3766895	r	0	1	Prodigal	002006
3381	1	3766897	3767149	r	0	1	Prodigal	002006
3382	1	3767138	3767408	r	0	1	Prodigal	002006
3383	1	3767404	3768286	r	0	1	Prodigal	002006
3384	1	3768305	3769385	r	0	1	Prodigal	002006
3385	1	3769431	3769977	f	0	1	Prodigal	002006
3386	1	3771224	3771434	r	0	1	Prodigal	002006
3387	1	3771708	3772377	r	0	1	Prodigal	002006
3388	1	3772476	3774579	r	0	1	Prodigal	002006
3389	1	3774853	3776269	f	0	1	Prodigal	002006
3390	1	3776441	3777785	r	0	1	Prodigal	002006
3391	1	3778049	3778379	r	0	1	Prodigal	002006
3392	1	3778472	3780140	r	0	1	Prodigal	002006
3393	1	3780382	3780958	f	0	1	Prodigal	002006
3394	1	3781015	3781579	f	0	1	Prodigal	002006
3395	1	3781587	3782442	r	0	1	Prodigal	002006
3396	1	3782597	3782786	r	0	1	Prodigal	002006
3397	1	3782990	3783254	r	0	1	Prodigal	002006
3398	1	3783446	3783596	r	0	1	Prodigal	002006
3399	1	3783706	3784720	r	0	1	Prodigal	002006
3400	1	3784716	3786096	r	0	1	Prodigal	002006
3401	1	3786339	3786951	f	0	1	Prodigal	002006
3402	1	3787052	3788069	r	0	1	Prodigal	002006
3403	1	3788065	3789124	r	0	1	Prodigal	002006
3404	1	3789155	3790973	r	0	1	Prodigal	002006
3405	1	3791119	3792163	r	0	1	Prodigal	002006
3406	1	3792165	3792267	r	0	1	Prodigal	002006
3407	1	3792269	3793295	r	0	1	Prodigal	002006
3408	1	3794035	3796591	f	0	1	Prodigal	002006
3409	1	3796699	3797464	f	0	1	Prodigal	002006
3410	1	3797460	3798834	f	0	1	Prodigal	002006
3411	1	3798844	3799372	f	0	1	Prodigal	002006
3412	1	3799439	3799847	f	0	1	Prodigal	002006
3413	1	3799863	3800499	f	0	1	Prodigal	002006
3414	1	3800510	3801752	f	0	1	Prodigal	002006
3415	1	3802250	3803171	f	0	1	Prodigal	002006
3416	1	3803262	3805107	r	0	1	Prodigal	002006
3417	1	3805425	3807453	f	0	1	Prodigal	002006
3418	1	3807567	3808116	f	0	1	Prodigal	002006
3419	1	3808497	3809052	r	0	1	Prodigal	002006
3420	1	3809118	3809418	r	0	1	Prodigal	002006
3421	1	3809506	3810757	r	0	1	Prodigal	002006
3422	1	3810753	3811479	r	0	1	Prodigal	002006
3423	1	3811475	3811934	r	0	1	Prodigal	002006
3424	1	3811930	3813097	r	0	1	Prodigal	002006
3425	1	3813093	3813648	r	0	1	Prodigal	002006
3426	1	3813647	3815963	r	0	1	Prodigal	002006
3427	1	3815949	3816546	r	0	1	Prodigal	002006
3428	1	3816545	3816968	r	0	1	Prodigal	002006
3429	1	3816960	3818511	r	0	1	Prodigal	002006
3430	1	3818518	3820195	r	0	1	Prodigal	002006
3431	1	3820191	3820557	r	0	1	Prodigal	002006
3432	1	3820556	3821948	r	0	1	Prodigal	002006
3433	1	3821944	3822508	r	0	1	Prodigal	002006
3434	1	3822507	3822753	r	0	1	Prodigal	002006
3435	1	3822758	3823019	r	0	1	Prodigal	002006
3436	1	3822999	3823794	r	0	1	Prodigal	002006
3437	1	3823778	3824354	r	0	1	Prodigal	002006
3438	1	3824746	3825142	f	0	1	Prodigal	002006
3439	1	3825154	3826216	f	0	1	Prodigal	002006
3440	1	3826234	3826447	f	0	1	Prodigal	002006
3441	1	3826488	3827397	r	0	1	Prodigal	002006
3442	1	3827390	3828482	r	0	1	Prodigal	002006
3443	1	3828686	3829139	f	0	1	Prodigal	002006
3444	1	3829259	3830003	r	0	1	Prodigal	002006
3445	1	3830192	3830624	f	0	1	Prodigal	002006
3446	1	3830701	3831337	r	0	1	Prodigal	002006
3447	1	3831511	3832618	r	0	1	Prodigal	002006
3448	1	3832959	3833760	r	0	1	Prodigal	002006
3449	1	3833885	3834524	r	0	1	Prodigal	002006
3450	1	3834824	3835229	f	0	1	Prodigal	002006
3451	1	3835322	3835619	f	0	1	Prodigal	002006
3452	1	3835760	3836294	r	0	1	Prodigal	002006
3453	1	3836310	3837180	r	0	1	Prodigal	002006
3454	1	3837232	3837457	r	0	1	Prodigal	002006
3455	1	3837549	3838701	f	0	1	Prodigal	002006
3456	1	3838679	3839666	r	0	1	Prodigal	002006
3457	1	3839732	3840632	r	0	1	Prodigal	002006
3458	1	3840785	3841445	r	0	1	Prodigal	002006
3459	1	3841484	3841688	f	0	1	Prodigal	002006
3460	1	3841831	3842503	f	0	1	Prodigal	002006
3461	1	3842603	3842819	r	0	1	Prodigal	002006
3462	1	3842833	3843802	r	0	1	Prodigal	002006
3463	1	3843920	3844724	f	0	1	Prodigal	002006
3464	1	3844875	3846282	f	0	1	Prodigal	002006
3465	1	3846337	3847207	r	0	1	Prodigal	002006
3466	1	3847320	3847656	r	0	1	Prodigal	002006
3467	1	3847799	3848144	r	0	1	Prodigal	002006
3468	1	3848403	3850128	f	0	1	Prodigal	002006
3469	1	3850343	3851204	r	0	1	Prodigal	002006
3470	1	3851388	3851490	f	0	1	Prodigal	002006
3471	1	3851561	3852962	f	0	1	Prodigal	002006
3472	1	3853153	3854227	f	0	1	Prodigal	002006
3473	1	3854226	3854646	f	0	1	Prodigal	002006
3474	1	3854766	3855504	r	0	1	Prodigal	002006
3475	1	3855748	3857110	r	0	1	Prodigal	002006
3476	1	3857342	3858155	r	0	1	Prodigal	002006
3477	1	3858166	3859198	r	0	1	Prodigal	002006
3478	1	3859194	3860046	r	0	1	Prodigal	002006
3479	1	3860216	3860729	f	0	1	Prodigal	002006
3480	1	3860725	3861283	f	0	1	Prodigal	002006
3481	1	3861370	3861754	r	0	1	Prodigal	002006
3482	1	3861791	3862346	r	0	1	Prodigal	002006
3483	1	3862371	3863343	r	0	1	Prodigal	002006
3484	1	3863536	3865597	f	0	1	Prodigal	002006
3485	1	3865812	3866613	f	0	1	Prodigal	002006
3486	1	3866839	3867358	f	0	1	Prodigal	002006
3487	1	3867721	3869803	f	0	1	Prodigal	002006
3488	1	3869828	3872462	f	0	1	Prodigal	002006
3489	1	3872449	3872833	f	0	1	Prodigal	002006
3490	1	3873224	3874379	f	0	1	Prodigal	002006
3491	1	3874456	3875674	r	0	1	Prodigal	002006
3492	1	3875681	3875891	r	0	1	Prodigal	002006
3493	1	3875898	3876447	r	0	1	Prodigal	002006
3494	1	3876662	3880118	f	0	1	Prodigal	002006
3495	1	3880543	3883138	f	0	1	Prodigal	002006
3496	1	3883268	3884504	r	0	1	Prodigal	002006
3497	1	3885022	3887635	f	0	1	Prodigal	002006
3498	1	3887648	3890690	f	0	1	Prodigal	002006
3499	1	3890769	3892686	f	0	1	Prodigal	002006
3500	1	3892858	3892978	r	0	1	Prodigal	002006
3501	1	3894152	3896339	r	0	1	Prodigal	002006
3502	1	3896829	3899859	f	0	1	Prodigal	002006
3503	1	3899998	3900943	f	0	1	Prodigal	002006
3504	1	3901125	3901737	r	0	1	Prodigal	002006
3505	1	3901793	3902489	f	0	1	Prodigal	002006
3506	1	3902525	3904973	f	0	1	Prodigal	002006
3507	1	3905099	3906005	r	0	1	Prodigal	002006
3508	1	3906176	3907787	f	0	1	Prodigal	002006
3509	1	3907861	3909043	r	0	1	Prodigal	002006
3510	1	3909392	3910106	f	0	1	Prodigal	002006
3511	1	3910154	3910487	f	0	1	Prodigal	002006
3512	1	3910609	3911530	f	0	1	Prodigal	002006
3513	1	3911559	3912855	f	0	1	Prodigal	002006
3514	1	3913058	3913268	f	0	1	Prodigal	002006
3515	1	3913435	3913837	f	0	1	Prodigal	002006
3516	1	3913920	3914451	r	0	1	Prodigal	002006
3517	1	3914844	3915180	f	0	1	Prodigal	002006
3518	1	3915415	3916213	f	0	1	Prodigal	002006
3519	1	3916212	3916677	f	0	1	Prodigal	002006
3520	1	3916695	3917187	f	0	1	Prodigal	002006
3521	1	3917266	3918049	r	0	1	Prodigal	002006
3522	1	3918038	3919763	r	0	1	Prodigal	002006
3523	1	3919762	3921553	r	0	1	Prodigal	002006
3524	1	3921742	3922642	f	0	1	Prodigal	002006
3525	1	3922658	3924194	r	0	1	Prodigal	002006
3526	1	3924210	3925113	r	0	1	Prodigal	002006
3527	1	3925565	3927437	f	0	1	Prodigal	002006
3528	1	3927677	3928877	r	0	1	Prodigal	002006
3529	1	3929323	3930331	f	0	1	Prodigal	002006
3530	1	3930566	3930860	r	0	1	Prodigal	002006
3531	1	3930931	3932365	r	0	1	Prodigal	002006
3532	1	3932576	3933377	f	0	1	Prodigal	002006
3533	1	3933321	3933948	f	0	1	Prodigal	002006
3534	1	3934053	3935019	r	0	1	Prodigal	002006
3535	1	3935015	3935693	r	0	1	Prodigal	002006
3536	1	3935755	3936019	r	0	1	Prodigal	002006
3537	1	3936311	3937508	r	0	1	Prodigal	002006
3538	1	3937694	3938675	r	0	1	Prodigal	002006
3539	1	3938616	3939615	r	0	1	Prodigal	002006
3540	1	3939614	3940718	r	0	1	Prodigal	002006
3541	1	3940710	3942633	r	0	1	Prodigal	002006
3542	1	3942736	3943204	r	0	1	Prodigal	002006
3543	1	3943223	3943565	r	0	1	Prodigal	002006
3544	1	3943668	3944319	r	0	1	Prodigal	002006
3545	1	3944312	3945350	r	0	1	Prodigal	002006
3546	1	3945349	3945832	r	0	1	Prodigal	002006
3547	1	3945945	3948522	r	0	1	Prodigal	002006
3548	1	3948667	3949162	f	0	1	Prodigal	002006
3549	1	3949246	3950587	r	0	1	Prodigal	002006
3550	1	3950586	3951987	r	0	1	Prodigal	002006
3551	1	3952189	3952708	r	0	1	Prodigal	002006
3552	1	3952958	3953858	f	0	1	Prodigal	002006
3553	1	3953930	3954341	r	0	1	Prodigal	002006
3554	1	3954657	3955305	f	0	1	Prodigal	002006
3555	1	3955270	3957001	f	0	1	Prodigal	002006
3556	1	3957178	3958363	f	0	1	Prodigal	002006
3557	1	3958429	3959974	r	0	1	Prodigal	002006
3558	1	3960122	3961007	r	0	1	Prodigal	002006
3559	1	3961102	3961567	r	0	1	Prodigal	002006
3560	1	3961563	3962613	r	0	1	Prodigal	002006
3561	1	3962667	3964101	r	0	1	Prodigal	002006
3562	1	3964366	3965530	f	0	1	Prodigal	002006
3563	1	3965579	3966146	f	0	1	Prodigal	002006
3564	1	3966278	3966959	f	0	1	Prodigal	002006
3565	1	3967158	3968097	f	0	1	Prodigal	002006
3566	1	3968189	3969098	r	0	1	Prodigal	002006
3567	1	3969214	3969460	f	0	1	Prodigal	002006
3568	1	3969456	3970137	f	0	1	Prodigal	002006
3569	1	3970346	3971708	r	0	1	Prodigal	002006
3570	1	3971762	3972716	r	0	1	Prodigal	002006
3571	1	3972696	3974496	r	0	1	Prodigal	002006
3572	1	3974631	3975570	f	0	1	Prodigal	002006
3573	1	3975747	3976350	r	0	1	Prodigal	002006
3574	1	3976550	3978149	f	0	1	Prodigal	002006
3575	1	3978396	3978888	f	0	1	Prodigal	002006
3576	1	3978984	3979941	r	0	1	Prodigal	002006
3577	1	3980086	3980851	r	0	1	Prodigal	002006
3578	1	3980985	3981552	r	0	1	Prodigal	002006
3579	1	3981597	3982794	r	0	1	Prodigal	002006
3580	1	3982890	3983934	r	0	1	Prodigal	002006
3581	1	3984315	3984810	f	0	1	Prodigal	002006
3582	1	3984848	3986285	r	0	1	Prodigal	002006
3583	1	3986281	3986968	r	0	1	Prodigal	002006
3584	1	3987098	3987731	r	0	1	Prodigal	002006
3585	1	3987732	3988602	r	0	1	Prodigal	002006
3586	1	3988644	3989298	r	0	1	Prodigal	002006
3587	1	3989294	3990791	r	0	1	Prodigal	002006
3588	1	3990787	3991462	r	0	1	Prodigal	002006
3589	1	3991606	3992254	f	0	1	Prodigal	002006
3590	1	3992293	3993682	r	0	1	Prodigal	002006
3591	1	3993710	3994634	r	0	1	Prodigal	002006
3592	1	3994741	3995335	f	0	1	Prodigal	002006
3593	1	3995443	3996655	f	0	1	Prodigal	002006
3594	1	3996760	3997732	f	0	1	Prodigal	002006
3595	1	3997954	3999079	r	0	1	Prodigal	002006
3596	1	3999104	3999572	r	0	1	Prodigal	002006
3597	1	3999568	4000297	r	0	1	Prodigal	002006
3598	1	4000548	4000905	r	0	1	Prodigal	002006
3599	1	4000915	4001314	r	0	1	Prodigal	002006
3600	1	4001330	4002065	r	0	1	Prodigal	002006
3601	1	4002057	4003842	r	0	1	Prodigal	002006
3602	1	4004351	4006229	r	0	1	Prodigal	002006
3603	1	4006384	4007068	r	0	1	Prodigal	002006
3604	1	4010478	4011867	f	0	1	Prodigal	002006
3605	1	4011955	4012777	r	0	1	Prodigal	002006
3606	1	4013079	4013859	f	0	1	Prodigal	002006
3607	1	4013925	4014825	r	0	1	Prodigal	002006
3608	1	4014951	4015812	f	0	1	Prodigal	002006
3609	1	4015892	4016531	f	0	1	Prodigal	002006
3610	1	4016703	4018344	f	0	1	Prodigal	002006
3611	1	4018500	4019400	f	0	1	Prodigal	002006
3612	1	4019448	4021920	r	0	1	Prodigal	002006
3613	1	4022220	4023282	f	0	1	Prodigal	002006
3614	1	4023269	4023848	f	0	1	Prodigal	002006
3615	1	4023844	4024444	f	0	1	Prodigal	002006
3616	1	4024440	4024974	f	0	1	Prodigal	002006
3617	1	4024990	4027222	f	0	1	Prodigal	002006
3618	1	4027413	4027932	f	0	1	Prodigal	002006
3619	1	4027946	4029029	f	0	1	Prodigal	002006
3620	1	4029018	4030599	f	0	1	Prodigal	002006
3621	1	4030669	4031542	f	0	1	Prodigal	002006
3622	1	4031730	4032405	f	0	1	Prodigal	002006
3623	1	4032391	4033060	f	0	1	Prodigal	002006
3624	1	4033102	4034107	f	0	1	Prodigal	002006
3625	1	4034225	4034441	f	0	1	Prodigal	002006
3626	1	4034462	4035044	f	0	1	Prodigal	002006
3627	1	4035320	4036538	f	0	1	Prodigal	002006
3628	1	4036614	4037634	f	0	1	Prodigal	002006
3629	1	4037706	4039179	f	0	1	Prodigal	002006
3630	1	4039235	4040033	f	0	1	Prodigal	002006
3631	1	4040267	4040522	f	0	1	Prodigal	002006
3632	1	4040607	4041210	r	0	1	Prodigal	002006
3633	1	4041383	4042760	f	0	1	Prodigal	002006
3634	1	4042871	4046417	r	0	1	Prodigal	002006
3635	1	4046645	4048286	r	0	1	Prodigal	002006
3636	1	4048486	4048867	r	0	1	Prodigal	002006
3637	1	4048934	4049258	r	0	1	Prodigal	002006
3638	1	4049300	4049972	r	0	1	Prodigal	002006
3639	1	4050077	4050803	r	0	1	Prodigal	002006
3640	1	4050806	4051523	r	0	1	Prodigal	002006
3641	1	4051786	4053619	f	0	1	Prodigal	002006
3642	1	4054676	4055768	r	0	1	Prodigal	002006
3643	1	4055884	4056481	r	0	1	Prodigal	002006
3644	1	4056699	4058688	r	0	1	Prodigal	002006
3645	1	4058804	4059752	r	0	1	Prodigal	002006
3646	1	4060023	4060872	r	0	1	Prodigal	002006
3647	1	4060871	4061450	r	0	1	Prodigal	002006
3648	1	4061576	4062836	f	0	1	Prodigal	002006
3649	1	4062887	4063976	f	0	1	Prodigal	002006
3650	1	4064037	4064889	f	0	1	Prodigal	002006
3651	1	4064945	4065329	f	0	1	Prodigal	002006
3652	1	4065341	4066142	f	0	1	Prodigal	002006
3653	1	4066239	4067094	f	0	1	Prodigal	002006
3654	1	4067395	4068676	f	0	1	Prodigal	002006
3655	1	4068794	4069175	r	0	1	Prodigal	002006
3656	1	4069543	4070284	f	0	1	Prodigal	002006
3657	1	4070353	4071031	f	0	1	Prodigal	002006
3658	1	4071101	4071653	f	0	1	Prodigal	002006
3659	1	4071821	4072622	r	0	1	Prodigal	002006
3660	1	4072633	4073170	r	0	1	Prodigal	002006
3661	1	4073365	4074622	r	0	1	Prodigal	002006
3662	1	4074792	4075707	f	0	1	Prodigal	002006
3663	1	4075829	4077254	r	0	1	Prodigal	002006
3664	1	4077287	4078433	r	0	1	Prodigal	002006
3665	1	4078614	4079787	f	0	1	Prodigal	002006
3666	1	4079802	4080717	r	0	1	Prodigal	002006
3667	1	4080844	4081600	r	0	1	Prodigal	002006
3668	1	4081822	4082830	f	0	1	Prodigal	002006
3669	1	4083030	4084254	f	0	1	Prodigal	002006
3670	1	4084288	4085371	r	0	1	Prodigal	002006
3671	1	4085545	4085899	r	0	1	Prodigal	002006
3672	1	4086057	4086450	f	0	1	Prodigal	002006
3673	1	4086507	4086756	r	0	1	Prodigal	002006
3674	1	4086757	4088119	r	0	1	Prodigal	002006
3675	1	4088376	4089114	r	0	1	Prodigal	002006
3676	1	4089389	4090094	f	0	1	Prodigal	002006
3677	1	4090140	4090638	f	0	1	Prodigal	002006
3678	1	4090702	4093129	f	0	1	Prodigal	002006
3679	1	4093080	4094352	f	0	1	Prodigal	002006
3680	1	4094402	4095038	r	0	1	Prodigal	002006
3681	1	4095262	4098604	f	0	1	Prodigal	002006
3682	1	4098577	4098868	r	0	1	Prodigal	002006
3683	1	4099588	4100926	r	0	1	Prodigal	002006
3684	1	4101281	4103903	f	0	1	Prodigal	002006
3685	1	4104011	4104176	f	0	1	Prodigal	002006
3686	1	4104192	4104549	r	0	1	Prodigal	002006
3687	1	4104615	4106169	r	0	1	Prodigal	002006
3688	1	4106381	4108247	r	0	1	Prodigal	002006
3689	1	4108231	4109104	r	0	1	Prodigal	002006
3690	1	4109096	4110818	r	0	1	Prodigal	002006
3691	1	4110932	4111925	r	0	1	Prodigal	002006
3692	1	4111936	4112956	r	0	1	Prodigal	002006
3693	1	4112952	4113873	r	0	1	Prodigal	002006
3694	1	4113874	4114858	r	0	1	Prodigal	002006
3695	1	4114976	4116662	r	0	1	Prodigal	002006
3696	1	4117077	4120473	r	0	1	Prodigal	002006
3697	1	4121021	4121315	r	0	1	Prodigal	002006
3698	1	4121527	4121728	f	0	1	Prodigal	002006
3699	1	4122162	4122426	f	0	1	Prodigal	002006
3700	1	4122450	4123347	f	0	1	Prodigal	002006
3701	1	4123339	4124092	f	0	1	Prodigal	002006
3702	1	4124088	4124532	f	0	1	Prodigal	002006
3703	1	4124629	4125112	f	0	1	Prodigal	002006
3704	1	4125291	4126587	f	0	1	Prodigal	002006
3705	1	4126747	4127302	f	0	1	Prodigal	002006
3706	1	4127389	4128763	f	0	1	Prodigal	002006
3707	1	4128840	4129899	r	0	1	Prodigal	002006
3708	1	4129960	4131706	r	0	1	Prodigal	002006
3709	1	4131702	4132347	r	0	1	Prodigal	002006
3710	1	4132318	4133014	r	0	1	Prodigal	002006
3711	1	4133048	4133750	r	0	1	Prodigal	002006
3712	1	4133814	4134657	r	0	1	Prodigal	002006
3713	1	4134912	4136268	f	0	1	Prodigal	002006
3714	1	4136293	4138396	f	0	1	Prodigal	002006
3715	1	4138476	4139355	r	0	1	Prodigal	002006
3716	1	4139358	4140216	r	0	1	Prodigal	002006
3717	1	4140858	4141143	r	0	1	Prodigal	002006
3718	1	4141693	4142272	f	0	1	Prodigal	002006
3719	1	4142264	4142858	f	0	1	Prodigal	002006
3720	1	4142961	4144734	f	0	1	Prodigal	002006
3721	1	4144744	4145362	f	0	1	Prodigal	002006
3722	1	4145479	4145683	f	0	1	Prodigal	002006
3723	1	4145706	4148583	f	0	1	Prodigal	002006
3724	1	4148587	4149214	f	0	1	Prodigal	002006
3725	1	4149210	4150182	f	0	1	Prodigal	002006
3726	1	4150344	4150752	f	0	1	Prodigal	002006
3727	1	4150839	4151604	r	0	1	Prodigal	002006
3728	1	4151878	4153594	f	0	1	Prodigal	002006
3729	1	4153681	4154023	r	0	1	Prodigal	002006
3730	1	4154019	4155471	r	0	1	Prodigal	002006
3731	1	4155776	4157015	f	0	1	Prodigal	002006
3732	1	4157566	4158298	f	0	1	Prodigal	002006
3733	1	4158362	4159889	f	0	1	Prodigal	002006
3734	1	4160265	4161063	f	0	1	Prodigal	002006
3735	1	4161073	4161592	f	0	1	Prodigal	002006
3736	1	4161581	4162001	r	0	1	Prodigal	002006
3737	1	4162161	4162662	f	0	1	Prodigal	002006
3738	1	4162867	4163836	r	0	1	Prodigal	002006
3739	1	4164186	4165041	f	0	1	Prodigal	002006
3740	1	4165204	4166644	f	0	1	Prodigal	002006
3741	1	4166857	4167643	f	0	1	Prodigal	002006
3742	1	4167699	4169451	r	0	1	Prodigal	002006
3743	1	4169517	4170429	r	0	1	Prodigal	002006
3744	1	4170583	4170901	f	0	1	Prodigal	002006
3745	1	4170963	4172673	f	0	1	Prodigal	002006
3746	1	4172665	4173727	f	0	1	Prodigal	002006
3747	1	4173795	4174620	f	0	1	Prodigal	002006
3748	1	4174672	4176004	f	0	1	Prodigal	002006
3749	1	4176031	4176472	f	0	1	Prodigal	002006
3750	1	4176539	4178468	f	0	1	Prodigal	002006
3751	1	4178525	4179041	f	0	1	Prodigal	002006
3752	1	4179048	4180119	f	0	1	Prodigal	002006
3753	1	4180168	4180561	f	0	1	Prodigal	002006
3754	1	4180557	4180938	f	0	1	Prodigal	002006
3755	1	4180924	4181698	f	0	1	Prodigal	002006
3756	1	4181723	4181993	f	0	1	Prodigal	002006
3757	1	4181989	4182787	f	0	1	Prodigal	002006
3758	1	4182779	4183910	f	0	1	Prodigal	002006
3759	1	4184017	4186120	f	0	1	Prodigal	002006
3760	1	4186136	4187561	f	0	1	Prodigal	002006
3761	1	4187553	4188438	f	0	1	Prodigal	002006
3762	1	4188430	4189150	f	0	1	Prodigal	002006
3763	1	4189273	4189645	f	0	1	Prodigal	002006
3764	1	4189657	4190398	f	0	1	Prodigal	002006
3765	1	4190409	4192620	f	0	1	Prodigal	002006
3766	1	4192652	4193768	f	0	1	Prodigal	002006
3767	1	4193770	4194508	f	0	1	Prodigal	002006
3768	1	4194510	4195431	f	0	1	Prodigal	002006
3769	1	4195435	4196230	f	0	1	Prodigal	002006
3770	1	4196226	4197099	f	0	1	Prodigal	002006
3771	1	4197168	4197657	f	0	1	Prodigal	002006
3772	1	4197685	4198063	f	0	1	Prodigal	002006
3773	1	4198261	4198906	f	0	1	Prodigal	002006
3774	1	4198910	4199579	f	0	1	Prodigal	002006
3775	1	4199749	4200490	f	0	1	Prodigal	002006
3776	1	4200492	4200699	f	0	1	Prodigal	002006
3777	1	4200695	4201187	f	0	1	Prodigal	002006
3778	1	4201269	4203225	f	0	1	Prodigal	002006
3779	1	4203221	4203752	f	0	1	Prodigal	002006
3780	1	4203763	4204243	f	0	1	Prodigal	002006
3781	1	4204239	4205508	f	0	1	Prodigal	002006
3782	1	4205593	4206406	f	0	1	Prodigal	002006
3783	1	4206518	4207103	r	0	1	Prodigal	002006
3784	1	4207391	4207733	f	0	1	Prodigal	002006
3785	1	4207894	4209106	r	0	1	Prodigal	002006
3786	1	4209399	4210038	f	0	1	Prodigal	002006
3787	1	4210074	4210689	f	0	1	Prodigal	002006
3788	1	4210688	4212329	f	0	1	Prodigal	002006
3789	1	4212335	4212875	f	0	1	Prodigal	002006
3790	1	4212971	4213385	r	0	1	Prodigal	002006
3791	1	4213568	4214699	r	0	1	Prodigal	002006
3792	1	4214838	4216209	r	0	1	Prodigal	002006
3793	1	4216338	4216953	r	0	1	Prodigal	002006
3794	1	4216976	4218083	r	0	1	Prodigal	002006
3795	1	4218240	4218738	r	0	1	Prodigal	002006
3796	1	4218833	4219709	r	0	1	Prodigal	002006
3797	1	4219813	4220581	r	0	1	Prodigal	002006
3798	1	4220580	4220886	r	0	1	Prodigal	002006
3799	1	4221105	4222512	r	0	1	Prodigal	002006
3800	1	4222993	4223407	r	0	1	Prodigal	002006
3801	1	4223415	4224834	r	0	1	Prodigal	002006
3802	1	4225024	4226932	r	0	1	Prodigal	002006
3803	1	4227690	4228194	f	0	1	Prodigal	002006
3804	1	4228229	4229216	f	0	1	Prodigal	002006
3805	1	4229220	4229562	f	0	1	Prodigal	002006
3806	1	4229647	4230049	f	0	1	Prodigal	002006
3807	1	4230053	4230545	f	0	1	Prodigal	002006
3808	1	4230840	4231458	r	0	1	Prodigal	002006
3809	1	4231873	4232137	r	0	1	Prodigal	002006
3810	1	4232233	4232698	r	0	1	Prodigal	002006
3811	1	4232918	4234163	f	0	1	Prodigal	002006
3812	1	4234285	4235323	r	0	1	Prodigal	002006
3813	1	4235606	4237178	f	0	1	Prodigal	002006
3814	1	4237265	4238456	f	0	1	Prodigal	002006
3815	1	4238469	4239177	r	0	1	Prodigal	002006
3816	1	4239180	4241151	r	0	1	Prodigal	002006
3817	1	4241562	4241985	r	0	1	Prodigal	002006
3818	1	4241984	4242935	r	0	1	Prodigal	002006
3819	1	4243072	4244131	r	0	1	Prodigal	002006
3820	1	4244127	4244916	r	0	1	Prodigal	002006
3821	1	4244912	4245179	r	0	1	Prodigal	002006
3822	1	4245180	4245834	r	0	1	Prodigal	002006
3823	1	4245830	4246757	r	0	1	Prodigal	002006
3824	1	4246753	4247833	r	0	1	Prodigal	002006
3825	1	4247839	4248301	r	0	1	Prodigal	002006
3826	1	4248297	4249620	r	0	1	Prodigal	002006
3827	1	4249809	4250688	f	0	1	Prodigal	002006
3828	1	4250668	4250950	f	0	1	Prodigal	002006
3829	1	4250946	4251318	f	0	1	Prodigal	002006
3830	1	4251314	4251680	f	0	1	Prodigal	002006
3831	1	4251682	4252027	f	0	1	Prodigal	002006
3832	1	4252007	4254125	f	0	1	Prodigal	002006
3833	1	4254121	4254577	f	0	1	Prodigal	002006
3834	1	4254616	4254901	f	0	1	Prodigal	002006
3835	1	4254910	4255996	f	0	1	Prodigal	002006
3836	1	4256005	4256509	f	0	1	Prodigal	002006
3837	1	4256489	4257662	f	0	1	Prodigal	002006
3838	1	4257674	4258571	f	0	1	Prodigal	002006
3839	1	4258705	4259149	f	0	1	Prodigal	002006
3840	1	4259151	4259385	f	0	1	Prodigal	002006
3841	1	4259381	4259783	f	0	1	Prodigal	002006
3842	1	4260127	4260943	f	0	1	Prodigal	002006
3843	1	4261062	4261878	f	0	1	Prodigal	002006
3844	1	4261893	4262319	f	0	1	Prodigal	002006
3845	1	4262306	4264145	f	0	1	Prodigal	002006
3846	1	4264141	4265446	f	0	1	Prodigal	002006
3847	1	4265408	4265621	f	0	1	Prodigal	002006
3848	1	4265613	4265871	f	0	1	Prodigal	002006
3849	1	4265870	4266224	f	0	1	Prodigal	002006
3850	1	4266220	4266775	f	0	1	Prodigal	002006
3851	1	4266774	4267113	f	0	1	Prodigal	002006
3852	1	4267137	4267860	f	0	1	Prodigal	002006
3853	1	4267856	4268483	f	0	1	Prodigal	002006
3854	1	4268461	4269127	f	0	1	Prodigal	002006
3855	1	4269275	4269797	r	0	1	Prodigal	002006
3856	1	4269912	4270962	r	0	1	Prodigal	002006
3857	1	4270977	4274040	r	0	1	Prodigal	002006
3858	1	4274207	4276547	r	0	1	Prodigal	002006
3859	1	4276595	4277249	r	0	1	Prodigal	002006
3860	1	4277570	4278458	f	0	1	Prodigal	002006
3861	1	4278662	4279859	r	0	1	Prodigal	002006
3862	1	4279978	4283257	f	0	1	Prodigal	002006
3863	1	4283338	4284790	f	0	1	Prodigal	002006
3864	1	4284786	4285644	f	0	1	Prodigal	002006
3865	1	4285741	4289908	r	0	1	Prodigal	002006
3866	1	4290442	4291654	r	0	1	Prodigal	002006
3867	1	4291646	4295891	r	0	1	Prodigal	002006
3868	1	4296710	4297199	r	0	1	Prodigal	002006
3869	1	4297368	4297803	f	0	1	Prodigal	002006
3870	1	4297795	4298143	f	0	1	Prodigal	002006
3871	1	4298224	4299499	r	0	1	Prodigal	002006
3872	1	4299678	4302135	r	0	1	Prodigal	002006
3873	1	4302392	4302971	f	0	1	Prodigal	002006
3874	1	4303135	4303945	f	0	1	Prodigal	002006
3875	1	4304236	4304572	f	0	1	Prodigal	002006
3876	1	4304611	4305526	r	0	1	Prodigal	002006
3877	1	4305645	4306824	f	0	1	Prodigal	002006
3878	1	4306855	4308952	f	0	1	Prodigal	002006
3879	1	4309200	4309776	r	0	1	Prodigal	002006
3880	1	4309879	4310518	r	0	1	Prodigal	002006
3881	1	4310517	4312230	r	0	1	Prodigal	002006
3882	1	4312403	4313432	f	0	1	Prodigal	002006
3883	1	4313670	4314213	f	0	1	Prodigal	002006
3884	1	4314209	4314497	f	0	1	Prodigal	002006
3885	1	4314598	4317088	f	0	1	Prodigal	002006
3886	1	4317104	4317842	f	0	1	Prodigal	002006
3887	1	4317838	4318714	f	0	1	Prodigal	002006
3888	1	4318713	4319169	f	0	1	Prodigal	002006
3889	1	4319180	4319771	f	0	1	Prodigal	002006
3890	1	4320013	4320520	f	0	1	Prodigal	002006
3891	1	4320529	4321054	f	0	1	Prodigal	002006
3892	1	4321050	4321296	f	0	1	Prodigal	002006
3893	1	4321298	4321772	f	0	1	Prodigal	002006
3894	1	4321859	4322588	f	0	1	Prodigal	002006
3895	1	4322699	4323380	f	0	1	Prodigal	002006
3896	1	4323376	4324477	f	0	1	Prodigal	002006
3897	1	4324568	4325345	f	0	1	Prodigal	002006
3898	1	4325450	4326494	f	0	1	Prodigal	002006
3899	1	4326486	4327245	f	0	1	Prodigal	002006
3900	1	4327317	4328073	r	0	1	Prodigal	002006
3901	1	4328069	4329296	r	0	1	Prodigal	002006
3902	1	4329605	4330262	f	0	1	Prodigal	002006
3903	1	4330673	4332329	f	0	1	Prodigal	002006
3904	1	4332401	4334132	r	0	1	Prodigal	002006
3905	1	4334199	4334628	f	0	1	Prodigal	002006
3906	1	4334686	4335586	r	0	1	Prodigal	002006
3907	1	4335695	4336256	f	0	1	Prodigal	002006
3908	1	4336255	4336993	f	0	1	Prodigal	002006
3909	1	4337175	4338300	f	0	1	Prodigal	002006
3910	1	4338376	4338685	f	0	1	Prodigal	002006
3911	1	4338799	4340509	r	0	1	Prodigal	002006
3912	1	4340718	4341942	r	0	1	Prodigal	002006
3913	1	4342956	4344858	f	0	1	Prodigal	002006
3914	1	4344941	4345466	r	0	1	Prodigal	002006
3915	1	4345462	4347460	r	0	1	Prodigal	002006
3916	1	4347695	4347884	f	0	1	Prodigal	002006
3917	1	4347964	4348252	r	0	1	Prodigal	002006
3918	1	4348519	4350526	r	0	1	Prodigal	002006
3919	1	4350719	4352015	r	0	1	Prodigal	002006
3920	1	4352266	4352650	f	0	1	Prodigal	002006
3921	1	4352672	4353962	f	0	1	Prodigal	002006
3922	1	4354026	4354680	f	0	1	Prodigal	002006
3923	1	4354834	4355422	f	0	1	Prodigal	002006
3924	1	4355744	4357370	f	0	1	Prodigal	002006
3925	1	4357657	4358851	f	0	1	Prodigal	002006
3926	1	4359013	4360489	f	0	1	Prodigal	002006
3927	1	4360554	4361769	r	0	1	Prodigal	002006
3928	1	4362150	4362363	f	0	1	Prodigal	002006
3929	1	4362633	4363323	f	0	1	Prodigal	002006
3930	1	4363415	4364165	r	0	1	Prodigal	002006
3931	1	4364475	4364934	f	0	1	Prodigal	002006
3932	1	4364939	4365482	r	0	1	Prodigal	002006
3933	1	4365579	4367061	f	0	1	Prodigal	002006
3934	1	4367168	4368431	f	0	1	Prodigal	002006
3935	1	4368510	4369347	r	0	1	Prodigal	002006
3936	1	4369866	4370520	f	0	1	Prodigal	002006
3937	1	4370745	4370988	f	0	1	Prodigal	002006
3938	1	4371144	4371993	r	0	1	Prodigal	002006
3939	1	4371989	4372712	r	0	1	Prodigal	002006
3940	1	4372987	4373476	f	0	1	Prodigal	002006
3941	1	4373624	4374596	f	0	1	Prodigal	002006
3942	1	4374841	4375567	f	0	1	Prodigal	002006
3943	1	4375812	4377228	f	0	1	Prodigal	002006
3944	1	4377344	4378331	r	0	1	Prodigal	002006
3945	1	4378370	4379327	r	0	1	Prodigal	002006
3946	1	4380370	4380757	f	0	1	Prodigal	002006
3947	1	4380945	4381410	r	0	1	Prodigal	002006
3948	1	4381518	4381866	r	0	1	Prodigal	002006
3949	1	4382351	4383026	f	0	1	Prodigal	002006
3950	1	4383155	4384385	r	0	1	Prodigal	002006
3951	1	4384787	4385381	f	0	1	Prodigal	002006
3952	1	4385490	4386177	f	0	1	Prodigal	002006
3953	1	4386194	4388687	f	0	1	Prodigal	002006
3954	1	4388817	4394622	f	0	1	Prodigal	002006
3955	1	4394684	4395362	f	0	1	Prodigal	002006
3956	1	4395459	4396047	f	0	1	Prodigal	002006
3957	1	4396547	4396739	r	0	1	Prodigal	002006
3958	1	4396735	4397269	r	0	1	Prodigal	002006
3959	1	4397322	4397625	r	0	1	Prodigal	002006
3960	1	4397599	4398028	r	0	1	Prodigal	002006
3961	1	4398038	4398464	r	0	1	Prodigal	002006
3962	1	4398548	4398995	r	0	1	Prodigal	002006
3963	1	4399046	4400243	r	0	1	Prodigal	002006
3964	1	4400391	4400736	f	0	1	Prodigal	002006
3965	1	4400724	4401285	r	0	1	Prodigal	002006
3966	1	4401296	4402247	r	0	1	Prodigal	002006
3967	1	4402347	4406379	r	0	1	Prodigal	002006
3968	1	4406392	4406800	r	0	1	Prodigal	002006
3969	1	4406796	4407714	r	0	1	Prodigal	002006
3970	1	4407710	4408733	r	0	1	Prodigal	002006
3971	1	4408716	4409274	r	0	1	Prodigal	002006
3972	1	4409305	4410184	r	0	1	Prodigal	002006
3973	1	4411105	4412854	f	0	1	Prodigal	002006
3974	1	4413138	4413657	f	0	1	Prodigal	002006
3975	1	4413856	4414144	f	0	1	Prodigal	002006
3976	1	4414155	4416249	f	0	1	Prodigal	002006
3977	1	4416248	4416998	f	0	1	Prodigal	002006
3978	1	4416998	4417499	f	0	1	Prodigal	002006
3979	1	4417498	4419256	f	0	1	Prodigal	002006
3980	1	4419252	4419429	f	0	1	Prodigal	002006
3981	1	4419561	4420929	f	0	1	Prodigal	002006
3982	1	4420972	4422181	r	0	1	Prodigal	002006
3983	1	4422444	4425579	r	0	1	Prodigal	002006
3984	1	4425594	4426740	r	0	1	Prodigal	002006
3985	1	4426897	4427626	f	0	1	Prodigal	002006
3986	1	4427622	4428708	f	0	1	Prodigal	002006
3987	1	4429141	4433017	f	0	1	Prodigal	002006
3988	1	4433173	4434067	r	0	1	Prodigal	002006
3989	1	4434592	4434802	f	0	1	Prodigal	002006
3990	1	4435094	4436120	f	0	1	Prodigal	002006
3991	1	4436280	4437834	r	0	1	Prodigal	002006
3992	1	4437904	4438669	r	0	1	Prodigal	002006
3993	1	4438741	4439464	f	0	1	Prodigal	002006
3994	1	4439451	4439916	r	0	1	Prodigal	002006
3995	1	4439995	4440730	f	0	1	Prodigal	002006
3996	1	4440726	4441992	f	0	1	Prodigal	002006
3997	1	4442085	4443603	r	0	1	Prodigal	002006
3998	1	4443927	4444731	f	0	1	Prodigal	002006
3999	1	4444906	4445923	f	0	1	Prodigal	002006
4000	1	4445930	4446968	f	0	1	Prodigal	002006
4001	1	4446967	4447771	f	0	1	Prodigal	002006
4002	1	4447854	4448772	f	0	1	Prodigal	002006
4003	1	4448891	4449245	r	0	1	Prodigal	002006
4004	1	4449289	4452418	r	0	1	Prodigal	002006
4005	1	4452414	4453932	r	0	1	Prodigal	002006
4006	1	4454229	4454730	r	0	1	Prodigal	002006
4007	1	4455122	4456307	f	0	1	Prodigal	002006
4008	1	4456441	4456897	f	0	1	Prodigal	002006
4009	1	4456893	4457979	f	0	1	Prodigal	002006
4010	1	4458039	4461144	r	0	1	Prodigal	002006
4011	1	4461153	4462353	r	0	1	Prodigal	002006
4012	1	4462748	4463555	r	0	1	Prodigal	002006
4013	1	4463791	4464754	r	0	1	Prodigal	002006
4014	1	4464820	4466407	r	0	1	Prodigal	002006
4015	1	4466626	4467673	r	0	1	Prodigal	002006
4016	1	4468008	4468449	f	0	1	Prodigal	002006
4017	1	4468557	4469115	r	0	1	Prodigal	002006
4018	1	4469200	4469860	r	0	1	Prodigal	002006
4019	1	4469999	4472138	r	0	1	Prodigal	002006
4020	1	4472134	4473328	r	0	1	Prodigal	002006
4021	1	4473490	4473706	r	0	1	Prodigal	002006
4022	1	4473982	4474594	r	0	1	Prodigal	002006
4023	1	4474590	4475952	r	0	1	Prodigal	002006
4024	1	4476060	4477884	r	0	1	Prodigal	002006
4025	1	4477955	4478546	r	0	1	Prodigal	002006
4026	1	4478532	4478793	r	0	1	Prodigal	002006
4027	1	4478996	4480181	r	0	1	Prodigal	002006
4028	1	4480199	4480718	r	0	1	Prodigal	002006
4029	1	4480698	4481319	r	0	1	Prodigal	002006
4030	1	4481330	4482776	r	0	1	Prodigal	002006
4031	1	4482988	4483282	f	0	1	Prodigal	002006
4032	1	4483502	4484471	f	0	1	Prodigal	002006
4033	1	4484577	4484913	f	0	1	Prodigal	002006
4034	1	4485001	4486207	r	0	1	Prodigal	002006
4035	1	4486203	4488129	r	0	1	Prodigal	002006
4036	1	4488495	4488870	f	0	1	Prodigal	002006
4037	1	4488951	4490055	r	0	1	Prodigal	002006
4038	1	4490353	4491106	r	0	1	Prodigal	002006
4039	1	4491339	4493232	r	0	1	Prodigal	002006
4040	1	4493752	4495393	r	0	1	Prodigal	002006
4041	1	4496256	4497456	r	0	1	Prodigal	002006
4042	1	4497585	4498461	f	0	1	Prodigal	002006
4043	1	4498617	4499871	f	0	1	Prodigal	002006
4044	1	4499942	4500119	r	0	1	Prodigal	002006
4045	1	4500427	4501759	r	0	1	Prodigal	002006
4046	1	4501775	4503113	r	0	1	Prodigal	002006
4047	1	4503336	4504281	f	0	1	Prodigal	002006
4048	1	4504450	4504627	r	0	1	Prodigal	002006
4049	1	4504938	4505388	r	0	1	Prodigal	002006
4050	1	4505581	4506490	r	0	1	Prodigal	002006
4051	1	4506636	4507239	f	0	1	Prodigal	002006
4052	1	4507543	4508509	r	0	1	Prodigal	002006
4053	1	4508512	4510051	r	0	1	Prodigal	002006
4054	1	4510054	4510843	r	0	1	Prodigal	002006
4055	1	4510895	4511873	r	0	1	Prodigal	002006
4056	1	4511869	4512616	r	0	1	Prodigal	002006
4057	1	4512891	4513740	r	0	1	Prodigal	002006
4058	1	4513902	4514154	f	0	1	Prodigal	002006
4059	1	4514186	4515953	f	0	1	Prodigal	002006
4060	1	4516054	4516795	f	0	1	Prodigal	002006
4061	1	4517428	4520095	r	0	1	Prodigal	002006
4062	1	4520934	4521570	f	0	1	Prodigal	002006
4063	1	4521849	4523469	f	0	1	Prodigal	002006
4064	1	4523565	4524486	f	0	1	Prodigal	002006
4065	1	4524500	4525412	f	0	1	Prodigal	002006
4066	1	4525466	4526447	f	0	1	Prodigal	002006
4067	1	4526447	4527443	f	0	1	Prodigal	002006
4068	1	4527745	4528690	f	0	1	Prodigal	002006
4069	1	4528755	4529982	r	0	1	Prodigal	002006
4070	1	4530155	4530605	f	0	1	Prodigal	002006
4071	1	4530707	4531847	r	0	1	Prodigal	002006
4072	1	4531905	4532262	r	0	1	Prodigal	002006
4073	1	4532272	4533106	f	0	1	Prodigal	002006
4074	1	4533203	4534211	f	0	1	Prodigal	002006
4075	1	4534197	4534290	f	0	1	Prodigal	002006
4076	1	4534276	4535074	f	0	1	Prodigal	002006
4077	1	4535096	4535555	r	0	1	Prodigal	002006
4078	1	4535561	4536626	r	0	1	Prodigal	002006
4079	1	4536770	4537151	f	0	1	Prodigal	002006
4080	1	4537234	4538467	r	0	1	Prodigal	002006
4081	1	4538791	4539445	r	0	1	Prodigal	002006
4082	1	4539606	4540203	r	0	1	Prodigal	002006
4083	1	4540414	4541749	r	0	1	Prodigal	002006
4084	1	4542177	4543158	r	0	1	Prodigal	002006
4085	1	4543359	4544244	f	0	1	Prodigal	002006
4086	1	4544914	4546051	f	0	1	Prodigal	002006
4087	1	4546071	4549296	f	0	1	Prodigal	002006
4088	1	4549597	4550749	f	0	1	Prodigal	002006
4089	1	4550816	4551056	r	0	1	Prodigal	002006
4090	1	4551143	4552001	r	0	1	Prodigal	002006
4091	1	4552192	4552576	r	0	1	Prodigal	002006
4092	1	4552663	4553206	r	0	1	Prodigal	002006
4093	1	4553834	4554800	r	0	1	Prodigal	002006
4094	1	4555023	4555899	f	0	1	Prodigal	002006
4095	1	4555984	4556398	r	0	1	Prodigal	002006
4096	1	4556454	4557096	r	0	1	Prodigal	002006
4097	1	4557109	4557871	r	0	1	Prodigal	002006
4098	1	4557886	4558519	r	0	1	Prodigal	002006
4099	1	4558562	4559615	r	0	1	Prodigal	002006
4100	1	4559626	4562341	r	0	1	Prodigal	002006
4101	1	4562355	4562934	r	0	1	Prodigal	002006
4102	1	4562936	4563518	r	0	1	Prodigal	002006
4103	1	4563699	4566843	r	0	1	Prodigal	002006
4104	1	4566997	4567465	f	0	1	Prodigal	002006
4105	1	4567631	4568000	f	0	1	Prodigal	002006
4106	1	4568221	4569799	r	0	1	Prodigal	002006
4107	1	4570144	4570267	f	0	1	Prodigal	002006
4108	1	4570256	4571273	f	0	1	Prodigal	002006
4109	1	4571338	4572601	r	0	1	Prodigal	002006
4110	1	4572777	4573620	f	0	1	Prodigal	002006
4111	1	4573677	4573833	r	0	1	Prodigal	002006
4112	1	4573928	4574396	r	0	1	Prodigal	002006
4113	1	4574534	4575173	f	0	1	Prodigal	002006
4114	1	4575326	4575785	f	0	1	Prodigal	002006
4115	1	4575878	4577294	r	0	1	Prodigal	002006
4116	1	4577416	4578988	f	0	1	Prodigal	002006
4117	1	4578987	4580127	f	0	1	Prodigal	002006
4118	1	4580143	4580254	f	0	1	Prodigal	002006
4119	1	4580383	4581343	f	0	1	Prodigal	002006
4120	1	4581335	4581665	f	0	1	Prodigal	002006
4121	1	4581652	4582510	f	0	1	Prodigal	002006
4122	1	4582502	4583288	f	0	1	Prodigal	002006
4123	1	4583284	4583893	f	0	1	Prodigal	002006
4124	1	4584007	4584679	r	0	1	Prodigal	002006
4125	1	4584822	4586001	r	0	1	Prodigal	002006
4126	1	4586344	4587352	f	0	1	Prodigal	002006
4127	1	4587514	4588318	r	0	1	Prodigal	002006
4128	1	4588383	4588680	r	0	1	Prodigal	002006
4129	1	4589295	4589700	r	0	1	Prodigal	002006
4130	1	4589891	4590794	f	0	1	Prodigal	002006
4131	1	4590965	4591199	r	0	1	Prodigal	002006
4132	1	4591392	4593369	r	0	1	Prodigal	002006
4133	1	4593594	4595097	r	0	1	Prodigal	002006
4134	1	4595151	4596000	r	0	1	Prodigal	002006
4135	1	4596489	4597848	f	0	1	Prodigal	002006
4136	1	4597950	4598709	f	0	1	Prodigal	002006
4137	1	4598642	4598789	r	0	1	Prodigal	002006
4138	1	4599026	4600514	f	0	1	Prodigal	002006
4139	1	4600620	4601709	f	0	1	Prodigal	002006
4140	1	4601927	4602410	f	0	1	Prodigal	002006
4141	1	4602708	4603080	f	0	1	Prodigal	002006
4142	1	4603079	4603952	f	0	1	Prodigal	002006
4143	1	4604135	4605077	f	0	1	Prodigal	002006
4144	1	4605221	4606412	f	0	1	Prodigal	002006
4145	1	4606526	4607030	r	0	1	Prodigal	002006
4146	1	4607023	4607542	r	0	1	Prodigal	002006
4147	1	4607569	4609771	f	0	1	Prodigal	002006
4148	1	4609875	4611639	f	0	1	Prodigal	002006
4149	1	4611638	4612634	f	0	1	Prodigal	002006
4150	1	4612755	4612944	f	0	1	Prodigal	002006
4151	1	4612940	4613690	f	0	1	Prodigal	002006
4152	1	4613902	4614547	f	0	1	Prodigal	002006
4153	1	4614674	4616528	f	0	1	Prodigal	002006
4154	1	4616727	4617282	f	0	1	Prodigal	002006
4155	1	4617973	4618267	f	0	1	Prodigal	002006
4156	1	4618403	4619018	f	0	1	Prodigal	002006
4157	1	4619163	4619844	r	0	1	Prodigal	002006
4158	1	4619830	4620514	r	0	1	Prodigal	002006
4159	1	4620510	4621542	r	0	1	Prodigal	002006
4160	1	4621986	4623048	r	0	1	Prodigal	002006
4161	1	4623044	4624082	r	0	1	Prodigal	002006
4162	1	4624089	4624791	r	0	1	Prodigal	002006
4163	1	4624787	4625504	r	0	1	Prodigal	002006
4164	1	4625530	4626676	r	0	1	Prodigal	002006
4165	1	4626672	4627677	r	0	1	Prodigal	002006
4166	1	4627782	4628616	r	0	1	Prodigal	002006
4167	1	4628608	4629571	r	0	1	Prodigal	002006
4168	1	4629567	4630260	r	0	1	Prodigal	002006
4169	1	4630428	4631361	r	0	1	Prodigal	002006
4170	1	4631699	4633331	f	0	1	Prodigal	002006
4171	1	4633734	4634538	r	0	1	Prodigal	002006
4172	1	4634737	4635193	f	0	1	Prodigal	002006
4173	1	4635350	4636013	f	0	1	Prodigal	002006
4174	1	4636275	4637472	f	0	1	Prodigal	002006
4175	1	4637523	4638432	r	0	1	Prodigal	002006
4176	1	4638594	4639401	f	0	1	Prodigal	002006
4177	1	4639387	4641679	f	0	1	Prodigal	002006
4178	1	4642042	4642375	r	0	1	Prodigal	002006
4179	1	4642548	4643118	f	0	1	Prodigal	002006
4180	1	4643295	4644519	f	0	1	Prodigal	002006
4181	1	4644655	4645939	f	0	1	Prodigal	002006
4182	1	4646355	4647453	f	0	1	Prodigal	002006
4183	1	4647539	4647929	f	0	1	Prodigal	002006
4184	1	4648227	4651104	f	0	1	Prodigal	002006
4185	1	4651195	4652749	r	0	1	Prodigal	002006
4186	1	4653075	4654146	r	0	1	Prodigal	002006
4187	1	4654252	4654579	f	0	1	Prodigal	002006
4188	1	4654667	4656050	r	0	1	Prodigal	002006
4189	1	4656397	4656733	f	0	1	Prodigal	002006
4190	1	4656972	4657785	r	0	1	Prodigal	002006
4191	1	4658132	4660505	f	0	1	Prodigal	002006
4192	1	4660572	4661031	r	0	1	Prodigal	002006
4193	1	4661049	4662924	r	0	1	Prodigal	002006
4194	1	4663446	4664313	f	0	1	Prodigal	002006
4195	1	4664398	4666249	r	0	1	Prodigal	002006
4196	1	4666296	4666524	r	0	1	Prodigal	002006
4197	1	4666597	4667647	f	0	1	Prodigal	002006
4198	1	4668055	4669237	f	0	1	Prodigal	002006
4199	1	4669312	4670965	f	0	1	Prodigal	002006
4200	1	4670977	4671868	f	0	1	Prodigal	002006
4201	1	4671936	4673073	f	0	1	Prodigal	002006
4202	1	4673184	4674000	r	0	1	Prodigal	002006
4203	1	4674128	4674929	f	0	1	Prodigal	002006
4204	1	4675040	4675847	r	0	1	Prodigal	002006
4205	1	4675882	4676953	r	0	1	Prodigal	002006
4206	1	4676978	4677212	r	0	1	Prodigal	002006
4207	1	4677333	4678788	f	0	1	Prodigal	002006
4208	1	4678874	4679357	r	0	1	Prodigal	002006
4209	1	4679417	4679768	f	0	1	Prodigal	002006
4210	1	4679764	4680148	f	0	1	Prodigal	002006
4211	1	4680205	4680814	r	0	1	Prodigal	002006
4212	1	4681201	4681984	f	0	1	Prodigal	002006
4213	1	4682050	4683181	f	0	1	Prodigal	002006
4214	1	4683284	4684187	r	0	1	Prodigal	002006
4215	1	4684720	4685491	f	0	1	Prodigal	002006
4216	1	4685540	4686314	f	0	1	Prodigal	002006
4217	1	4686525	4687266	f	0	1	Prodigal	002006
4218	1	4687269	4687962	f	0	1	Prodigal	002006
4219	1	4688138	4688798	f	0	1	Prodigal	002006
4220	1	4688797	4689520	f	0	1	Prodigal	002006
4221	1	4689744	4690881	f	0	1	Prodigal	002006
4222	1	4690873	4692025	f	0	1	Prodigal	002006
4223	1	4692035	4693031	f	0	1	Prodigal	002006
4224	1	4693170	4693806	f	0	1	Prodigal	002006
4225	1	4693936	4695469	r	0	1	Prodigal	002006
4226	1	4695478	4695910	r	0	1	Prodigal	002006
4227	1	4695921	4696908	r	0	1	Prodigal	002006
4228	1	4697073	4697805	f	0	1	Prodigal	002006
4229	1	4697848	4699204	f	0	1	Prodigal	002006
4230	1	4699270	4699519	r	0	1	Prodigal	002006
4231	1	4699766	4699943	r	0	1	Prodigal	002006
4232	1	4700200	4703635	r	0	1	Prodigal	002006
4233	1	4703933	4704689	r	0	1	Prodigal	002006
4234	1	4704685	4705483	r	0	1	Prodigal	002006
4235	1	4705472	4705970	r	0	1	Prodigal	002006
4236	1	4706182	4707559	f	0	1	Prodigal	002006
4237	1	4708279	4710739	r	0	1	Prodigal	002006
4238	1	4710738	4711497	r	0	1	Prodigal	002006
4239	1	4712788	4713544	r	0	1	Prodigal	002006
4240	1	4713683	4714430	r	0	1	Prodigal	002006
4241	1	4714560	4715307	r	0	1	Prodigal	002006
4242	1	4715378	4715897	r	0	1	Prodigal	002006
4243	1	4715893	4716898	r	0	1	Prodigal	002006
4244	1	4716890	4717829	r	0	1	Prodigal	002006
4245	1	4717992	4718550	r	0	1	Prodigal	002006
4246	1	4718809	4719139	r	0	1	Prodigal	002006
4247	1	4719258	4719486	f	0	1	Prodigal	002006
4248	1	4719614	4721885	f	0	1	Prodigal	002006
4249	1	4721881	4722121	f	0	1	Prodigal	002006
4250	1	4722215	4722866	r	0	1	Prodigal	002006
4251	1	4722964	4724260	r	0	1	Prodigal	002006
4252	1	4724547	4725126	f	0	1	Prodigal	002006
4253	1	4725205	4726621	r	0	1	Prodigal	002006
4254	1	4726633	4731091	r	0	1	Prodigal	002006
4255	1	4731702	4732632	f	0	1	Prodigal	002006
4256	1	4733009	4735154	f	0	1	Prodigal	002006
4257	1	4735146	4736580	f	0	1	Prodigal	002006
4258	1	4736617	4737943	f	0	1	Prodigal	002006
4259	1	4738237	4738831	f	0	1	Prodigal	002006
4260	1	4738834	4740760	f	0	1	Prodigal	002006
4261	1	4741938	4742181	r	0	1	Prodigal	002006
4262	1	4742472	4742733	r	0	1	Prodigal	002006
