gene_callers_id	contig	start	stop	direction	partial	call_type	source	version
1	1	69	1371	f	0	1	Prodigal	002006
2	1	1454	2558	f	0	1	Prodigal	002006
3	1	2560	3664	f	0	1	Prodigal	002006
4	1	3660	6072	f	0	1	Prodigal	002006
5	1	6191	6569	r	0	1	Prodigal	002006
6	1	6635	7340	r	0	1	Prodigal	002006
7	1	7405	8365	r	0	1	Prodigal	002006
8	1	8456	9227	r	0	1	Prodigal	002006
9	1	9507	9921	f	0	1	Prodigal	002006
10	1	10012	10453	f	0	1	Prodigal	002006
11	1	10525	11776	r	0	1	Prodigal	002006
12	1	12069	12303	f	0	1	Prodigal	002006
13	1	12232	13057	r	0	1	Prodigal	002006
14	1	13149	14277	f	0	1	Prodigal	002006
15	1	14281	14965	r	0	1	Prodigal	002006
16	1	15023	17612	r	0	1	Prodigal	002006
17	1	17738	18266	r	0	1	Prodigal	002006
18	1	18328	20386	r	0	1	Prodigal	002006
19	1	20453	22148	r	0	1	Prodigal	002006
20	1	22510	23860	r	0	1	Prodigal	002006
21	1	23936	25904	r	0	1	Prodigal	002006
22	1	26022	29103	r	0	1	Prodigal	002006
23	1	29118	30252	r	0	1	Prodigal	002006
24	1	30248	30845	r	0	1	Prodigal	002006
25	1	31719	32235	f	0	1	Prodigal	002006
26	1	32269	33085	r	0	1	Prodigal	002006
27	1	33174	34215	r	0	1	Prodigal	002006
28	1	34214	34874	r	0	1	Prodigal	002006
29	1	34873	35605	r	0	1	Prodigal	002006
30	1	35649	37767	r	0	1	Prodigal	002006
31	1	37898	38174	r	0	1	Prodigal	002006
32	1	38254	38881	r	0	1	Prodigal	002006
33	1	39184	40237	r	0	1	Prodigal	002006
34	1	40459	41173	f	0	1	Prodigal	002006
35	1	41243	42107	f	0	1	Prodigal	002006
36	1	42113	42968	r	0	1	Prodigal	002006
37	1	43010	43469	f	0	1	Prodigal	002006
38	1	43593	43755	r	0	1	Prodigal	002006
39	1	43739	44639	r	0	1	Prodigal	002006
40	1	44730	45690	f	0	1	Prodigal	002006
41	1	45668	46565	r	0	1	Prodigal	002006
42	1	46592	46682	r	0	1	Prodigal	002006
43	1	46874	47312	r	0	1	Prodigal	002006
44	1	47713	48901	f	0	1	Prodigal	002006
45	1	48993	49518	f	0	1	Prodigal	002006
46	1	49668	50853	f	0	1	Prodigal	002006
47	1	50934	52608	f	0	1	Prodigal	002006
48	1	52654	53398	f	0	1	Prodigal	002006
49	1	53507	54698	f	0	1	Prodigal	002006
50	1	54771	55896	r	0	1	Prodigal	002006
51	1	55892	56402	r	0	1	Prodigal	002006
52	1	56465	56768	r	0	1	Prodigal	002006
53	1	56772	57699	r	0	1	Prodigal	002006
54	1	57808	58711	f	0	1	Prodigal	002006
55	1	58976	60815	f	0	1	Prodigal	002006
56	1	60926	61730	f	0	1	Prodigal	002006
57	1	61737	62229	r	0	1	Prodigal	002006
58	1	62641	62755	f	0	1	Prodigal	002006
59	1	68233	69070	f	0	1	Prodigal	002006
60	1	69091	69526	r	0	1	Prodigal	002006
61	1	69539	70760	r	0	1	Prodigal	002006
62	1	70941	72954	f	0	1	Prodigal	002006
63	1	72956	75233	r	0	1	Prodigal	002006
64	1	75317	75767	r	0	1	Prodigal	002006
65	1	75970	76999	r	0	1	Prodigal	002006
66	1	77054	78245	r	0	1	Prodigal	002006
67	1	78360	79005	r	0	1	Prodigal	002006
68	1	79163	80120	f	0	1	Prodigal	002006
69	1	80238	82002	f	0	1	Prodigal	002006
70	1	82008	83208	f	0	1	Prodigal	002006
71	1	83210	84302	f	0	1	Prodigal	002006
72	1	84342	85056	f	0	1	Prodigal	002006
73	1	85059	86076	f	0	1	Prodigal	002006
74	1	86104	87202	f	0	1	Prodigal	002006
75	1	87217	88537	f	0	1	Prodigal	002006
76	1	88581	89121	r	0	1	Prodigal	002006
77	1	89419	90136	f	0	1	Prodigal	002006
78	1	90196	91018	f	0	1	Prodigal	002006
79	1	91058	91694	f	0	1	Prodigal	002006
80	1	91751	92882	f	0	1	Prodigal	002006
81	1	93273	93930	f	0	1	Prodigal	002006
82	1	94198	94711	f	0	1	Prodigal	002006
83	1	94812	95313	r	0	1	Prodigal	002006
84	1	95623	95821	f	0	1	Prodigal	002006
85	1	96083	96611	f	0	1	Prodigal	002006
86	1	96887	98957	f	0	1	Prodigal	002006
87	1	99076	101248	r	0	1	Prodigal	002006
88	1	101755	102754	f	0	1	Prodigal	002006
89	1	102839	104405	f	0	1	Prodigal	002006
90	1	104404	105523	f	0	1	Prodigal	002006
91	1	105525	106491	f	0	1	Prodigal	002006
92	1	106756	108748	r	0	1	Prodigal	002006
93	1	109097	110039	f	0	1	Prodigal	002006
94	1	110119	111544	r	0	1	Prodigal	002006
95	1	111702	112641	r	0	1	Prodigal	002006
96	1	112644	113754	r	0	1	Prodigal	002006
97	1	113750	114572	r	0	1	Prodigal	002006
98	1	114526	115561	r	0	1	Prodigal	002006
99	1	115557	116526	r	0	1	Prodigal	002006
100	1	116522	117164	r	0	1	Prodigal	002006
101	1	117441	118770	r	0	1	Prodigal	002006
102	1	118836	119370	r	0	1	Prodigal	002006
103	1	119557	120403	r	0	1	Prodigal	002006
104	1	120406	122152	r	0	1	Prodigal	002006
105	1	122462	123029	f	0	1	Prodigal	002006
106	1	123170	123740	f	0	1	Prodigal	002006
107	1	123732	124428	f	0	1	Prodigal	002006
108	1	124494	125310	r	0	1	Prodigal	002006
109	1	125425	126415	r	0	1	Prodigal	002006
110	1	126411	127560	r	0	1	Prodigal	002006
111	1	127556	128615	r	0	1	Prodigal	002006
112	1	128675	129689	r	0	1	Prodigal	002006
113	1	129890	130898	f	0	1	Prodigal	002006
114	1	131087	134147	f	0	1	Prodigal	002006
115	1	134423	135410	f	0	1	Prodigal	002006
116	1	135439	136984	f	0	1	Prodigal	002006
117	1	137000	138011	f	0	1	Prodigal	002006
118	1	138062	139796	f	0	1	Prodigal	002006
119	1	139863	140997	r	0	1	Prodigal	002006
120	1	141167	142310	f	0	1	Prodigal	002006
121	1	142399	142933	f	0	1	Prodigal	002006
122	1	143032	144862	r	0	1	Prodigal	002006
123	1	144867	145698	r	0	1	Prodigal	002006
124	1	145786	146203	r	0	1	Prodigal	002006
125	1	146368	147730	r	0	1	Prodigal	002006
126	1	147907	148897	r	0	1	Prodigal	002006
127	1	148971	149466	r	0	1	Prodigal	002006
128	1	149492	149939	r	0	1	Prodigal	002006
129	1	150001	150859	r	0	1	Prodigal	002006
130	1	151006	151381	r	0	1	Prodigal	002006
131	1	151845	153204	f	0	1	Prodigal	002006
132	1	153390	154752	f	0	1	Prodigal	002006
133	1	154805	155903	f	0	1	Prodigal	002006
134	1	156021	157107	f	0	1	Prodigal	002006
135	1	157185	158340	f	0	1	Prodigal	002006
136	1	158336	159242	f	0	1	Prodigal	002006
137	1	159238	160084	f	0	1	Prodigal	002006
138	1	160129	160834	f	0	1	Prodigal	002006
139	1	161326	161854	r	0	1	Prodigal	002006
140	1	161978	162443	r	0	1	Prodigal	002006
141	1	162576	164412	f	0	1	Prodigal	002006
142	1	164479	164782	r	0	1	Prodigal	002006
143	1	164887	166315	f	0	1	Prodigal	002006
144	1	166325	166613	f	0	1	Prodigal	002006
145	1	166772	167447	f	0	1	Prodigal	002006
146	1	167717	168203	r	0	1	Prodigal	002006
147	1	168349	170203	f	0	1	Prodigal	002006
148	1	170325	170976	f	0	1	Prodigal	002006
149	1	171076	171292	r	0	1	Prodigal	002006
150	1	171439	173647	f	0	1	Prodigal	002006
151	1	173711	174779	r	0	1	Prodigal	002006
152	1	174970	176404	f	0	1	Prodigal	002006
153	1	176573	177800	f	0	1	Prodigal	002006
154	1	178054	179296	f	0	1	Prodigal	002006
155	1	179472	180345	f	0	1	Prodigal	002006
156	1	180431	180869	f	0	1	Prodigal	002006
157	1	180857	181538	r	0	1	Prodigal	002006
158	1	181589	182498	f	0	1	Prodigal	002006
159	1	182552	184655	r	0	1	Prodigal	002006
160	1	184686	186756	r	0	1	Prodigal	002006
161	1	186946	188296	r	0	1	Prodigal	002006
162	1	188446	189787	r	0	1	Prodigal	002006
163	1	190032	190542	f	0	1	Prodigal	002006
164	1	190538	192335	f	0	1	Prodigal	002006
165	1	192344	192986	f	0	1	Prodigal	002006
166	1	193070	194078	r	0	1	Prodigal	002006
167	1	194167	194818	f	0	1	Prodigal	002006
168	1	194950	196303	r	0	1	Prodigal	002006
169	1	196312	197842	r	0	1	Prodigal	002006
170	1	198088	198520	f	0	1	Prodigal	002006
171	1	198570	199041	f	0	1	Prodigal	002006
172	1	199043	200048	f	0	1	Prodigal	002006
173	1	200117	200696	r	0	1	Prodigal	002006
174	1	200776	201505	r	0	1	Prodigal	002006
175	1	201543	202308	f	0	1	Prodigal	002006
176	1	202379	202613	f	0	1	Prodigal	002006
177	1	202614	203382	f	0	1	Prodigal	002006
178	1	203467	203746	f	0	1	Prodigal	002006
179	1	203816	206126	r	0	1	Prodigal	002006
180	1	206317	206791	r	0	1	Prodigal	002006
181	1	207040	207763	f	0	1	Prodigal	002006
182	1	207759	209070	f	0	1	Prodigal	002006
183	1	209107	210022	r	0	1	Prodigal	002006
184	1	210379	210691	f	0	1	Prodigal	002006
185	1	210713	211346	f	0	1	Prodigal	002006
186	1	211363	211969	f	0	1	Prodigal	002006
187	1	211965	212268	f	0	1	Prodigal	002006
188	1	212283	213105	f	0	1	Prodigal	002006
189	1	213127	213406	f	0	1	Prodigal	002006
190	1	213413	213761	f	0	1	Prodigal	002006
191	1	213764	214478	f	0	1	Prodigal	002006
192	1	214491	214905	f	0	1	Prodigal	002006
193	1	214904	215096	f	0	1	Prodigal	002006
194	1	215095	215344	f	0	1	Prodigal	002006
195	1	215491	215860	f	0	1	Prodigal	002006
196	1	215871	216189	f	0	1	Prodigal	002006
197	1	216202	216742	f	0	1	Prodigal	002006
198	1	216752	217058	f	0	1	Prodigal	002006
199	1	217079	217472	f	0	1	Prodigal	002006
200	1	217485	218019	f	0	1	Prodigal	002006
201	1	218028	218382	f	0	1	Prodigal	002006
202	1	218396	218897	f	0	1	Prodigal	002006
203	1	218903	219083	f	0	1	Prodigal	002006
204	1	219085	219523	f	0	1	Prodigal	002006
205	1	219531	220860	f	0	1	Prodigal	002006
206	1	221140	221497	f	0	1	Prodigal	002006
207	1	221511	221901	f	0	1	Prodigal	002006
208	1	221940	222561	f	0	1	Prodigal	002006
209	1	222586	223576	f	0	1	Prodigal	002006
210	1	223619	224003	f	0	1	Prodigal	002006
211	1	230464	232417	f	0	1	Prodigal	002006
212	1	232485	233874	r	0	1	Prodigal	002006
213	1	234014	235376	r	0	1	Prodigal	002006
214	1	235409	236132	r	0	1	Prodigal	002006
215	1	236331	236682	f	0	1	Prodigal	002006
216	1	236794	237694	r	0	1	Prodigal	002006
217	1	237958	238285	f	0	1	Prodigal	002006
218	1	238315	239002	f	0	1	Prodigal	002006
219	1	239041	239434	f	0	1	Prodigal	002006
220	1	239692	243046	f	0	1	Prodigal	002006
221	1	243045	246654	f	0	1	Prodigal	002006
222	1	246650	248714	f	0	1	Prodigal	002006
223	1	248983	250567	r	0	1	Prodigal	002006
224	1	251045	251525	f	0	1	Prodigal	002006
225	1	251791	252790	f	0	1	Prodigal	002006
226	1	252876	253479	r	0	1	Prodigal	002006
227	1	254753	255518	f	0	1	Prodigal	002006
228	1	255558	256368	r	0	1	Prodigal	002006
229	1	256587	257634	f	0	1	Prodigal	002006
230	1	257644	258478	f	0	1	Prodigal	002006
231	1	258479	259376	f	0	1	Prodigal	002006
232	1	259368	260145	f	0	1	Prodigal	002006
233	1	260151	261159	f	0	1	Prodigal	002006
234	1	261198	261852	f	0	1	Prodigal	002006
235	1	261964	263599	r	0	1	Prodigal	002006
236	1	263682	264123	f	0	1	Prodigal	002006
237	1	264260	265160	f	0	1	Prodigal	002006
238	1	265227	265854	r	0	1	Prodigal	002006
239	1	265960	267229	r	0	1	Prodigal	002006
240	1	267379	267556	r	0	1	Prodigal	002006
241	1	267656	269360	f	0	1	Prodigal	002006
242	1	269505	271683	f	0	1	Prodigal	002006
243	1	271947	272343	f	0	1	Prodigal	002006
244	1	272375	273089	f	0	1	Prodigal	002006
245	1	273125	273875	r	0	1	Prodigal	002006
246	1	273871	274783	r	0	1	Prodigal	002006
247	1	274951	276217	r	0	1	Prodigal	002006
248	1	276362	277211	f	0	1	Prodigal	002006
249	1	277223	278000	r	0	1	Prodigal	002006
250	1	278110	279427	r	0	1	Prodigal	002006
251	1	279650	279968	f	0	1	Prodigal	002006
252	1	280289	280814	f	0	1	Prodigal	002006
253	1	280889	282338	r	0	1	Prodigal	002006
254	1	282499	282997	f	0	1	Prodigal	002006
255	1	282947	283862	f	0	1	Prodigal	002006
256	1	283958	284546	r	0	1	Prodigal	002006
257	1	284847	285900	f	0	1	Prodigal	002006
258	1	285967	288820	r	0	1	Prodigal	002006
259	1	288884	289340	r	0	1	Prodigal	002006
260	1	289514	291023	r	0	1	Prodigal	002006
261	1	291195	292308	f	0	1	Prodigal	002006
262	1	292333	293404	f	0	1	Prodigal	002006
263	1	293478	294012	r	0	1	Prodigal	002006
264	1	294502	295711	f	0	1	Prodigal	002006
265	1	295807	296755	f	0	1	Prodigal	002006
266	1	297428	298901	f	0	1	Prodigal	002006
267	1	298904	299567	f	0	1	Prodigal	002006
268	1	299638	300214	f	0	1	Prodigal	002006
269	1	300210	300561	f	0	1	Prodigal	002006
270	1	300557	300806	f	0	1	Prodigal	002006
271	1	300802	301054	f	0	1	Prodigal	002006
272	1	301050	303855	f	0	1	Prodigal	002006
273	1	304342	304492	f	0	1	Prodigal	002006
274	1	305106	306963	f	0	1	Prodigal	002006
275	1	307370	307994	r	0	1	Prodigal	002006
276	1	308056	310105	r	0	1	Prodigal	002006
277	1	310396	311434	r	0	1	Prodigal	002006
278	1	311656	312568	r	0	1	Prodigal	002006
279	1	312829	314296	r	0	1	Prodigal	002006
280	1	314731	315610	r	0	1	Prodigal	002006
281	1	315643	316564	r	0	1	Prodigal	002006
282	1	316684	317740	r	0	1	Prodigal	002006
283	1	317961	318972	f	0	1	Prodigal	002006
284	1	319106	319358	f	0	1	Prodigal	002006
285	1	319428	320592	r	0	1	Prodigal	002006
286	1	320602	321652	r	0	1	Prodigal	002006
287	1	321648	322383	r	0	1	Prodigal	002006
288	1	322379	323372	r	0	1	Prodigal	002006
289	1	323632	326152	f	0	1	Prodigal	002006
290	1	326218	326872	r	0	1	Prodigal	002006
291	1	326868	327183	r	0	1	Prodigal	002006
292	1	327465	328716	f	0	1	Prodigal	002006
293	1	328999	329830	f	0	1	Prodigal	002006
294	1	329921	330602	f	0	1	Prodigal	002006
295	1	330594	331572	f	0	1	Prodigal	002006
296	1	331604	332315	f	0	1	Prodigal	002006
297	1	332391	332790	r	0	1	Prodigal	002006
298	1	332835	334362	r	0	1	Prodigal	002006
299	1	334477	334891	f	0	1	Prodigal	002006
300	1	334903	335686	r	0	1	Prodigal	002006
301	1	336082	336607	r	0	1	Prodigal	002006
302	1	336721	338065	f	0	1	Prodigal	002006
303	1	338137	338863	r	0	1	Prodigal	002006
304	1	338958	339357	r	0	1	Prodigal	002006
305	1	339477	340734	r	0	1	Prodigal	002006
306	1	340752	341010	r	0	1	Prodigal	002006
307	1	341009	341282	r	0	1	Prodigal	002006
308	1	341278	341911	r	0	1	Prodigal	002006
309	1	341913	342411	r	0	1	Prodigal	002006
310	1	342418	343198	r	0	1	Prodigal	002006
311	1	343197	343998	r	0	1	Prodigal	002006
312	1	344205	345201	f	0	1	Prodigal	002006
313	1	345200	345755	f	0	1	Prodigal	002006
314	1	345751	346312	f	0	1	Prodigal	002006
315	1	346283	346826	f	0	1	Prodigal	002006
316	1	346829	347555	f	0	1	Prodigal	002006
317	1	347620	349060	f	0	1	Prodigal	002006
318	1	349081	349369	f	0	1	Prodigal	002006
319	1	349371	349818	f	0	1	Prodigal	002006
320	1	349863	350730	f	0	1	Prodigal	002006
321	1	350750	351023	f	0	1	Prodigal	002006
322	1	351040	352945	r	0	1	Prodigal	002006
323	1	353052	353793	r	0	1	Prodigal	002006
324	1	353792	354908	r	0	1	Prodigal	002006
325	1	354891	356031	r	0	1	Prodigal	002006
326	1	356073	356724	r	0	1	Prodigal	002006
327	1	356735	357512	r	0	1	Prodigal	002006
328	1	357551	357848	r	0	1	Prodigal	002006
329	1	357847	358213	r	0	1	Prodigal	002006
330	1	358230	358590	r	0	1	Prodigal	002006
331	1	358905	360030	r	0	1	Prodigal	002006
332	1	360139	361501	r	0	1	Prodigal	002006
333	1	361582	361963	r	0	1	Prodigal	002006
334	1	362103	363198	f	0	1	Prodigal	002006
335	1	363464	363893	f	0	1	Prodigal	002006
336	1	363908	364301	f	0	1	Prodigal	002006
337	1	364596	365187	f	0	1	Prodigal	002006
338	1	365189	366407	f	0	1	Prodigal	002006
339	1	366403	367138	f	0	1	Prodigal	002006
340	1	367225	367855	f	0	1	Prodigal	002006
341	1	367851	368277	f	0	1	Prodigal	002006
342	1	368319	368898	r	0	1	Prodigal	002006
343	1	368902	369493	r	0	1	Prodigal	002006
344	1	369502	369874	r	0	1	Prodigal	002006
345	1	369815	371603	r	0	1	Prodigal	002006
346	1	371802	372636	f	0	1	Prodigal	002006
347	1	373406	374279	f	0	1	Prodigal	002006
348	1	374302	374665	f	0	1	Prodigal	002006
349	1	374664	375399	f	0	1	Prodigal	002006
350	1	375400	375670	f	0	1	Prodigal	002006
351	1	375666	376449	f	0	1	Prodigal	002006
352	1	376445	377582	f	0	1	Prodigal	002006
353	1	377585	379661	f	0	1	Prodigal	002006
354	1	380076	381459	f	0	1	Prodigal	002006
355	1	381462	381789	f	0	1	Prodigal	002006
356	1	381797	383555	f	0	1	Prodigal	002006
357	1	383541	384570	f	0	1	Prodigal	002006
358	1	384582	385275	f	0	1	Prodigal	002006
359	1	385267	386599	f	0	1	Prodigal	002006
360	1	386608	387022	f	0	1	Prodigal	002006
361	1	387031	387475	r	0	1	Prodigal	002006
362	1	387471	387747	r	0	1	Prodigal	002006
363	1	387823	388615	r	0	1	Prodigal	002006
364	1	388674	389064	f	0	1	Prodigal	002006
365	1	389066	389492	f	0	1	Prodigal	002006
366	1	389495	390203	f	0	1	Prodigal	002006
367	1	390221	391415	f	0	1	Prodigal	002006
368	1	391424	392159	f	0	1	Prodigal	002006
369	1	392237	393023	f	0	1	Prodigal	002006
370	1	393025	393694	f	0	1	Prodigal	002006
371	1	393702	394809	f	0	1	Prodigal	002006
372	1	394817	395216	f	0	1	Prodigal	002006
373	1	395215	396535	f	0	1	Prodigal	002006
374	1	396545	397463	f	0	1	Prodigal	002006
375	1	397484	398486	f	0	1	Prodigal	002006
376	1	398538	399825	f	0	1	Prodigal	002006
377	1	399821	400097	f	0	1	Prodigal	002006
378	1	400275	401115	f	0	1	Prodigal	002006
379	1	401224	402511	f	0	1	Prodigal	002006
380	1	402557	402950	f	0	1	Prodigal	002006
381	1	403401	404484	f	0	1	Prodigal	002006
382	1	404519	404978	f	0	1	Prodigal	002006
383	1	404985	405702	f	0	1	Prodigal	002006
384	1	405752	406610	f	0	1	Prodigal	002006
385	1	406609	407557	f	0	1	Prodigal	002006
386	1	407543	408005	f	0	1	Prodigal	002006
387	1	407937	408906	r	0	1	Prodigal	002006
388	1	409052	409352	f	0	1	Prodigal	002006
389	1	409592	410048	f	0	1	Prodigal	002006
390	1	410048	410987	f	0	1	Prodigal	002006
391	1	410990	411305	f	0	1	Prodigal	002006
392	1	411301	413056	f	0	1	Prodigal	002006
393	1	413039	414521	f	0	1	Prodigal	002006
394	1	414517	415873	f	0	1	Prodigal	002006
395	1	415866	416949	f	0	1	Prodigal	002006
396	1	416953	418237	f	0	1	Prodigal	002006
397	1	418233	419415	f	0	1	Prodigal	002006
398	1	419414	420497	f	0	1	Prodigal	002006
399	1	420608	422063	f	0	1	Prodigal	002006
400	1	422160	422913	f	0	1	Prodigal	002006
401	1	422893	424153	f	0	1	Prodigal	002006
402	1	424192	425344	f	0	1	Prodigal	002006
403	1	425443	426367	f	0	1	Prodigal	002006
404	1	426507	427413	f	0	1	Prodigal	002006
405	1	427471	430192	f	0	1	Prodigal	002006
406	1	430376	430781	f	0	1	Prodigal	002006
407	1	430858	431053	r	0	1	Prodigal	002006
408	1	431062	431785	r	0	1	Prodigal	002006
409	1	431822	432437	r	0	1	Prodigal	002006
410	1	432450	433323	r	0	1	Prodigal	002006
411	1	433384	434626	r	0	1	Prodigal	002006
412	1	434860	436567	r	0	1	Prodigal	002006
413	1	437323	438199	r	0	1	Prodigal	002006
414	1	438202	438673	r	0	1	Prodigal	002006
415	1	438803	439379	f	0	1	Prodigal	002006
416	1	439657	440422	f	0	1	Prodigal	002006
417	1	440501	443162	f	0	1	Prodigal	002006
418	1	443281	445171	f	0	1	Prodigal	002006
419	1	445319	446747	f	0	1	Prodigal	002006
420	1	446871	447834	f	0	1	Prodigal	002006
421	1	447922	449833	r	0	1	Prodigal	002006
422	1	450067	452329	f	0	1	Prodigal	002006
423	1	452558	455156	f	0	1	Prodigal	002006
424	1	455436	457023	f	0	1	Prodigal	002006
425	1	457186	458581	f	0	1	Prodigal	002006
426	1	458590	459718	f	0	1	Prodigal	002006
427	1	459702	462810	r	0	1	Prodigal	002006
428	1	462806	463907	r	0	1	Prodigal	002006
429	1	463997	464606	f	0	1	Prodigal	002006
430	1	464617	466021	f	0	1	Prodigal	002006
431	1	465992	466481	r	0	1	Prodigal	002006
432	1	466607	467117	r	0	1	Prodigal	002006
433	1	467116	467488	r	0	1	Prodigal	002006
434	1	467522	468308	f	0	1	Prodigal	002006
435	1	468827	470000	f	0	1	Prodigal	002006
436	1	470085	470418	r	0	1	Prodigal	002006
437	1	470551	471067	f	0	1	Prodigal	002006
438	1	471321	471777	f	0	1	Prodigal	002006
439	1	471839	472475	r	0	1	Prodigal	002006
440	1	472612	473998	r	0	1	Prodigal	002006
441	1	474208	475444	r	0	1	Prodigal	002006
442	1	475499	476411	r	0	1	Prodigal	002006
443	1	476436	477216	r	0	1	Prodigal	002006
444	1	477238	478246	r	0	1	Prodigal	002006
445	1	478531	479677	f	0	1	Prodigal	002006
446	1	479908	482542	f	0	1	Prodigal	002006
447	1	482663	483065	f	0	1	Prodigal	002006
448	1	483212	483677	f	0	1	Prodigal	002006
449	1	483861	484746	f	0	1	Prodigal	002006
450	1	484739	485624	r	0	1	Prodigal	002006
451	1	485752	486160	f	0	1	Prodigal	002006
452	1	486152	486842	f	0	1	Prodigal	002006
453	1	486916	487816	f	0	1	Prodigal	002006
454	1	488093	488957	f	0	1	Prodigal	002006
455	1	489047	491639	r	0	1	Prodigal	002006
456	1	491889	492381	f	0	1	Prodigal	002006
457	1	492461	493526	f	0	1	Prodigal	002006
458	1	493567	494080	f	0	1	Prodigal	002006
459	1	494375	497000	f	0	1	Prodigal	002006
460	1	497016	498255	f	0	1	Prodigal	002006
461	1	498358	498547	f	0	1	Prodigal	002006
462	1	499697	500525	r	0	1	Prodigal	002006
463	1	500684	501350	r	0	1	Prodigal	002006
464	1	501368	502661	r	0	1	Prodigal	002006
465	1	502904	503963	r	0	1	Prodigal	002006
466	1	504093	504288	r	0	1	Prodigal	002006
467	1	504461	505412	r	0	1	Prodigal	002006
468	1	505549	506497	f	0	1	Prodigal	002006
469	1	506689	508120	f	0	1	Prodigal	002006
470	1	508187	509849	f	0	1	Prodigal	002006
471	1	509852	510452	f	0	1	Prodigal	002006
472	1	510572	510761	f	0	1	Prodigal	002006
473	1	510821	511478	r	0	1	Prodigal	002006
474	1	511593	514461	r	0	1	Prodigal	002006
475	1	521175	521925	f	0	1	Prodigal	002006
476	1	522221	523124	f	0	1	Prodigal	002006
477	1	523038	523854	r	0	1	Prodigal	002006
478	1	524068	525355	r	0	1	Prodigal	002006
479	1	525677	526988	f	0	1	Prodigal	002006
480	1	527079	527775	f	0	1	Prodigal	002006
481	1	527862	528213	f	0	1	Prodigal	002006
482	1	528351	529761	r	0	1	Prodigal	002006
483	1	530062	530272	f	0	1	Prodigal	002006
484	1	530266	530539	r	0	1	Prodigal	002006
485	1	531393	532854	r	0	1	Prodigal	002006
486	1	532843	534061	r	0	1	Prodigal	002006
487	1	534212	535241	r	0	1	Prodigal	002006
488	1	535521	536394	f	0	1	Prodigal	002006
489	1	536486	537455	r	0	1	Prodigal	002006
490	1	537624	538305	f	0	1	Prodigal	002006
491	1	538330	539596	f	0	1	Prodigal	002006
492	1	539689	542146	r	0	1	Prodigal	002006
493	1	542145	543318	r	0	1	Prodigal	002006
494	1	543592	543916	f	0	1	Prodigal	002006
495	1	543991	545263	r	0	1	Prodigal	002006
496	1	545699	546512	r	0	1	Prodigal	002006
497	1	546551	547160	r	0	1	Prodigal	002006
498	1	547304	547985	f	0	1	Prodigal	002006
499	1	548070	548283	r	0	1	Prodigal	002006
500	1	548397	548733	r	0	1	Prodigal	002006
501	1	548732	549323	r	0	1	Prodigal	002006
502	1	549408	550671	r	0	1	Prodigal	002006
503	1	550888	551890	f	0	1	Prodigal	002006
504	1	551946	552522	f	0	1	Prodigal	002006
505	1	552793	553633	f	0	1	Prodigal	002006
506	1	553629	554520	f	0	1	Prodigal	002006
507	1	554542	555610	f	0	1	Prodigal	002006
508	1	555732	556680	f	0	1	Prodigal	002006
509	1	556874	558086	f	0	1	Prodigal	002006
510	1	558082	558748	f	0	1	Prodigal	002006
511	1	558728	558860	f	0	1	Prodigal	002006
512	1	558840	559503	f	0	1	Prodigal	002006
513	1	559746	560292	f	0	1	Prodigal	002006
514	1	560263	561100	f	0	1	Prodigal	002006
515	1	561302	562265	f	0	1	Prodigal	002006
516	1	562290	563712	r	0	1	Prodigal	002006
517	1	564128	565811	r	0	1	Prodigal	002006
518	1	566087	567920	f	0	1	Prodigal	002006
519	1	568497	569580	f	0	1	Prodigal	002006
520	1	569585	571829	f	0	1	Prodigal	002006
521	1	571828	574789	f	0	1	Prodigal	002006
522	1	574782	575676	f	0	1	Prodigal	002006
523	1	576295	578698	f	0	1	Prodigal	002006
524	1	578697	580656	f	0	1	Prodigal	002006
525	1	580652	581903	f	0	1	Prodigal	002006
526	1	581889	582204	f	0	1	Prodigal	002006
527	1	582349	582583	r	0	1	Prodigal	002006
528	1	582892	584185	f	0	1	Prodigal	002006
529	1	584200	587368	r	0	1	Prodigal	002006
530	1	587647	588127	f	0	1	Prodigal	002006
531	1	588247	588955	f	0	1	Prodigal	002006
532	1	588956	589292	f	0	1	Prodigal	002006
533	1	589414	590941	f	0	1	Prodigal	002006
534	1	590952	591840	f	0	1	Prodigal	002006
535	1	591978	592302	f	0	1	Prodigal	002006
536	1	592365	593298	r	0	1	Prodigal	002006
537	1	593460	594657	r	0	1	Prodigal	002006
538	1	594784	595060	r	0	1	Prodigal	002006
539	1	595131	596070	f	0	1	Prodigal	002006
540	1	596117	596531	r	0	1	Prodigal	002006
541	1	596743	598321	f	0	1	Prodigal	002006
542	1	598333	600829	f	0	1	Prodigal	002006
543	1	601044	603492	r	0	1	Prodigal	002006
544	1	603676	604177	f	0	1	Prodigal	002006
545	1	604236	605064	r	0	1	Prodigal	002006
546	1	605208	606429	f	0	1	Prodigal	002006
547	1	606431	607217	r	0	1	Prodigal	002006
548	1	607213	608530	r	0	1	Prodigal	002006
549	1	608728	609559	r	0	1	Prodigal	002006
550	1	609679	610417	f	0	1	Prodigal	002006
551	1	610540	611869	f	0	1	Prodigal	002006
552	1	611922	612219	r	0	1	Prodigal	002006
553	1	612298	612742	r	0	1	Prodigal	002006
554	1	612882	613998	f	0	1	Prodigal	002006
555	1	614116	615379	f	0	1	Prodigal	002006
556	1	615388	616522	f	0	1	Prodigal	002006
557	1	616644	617124	r	0	1	Prodigal	002006
558	1	617287	617815	f	0	1	Prodigal	002006
559	1	617824	619423	f	0	1	Prodigal	002006
560	1	619541	620780	r	0	1	Prodigal	002006
561	1	621017	622070	f	0	1	Prodigal	002006
562	1	622078	622351	f	0	1	Prodigal	002006
563	1	622468	623572	f	0	1	Prodigal	002006
564	1	623657	624044	r	0	1	Prodigal	002006
565	1	624298	625336	f	0	1	Prodigal	002006
566	1	625602	626640	f	0	1	Prodigal	002006
567	1	626770	627793	r	0	1	Prodigal	002006
568	1	627927	630321	f	0	1	Prodigal	002006
569	1	630317	631067	f	0	1	Prodigal	002006
570	1	631069	631642	f	0	1	Prodigal	002006
571	1	631698	632154	f	0	1	Prodigal	002006
572	1	632226	633450	r	0	1	Prodigal	002006
573	1	633569	634280	f	0	1	Prodigal	002006
574	1	634471	635776	f	0	1	Prodigal	002006
575	1	636227	637505	f	0	1	Prodigal	002006
576	1	637578	637809	r	0	1	Prodigal	002006
577	1	637813	638275	r	0	1	Prodigal	002006
578	1	638264	638723	r	0	1	Prodigal	002006
579	1	638860	639847	f	0	1	Prodigal	002006
580	1	639910	641470	r	0	1	Prodigal	002006
581	1	641607	641907	r	0	1	Prodigal	002006
582	1	642025	643630	r	0	1	Prodigal	002006
583	1	643814	644522	f	0	1	Prodigal	002006
584	1	644616	645276	r	0	1	Prodigal	002006
585	1	645559	645988	f	0	1	Prodigal	002006
586	1	646006	646756	r	0	1	Prodigal	002006
587	1	646846	647296	f	0	1	Prodigal	002006
588	1	647391	648024	f	0	1	Prodigal	002006
589	1	648055	648736	f	0	1	Prodigal	002006
590	1	648830	650555	r	0	1	Prodigal	002006
591	1	650829	652182	f	0	1	Prodigal	002006
592	1	652262	652829	r	0	1	Prodigal	002006
593	1	652825	654475	r	0	1	Prodigal	002006
594	1	654467	655871	r	0	1	Prodigal	002006
595	1	655915	656275	f	0	1	Prodigal	002006
596	1	656408	656999	r	0	1	Prodigal	002006
597	1	657064	658168	r	0	1	Prodigal	002006
598	1	658172	659813	r	0	1	Prodigal	002006
599	1	660067	662104	r	0	1	Prodigal	002006
600	1	662203	663103	r	0	1	Prodigal	002006
601	1	663312	663951	r	0	1	Prodigal	002006
602	1	664013	664790	f	0	1	Prodigal	002006
603	1	664983	665595	f	0	1	Prodigal	002006
604	1	665676	667686	r	0	1	Prodigal	002006
605	1	667946	668561	f	0	1	Prodigal	002006
606	1	668569	669580	f	0	1	Prodigal	002006
607	1	670515	672072	f	0	1	Prodigal	002006
608	1	672083	673220	f	0	1	Prodigal	002006
609	1	673234	673351	f	0	1	Prodigal	002006
610	1	673403	673649	f	0	1	Prodigal	002006
611	1	673754	674162	f	0	1	Prodigal	002006
612	1	674151	674841	f	0	1	Prodigal	002006
613	1	674840	675287	f	0	1	Prodigal	002006
614	1	675298	676426	f	0	1	Prodigal	002006
615	1	676521	677847	f	0	1	Prodigal	002006
616	1	677896	678421	f	0	1	Prodigal	002006
617	1	678579	679380	f	0	1	Prodigal	002006
618	1	681046	682360	r	0	1	Prodigal	002006
619	1	682792	683512	f	0	1	Prodigal	002006
620	1	683515	684829	r	0	1	Prodigal	002006
621	1	685040	685880	r	0	1	Prodigal	002006
622	1	686087	686651	f	0	1	Prodigal	002006
623	1	686702	687521	r	0	1	Prodigal	002006
624	1	687631	688861	r	0	1	Prodigal	002006
625	1	688967	689591	f	0	1	Prodigal	002006
626	1	689902	690379	f	0	1	Prodigal	002006
627	1	690515	690833	r	0	1	Prodigal	002006
628	1	690978	691206	r	0	1	Prodigal	002006
629	1	691412	691868	f	0	1	Prodigal	002006
630	1	691925	693092	f	0	1	Prodigal	002006
631	1	693165	693552	r	0	1	Prodigal	002006
632	1	693620	695777	r	0	1	Prodigal	002006
633	1	695776	697954	r	0	1	Prodigal	002006
634	1	698036	700226	r	0	1	Prodigal	002006
635	1	700573	701569	f	0	1	Prodigal	002006
636	1	701655	702522	f	0	1	Prodigal	002006
637	1	702592	703666	r	0	1	Prodigal	002006
638	1	703806	705912	f	0	1	Prodigal	002006
639	1	705981	706437	r	0	1	Prodigal	002006
640	1	706433	707357	r	0	1	Prodigal	002006
641	1	707569	709000	f	0	1	Prodigal	002006
642	1	709096	710005	f	0	1	Prodigal	002006
643	1	710017	711445	f	0	1	Prodigal	002006
644	1	711449	713174	f	0	1	Prodigal	002006
645	1	713422	714013	f	0	1	Prodigal	002006
646	1	714461	715190	r	0	1	Prodigal	002006
647	1	715858	717496	r	0	1	Prodigal	002006
648	1	717772	718633	r	0	1	Prodigal	002006
649	1	718737	719208	r	0	1	Prodigal	002006
650	1	719242	720490	r	0	1	Prodigal	002006
651	1	720483	721173	r	0	1	Prodigal	002006
652	1	721177	721756	r	0	1	Prodigal	002006
653	1	721787	722087	r	0	1	Prodigal	002006
654	1	722131	722674	r	0	1	Prodigal	002006
655	1	722894	723785	r	0	1	Prodigal	002006
656	1	723924	724272	f	0	1	Prodigal	002006
657	1	724300	724831	r	0	1	Prodigal	002006
658	1	725047	726628	r	0	1	Prodigal	002006
659	1	726737	727619	r	0	1	Prodigal	002006
660	1	727777	728164	f	0	1	Prodigal	002006
661	1	728160	728481	f	0	1	Prodigal	002006
662	1	728559	728961	r	0	1	Prodigal	002006
663	1	729019	731338	r	0	1	Prodigal	002006
664	1	731411	733859	r	0	1	Prodigal	002006
665	1	734037	734580	f	0	1	Prodigal	002006
666	1	734576	735320	f	0	1	Prodigal	002006
667	1	735439	735889	f	0	1	Prodigal	002006
668	1	736000	736909	f	0	1	Prodigal	002006
669	1	737075	738542	f	0	1	Prodigal	002006
670	1	738553	739063	f	0	1	Prodigal	002006
671	1	739059	739854	f	0	1	Prodigal	002006
672	1	740055	740913	f	0	1	Prodigal	002006
673	1	740937	741288	f	0	1	Prodigal	002006
674	1	741432	742803	f	0	1	Prodigal	002006
675	1	742886	743411	r	0	1	Prodigal	002006
676	1	743418	743838	r	0	1	Prodigal	002006
677	1	743957	744365	r	0	1	Prodigal	002006
678	1	744610	746713	f	0	1	Prodigal	002006
679	1	746772	747546	r	0	1	Prodigal	002006
680	1	747542	748460	r	0	1	Prodigal	002006
681	1	748571	749102	r	0	1	Prodigal	002006
682	1	749303	749918	f	0	1	Prodigal	002006
683	1	749990	750602	r	0	1	Prodigal	002006
684	1	750598	751969	r	0	1	Prodigal	002006
685	1	752227	752929	f	0	1	Prodigal	002006
686	1	752999	754013	r	0	1	Prodigal	002006
687	1	754129	755116	r	0	1	Prodigal	002006
688	1	755227	756796	r	0	1	Prodigal	002006
689	1	757085	757553	r	0	1	Prodigal	002006
690	1	757708	758596	r	0	1	Prodigal	002006
691	1	758630	759110	r	0	1	Prodigal	002006
692	1	759199	761917	r	0	1	Prodigal	002006
693	1	762070	763393	f	0	1	Prodigal	002006
694	1	763705	765919	f	0	1	Prodigal	002006
695	1	766099	766897	f	0	1	Prodigal	002006
696	1	767038	768676	f	0	1	Prodigal	002006
697	1	768764	770066	f	0	1	Prodigal	002006
698	1	770189	770675	r	0	1	Prodigal	002006
699	1	770795	771260	r	0	1	Prodigal	002006
700	1	771378	771885	r	0	1	Prodigal	002006
701	1	771909	772257	r	0	1	Prodigal	002006
702	1	772402	772741	r	0	1	Prodigal	002006
703	1	773028	773457	r	0	1	Prodigal	002006
704	1	773884	774481	r	0	1	Prodigal	002006
705	1	774672	775038	r	0	1	Prodigal	002006
706	1	775229	775436	f	0	1	Prodigal	002006
707	1	775540	776395	r	0	1	Prodigal	002006
708	1	776388	776850	r	0	1	Prodigal	002006
709	1	776842	778753	r	0	1	Prodigal	002006
710	1	778907	779321	f	0	1	Prodigal	002006
711	1	779438	781100	r	0	1	Prodigal	002006
712	1	781274	781742	r	0	1	Prodigal	002006
713	1	781796	783173	r	0	1	Prodigal	002006
714	1	783289	783886	f	0	1	Prodigal	002006
715	1	784011	784602	f	0	1	Prodigal	002006
716	1	784728	785427	f	0	1	Prodigal	002006
717	1	785557	786664	f	0	1	Prodigal	002006
718	1	786978	787449	f	0	1	Prodigal	002006
719	1	787670	788870	f	0	1	Prodigal	002006
720	1	789013	790255	f	0	1	Prodigal	002006
721	1	790442	791369	f	0	1	Prodigal	002006
722	1	791438	792332	r	0	1	Prodigal	002006
723	1	792658	794176	f	0	1	Prodigal	002006
724	1	794384	794702	f	0	1	Prodigal	002006
725	1	794694	795387	f	0	1	Prodigal	002006
726	1	795533	796010	f	0	1	Prodigal	002006
727	1	796009	797068	f	0	1	Prodigal	002006
728	1	797048	797810	f	0	1	Prodigal	002006
729	1	797817	798435	f	0	1	Prodigal	002006
730	1	798431	799013	f	0	1	Prodigal	002006
731	1	799022	800093	f	0	1	Prodigal	002006
732	1	800138	801122	f	0	1	Prodigal	002006
733	1	801199	802237	r	0	1	Prodigal	002006
734	1	802436	803003	f	0	1	Prodigal	002006
735	1	803061	804015	r	0	1	Prodigal	002006
736	1	804170	805268	f	0	1	Prodigal	002006
737	1	805394	807098	f	0	1	Prodigal	002006
738	1	807215	808010	r	0	1	Prodigal	002006
739	1	808626	809388	f	0	1	Prodigal	002006
740	1	809488	810913	r	0	1	Prodigal	002006
741	1	811280	812552	f	0	1	Prodigal	002006
742	1	812627	813878	r	0	1	Prodigal	002006
743	1	813975	815481	r	0	1	Prodigal	002006
744	1	815607	816072	r	0	1	Prodigal	002006
745	1	816270	817179	f	0	1	Prodigal	002006
746	1	817259	817820	r	0	1	Prodigal	002006
747	1	818017	818659	f	0	1	Prodigal	002006
748	1	818731	819010	f	0	1	Prodigal	002006
749	1	819006	820050	f	0	1	Prodigal	002006
750	1	826442	826895	f	0	1	Prodigal	002006
751	1	827106	829254	f	0	1	Prodigal	002006
752	1	829264	829948	f	0	1	Prodigal	002006
753	1	830168	831539	f	0	1	Prodigal	002006
754	1	831608	832313	r	0	1	Prodigal	002006
755	1	832299	833919	r	0	1	Prodigal	002006
756	1	833915	834896	r	0	1	Prodigal	002006
757	1	835136	835427	f	0	1	Prodigal	002006
758	1	835457	836387	r	0	1	Prodigal	002006
759	1	836504	837104	r	0	1	Prodigal	002006
760	1	837116	838514	r	0	1	Prodigal	002006
761	1	838547	839633	r	0	1	Prodigal	002006
762	1	839629	841192	r	0	1	Prodigal	002006
763	1	841600	842221	f	0	1	Prodigal	002006
764	1	842347	842851	f	0	1	Prodigal	002006
765	1	842847	843957	f	0	1	Prodigal	002006
766	1	843994	844147	f	0	1	Prodigal	002006
767	1	844537	846256	f	0	1	Prodigal	002006
768	1	846255	846750	f	0	1	Prodigal	002006
769	1	846854	847481	f	0	1	Prodigal	002006
770	1	847641	848535	r	0	1	Prodigal	002006
771	1	848635	848932	r	0	1	Prodigal	002006
772	1	848958	849819	r	0	1	Prodigal	002006
773	1	850216	851614	f	0	1	Prodigal	002006
774	1	851687	852692	f	0	1	Prodigal	002006
775	1	852691	853846	f	0	1	Prodigal	002006
776	1	853845	855042	f	0	1	Prodigal	002006
777	1	855152	855788	r	0	1	Prodigal	002006
778	1	855917	856772	r	0	1	Prodigal	002006
779	1	856843	857542	r	0	1	Prodigal	002006
780	1	857780	858752	f	0	1	Prodigal	002006
781	1	858826	860224	r	0	1	Prodigal	002006
782	1	860436	861348	r	0	1	Prodigal	002006
783	1	861444	861765	r	0	1	Prodigal	002006
784	1	862142	864323	r	0	1	Prodigal	002006
785	1	864378	865581	r	0	1	Prodigal	002006
786	1	865885	866326	f	0	1	Prodigal	002006
787	1	866385	866886	r	0	1	Prodigal	002006
788	1	866921	867020	r	0	1	Prodigal	002006
789	1	867049	867514	r	0	1	Prodigal	002006
790	1	867538	868072	r	0	1	Prodigal	002006
791	1	868277	869165	f	0	1	Prodigal	002006
792	1	869157	870285	f	0	1	Prodigal	002006
793	1	870450	871554	f	0	1	Prodigal	002006
794	1	871682	872285	r	0	1	Prodigal	002006
795	1	872382	873282	f	0	1	Prodigal	002006
796	1	873353	873995	f	0	1	Prodigal	002006
797	1	874068	874515	f	0	1	Prodigal	002006
798	1	874604	875303	f	0	1	Prodigal	002006
799	1	875370	876357	r	0	1	Prodigal	002006
800	1	876563	878876	f	0	1	Prodigal	002006
801	1	878927	880292	f	0	1	Prodigal	002006
802	1	880607	880811	f	0	1	Prodigal	002006
803	1	881034	885276	f	0	1	Prodigal	002006
804	1	885256	886468	f	0	1	Prodigal	002006
805	1	886507	888484	f	0	1	Prodigal	002006
806	1	888543	889044	r	0	1	Prodigal	002006
807	1	889140	889941	r	0	1	Prodigal	002006
808	1	889966	890620	r	0	1	Prodigal	002006
809	1	890600	891644	r	0	1	Prodigal	002006
810	1	892149	892605	f	0	1	Prodigal	002006
811	1	892709	893450	r	0	1	Prodigal	002006
812	1	893561	894716	r	0	1	Prodigal	002006
813	1	894776	896288	f	0	1	Prodigal	002006
814	1	896298	896772	f	0	1	Prodigal	002006
815	1	896795	898484	f	0	1	Prodigal	002006
816	1	898500	898659	f	0	1	Prodigal	002006
817	1	898662	898764	f	0	1	Prodigal	002006
818	1	898767	900639	f	0	1	Prodigal	002006
819	1	900628	901558	f	0	1	Prodigal	002006
820	1	901630	901894	f	0	1	Prodigal	002006
821	1	901957	903244	f	0	1	Prodigal	002006
822	1	903335	904487	f	0	1	Prodigal	002006
823	1	904490	905375	f	0	1	Prodigal	002006
824	1	905492	905681	f	0	1	Prodigal	002006
825	1	905761	906733	r	0	1	Prodigal	002006
826	1	906975	907287	f	0	1	Prodigal	002006
827	1	907304	907562	f	0	1	Prodigal	002006
828	1	907750	908953	f	0	1	Prodigal	002006
829	1	909319	910690	f	0	1	Prodigal	002006
830	1	910873	911215	r	0	1	Prodigal	002006
831	1	911316	911646	r	0	1	Prodigal	002006
832	1	911951	912941	f	0	1	Prodigal	002006
833	1	913113	913614	f	0	1	Prodigal	002006
834	1	913733	914555	r	0	1	Prodigal	002006
835	1	914561	914924	r	0	1	Prodigal	002006
836	1	914928	915741	r	0	1	Prodigal	002006
837	1	915730	916726	r	0	1	Prodigal	002006
838	1	916725	918024	r	0	1	Prodigal	002006
839	1	918050	920519	r	0	1	Prodigal	002006
840	1	920693	921704	f	0	1	Prodigal	002006
841	1	921700	922369	f	0	1	Prodigal	002006
842	1	922388	923222	f	0	1	Prodigal	002006
843	1	923292	924018	r	0	1	Prodigal	002006
844	1	924113	924512	r	0	1	Prodigal	002006
845	1	924628	926080	r	0	1	Prodigal	002006
846	1	926474	926564	f	0	1	Prodigal	002006
847	1	927027	927495	f	0	1	Prodigal	002006
848	1	927667	928936	f	0	1	Prodigal	002006
849	1	928998	929391	f	0	1	Prodigal	002006
850	1	929572	930676	f	0	1	Prodigal	002006
851	1	930711	931965	f	0	1	Prodigal	002006
852	1	932061	932451	r	0	1	Prodigal	002006
853	1	932453	932705	r	0	1	Prodigal	002006
854	1	932694	932964	r	0	1	Prodigal	002006
855	1	932960	933839	r	0	1	Prodigal	002006
856	1	933861	934941	r	0	1	Prodigal	002006
857	1	934987	935533	f	0	1	Prodigal	002006
858	1	936026	936236	r	0	1	Prodigal	002006
859	1	936510	937179	r	0	1	Prodigal	002006
860	1	937278	939381	r	0	1	Prodigal	002006
861	1	939655	941071	f	0	1	Prodigal	002006
862	1	941243	942587	r	0	1	Prodigal	002006
863	1	942851	943181	r	0	1	Prodigal	002006
864	1	943274	944942	r	0	1	Prodigal	002006
865	1	945185	945761	f	0	1	Prodigal	002006
866	1	945818	946382	f	0	1	Prodigal	002006
867	1	946390	947248	r	0	1	Prodigal	002006
868	1	947403	947592	r	0	1	Prodigal	002006
869	1	947796	948402	r	0	1	Prodigal	002006
870	1	948512	949526	r	0	1	Prodigal	002006
871	1	949522	950902	r	0	1	Prodigal	002006
872	1	951145	951757	f	0	1	Prodigal	002006
873	1	951858	952890	r	0	1	Prodigal	002006
874	1	952886	953945	r	0	1	Prodigal	002006
875	1	953976	955794	r	0	1	Prodigal	002006
876	1	955939	956983	r	0	1	Prodigal	002006
877	1	956985	958011	r	0	1	Prodigal	002006
878	1	958750	961306	f	0	1	Prodigal	002006
879	1	961414	962179	f	0	1	Prodigal	002006
880	1	962175	963549	f	0	1	Prodigal	002006
881	1	963559	964087	f	0	1	Prodigal	002006
882	1	964154	964562	f	0	1	Prodigal	002006
883	1	964578	965202	f	0	1	Prodigal	002006
884	1	965213	966455	f	0	1	Prodigal	002006
885	1	966965	967886	f	0	1	Prodigal	002006
886	1	967977	969822	r	0	1	Prodigal	002006
887	1	970030	972058	f	0	1	Prodigal	002006
888	1	972172	972721	f	0	1	Prodigal	002006
889	1	973103	973658	r	0	1	Prodigal	002006
890	1	973724	974024	r	0	1	Prodigal	002006
891	1	974112	975363	r	0	1	Prodigal	002006
892	1	975359	976085	r	0	1	Prodigal	002006
893	1	976081	976540	r	0	1	Prodigal	002006
894	1	976536	977703	r	0	1	Prodigal	002006
895	1	977699	978254	r	0	1	Prodigal	002006
896	1	978253	980569	r	0	1	Prodigal	002006
897	1	980555	981152	r	0	1	Prodigal	002006
898	1	981151	981574	r	0	1	Prodigal	002006
899	1	981566	983117	r	0	1	Prodigal	002006
900	1	983124	984801	r	0	1	Prodigal	002006
901	1	984797	985163	r	0	1	Prodigal	002006
902	1	985162	986554	r	0	1	Prodigal	002006
903	1	986550	987114	r	0	1	Prodigal	002006
904	1	987113	987359	r	0	1	Prodigal	002006
905	1	987364	987625	r	0	1	Prodigal	002006
906	1	987605	988400	r	0	1	Prodigal	002006
907	1	988384	988942	r	0	1	Prodigal	002006
908	1	989520	989748	f	0	1	Prodigal	002006
909	1	989760	990822	f	0	1	Prodigal	002006
910	1	990841	991054	f	0	1	Prodigal	002006
911	1	991095	992004	r	0	1	Prodigal	002006
912	1	991997	993089	r	0	1	Prodigal	002006
913	1	993293	993746	f	0	1	Prodigal	002006
914	1	993865	994609	r	0	1	Prodigal	002006
915	1	994798	995230	f	0	1	Prodigal	002006
916	1	995307	995943	r	0	1	Prodigal	002006
917	1	996117	997200	r	0	1	Prodigal	002006
918	1	997544	998345	r	0	1	Prodigal	002006
919	1	998470	999109	r	0	1	Prodigal	002006
920	1	999409	999814	f	0	1	Prodigal	002006
921	1	999907	1000204	f	0	1	Prodigal	002006
922	1	1000347	1000881	r	0	1	Prodigal	002006
923	1	1000897	1001767	r	0	1	Prodigal	002006
924	1	1001819	1002044	r	0	1	Prodigal	002006
925	1	1002141	1003293	f	0	1	Prodigal	002006
926	1	1003271	1004258	r	0	1	Prodigal	002006
927	1	1004324	1005224	r	0	1	Prodigal	002006
928	1	1005377	1006037	r	0	1	Prodigal	002006
929	1	1006076	1006280	f	0	1	Prodigal	002006
930	1	1006423	1007095	f	0	1	Prodigal	002006
931	1	1007196	1007412	r	0	1	Prodigal	002006
932	1	1007426	1008395	r	0	1	Prodigal	002006
933	1	1008513	1009317	f	0	1	Prodigal	002006
934	1	1009468	1010875	f	0	1	Prodigal	002006
935	1	1010930	1011800	r	0	1	Prodigal	002006
936	1	1011913	1012249	r	0	1	Prodigal	002006
937	1	1012393	1012738	r	0	1	Prodigal	002006
938	1	1013006	1014731	f	0	1	Prodigal	002006
939	1	1014946	1015807	r	0	1	Prodigal	002006
940	1	1015991	1016093	f	0	1	Prodigal	002006
941	1	1016164	1017565	f	0	1	Prodigal	002006
942	1	1017764	1018838	f	0	1	Prodigal	002006
943	1	1018837	1019257	f	0	1	Prodigal	002006
944	1	1019375	1020101	r	0	1	Prodigal	002006
945	1	1020334	1021696	r	0	1	Prodigal	002006
946	1	1021926	1022739	r	0	1	Prodigal	002006
947	1	1022750	1023782	r	0	1	Prodigal	002006
948	1	1023778	1024630	r	0	1	Prodigal	002006
949	1	1024800	1025313	f	0	1	Prodigal	002006
950	1	1025309	1025867	f	0	1	Prodigal	002006
951	1	1025953	1026337	r	0	1	Prodigal	002006
952	1	1026374	1026929	r	0	1	Prodigal	002006
953	1	1026954	1027926	r	0	1	Prodigal	002006
954	1	1028119	1030180	f	0	1	Prodigal	002006
955	1	1030396	1031197	f	0	1	Prodigal	002006
956	1	1031203	1031419	r	0	1	Prodigal	002006
957	1	1031423	1031942	f	0	1	Prodigal	002006
958	1	1032305	1034429	f	0	1	Prodigal	002006
959	1	1034404	1035235	f	0	1	Prodigal	002006
960	1	1035235	1038307	f	0	1	Prodigal	002006
961	1	1038303	1039287	f	0	1	Prodigal	002006
962	1	1039385	1040408	f	0	1	Prodigal	002006
963	1	1040573	1041941	f	0	1	Prodigal	002006
964	1	1042217	1043513	r	0	1	Prodigal	002006
965	1	1043578	1044199	f	0	1	Prodigal	002006
966	1	1044209	1044635	f	0	1	Prodigal	002006
967	1	1044712	1045885	r	0	1	Prodigal	002006
968	1	1046215	1046827	f	0	1	Prodigal	002006
969	1	1046845	1047124	f	0	1	Prodigal	002006
970	1	1047203	1048040	f	0	1	Prodigal	002006
971	1	1048146	1048719	f	0	1	Prodigal	002006
972	1	1048908	1049550	f	0	1	Prodigal	002006
973	1	1049730	1050678	f	0	1	Prodigal	002006
974	1	1050747	1051635	f	0	1	Prodigal	002006
975	1	1051631	1053053	f	0	1	Prodigal	002006
976	1	1053054	1053483	f	0	1	Prodigal	002006
977	1	1053479	1054214	f	0	1	Prodigal	002006
978	1	1054210	1055470	f	0	1	Prodigal	002006
979	1	1055466	1056249	f	0	1	Prodigal	002006
980	1	1056248	1057505	f	0	1	Prodigal	002006
981	1	1057507	1057984	f	0	1	Prodigal	002006
982	1	1057980	1058202	f	0	1	Prodigal	002006
983	1	1058158	1058701	f	0	1	Prodigal	002006
984	1	1058715	1059255	f	0	1	Prodigal	002006
985	1	1059328	1059553	r	0	1	Prodigal	002006
986	1	1059562	1060600	r	0	1	Prodigal	002006
987	1	1060603	1061827	r	0	1	Prodigal	002006
988	1	1061859	1062456	r	0	1	Prodigal	002006
989	1	1062459	1063092	r	0	1	Prodigal	002006
990	1	1063084	1063873	r	0	1	Prodigal	002006
991	1	1063862	1065092	r	0	1	Prodigal	002006
992	1	1065095	1066439	r	0	1	Prodigal	002006
993	1	1066873	1067188	r	0	1	Prodigal	002006
994	1	1067392	1068526	f	0	1	Prodigal	002006
995	1	1068543	1069128	f	0	1	Prodigal	002006
996	1	1069127	1069718	f	0	1	Prodigal	002006
997	1	1069896	1071270	f	0	1	Prodigal	002006
998	1	1071426	1072269	f	0	1	Prodigal	002006
999	1	1072376	1072859	r	0	1	Prodigal	002006
1000	1	1073059	1074013	f	0	1	Prodigal	002006
1001	1	1074050	1074611	f	0	1	Prodigal	002006
1002	1	1074722	1074929	r	0	1	Prodigal	002006
1003	1	1075036	1076116	f	0	1	Prodigal	002006
1004	1	1076182	1078324	f	0	1	Prodigal	002006
1005	1	1078608	1079529	f	0	1	Prodigal	002006
1006	1	1079521	1080151	f	0	1	Prodigal	002006
1007	1	1080202	1080589	f	0	1	Prodigal	002006
1008	1	1080581	1081676	f	0	1	Prodigal	002006
1009	1	1081758	1082217	r	0	1	Prodigal	002006
1010	1	1082334	1083342	r	0	1	Prodigal	002006
1011	1	1083501	1084314	r	0	1	Prodigal	002006
1012	1	1084449	1085805	r	0	1	Prodigal	002006
1013	1	1085953	1087570	r	0	1	Prodigal	002006
1014	1	1087653	1089936	r	0	1	Prodigal	002006
1015	1	1090146	1091007	r	0	1	Prodigal	002006
1016	1	1091199	1091748	f	0	1	Prodigal	002006
1017	1	1091852	1092638	r	0	1	Prodigal	002006
1018	1	1092641	1092938	r	0	1	Prodigal	002006
1019	1	1093022	1093259	r	0	1	Prodigal	002006
1020	1	1093333	1093633	r	0	1	Prodigal	002006
1021	1	1093744	1094785	r	0	1	Prodigal	002006
1022	1	1095061	1095397	f	0	1	Prodigal	002006
1023	1	1095396	1096167	f	0	1	Prodigal	002006
1024	1	1096256	1096697	f	0	1	Prodigal	002006
1025	1	1097239	1098559	f	0	1	Prodigal	002006
1026	1	1098636	1099635	f	0	1	Prodigal	002006
1027	1	1100058	1101489	f	0	1	Prodigal	002006
1028	1	1101771	1102155	r	0	1	Prodigal	002006
1029	1	1102281	1103109	r	0	1	Prodigal	002006
1030	1	1103283	1105920	r	0	1	Prodigal	002006
1031	1	1106005	1106794	r	0	1	Prodigal	002006
1032	1	1107165	1107894	f	0	1	Prodigal	002006
1033	1	1107998	1108880	f	0	1	Prodigal	002006
1034	1	1108951	1109686	f	0	1	Prodigal	002006
1035	1	1109787	1110345	f	0	1	Prodigal	002006
1036	1	1110417	1111194	f	0	1	Prodigal	002006
1037	1	1111251	1112079	f	0	1	Prodigal	002006
1038	1	1112078	1113275	f	0	1	Prodigal	002006
1039	1	1113274	1114627	f	0	1	Prodigal	002006
1040	1	1114661	1117196	f	0	1	Prodigal	002006
1041	1	1117345	1117858	f	0	1	Prodigal	002006
1042	1	1117861	1118881	f	0	1	Prodigal	002006
1043	1	1118905	1119367	f	0	1	Prodigal	002006
1044	1	1119372	1120164	f	0	1	Prodigal	002006
1045	1	1120156	1121296	f	0	1	Prodigal	002006
1046	1	1121418	1122006	f	0	1	Prodigal	002006
1047	1	1122044	1125524	f	0	1	Prodigal	002006
1048	1	1125539	1126490	f	0	1	Prodigal	002006
1049	1	1126804	1126987	r	0	1	Prodigal	002006
1050	1	1127145	1128096	r	0	1	Prodigal	002006
1051	1	1128623	1130228	f	0	1	Prodigal	002006
1052	1	1130290	1132306	r	0	1	Prodigal	002006
1053	1	1132292	1133288	r	0	1	Prodigal	002006
1054	1	1133287	1134217	r	0	1	Prodigal	002006
1055	1	1134574	1135747	f	0	1	Prodigal	002006
1056	1	1135765	1136734	f	0	1	Prodigal	002006
1057	1	1137445	1138951	f	0	1	Prodigal	002006
1058	1	1139011	1139434	r	0	1	Prodigal	002006
1059	1	1139477	1140032	r	0	1	Prodigal	002006
1060	1	1140214	1141165	r	0	1	Prodigal	002006
1061	1	1141216	1141948	r	0	1	Prodigal	002006
1062	1	1142075	1142780	r	0	1	Prodigal	002006
1063	1	1142853	1143381	r	0	1	Prodigal	002006
1064	1	1143449	1144601	r	0	1	Prodigal	002006
1065	1	1144950	1146942	f	0	1	Prodigal	002006
1066	1	1147071	1147602	f	0	1	Prodigal	002006
1067	1	1147811	1148840	r	0	1	Prodigal	002006
1068	1	1148975	1149848	f	0	1	Prodigal	002006
1069	1	1149993	1150857	f	0	1	Prodigal	002006
1070	1	1150853	1151576	f	0	1	Prodigal	002006
1071	1	1151648	1152914	r	0	1	Prodigal	002006
1072	1	1154076	1154949	f	0	1	Prodigal	002006
1073	1	1154971	1156093	r	0	1	Prodigal	002006
1074	1	1156406	1157732	r	0	1	Prodigal	002006
1075	1	1157841	1159041	f	0	1	Prodigal	002006
1076	1	1159083	1160019	r	0	1	Prodigal	002006
1077	1	1160127	1160922	f	0	1	Prodigal	002006
1078	1	1160940	1162611	f	0	1	Prodigal	002006
1079	1	1162725	1164138	r	0	1	Prodigal	002006
1080	1	1164211	1165153	r	0	1	Prodigal	002006
1081	1	1165648	1166941	f	0	1	Prodigal	002006
1082	1	1167033	1167753	r	0	1	Prodigal	002006
1083	1	1167844	1168861	r	0	1	Prodigal	002006
1084	1	1169016	1169916	f	0	1	Prodigal	002006
1085	1	1170017	1171298	f	0	1	Prodigal	002006
1086	1	1171690	1173244	f	0	1	Prodigal	002006
1087	1	1173998	1175333	f	0	1	Prodigal	002006
1088	1	1175410	1177543	f	0	1	Prodigal	002006
1089	1	1177636	1178497	f	0	1	Prodigal	002006
1090	1	1178573	1179017	r	0	1	Prodigal	002006
1091	1	1179075	1181109	r	0	1	Prodigal	002006
1092	1	1181289	1182648	f	0	1	Prodigal	002006
1093	1	1182736	1183639	r	0	1	Prodigal	002006
1094	1	1183757	1185710	f	0	1	Prodigal	002006
1095	1	1185738	1186884	r	0	1	Prodigal	002006
1096	1	1186997	1187876	r	0	1	Prodigal	002006
1097	1	1187958	1188555	r	0	1	Prodigal	002006
1098	1	1188668	1189313	r	0	1	Prodigal	002006
1099	1	1189483	1190110	f	0	1	Prodigal	002006
1100	1	1190185	1192297	r	0	1	Prodigal	002006
1101	1	1192524	1193691	r	0	1	Prodigal	002006
1102	1	1193690	1194062	r	0	1	Prodigal	002006
1103	1	1194058	1195078	r	0	1	Prodigal	002006
1104	1	1195133	1195724	r	0	1	Prodigal	002006
1105	1	1195995	1196760	f	0	1	Prodigal	002006
1106	1	1196852	1198337	f	0	1	Prodigal	002006
1107	1	1198501	1199047	f	0	1	Prodigal	002006
1108	1	1199094	1199346	f	0	1	Prodigal	002006
1109	1	1199431	1200046	r	0	1	Prodigal	002006
1110	1	1200192	1200957	r	0	1	Prodigal	002006
1111	1	1201170	1204545	f	0	1	Prodigal	002006
1112	1	1204560	1205730	f	0	1	Prodigal	002006
1113	1	1205829	1207974	f	0	1	Prodigal	002006
1114	1	1208057	1209032	r	0	1	Prodigal	002006
1115	1	1209477	1211595	f	0	1	Prodigal	002006
1116	1	1211724	1212234	f	0	1	Prodigal	002006
1117	1	1212298	1212469	f	0	1	Prodigal	002006
1118	1	1212646	1213039	f	0	1	Prodigal	002006
1119	1	1213095	1213452	r	0	1	Prodigal	002006
1120	1	1213594	1214359	r	0	1	Prodigal	002006
1121	1	1214531	1215629	r	0	1	Prodigal	002006
1122	1	1215618	1216674	r	0	1	Prodigal	002006
1123	1	1216675	1217188	r	0	1	Prodigal	002006
1124	1	1218174	1219491	f	0	1	Prodigal	002006
1125	1	1219514	1221065	f	0	1	Prodigal	002006
1126	1	1221082	1222651	f	0	1	Prodigal	002006
1127	1	1222654	1223350	f	0	1	Prodigal	002006
1128	1	1223426	1224326	r	0	1	Prodigal	002006
1129	1	1224559	1225345	f	0	1	Prodigal	002006
1130	1	1225425	1226943	r	0	1	Prodigal	002006
1131	1	1227179	1228859	f	0	1	Prodigal	002006
1132	1	1228988	1229399	f	0	1	Prodigal	002006
1133	1	1229500	1230190	f	0	1	Prodigal	002006
1134	1	1230198	1231494	f	0	1	Prodigal	002006
1135	1	1231672	1232647	f	0	1	Prodigal	002006
1136	1	1232828	1233635	f	0	1	Prodigal	002006
1137	1	1233622	1234129	f	0	1	Prodigal	002006
1138	1	1234235	1235138	f	0	1	Prodigal	002006
1139	1	1235179	1235905	f	0	1	Prodigal	002006
1140	1	1236055	1236667	f	0	1	Prodigal	002006
1141	1	1236855	1237170	f	0	1	Prodigal	002006
1142	1	1237222	1237441	r	0	1	Prodigal	002006
1143	1	1237644	1238127	f	0	1	Prodigal	002006
1144	1	1238210	1239137	r	0	1	Prodigal	002006
1145	1	1239292	1239766	f	0	1	Prodigal	002006
1146	1	1239892	1240861	f	0	1	Prodigal	002006
1147	1	1240944	1242111	r	0	1	Prodigal	002006
1148	1	1242983	1244360	f	0	1	Prodigal	002006
1149	1	1244474	1245191	r	0	1	Prodigal	002006
1150	1	1245290	1246688	r	0	1	Prodigal	002006
1151	1	1246934	1248056	f	0	1	Prodigal	002006
1152	1	1248089	1248338	r	0	1	Prodigal	002006
1153	1	1248461	1249841	r	0	1	Prodigal	002006
1154	1	1249961	1250819	f	0	1	Prodigal	002006
1155	1	1250888	1252583	f	0	1	Prodigal	002006
1156	1	1252668	1253706	r	0	1	Prodigal	002006
1157	1	1253997	1255326	f	0	1	Prodigal	002006
1158	1	1255374	1256376	r	0	1	Prodigal	002006
1159	1	1256683	1257700	r	0	1	Prodigal	002006
1160	1	1258011	1258608	r	0	1	Prodigal	002006
1161	1	1258866	1259133	f	0	1	Prodigal	002006
1162	1	1259332	1260673	f	0	1	Prodigal	002006
1163	1	1260745	1261621	r	0	1	Prodigal	002006
1164	1	1261667	1263206	r	0	1	Prodigal	002006
1165	1	1263403	1264453	f	0	1	Prodigal	002006
1166	1	1264452	1267569	f	0	1	Prodigal	002006
1167	1	1267767	1270167	f	0	1	Prodigal	002006
1168	1	1270306	1270822	r	0	1	Prodigal	002006
1169	1	1270945	1272715	r	0	1	Prodigal	002006
1170	1	1273091	1274591	r	0	1	Prodigal	002006
1171	1	1274812	1275040	f	0	1	Prodigal	002006
1172	1	1275041	1275977	r	0	1	Prodigal	002006
1173	1	1276277	1276619	f	0	1	Prodigal	002006
1174	1	1276615	1277098	f	0	1	Prodigal	002006
1175	1	1277153	1277588	r	0	1	Prodigal	002006
1176	1	1277584	1278118	r	0	1	Prodigal	002006
1177	1	1278453	1279635	f	0	1	Prodigal	002006
1178	1	1279815	1280445	r	0	1	Prodigal	002006
1179	1	1280799	1281408	r	0	1	Prodigal	002006
1180	1	1281513	1282398	f	0	1	Prodigal	002006
1181	1	1282526	1283441	f	0	1	Prodigal	002006
1182	1	1283554	1283905	r	0	1	Prodigal	002006
1183	1	1283929	1286167	r	0	1	Prodigal	002006
1184	1	1286247	1286904	r	0	1	Prodigal	002006
1185	1	1287338	1288106	r	0	1	Prodigal	002006
1186	1	1288102	1288594	r	0	1	Prodigal	002006
1187	1	1288590	1289781	r	0	1	Prodigal	002006
1188	1	1289903	1290905	r	0	1	Prodigal	002006
1189	1	1290894	1291665	r	0	1	Prodigal	002006
1190	1	1291661	1292021	r	0	1	Prodigal	002006
1191	1	1292017	1292590	r	0	1	Prodigal	002006
1192	1	1292628	1293060	r	0	1	Prodigal	002006
1193	1	1293157	1294378	r	0	1	Prodigal	002006
1194	1	1294379	1295885	r	0	1	Prodigal	002006
1195	1	1295884	1297924	r	0	1	Prodigal	002006
1196	1	1297945	1298779	r	0	1	Prodigal	002006
1197	1	1299006	1299699	r	0	1	Prodigal	002006
1198	1	1299698	1301348	r	0	1	Prodigal	002006
1199	1	1301594	1303040	r	0	1	Prodigal	002006
1200	1	1303089	1304211	r	0	1	Prodigal	002006
1201	1	1304265	1305429	r	0	1	Prodigal	002006
1202	1	1305432	1306275	r	0	1	Prodigal	002006
1203	1	1306434	1307403	f	0	1	Prodigal	002006
1204	1	1307843	1308101	f	0	1	Prodigal	002006
1205	1	1308147	1309875	f	0	1	Prodigal	002006
1206	1	1309917	1310427	f	0	1	Prodigal	002006
1207	1	1310525	1311458	r	0	1	Prodigal	002006
1208	1	1311797	1313828	r	0	1	Prodigal	002006
1209	1	1313882	1314287	r	0	1	Prodigal	002006
1210	1	1314695	1318025	r	0	1	Prodigal	002006
1211	1	1318175	1319600	r	0	1	Prodigal	002006
1212	1	1319896	1320139	f	0	1	Prodigal	002006
1213	1	1320306	1321071	f	0	1	Prodigal	002006
1214	1	1321159	1324912	r	0	1	Prodigal	002006
1215	1	1324908	1326135	r	0	1	Prodigal	002006
1216	1	1326238	1326667	r	0	1	Prodigal	002006
1217	1	1326844	1327756	f	0	1	Prodigal	002006
1218	1	1327947	1329729	f	0	1	Prodigal	002006
1219	1	1329794	1330262	r	0	1	Prodigal	002006
1220	1	1330436	1331585	r	0	1	Prodigal	002006
1221	1	1331833	1332208	f	0	1	Prodigal	002006
1222	1	1332302	1333649	r	0	1	Prodigal	002006
1223	1	1333648	1333789	r	0	1	Prodigal	002006
1224	1	1334453	1335803	r	0	1	Prodigal	002006
1225	1	1335802	1335934	r	0	1	Prodigal	002006
1226	1	1336169	1337459	r	0	1	Prodigal	002006
1227	1	1337583	1339047	r	0	1	Prodigal	002006
1228	1	1339459	1340062	f	0	1	Prodigal	002006
1229	1	1340107	1341385	f	0	1	Prodigal	002006
1230	1	1341512	1341761	r	0	1	Prodigal	002006
1231	1	1341954	1342380	r	0	1	Prodigal	002006
1232	1	1342464	1342899	r	0	1	Prodigal	002006
1233	1	1343016	1343328	r	0	1	Prodigal	002006
1234	1	1343361	1343994	r	0	1	Prodigal	002006
1235	1	1344605	1345991	r	0	1	Prodigal	002006
1236	1	1345990	1346680	r	0	1	Prodigal	002006
1237	1	1346864	1347545	f	0	1	Prodigal	002006
1238	1	1347632	1348181	r	0	1	Prodigal	002006
1239	1	1348496	1349201	r	0	1	Prodigal	002006
1240	1	1349413	1350412	f	0	1	Prodigal	002006
1241	1	1350570	1350957	r	0	1	Prodigal	002006
1242	1	1350966	1351392	r	0	1	Prodigal	002006
1243	1	1351512	1353243	r	0	1	Prodigal	002006
1244	1	1353235	1355005	r	0	1	Prodigal	002006
1245	1	1355534	1356254	r	0	1	Prodigal	002006
1246	1	1356650	1357058	f	0	1	Prodigal	002006
1247	1	1357100	1357580	f	0	1	Prodigal	002006
1248	1	1357581	1358061	r	0	1	Prodigal	002006
1249	1	1358218	1358617	f	0	1	Prodigal	002006
1250	1	1358857	1359226	f	0	1	Prodigal	002006
1251	1	1359230	1359599	f	0	1	Prodigal	002006
1252	1	1359626	1361390	f	0	1	Prodigal	002006
1253	1	1361499	1362564	f	0	1	Prodigal	002006
1254	1	1362639	1363065	f	0	1	Prodigal	002006
1255	1	1363251	1363395	r	0	1	Prodigal	002006
1256	1	1363423	1364632	f	0	1	Prodigal	002006
1257	1	1364710	1366810	r	0	1	Prodigal	002006
1258	1	1367253	1367403	f	0	1	Prodigal	002006
1259	1	1367585	1368362	r	0	1	Prodigal	002006
1260	1	1368578	1369112	f	0	1	Prodigal	002006
1261	1	1369319	1369838	r	0	1	Prodigal	002006
1262	1	1369924	1370794	r	0	1	Prodigal	002006
1263	1	1371709	1372516	r	0	1	Prodigal	002006
1264	1	1372512	1373706	r	0	1	Prodigal	002006
1265	1	1373753	1375250	r	0	1	Prodigal	002006
1266	1	1375249	1376278	r	0	1	Prodigal	002006
1267	1	1376288	1376906	r	0	1	Prodigal	002006
1268	1	1376902	1378534	r	0	1	Prodigal	002006
1269	1	1378970	1379852	f	0	1	Prodigal	002006
1270	1	1379958	1380579	f	0	1	Prodigal	002006
1271	1	1380571	1381441	f	0	1	Prodigal	002006
1272	1	1381424	1381997	f	0	1	Prodigal	002006
1273	1	1382131	1383055	f	0	1	Prodigal	002006
1274	1	1383209	1383938	r	0	1	Prodigal	002006
1275	1	1384128	1384995	f	0	1	Prodigal	002006
1276	1	1385073	1386801	r	0	1	Prodigal	002006
1277	1	1387007	1387715	f	0	1	Prodigal	002006
1278	1	1387965	1390425	f	0	1	Prodigal	002006
1279	1	1390427	1391438	f	0	1	Prodigal	002006
1280	1	1391434	1392709	f	0	1	Prodigal	002006
1281	1	1392802	1393663	r	0	1	Prodigal	002006
1282	1	1393659	1395129	r	0	1	Prodigal	002006
1283	1	1395865	1396243	f	0	1	Prodigal	002006
1284	1	1396469	1397051	f	0	1	Prodigal	002006
1285	1	1397131	1398460	r	0	1	Prodigal	002006
1286	1	1398752	1399877	f	0	1	Prodigal	002006
1287	1	1400044	1400230	r	0	1	Prodigal	002006
1288	1	1400272	1400854	r	0	1	Prodigal	002006
1289	1	1400850	1401165	r	0	1	Prodigal	002006
1290	1	1401389	1402571	r	0	1	Prodigal	002006
1291	1	1402763	1403315	r	0	1	Prodigal	002006
1292	1	1403420	1404059	r	0	1	Prodigal	002006
1293	1	1404199	1405393	f	0	1	Prodigal	002006
1294	1	1405410	1408560	f	0	1	Prodigal	002006
1295	1	1409383	1409623	f	0	1	Prodigal	002006
1296	1	1409789	1410641	f	0	1	Prodigal	002006
1297	1	1413745	1414558	f	0	1	Prodigal	002006
1298	1	1414630	1415122	f	0	1	Prodigal	002006
1299	1	1415155	1416145	f	0	1	Prodigal	002006
1300	1	1416158	1417271	f	0	1	Prodigal	002006
1301	1	1417274	1418252	f	0	1	Prodigal	002006
1302	1	1418235	1418715	f	0	1	Prodigal	002006
1303	1	1418719	1420126	f	0	1	Prodigal	002006
1304	1	1420156	1421581	f	0	1	Prodigal	002006
1305	1	1421750	1422512	f	0	1	Prodigal	002006
1306	1	1422515	1423424	f	0	1	Prodigal	002006
1307	1	1423440	1423995	f	0	1	Prodigal	002006
1308	1	1424054	1426016	f	0	1	Prodigal	002006
1309	1	1426215	1427325	f	0	1	Prodigal	002006
1310	1	1427324	1428212	f	0	1	Prodigal	002006
1311	1	1428326	1429280	f	0	1	Prodigal	002006
1312	1	1429316	1429856	f	0	1	Prodigal	002006
1313	1	1429905	1430988	f	0	1	Prodigal	002006
1314	1	1431093	1432827	f	0	1	Prodigal	002006
1315	1	1433435	1433846	f	0	1	Prodigal	002006
1316	1	1434384	1435749	r	0	1	Prodigal	002006
1317	1	1435751	1437743	r	0	1	Prodigal	002006
1318	1	1437739	1438903	r	0	1	Prodigal	002006
1319	1	1439153	1440044	r	0	1	Prodigal	002006
1320	1	1440357	1442022	r	0	1	Prodigal	002006
1321	1	1442272	1443157	r	0	1	Prodigal	002006
1322	1	1443448	1444024	f	0	1	Prodigal	002006
1323	1	1444322	1446251	f	0	1	Prodigal	002006
1324	1	1446352	1447495	f	0	1	Prodigal	002006
1325	1	1447761	1449264	f	0	1	Prodigal	002006
1326	1	1449379	1450336	f	0	1	Prodigal	002006
1327	1	1450419	1451784	f	0	1	Prodigal	002006
1328	1	1451783	1453199	f	0	1	Prodigal	002006
1329	1	1453226	1454237	f	0	1	Prodigal	002006
1330	1	1454327	1455056	r	0	1	Prodigal	002006
1331	1	1455281	1455686	r	0	1	Prodigal	002006
1332	1	1456067	1457339	r	0	1	Prodigal	002006
1333	1	1457394	1457580	r	0	1	Prodigal	002006
1334	1	1457668	1457983	f	0	1	Prodigal	002006
1335	1	1457985	1458396	f	0	1	Prodigal	002006
1336	1	1458409	1458880	f	0	1	Prodigal	002006
1337	1	1458921	1459962	f	0	1	Prodigal	002006
1338	1	1459954	1463119	f	0	1	Prodigal	002006
1339	1	1463146	1464286	f	0	1	Prodigal	002006
1340	1	1464278	1464986	f	0	1	Prodigal	002006
1341	1	1464986	1466201	f	0	1	Prodigal	002006
1342	1	1466200	1467400	f	0	1	Prodigal	002006
1343	1	1467396	1469859	r	0	1	Prodigal	002006
1344	1	1470289	1471306	f	0	1	Prodigal	002006
1345	1	1471529	1473224	f	0	1	Prodigal	002006
1346	1	1473370	1474000	r	0	1	Prodigal	002006
1347	1	1474171	1474510	r	0	1	Prodigal	002006
1348	1	1474647	1475799	r	0	1	Prodigal	002006
1349	1	1476181	1476937	f	0	1	Prodigal	002006
1350	1	1477077	1477806	r	0	1	Prodigal	002006
1351	1	1478028	1478964	f	0	1	Prodigal	002006
1352	1	1478997	1479465	f	0	1	Prodigal	002006
1353	1	1479651	1479948	r	0	1	Prodigal	002006
1354	1	1479944	1480475	r	0	1	Prodigal	002006
1355	1	1480650	1482273	r	0	1	Prodigal	002006
1356	1	1482505	1483138	f	0	1	Prodigal	002006
1357	1	1483211	1484420	r	0	1	Prodigal	002006
1358	1	1484451	1485555	r	0	1	Prodigal	002006
1359	1	1485598	1487326	r	0	1	Prodigal	002006
1360	1	1487606	1487753	r	0	1	Prodigal	002006
1361	1	1487749	1488439	r	0	1	Prodigal	002006
1362	1	1488435	1489563	r	0	1	Prodigal	002006
1363	1	1489585	1489936	r	0	1	Prodigal	002006
1364	1	1490263	1490578	r	0	1	Prodigal	002006
1365	1	1490863	1492240	f	0	1	Prodigal	002006
1366	1	1492374	1493514	f	0	1	Prodigal	002006
1367	1	1493640	1494297	r	0	1	Prodigal	002006
1368	1	1494470	1495814	r	0	1	Prodigal	002006
1369	1	1496188	1496944	r	0	1	Prodigal	002006
1370	1	1497044	1497770	r	0	1	Prodigal	002006
1371	1	1497865	1498264	r	0	1	Prodigal	002006
1372	1	1498379	1499780	r	0	1	Prodigal	002006
1373	1	1499980	1500325	f	0	1	Prodigal	002006
1374	1	1500334	1501147	r	0	1	Prodigal	002006
1375	1	1501323	1502598	r	0	1	Prodigal	002006
1376	1	1502791	1503880	f	0	1	Prodigal	002006
1377	1	1503876	1505073	f	0	1	Prodigal	002006
1378	1	1505065	1505881	f	0	1	Prodigal	002006
1379	1	1505940	1506618	f	0	1	Prodigal	002006
1380	1	1506731	1507604	f	0	1	Prodigal	002006
1381	1	1507680	1509393	r	0	1	Prodigal	002006
1382	1	1509615	1511466	r	0	1	Prodigal	002006
1383	1	1511543	1512296	f	0	1	Prodigal	002006
1384	1	1512472	1514134	f	0	1	Prodigal	002006
1385	1	1514130	1517706	f	0	1	Prodigal	002006
1386	1	1517968	1518700	f	0	1	Prodigal	002006
1387	1	1518692	1519739	f	0	1	Prodigal	002006
1388	1	1519901	1520750	f	0	1	Prodigal	002006
1389	1	1520809	1521214	f	0	1	Prodigal	002006
1390	1	1521214	1521439	r	0	1	Prodigal	002006
1391	1	1521546	1522392	f	0	1	Prodigal	002006
1392	1	1522516	1522780	r	0	1	Prodigal	002006
1393	1	1522907	1524347	r	0	1	Prodigal	002006
1394	1	1524476	1526258	r	0	1	Prodigal	002006
1395	1	1526349	1527387	r	0	1	Prodigal	002006
1396	1	1527390	1527729	r	0	1	Prodigal	002006
1397	1	1527797	1527908	r	0	1	Prodigal	002006
1398	1	1527951	1529373	r	0	1	Prodigal	002006
1399	1	1529513	1530218	r	0	1	Prodigal	002006
1400	1	1530214	1531885	r	0	1	Prodigal	002006
1401	1	1532238	1533474	r	0	1	Prodigal	002006
1402	1	1533703	1535320	f	0	1	Prodigal	002006
1403	1	1535391	1536606	r	0	1	Prodigal	002006
1404	1	1536610	1537756	r	0	1	Prodigal	002006
1405	1	1537765	1538566	r	0	1	Prodigal	002006
1406	1	1538839	1540318	f	0	1	Prodigal	002006
1407	1	1540439	1543103	f	0	1	Prodigal	002006
1408	1	1543461	1545123	f	0	1	Prodigal	002006
1409	1	1545239	1545668	r	0	1	Prodigal	002006
1410	1	1545909	1546383	f	0	1	Prodigal	002006
1411	1	1546472	1546997	r	0	1	Prodigal	002006
1412	1	1547036	1547333	r	0	1	Prodigal	002006
1413	1	1547353	1547575	r	0	1	Prodigal	002006
1414	1	1547630	1548413	r	0	1	Prodigal	002006
1415	1	1548687	1549197	f	0	1	Prodigal	002006
1416	1	1549255	1550905	f	0	1	Prodigal	002006
1417	1	1550991	1551873	r	0	1	Prodigal	002006
1418	1	1551968	1552451	f	0	1	Prodigal	002006
1419	1	1552499	1553636	r	0	1	Prodigal	002006
1420	1	1553723	1554338	r	0	1	Prodigal	002006
1421	1	1554352	1555003	r	0	1	Prodigal	002006
1422	1	1555026	1556661	r	0	1	Prodigal	002006
1423	1	1556738	1557947	r	0	1	Prodigal	002006
1424	1	1557964	1560118	r	0	1	Prodigal	002006
1425	1	1560117	1560699	r	0	1	Prodigal	002006
1426	1	1560724	1561399	r	0	1	Prodigal	002006
1427	1	1561578	1561857	r	0	1	Prodigal	002006
1428	1	1561989	1562364	r	0	1	Prodigal	002006
1429	1	1562878	1564654	f	0	1	Prodigal	002006
1430	1	1564715	1568528	f	0	1	Prodigal	002006
1431	1	1569032	1569542	f	0	1	Prodigal	002006
1432	1	1569653	1569992	r	0	1	Prodigal	002006
1433	1	1570360	1572865	f	0	1	Prodigal	002006
1434	1	1572964	1574866	f	0	1	Prodigal	002006
1435	1	1575043	1576042	f	0	1	Prodigal	002006
1436	1	1576119	1577184	r	0	1	Prodigal	002006
1437	1	1577309	1579262	r	0	1	Prodigal	002006
1438	1	1579528	1580677	f	0	1	Prodigal	002006
1439	1	1580673	1582320	f	0	1	Prodigal	002006
1440	1	1582316	1583264	f	0	1	Prodigal	002006
1441	1	1583260	1584028	f	0	1	Prodigal	002006
1442	1	1584153	1588143	f	0	1	Prodigal	002006
1443	1	1588139	1589009	f	0	1	Prodigal	002006
1444	1	1589277	1590366	f	0	1	Prodigal	002006
1445	1	1590358	1591345	f	0	1	Prodigal	002006
1446	1	1591341	1592442	f	0	1	Prodigal	002006
1447	1	1592650	1592860	f	0	1	Prodigal	002006
1448	1	1592950	1593256	f	0	1	Prodigal	002006
1449	1	1593242	1593491	r	0	1	Prodigal	002006
1450	1	1593736	1594285	f	0	1	Prodigal	002006
1451	1	1594446	1594839	f	0	1	Prodigal	002006
1452	1	1594933	1596862	r	0	1	Prodigal	002006
1453	1	1596914	1597808	r	0	1	Prodigal	002006
1454	1	1597972	1598719	r	0	1	Prodigal	002006
1455	1	1598814	1601247	r	0	1	Prodigal	002006
1456	1	1601251	1602148	r	0	1	Prodigal	002006
1457	1	1602276	1602930	f	0	1	Prodigal	002006
1458	1	1603061	1603241	f	0	1	Prodigal	002006
1459	1	1603259	1604459	r	0	1	Prodigal	002006
1460	1	1604627	1605320	f	0	1	Prodigal	002006
1461	1	1605339	1606239	r	0	1	Prodigal	002006
1462	1	1606395	1608033	f	0	1	Prodigal	002006
1463	1	1608043	1608586	f	0	1	Prodigal	002006
1464	1	1608622	1609036	r	0	1	Prodigal	002006
1465	1	1609035	1609356	r	0	1	Prodigal	002006
1466	1	1609447	1610131	r	0	1	Prodigal	002006
1467	1	1610275	1611187	f	0	1	Prodigal	002006
1468	1	1611204	1612029	f	0	1	Prodigal	002006
1469	1	1612324	1612723	f	0	1	Prodigal	002006
1470	1	1612722	1613142	f	0	1	Prodigal	002006
1471	1	1613157	1613898	f	0	1	Prodigal	002006
1472	1	1613908	1615282	f	0	1	Prodigal	002006
1473	1	1615426	1616173	f	0	1	Prodigal	002006
1474	1	1616187	1616976	f	0	1	Prodigal	002006
1475	1	1616990	1617662	f	0	1	Prodigal	002006
1476	1	1617670	1618768	f	0	1	Prodigal	002006
1477	1	1618811	1619885	f	0	1	Prodigal	002006
1478	1	1619888	1621892	f	0	1	Prodigal	002006
1479	1	1621896	1623102	f	0	1	Prodigal	002006
1480	1	1623577	1624921	f	0	1	Prodigal	002006
1481	1	1624981	1626472	r	0	1	Prodigal	002006
1482	1	1626461	1628531	r	0	1	Prodigal	002006
1483	1	1628605	1629121	r	0	1	Prodigal	002006
1484	1	1629316	1630195	f	0	1	Prodigal	002006
1485	1	1630463	1631885	f	0	1	Prodigal	002006
1486	1	1631991	1633026	f	0	1	Prodigal	002006
1487	1	1633022	1634366	f	0	1	Prodigal	002006
1488	1	1634507	1635269	f	0	1	Prodigal	002006
1489	1	1635508	1636147	r	0	1	Prodigal	002006
1490	1	1636143	1637181	r	0	1	Prodigal	002006
1491	1	1637357	1637984	f	0	1	Prodigal	002006
1492	1	1638134	1639154	f	0	1	Prodigal	002006
1493	1	1639214	1639958	f	0	1	Prodigal	002006
1494	1	1640064	1641378	r	0	1	Prodigal	002006
1495	1	1641451	1643059	r	0	1	Prodigal	002006
1496	1	1643747	1643888	r	0	1	Prodigal	002006
1497	1	1644436	1644976	f	0	1	Prodigal	002006
1498	1	1645180	1647418	f	0	1	Prodigal	002006
1499	1	1647435	1649085	f	0	1	Prodigal	002006
1500	1	1649218	1650037	f	0	1	Prodigal	002006
1501	1	1650122	1650833	f	0	1	Prodigal	002006
1502	1	1651023	1652343	f	0	1	Prodigal	002006
1503	1	1652368	1652905	f	0	1	Prodigal	002006
1504	1	1653198	1654101	f	0	1	Prodigal	002006
1505	1	1654110	1655526	f	0	1	Prodigal	002006
1506	1	1655637	1656477	r	0	1	Prodigal	002006
1507	1	1656646	1657438	f	0	1	Prodigal	002006
1508	1	1657545	1658289	r	0	1	Prodigal	002006
1509	1	1658272	1659259	r	0	1	Prodigal	002006
1510	1	1659331	1660132	r	0	1	Prodigal	002006
1511	1	1660652	1661786	f	0	1	Prodigal	002006
1512	1	1661878	1663213	r	0	1	Prodigal	002006
1513	1	1663234	1664755	r	0	1	Prodigal	002006
1514	1	1664751	1665342	r	0	1	Prodigal	002006
1515	1	1665535	1665931	r	0	1	Prodigal	002006
1516	1	1666176	1666914	r	0	1	Prodigal	002006
1517	1	1666996	1667683	r	0	1	Prodigal	002006
1518	1	1667755	1669147	r	0	1	Prodigal	002006
1519	1	1669158	1670556	r	0	1	Prodigal	002006
1520	1	1670879	1671830	f	0	1	Prodigal	002006
1521	1	1671987	1672884	r	0	1	Prodigal	002006
1522	1	1673065	1673725	r	0	1	Prodigal	002006
1523	1	1673867	1675940	r	0	1	Prodigal	002006
1524	1	1676335	1677460	f	0	1	Prodigal	002006
1525	1	1678076	1679204	r	0	1	Prodigal	002006
1526	1	1679339	1680413	r	0	1	Prodigal	002006
1527	1	1680821	1682123	r	0	1	Prodigal	002006
1528	1	1682406	1683324	r	0	1	Prodigal	002006
1529	1	1683475	1685278	r	0	1	Prodigal	002006
1530	1	1685436	1685871	r	0	1	Prodigal	002006
1531	1	1685966	1686824	r	0	1	Prodigal	002006
1532	1	1686827	1687652	r	0	1	Prodigal	002006
1533	1	1687662	1688259	r	0	1	Prodigal	002006
1534	1	1688258	1688657	r	0	1	Prodigal	002006
1535	1	1688740	1690177	r	0	1	Prodigal	002006
1536	1	1690176	1690527	r	0	1	Prodigal	002006
1537	1	1690779	1692792	f	0	1	Prodigal	002006
1538	1	1692863	1693739	r	0	1	Prodigal	002006
1539	1	1693818	1695162	f	0	1	Prodigal	002006
1540	1	1695462	1696425	f	0	1	Prodigal	002006
1541	1	1696571	1697039	f	0	1	Prodigal	002006
1542	1	1697243	1698503	f	0	1	Prodigal	002006
1543	1	1698607	1700227	f	0	1	Prodigal	002006
1544	1	1700290	1700893	r	0	1	Prodigal	002006
1545	1	1701148	1702069	f	0	1	Prodigal	002006
1546	1	1702192	1703989	f	0	1	Prodigal	002006
1547	1	1704052	1705459	r	0	1	Prodigal	002006
1548	1	1705964	1706504	f	0	1	Prodigal	002006
1549	1	1706578	1707871	f	0	1	Prodigal	002006
1550	1	1707955	1708597	r	0	1	Prodigal	002006
1551	1	1708684	1709482	r	0	1	Prodigal	002006
1552	1	1709547	1712484	r	0	1	Prodigal	002006
1553	1	1712619	1714308	f	0	1	Prodigal	002006
1554	1	1714522	1715182	f	0	1	Prodigal	002006
1555	1	1715348	1720232	f	0	1	Prodigal	002006
1556	1	1720356	1722630	f	0	1	Prodigal	002006
1557	1	1722752	1723001	f	0	1	Prodigal	002006
1558	1	1723056	1724022	r	0	1	Prodigal	002006
1559	1	1724199	1725648	f	0	1	Prodigal	002006
1560	1	1725723	1726116	r	0	1	Prodigal	002006
1561	1	1726216	1726849	r	0	1	Prodigal	002006
1562	1	1727222	1728137	f	0	1	Prodigal	002006
1563	1	1728723	1729635	f	0	1	Prodigal	002006
1564	1	1729668	1730109	f	0	1	Prodigal	002006
1565	1	1730136	1731546	f	0	1	Prodigal	002006
1566	1	1731571	1731994	f	0	1	Prodigal	002006
1567	1	1731990	1732290	f	0	1	Prodigal	002006
1568	1	1732374	1734378	f	0	1	Prodigal	002006
1569	1	1734555	1734801	r	0	1	Prodigal	002006
1570	1	1734797	1736090	r	0	1	Prodigal	002006
1571	1	1736082	1737129	r	0	1	Prodigal	002006
1572	1	1737135	1738392	r	0	1	Prodigal	002006
1573	1	1738381	1739077	r	0	1	Prodigal	002006
1574	1	1739337	1739778	f	0	1	Prodigal	002006
1575	1	1739774	1740008	f	0	1	Prodigal	002006
1576	1	1740007	1740757	f	0	1	Prodigal	002006
1577	1	1740753	1742106	f	0	1	Prodigal	002006
1578	1	1742102	1743158	f	0	1	Prodigal	002006
1579	1	1743136	1744342	f	0	1	Prodigal	002006
1580	1	1744510	1745455	f	0	1	Prodigal	002006
1581	1	1745492	1746596	f	0	1	Prodigal	002006
1582	1	1746634	1747615	f	0	1	Prodigal	002006
1583	1	1747662	1748721	f	0	1	Prodigal	002006
1584	1	1748805	1750092	f	0	1	Prodigal	002006
1585	1	1750100	1750874	f	0	1	Prodigal	002006
1586	1	1750834	1751938	f	0	1	Prodigal	002006
1587	1	1751934	1752498	f	0	1	Prodigal	002006
1588	1	1752494	1753718	f	0	1	Prodigal	002006
1589	1	1753714	1754839	f	0	1	Prodigal	002006
1590	1	1754828	1755557	f	0	1	Prodigal	002006
1591	1	1755582	1756305	f	0	1	Prodigal	002006
1592	1	1756301	1757183	f	0	1	Prodigal	002006
1593	1	1757179	1758172	f	0	1	Prodigal	002006
1594	1	1758152	1758842	f	0	1	Prodigal	002006
1595	1	1758853	1759636	f	0	1	Prodigal	002006
1596	1	1759748	1760300	r	0	1	Prodigal	002006
1597	1	1760296	1761097	r	0	1	Prodigal	002006
1598	1	1761312	1761459	r	0	1	Prodigal	002006
1599	1	1761467	1761677	r	0	1	Prodigal	002006
1600	1	1761799	1762930	r	0	1	Prodigal	002006
1601	1	1762926	1763931	r	0	1	Prodigal	002006
1602	1	1764075	1764897	r	0	1	Prodigal	002006
1603	1	1764889	1765852	r	0	1	Prodigal	002006
1604	1	1765848	1766541	r	0	1	Prodigal	002006
1605	1	1766703	1767636	r	0	1	Prodigal	002006
1606	1	1768024	1769656	f	0	1	Prodigal	002006
1607	1	1770062	1770866	r	0	1	Prodigal	002006
1608	1	1771065	1771521	f	0	1	Prodigal	002006
1609	1	1771689	1772352	f	0	1	Prodigal	002006
1610	1	1772613	1773810	f	0	1	Prodigal	002006
1611	1	1773894	1774803	r	0	1	Prodigal	002006
1612	1	1774964	1775762	f	0	1	Prodigal	002006
1613	1	1775748	1778040	f	0	1	Prodigal	002006
1614	1	1778403	1778736	r	0	1	Prodigal	002006
1615	1	1778909	1779479	f	0	1	Prodigal	002006
1616	1	1779655	1780894	f	0	1	Prodigal	002006
1617	1	1781030	1782299	f	0	1	Prodigal	002006
1618	1	1782715	1783813	f	0	1	Prodigal	002006
1619	1	1783897	1784287	f	0	1	Prodigal	002006
1620	1	1784586	1787463	f	0	1	Prodigal	002006
1621	1	1787547	1789101	r	0	1	Prodigal	002006
1622	1	1789304	1790015	f	0	1	Prodigal	002006
1623	1	1790220	1790745	r	0	1	Prodigal	002006
1624	1	1790990	1792655	r	0	1	Prodigal	002006
1625	1	1792847	1793216	r	0	1	Prodigal	002006
1626	1	1793359	1794934	r	0	1	Prodigal	002006
1627	1	1794988	1795738	r	0	1	Prodigal	002006
1628	1	1795935	1797000	f	0	1	Prodigal	002006
1629	1	1797111	1798098	r	0	1	Prodigal	002006
1630	1	1798244	1799366	r	0	1	Prodigal	002006
1631	1	1799562	1801098	r	0	1	Prodigal	002006
1632	1	1801398	1802325	r	0	1	Prodigal	002006
1633	1	1802492	1805564	f	0	1	Prodigal	002006
1634	1	1805563	1806052	f	0	1	Prodigal	002006
1635	1	1806219	1806681	f	0	1	Prodigal	002006
1636	1	1806861	1808763	f	0	1	Prodigal	002006
1637	1	1809254	1810577	r	0	1	Prodigal	002006
1638	1	1810850	1811528	r	0	1	Prodigal	002006
1639	1	1811627	1812344	r	0	1	Prodigal	002006
1640	1	1812619	1813741	f	0	1	Prodigal	002006
1641	1	1813934	1814951	f	0	1	Prodigal	002006
1642	1	1815222	1817451	f	0	1	Prodigal	002006
1643	1	1817651	1818461	f	0	1	Prodigal	002006
1644	1	1818580	1819444	f	0	1	Prodigal	002006
1645	1	1819458	1820706	f	0	1	Prodigal	002006
1646	1	1820780	1821569	f	0	1	Prodigal	002006
1647	1	1821740	1822058	f	0	1	Prodigal	002006
1648	1	1822310	1822913	f	0	1	Prodigal	002006
1649	1	1823013	1824405	r	0	1	Prodigal	002006
1650	1	1824602	1825613	r	0	1	Prodigal	002006
1651	1	1825624	1826464	r	0	1	Prodigal	002006
1652	1	1826465	1827524	r	0	1	Prodigal	002006
1653	1	1827724	1828567	r	0	1	Prodigal	002006
1654	1	1828832	1829849	f	0	1	Prodigal	002006
1655	1	1829913	1832169	r	0	1	Prodigal	002006
1656	1	1832424	1833510	f	0	1	Prodigal	002006
1657	1	1833591	1834944	r	0	1	Prodigal	002006
1658	1	1835365	1836694	r	0	1	Prodigal	002006
1659	1	1836962	1837595	f	0	1	Prodigal	002006
1660	1	1837856	1838192	r	0	1	Prodigal	002006
1661	1	1838249	1838738	r	0	1	Prodigal	002006
1662	1	1838734	1839118	r	0	1	Prodigal	002006
1663	1	1839236	1840025	f	0	1	Prodigal	002006
1664	1	1840110	1840797	r	0	1	Prodigal	002006
1665	1	1840882	1841494	r	0	1	Prodigal	002006
1666	1	1841850	1842333	r	0	1	Prodigal	002006
1667	1	1842566	1843808	r	0	1	Prodigal	002006
1668	1	1843804	1846222	r	0	1	Prodigal	002006
1669	1	1846252	1846933	r	0	1	Prodigal	002006
1670	1	1847130	1847598	f	0	1	Prodigal	002006
1671	1	1847705	1849130	f	0	1	Prodigal	002006
1672	1	1849217	1850429	r	0	1	Prodigal	002006
1673	1	1850542	1852237	r	0	1	Prodigal	002006
1674	1	1852295	1853714	r	0	1	Prodigal	002006
1675	1	1853730	1854291	r	0	1	Prodigal	002006
1676	1	1854325	1855750	r	0	1	Prodigal	002006
1677	1	1855852	1856692	r	0	1	Prodigal	002006
1678	1	1856691	1859682	r	0	1	Prodigal	002006
1679	1	1859686	1860136	r	0	1	Prodigal	002006
1680	1	1860263	1860749	r	0	1	Prodigal	002006
1681	1	1861026	1862016	f	0	1	Prodigal	002006
1682	1	1862855	1864592	f	0	1	Prodigal	002006
1683	1	1866344	1866848	f	0	1	Prodigal	002006
1684	1	1866885	1868367	f	0	1	Prodigal	002006
1685	1	1868373	1868805	f	0	1	Prodigal	002006
1686	1	1868808	1870575	f	0	1	Prodigal	002006
1687	1	1870538	1871537	f	0	1	Prodigal	002006
1688	1	1871576	1872812	f	0	1	Prodigal	002006
1689	1	1872811	1873327	f	0	1	Prodigal	002006
1690	1	1873329	1874664	f	0	1	Prodigal	002006
1691	1	1874687	1875467	f	0	1	Prodigal	002006
1692	1	1875487	1878130	f	0	1	Prodigal	002006
1693	1	1878132	1879671	f	0	1	Prodigal	002006
1694	1	1879670	1880276	f	0	1	Prodigal	002006
1695	1	1880284	1881712	f	0	1	Prodigal	002006
1696	1	1881753	1885251	f	0	1	Prodigal	002006
1697	1	1885268	1886723	f	0	1	Prodigal	002006
1698	1	1887028	1887316	f	0	1	Prodigal	002006
1699	1	1887327	1889373	f	0	1	Prodigal	002006
1700	1	1889362	1890091	f	0	1	Prodigal	002006
1701	1	1890087	1894773	f	0	1	Prodigal	002006
1702	1	1895203	1895416	r	0	1	Prodigal	002006
1703	1	1895415	1895940	r	0	1	Prodigal	002006
1704	1	1896475	1897078	f	0	1	Prodigal	002006
1705	1	1897243	1899157	f	0	1	Prodigal	002006
1706	1	1899262	1900048	r	0	1	Prodigal	002006
1707	1	1900082	1901081	r	0	1	Prodigal	002006
1708	1	1901080	1901974	r	0	1	Prodigal	002006
1709	1	1902009	1902969	r	0	1	Prodigal	002006
1710	1	1902971	1904573	r	0	1	Prodigal	002006
1711	1	1904675	1905704	r	0	1	Prodigal	002006
1712	1	1905900	1906587	f	0	1	Prodigal	002006
1713	1	1906590	1906827	f	0	1	Prodigal	002006
1714	1	1906823	1907228	f	0	1	Prodigal	002006
1715	1	1907386	1908793	f	0	1	Prodigal	002006
1716	1	1908860	1909892	f	0	1	Prodigal	002006
1717	1	1910050	1910845	f	0	1	Prodigal	002006
1718	1	1910908	1911247	f	0	1	Prodigal	002006
1719	1	1911395	1912943	f	0	1	Prodigal	002006
1720	1	1913132	1913690	f	0	1	Prodigal	002006
1721	1	1913686	1914916	f	0	1	Prodigal	002006
1722	1	1914951	1915440	f	0	1	Prodigal	002006
1723	1	1915536	1916274	r	0	1	Prodigal	002006
1724	1	1916394	1917510	f	0	1	Prodigal	002006
1725	1	1917609	1917888	f	0	1	Prodigal	002006
1726	1	1917986	1919651	f	0	1	Prodigal	002006
1727	1	1919760	1920924	r	0	1	Prodigal	002006
1728	1	1921057	1922095	r	0	1	Prodigal	002006
1729	1	1922541	1923180	r	0	1	Prodigal	002006
1730	1	1923281	1924172	f	0	1	Prodigal	002006
1731	1	1924296	1925199	r	0	1	Prodigal	002006
1732	1	1925299	1926559	r	0	1	Prodigal	002006
1733	1	1926555	1927455	r	0	1	Prodigal	002006
1734	1	1927514	1928252	r	0	1	Prodigal	002006
1735	1	1928444	1929380	f	0	1	Prodigal	002006
1736	1	1929386	1930295	r	0	1	Prodigal	002006
1737	1	1930571	1932836	f	0	1	Prodigal	002006
1738	1	1933012	1933762	f	0	1	Prodigal	002006
1739	1	1933798	1934662	r	0	1	Prodigal	002006
1740	1	1934828	1936262	f	0	1	Prodigal	002006
1741	1	1936455	1938216	f	0	1	Prodigal	002006
1742	1	1938597	1939446	f	0	1	Prodigal	002006
1743	1	1939492	1941775	f	0	1	Prodigal	002006
1744	1	1942344	1942779	r	0	1	Prodigal	002006
1745	1	1943191	1943677	r	0	1	Prodigal	002006
1746	1	1943907	1944105	f	0	1	Prodigal	002006
1747	1	1944480	1946955	f	0	1	Prodigal	002006
1748	1	1947019	1948402	r	0	1	Prodigal	002006
1749	1	1948563	1948998	r	0	1	Prodigal	002006
1750	1	1949185	1951990	f	0	1	Prodigal	002006
1751	1	1952105	1953893	f	0	1	Prodigal	002006
1752	1	1953889	1955641	f	0	1	Prodigal	002006
1753	1	1955808	1956282	f	0	1	Prodigal	002006
1754	1	1956315	1956549	r	0	1	Prodigal	002006
1755	1	1956809	1957373	f	0	1	Prodigal	002006
1756	1	1957456	1958233	f	0	1	Prodigal	002006
1757	1	1958407	1959271	f	0	1	Prodigal	002006
1758	1	1959378	1960497	r	0	1	Prodigal	002006
1759	1	1960796	1961303	r	0	1	Prodigal	002006
1760	1	1961394	1961787	r	0	1	Prodigal	002006
1761	1	1962125	1962971	f	0	1	Prodigal	002006
1762	1	1963028	1963469	f	0	1	Prodigal	002006
1763	1	1963547	1963868	r	0	1	Prodigal	002006
1764	1	1963960	1965247	r	0	1	Prodigal	002006
1765	1	1965689	1966067	f	0	1	Prodigal	002006
1766	1	1966060	1966405	f	0	1	Prodigal	002006
1767	1	1966397	1968173	f	0	1	Prodigal	002006
1768	1	1968189	1968906	f	0	1	Prodigal	002006
1769	1	1969021	1971832	f	0	1	Prodigal	002006
1770	1	1971865	1973056	f	0	1	Prodigal	002006
1771	1	1973227	1974394	f	0	1	Prodigal	002006
1772	1	1974393	1975266	f	0	1	Prodigal	002006
1773	1	1975391	1975859	f	0	1	Prodigal	002006
1774	1	1976243	1977650	r	0	1	Prodigal	002006
1775	1	1977668	1979405	r	0	1	Prodigal	002006
1776	1	1979401	1980496	r	0	1	Prodigal	002006
1777	1	1980768	1981788	r	0	1	Prodigal	002006
1778	1	1981908	1982616	r	0	1	Prodigal	002006
1779	1	1982870	1984013	f	0	1	Prodigal	002006
1780	1	1984009	1985449	f	0	1	Prodigal	002006
1781	1	1985441	1986281	f	0	1	Prodigal	002006
1782	1	1986379	1986832	r	0	1	Prodigal	002006
1783	1	1986886	1987516	r	0	1	Prodigal	002006
1784	1	1987607	1988810	r	0	1	Prodigal	002006
1785	1	1988806	1989382	r	0	1	Prodigal	002006
1786	1	1989378	1991346	r	0	1	Prodigal	002006
1787	1	1991520	1992474	r	0	1	Prodigal	002006
1788	1	1992561	1993242	r	0	1	Prodigal	002006
1789	1	1993238	1993838	r	0	1	Prodigal	002006
1790	1	1993889	1995326	r	0	1	Prodigal	002006
1791	1	1995902	1996013	f	0	1	Prodigal	002006
1792	1	1996073	2006765	f	0	1	Prodigal	002006
1793	1	2006864	2008067	r	0	1	Prodigal	002006
1794	1	2008118	2009384	r	0	1	Prodigal	002006
1795	1	2009373	2011047	r	0	1	Prodigal	002006
1796	1	2011289	2011652	r	0	1	Prodigal	002006
1797	1	2011868	2013536	f	0	1	Prodigal	002006
1798	1	2013668	2014880	f	0	1	Prodigal	002006
1799	1	2015054	2015810	f	0	1	Prodigal	002006
1800	1	2016010	2016787	f	0	1	Prodigal	002006
1801	1	2016863	2017730	r	0	1	Prodigal	002006
1802	1	2017799	2018717	r	0	1	Prodigal	002006
1803	1	2018885	2019764	f	0	1	Prodigal	002006
1804	1	2020026	2021664	f	0	1	Prodigal	002006
1805	1	2021862	2022582	f	0	1	Prodigal	002006
1806	1	2022689	2024753	r	0	1	Prodigal	002006
1807	1	2026193	2027696	f	0	1	Prodigal	002006
1808	1	2027707	2028388	f	0	1	Prodigal	002006
1809	1	2028505	2029288	r	0	1	Prodigal	002006
1810	1	2029385	2029754	r	0	1	Prodigal	002006
1811	1	2029851	2030796	r	0	1	Prodigal	002006
1812	1	2030919	2031297	f	0	1	Prodigal	002006
1813	1	2031431	2031977	f	0	1	Prodigal	002006
1814	1	2032149	2034744	f	0	1	Prodigal	002006
1815	1	2034858	2035188	f	0	1	Prodigal	002006
1816	1	2035506	2036349	f	0	1	Prodigal	002006
1817	1	2036440	2037346	r	0	1	Prodigal	002006
1818	1	2037448	2038441	f	0	1	Prodigal	002006
1819	1	2038704	2039694	f	0	1	Prodigal	002006
1820	1	2039815	2041144	f	0	1	Prodigal	002006
1821	1	2041280	2042276	f	0	1	Prodigal	002006
1822	1	2042214	2042475	f	0	1	Prodigal	002006
1823	1	2042471	2043332	f	0	1	Prodigal	002006
1824	1	2043392	2043917	r	0	1	Prodigal	002006
1825	1	2043913	2045152	r	0	1	Prodigal	002006
1826	1	2045415	2045910	r	0	1	Prodigal	002006
1827	1	2046076	2048503	f	0	1	Prodigal	002006
1828	1	2048577	2048829	f	0	1	Prodigal	002006
1829	1	2049002	2049866	r	0	1	Prodigal	002006
1830	1	2049892	2050396	r	0	1	Prodigal	002006
1831	1	2050540	2052184	r	0	1	Prodigal	002006
1832	1	2052371	2054018	r	0	1	Prodigal	002006
1833	1	2054109	2055462	r	0	1	Prodigal	002006
1834	1	2055657	2056122	f	0	1	Prodigal	002006
1835	1	2056305	2056902	f	0	1	Prodigal	002006
1836	1	2056997	2058995	r	0	1	Prodigal	002006
1837	1	2059106	2060318	f	0	1	Prodigal	002006
1838	1	2060674	2062360	r	0	1	Prodigal	002006
1839	1	2063342	2065355	f	0	1	Prodigal	002006
1840	1	2065351	2065609	f	0	1	Prodigal	002006
1841	1	2065773	2066436	f	0	1	Prodigal	002006
1842	1	2066515	2067037	r	0	1	Prodigal	002006
1843	1	2067135	2068716	r	0	1	Prodigal	002006
1844	1	2068980	2069763	f	0	1	Prodigal	002006
1845	1	2070028	2070169	f	0	1	Prodigal	002006
1846	1	2070356	2070914	f	0	1	Prodigal	002006
1847	1	2070926	2071811	f	0	1	Prodigal	002006
1848	1	2071988	2072453	f	0	1	Prodigal	002006
1849	1	2072731	2074567	f	0	1	Prodigal	002006
1850	1	2075380	2076760	r	0	1	Prodigal	002006
1851	1	2076908	2077115	r	0	1	Prodigal	002006
1852	1	2077248	2077866	f	0	1	Prodigal	002006
1853	1	2078040	2078244	r	0	1	Prodigal	002006
1854	1	2078516	2079176	r	0	1	Prodigal	002006
1855	1	2079305	2080484	r	0	1	Prodigal	002006
1856	1	2080569	2081460	r	0	1	Prodigal	002006
1857	1	2081686	2082274	f	0	1	Prodigal	002006
1858	1	2082458	2082638	r	0	1	Prodigal	002006
1859	1	2082801	2082990	r	0	1	Prodigal	002006
1860	1	2082992	2083457	r	0	1	Prodigal	002006
1861	1	2083627	2084842	r	0	1	Prodigal	002006
1862	1	2085073	2085934	f	0	1	Prodigal	002006
1863	1	2085935	2086247	f	0	1	Prodigal	002006
1864	1	2086302	2086626	r	0	1	Prodigal	002006
1865	1	2086907	2087699	r	0	1	Prodigal	002006
1866	1	2087683	2088010	r	0	1	Prodigal	002006
1867	1	2088207	2088474	r	0	1	Prodigal	002006
1868	1	2088476	2089289	r	0	1	Prodigal	002006
1869	1	2089307	2090027	r	0	1	Prodigal	002006
1870	1	2090134	2090413	f	0	1	Prodigal	002006
1871	1	2091265	2092636	r	0	1	Prodigal	002006
1872	1	2092721	2092946	r	0	1	Prodigal	002006
1873	1	2092911	2094297	r	0	1	Prodigal	002006
1874	1	2094451	2094736	r	0	1	Prodigal	002006
1875	1	2095006	2096248	f	0	1	Prodigal	002006
1876	1	2096312	2096435	f	0	1	Prodigal	002006
1877	1	2097864	2098836	r	0	1	Prodigal	002006
1878	1	2098985	2099741	r	0	1	Prodigal	002006
1879	1	2099876	2100647	r	0	1	Prodigal	002006
1880	1	2100733	2101525	f	0	1	Prodigal	002006
1881	1	2101625	2102960	f	0	1	Prodigal	002006
1882	1	2102940	2103660	f	0	1	Prodigal	002006
1883	1	2103663	2108091	f	0	1	Prodigal	002006
1884	1	2108352	2108739	f	0	1	Prodigal	002006
1885	1	2108835	2109333	f	0	1	Prodigal	002006
1886	1	2109460	2110078	f	0	1	Prodigal	002006
1887	1	2110216	2110699	f	0	1	Prodigal	002006
1888	1	2110698	2111202	f	0	1	Prodigal	002006
1889	1	2111251	2112082	f	0	1	Prodigal	002006
1890	1	2112159	2112363	r	0	1	Prodigal	002006
1891	1	2112615	2112723	r	0	1	Prodigal	002006
1892	1	2112842	2114084	r	0	1	Prodigal	002006
1893	1	2114295	2115300	f	0	1	Prodigal	002006
1894	1	2115340	2115934	r	0	1	Prodigal	002006
1895	1	2116544	2117732	f	0	1	Prodigal	002006
1896	1	2117869	2119069	f	0	1	Prodigal	002006
1897	1	2119194	2120412	f	0	1	Prodigal	002006
1898	1	2120493	2121951	f	0	1	Prodigal	002006
1899	1	2122046	2122979	f	0	1	Prodigal	002006
1900	1	2123190	2124096	f	0	1	Prodigal	002006
1901	1	2124167	2125760	r	0	1	Prodigal	002006
1902	1	2125787	2126636	r	0	1	Prodigal	002006
1903	1	2126778	2127285	f	0	1	Prodigal	002006
1904	1	2127604	2130727	f	0	1	Prodigal	002006
1905	1	2130757	2132086	f	0	1	Prodigal	002006
1906	1	2132166	2132943	f	0	1	Prodigal	002006
1907	1	2132939	2135819	f	0	1	Prodigal	002006
1908	1	2135941	2137471	f	0	1	Prodigal	002006
1909	1	2137523	2138840	f	0	1	Prodigal	002006
1910	1	2139117	2140527	f	0	1	Prodigal	002006
1911	1	2140901	2143220	f	0	1	Prodigal	002006
1912	1	2143212	2144091	f	0	1	Prodigal	002006
1913	1	2144087	2144573	f	0	1	Prodigal	002006
1914	1	2144691	2145231	r	0	1	Prodigal	002006
1915	1	2145734	2145923	f	0	1	Prodigal	002006
1916	1	2146159	2147782	f	0	1	Prodigal	002006
1917	1	2147881	2149171	r	0	1	Prodigal	002006
1918	1	2149525	2150995	f	0	1	Prodigal	002006
1919	1	2151028	2151679	r	0	1	Prodigal	002006
1920	1	2151671	2152445	r	0	1	Prodigal	002006
1921	1	2152444	2153206	r	0	1	Prodigal	002006
1922	1	2153211	2153841	r	0	1	Prodigal	002006
1923	1	2153840	2154950	r	0	1	Prodigal	002006
1924	1	2154965	2156036	r	0	1	Prodigal	002006
1925	1	2156032	2157358	r	0	1	Prodigal	002006
1926	1	2157370	2158267	r	0	1	Prodigal	002006
1927	1	2158607	2158853	f	0	1	Prodigal	002006
1928	1	2158920	2160840	f	0	1	Prodigal	002006
1929	1	2160930	2161632	f	0	1	Prodigal	002006
1930	1	2161651	2162266	f	0	1	Prodigal	002006
1931	1	2162274	2163153	f	0	1	Prodigal	002006
1932	1	2163285	2165028	f	0	1	Prodigal	002006
1933	1	2165136	2166249	f	0	1	Prodigal	002006
1934	1	2166429	2167074	r	0	1	Prodigal	002006
1935	1	2167096	2168212	r	0	1	Prodigal	002006
1936	1	2168208	2169246	r	0	1	Prodigal	002006
1937	1	2169651	2170080	f	0	1	Prodigal	002006
1938	1	2170114	2171299	r	0	1	Prodigal	002006
1939	1	2171648	2172842	r	0	1	Prodigal	002006
1940	1	2172955	2174386	r	0	1	Prodigal	002006
1941	1	2174468	2174741	f	0	1	Prodigal	002006
1942	1	2174756	2175623	f	0	1	Prodigal	002006
1943	1	2175760	2177773	r	0	1	Prodigal	002006
1944	1	2177980	2179063	f	0	1	Prodigal	002006
1945	1	2179173	2179818	f	0	1	Prodigal	002006
1946	1	2179881	2180463	f	0	1	Prodigal	002006
1947	1	2180839	2182309	f	0	1	Prodigal	002006
1948	1	2182441	2182693	r	0	1	Prodigal	002006
1949	1	2182843	2183995	f	0	1	Prodigal	002006
1950	1	2184097	2184823	r	0	1	Prodigal	002006
1951	1	2184918	2185317	r	0	1	Prodigal	002006
1952	1	2185370	2185466	f	0	1	Prodigal	002006
1953	1	2185452	2185776	r	0	1	Prodigal	002006
1954	1	2185772	2186954	r	0	1	Prodigal	002006
1955	1	2186986	2189254	r	0	1	Prodigal	002006
1956	1	2189876	2190572	r	0	1	Prodigal	002006
1957	1	2190571	2191288	r	0	1	Prodigal	002006
1958	1	2191486	2194234	f	0	1	Prodigal	002006
1959	1	2194341	2195739	r	0	1	Prodigal	002006
1960	1	2196001	2196157	f	0	1	Prodigal	002006
1961	1	2196315	2197371	r	0	1	Prodigal	002006
1962	1	2197544	2198132	f	0	1	Prodigal	002006
1963	1	2198364	2200293	f	0	1	Prodigal	002006
1964	1	2200437	2200845	f	0	1	Prodigal	002006
1965	1	2200931	2201129	f	0	1	Prodigal	002006
1966	1	2201144	2201501	f	0	1	Prodigal	002006
1967	1	2201884	2202868	f	0	1	Prodigal	002006
1968	1	2202880	2205268	f	0	1	Prodigal	002006
1969	1	2205271	2205568	f	0	1	Prodigal	002006
1970	1	2205583	2209573	f	0	1	Prodigal	002006
1971	1	2209559	2210804	f	0	1	Prodigal	002006
1972	1	2210807	2211449	f	0	1	Prodigal	002006
1973	1	2211509	2212283	f	0	1	Prodigal	002006
1974	1	2212374	2212851	f	0	1	Prodigal	002006
1975	1	2212850	2214500	f	0	1	Prodigal	002006
1976	1	2214584	2215589	r	0	1	Prodigal	002006
1977	1	2215588	2216521	r	0	1	Prodigal	002006
1978	1	2216629	2217505	r	0	1	Prodigal	002006
1979	1	2217535	2218504	r	0	1	Prodigal	002006
1980	1	2218500	2220030	r	0	1	Prodigal	002006
1981	1	2220066	2220486	r	0	1	Prodigal	002006
1982	1	2220696	2221314	r	0	1	Prodigal	002006
1983	1	2221961	2223029	f	0	1	Prodigal	002006
1984	1	2223318	2224386	r	0	1	Prodigal	002006
1985	1	2224467	2225235	r	0	1	Prodigal	002006
1986	1	2225234	2226122	r	0	1	Prodigal	002006
1987	1	2226108	2227212	r	0	1	Prodigal	002006
1988	1	2227413	2228151	f	0	1	Prodigal	002006
1989	1	2228167	2228854	f	0	1	Prodigal	002006
1990	1	2228956	2229865	r	0	1	Prodigal	002006
1991	1	2229939	2230887	r	0	1	Prodigal	002006
1992	1	2231038	2231794	r	0	1	Prodigal	002006
1993	1	2231862	2232549	r	0	1	Prodigal	002006
1994	1	2232532	2232721	r	0	1	Prodigal	002006
1995	1	2232859	2235244	r	0	1	Prodigal	002006
1996	1	2235330	2235831	r	0	1	Prodigal	002006
1997	1	2235971	2236955	r	0	1	Prodigal	002006
1998	1	2236954	2237134	r	0	1	Prodigal	002006
1999	1	2237144	2237759	r	0	1	Prodigal	002006
2000	1	2237775	2239200	r	0	1	Prodigal	002006
2001	1	2239481	2239943	f	0	1	Prodigal	002006
2002	1	2239961	2240495	f	0	1	Prodigal	002006
2003	1	2240597	2241236	f	0	1	Prodigal	002006
2004	1	2241244	2243260	f	0	1	Prodigal	002006
2005	1	2243404	2246029	f	0	1	Prodigal	002006
2006	1	2246099	2246321	f	0	1	Prodigal	002006
2007	1	2246599	2251438	f	0	1	Prodigal	002006
2008	1	2251515	2252526	f	0	1	Prodigal	002006
2009	1	2252616	2253153	f	0	1	Prodigal	002006
2010	1	2253140	2253377	r	0	1	Prodigal	002006
2011	1	2253533	2253797	f	0	1	Prodigal	002006
2012	1	2253797	2253923	f	0	1	Prodigal	002006
2013	1	2254064	2256260	f	0	1	Prodigal	002006
2014	1	2256259	2256490	f	0	1	Prodigal	002006
2015	1	2256563	2258474	f	0	1	Prodigal	002006
2016	1	2258632	2258812	f	0	1	Prodigal	002006
2017	1	2258896	2259457	r	0	1	Prodigal	002006
2018	1	2259533	2261510	r	0	1	Prodigal	002006
2019	1	2261907	2263038	r	0	1	Prodigal	002006
2020	1	2263027	2266723	r	0	1	Prodigal	002006
2021	1	2266787	2267903	r	0	1	Prodigal	002006
2022	1	2268862	2269537	f	0	1	Prodigal	002006
2023	1	2269550	2269763	f	0	1	Prodigal	002006
2024	1	2270405	2278994	f	0	1	Prodigal	002006
2025	1	2279155	2283466	f	0	1	Prodigal	002006
2026	1	2283556	2286373	f	0	1	Prodigal	002006
2027	1	2286685	2287228	f	0	1	Prodigal	002006
2028	1	2287784	2288306	f	0	1	Prodigal	002006
2029	1	2288387	2288891	f	0	1	Prodigal	002006
2030	1	2288887	2291662	f	0	1	Prodigal	002006
2031	1	2291671	2292397	f	0	1	Prodigal	002006
2032	1	2292377	2293439	f	0	1	Prodigal	002006
2033	1	2294202	2297964	f	0	1	Prodigal	002006
2034	1	2298951	2299917	f	0	1	Prodigal	002006
2035	1	2300170	2301739	f	0	1	Prodigal	002006
2036	1	2301864	2302155	f	0	1	Prodigal	002006
2037	1	2302300	2302642	r	0	1	Prodigal	002006
2038	1	2303339	2303468	f	0	1	Prodigal	002006
2039	1	2304149	2304401	f	0	1	Prodigal	002006
2040	1	2304625	2304832	r	0	1	Prodigal	002006
2041	1	2304954	2305479	f	0	1	Prodigal	002006
2042	1	2306051	2308592	r	0	1	Prodigal	002006
2043	1	2308601	2310212	r	0	1	Prodigal	002006
2044	1	2310226	2311690	r	0	1	Prodigal	002006
2045	1	2311795	2312182	r	0	1	Prodigal	002006
2046	1	2312315	2312633	f	0	1	Prodigal	002006
2047	1	2312638	2314780	f	0	1	Prodigal	002006
2048	1	2314824	2315139	f	0	1	Prodigal	002006
2049	1	2315138	2315384	f	0	1	Prodigal	002006
2050	1	2315341	2315629	f	0	1	Prodigal	002006
2051	1	2315904	2316009	r	0	1	Prodigal	002006
2052	1	2316785	2317340	f	0	1	Prodigal	002006
2053	1	2317351	2317684	f	0	1	Prodigal	002006
2054	1	2317725	2318862	f	0	1	Prodigal	002006
2055	1	2319169	2319745	f	0	1	Prodigal	002006
2056	1	2319904	2320105	r	0	1	Prodigal	002006
2057	1	2320364	2320589	f	0	1	Prodigal	002006
2058	1	2321002	2321113	f	0	1	Prodigal	002006
2059	1	2321577	2321916	r	0	1	Prodigal	002006
2060	1	2322261	2323551	r	0	1	Prodigal	002006
2061	1	2323918	2324221	r	0	1	Prodigal	002006
2062	1	2324391	2325267	f	0	1	Prodigal	002006
2063	1	2325357	2327331	r	0	1	Prodigal	002006
2064	1	2327579	2328152	f	0	1	Prodigal	002006
2065	1	2328246	2329434	f	0	1	Prodigal	002006
2066	1	2329435	2330077	f	0	1	Prodigal	002006
2067	1	2330102	2330891	f	0	1	Prodigal	002006
2068	1	2331006	2332437	r	0	1	Prodigal	002006
2069	1	2332692	2333025	r	0	1	Prodigal	002006
2070	1	2333284	2334013	f	0	1	Prodigal	002006
2071	1	2334112	2335558	r	0	1	Prodigal	002006
2072	1	2335568	2336696	r	0	1	Prodigal	002006
2073	1	2336706	2337594	r	0	1	Prodigal	002006
2074	1	2337741	2338368	f	0	1	Prodigal	002006
2075	1	2338351	2338954	f	0	1	Prodigal	002006
2076	1	2339009	2341562	f	0	1	Prodigal	002006
2077	1	2341709	2343140	f	0	1	Prodigal	002006
2078	1	2343366	2343639	r	0	1	Prodigal	002006
2079	1	2343811	2344840	r	0	1	Prodigal	002006
2080	1	2345125	2345905	r	0	1	Prodigal	002006
2081	1	2345930	2346878	r	0	1	Prodigal	002006
2082	1	2346862	2347504	r	0	1	Prodigal	002006
2083	1	2347503	2348505	r	0	1	Prodigal	002006
2084	1	2348494	2349301	r	0	1	Prodigal	002006
2085	1	2349369	2350611	r	0	1	Prodigal	002006
2086	1	2350693	2350930	r	0	1	Prodigal	002006
2087	1	2351088	2351823	r	0	1	Prodigal	002006
2088	1	2351836	2352772	r	0	1	Prodigal	002006
2089	1	2352843	2353842	r	0	1	Prodigal	002006
2090	1	2353810	2354830	r	0	1	Prodigal	002006
2091	1	2354839	2355007	r	0	1	Prodigal	002006
2092	1	2355026	2355548	r	0	1	Prodigal	002006
2093	1	2355667	2356249	f	0	1	Prodigal	002006
2094	1	2356335	2357010	r	0	1	Prodigal	002006
2095	1	2357009	2357954	r	0	1	Prodigal	002006
2096	1	2358367	2361460	f	0	1	Prodigal	002006
2097	1	2362203	2363940	r	0	1	Prodigal	002006
2098	1	2363936	2364926	r	0	1	Prodigal	002006
2099	1	2364925	2366026	r	0	1	Prodigal	002006
2100	1	2366325	2367309	f	0	1	Prodigal	002006
2101	1	2367861	2369055	f	0	1	Prodigal	002006
2102	1	2369308	2369872	f	0	1	Prodigal	002006
2103	1	2370091	2370478	f	0	1	Prodigal	002006
2104	1	2370594	2371245	f	0	1	Prodigal	002006
2105	1	2371363	2372764	r	0	1	Prodigal	002006
2106	1	2373112	2373943	f	0	1	Prodigal	002006
2107	1	2374054	2375143	r	0	1	Prodigal	002006
2108	1	2375155	2376091	r	0	1	Prodigal	002006
2109	1	2376173	2376698	f	0	1	Prodigal	002006
2110	1	2376755	2378051	f	0	1	Prodigal	002006
2111	1	2378180	2378789	r	0	1	Prodigal	002006
2112	1	2379385	2380849	r	0	1	Prodigal	002006
2113	1	2381156	2382377	r	0	1	Prodigal	002006
2114	1	2382560	2383139	f	0	1	Prodigal	002006
2115	1	2383343	2384870	r	0	1	Prodigal	002006
2116	1	2385164	2386448	f	0	1	Prodigal	002006
2117	1	2386490	2387057	f	0	1	Prodigal	002006
2118	1	2387273	2388572	f	0	1	Prodigal	002006
2119	1	2388974	2389937	r	0	1	Prodigal	002006
2120	1	2390155	2391406	r	0	1	Prodigal	002006
2121	1	2391761	2393678	f	0	1	Prodigal	002006
2122	1	2394269	2396192	f	0	1	Prodigal	002006
2123	1	2396215	2397487	f	0	1	Prodigal	002006
2124	1	2397496	2399017	f	0	1	Prodigal	002006
2125	1	2399185	2401336	r	0	1	Prodigal	002006
2126	1	2401332	2402643	r	0	1	Prodigal	002006
2127	1	2402825	2403776	f	0	1	Prodigal	002006
2128	1	2403766	2404669	f	0	1	Prodigal	002006
2129	1	2404653	2405193	f	0	1	Prodigal	002006
2130	1	2405189	2406182	f	0	1	Prodigal	002006
2131	1	2406172	2407624	f	0	1	Prodigal	002006
2132	1	2407620	2409156	f	0	1	Prodigal	002006
2133	1	2409169	2409769	f	0	1	Prodigal	002006
2134	1	2409761	2410541	f	0	1	Prodigal	002006
2135	1	2410943	2412281	f	0	1	Prodigal	002006
2136	1	2412533	2413802	f	0	1	Prodigal	002006
2137	1	2413917	2415141	f	0	1	Prodigal	002006
2138	1	2415137	2416313	r	0	1	Prodigal	002006
2139	1	2416435	2416828	f	0	1	Prodigal	002006
2140	1	2416934	2417222	r	0	1	Prodigal	002006
2141	1	2417338	2418226	r	0	1	Prodigal	002006
2142	1	2418321	2422236	r	0	1	Prodigal	002006
2143	1	2422476	2422899	r	0	1	Prodigal	002006
2144	1	2423021	2424299	r	0	1	Prodigal	002006
2145	1	2425128	2426694	f	0	1	Prodigal	002006
2146	1	2426838	2427816	f	0	1	Prodigal	002006
2147	1	2427824	2428808	f	0	1	Prodigal	002006
2148	1	2428807	2429329	f	0	1	Prodigal	002006
2149	1	2429321	2430365	f	0	1	Prodigal	002006
2150	1	2430364	2432092	f	0	1	Prodigal	002006
2151	1	2432072	2433455	f	0	1	Prodigal	002006
2152	1	2433642	2434578	f	0	1	Prodigal	002006
2153	1	2434574	2435375	r	0	1	Prodigal	002006
2154	1	2435409	2436525	r	0	1	Prodigal	002006
2155	1	2436528	2437842	r	0	1	Prodigal	002006
2156	1	2438183	2439611	f	0	1	Prodigal	002006
2157	1	2439766	2440267	f	0	1	Prodigal	002006
2158	1	2440345	2442055	r	0	1	Prodigal	002006
2159	1	2442215	2442572	f	0	1	Prodigal	002006
2160	1	2442568	2443255	f	0	1	Prodigal	002006
2161	1	2443452	2444337	f	0	1	Prodigal	002006
2162	1	2444471	2445857	r	0	1	Prodigal	002006
2163	1	2446481	2448002	f	0	1	Prodigal	002006
2164	1	2448200	2449466	f	0	1	Prodigal	002006
2165	1	2449828	2450941	f	0	1	Prodigal	002006
2166	1	2451042	2451954	r	0	1	Prodigal	002006
2167	1	2451950	2454083	r	0	1	Prodigal	002006
2168	1	2454510	2454909	r	0	1	Prodigal	002006
2169	1	2455005	2456682	r	0	1	Prodigal	002006
2170	1	2456730	2457150	r	0	1	Prodigal	002006
2171	1	2457196	2457796	r	0	1	Prodigal	002006
2172	1	2458432	2461174	f	0	1	Prodigal	002006
2173	1	2461781	2463614	f	0	1	Prodigal	002006
2174	1	2464305	2464971	f	0	1	Prodigal	002006
2175	1	2464970	2466866	f	0	1	Prodigal	002006
2176	1	2466867	2467821	f	0	1	Prodigal	002006
2177	1	2467901	2469620	f	0	1	Prodigal	002006
2178	1	2469629	2470187	f	0	1	Prodigal	002006
2179	1	2470186	2471002	f	0	1	Prodigal	002006
2180	1	2470994	2471408	f	0	1	Prodigal	002006
2181	1	2471407	2471899	f	0	1	Prodigal	002006
2182	1	2472520	2473999	f	0	1	Prodigal	002006
2183	1	2474003	2475917	f	0	1	Prodigal	002006
2184	1	2475913	2478352	f	0	1	Prodigal	002006
2185	1	2478357	2478609	f	0	1	Prodigal	002006
2186	1	2478602	2479712	f	0	1	Prodigal	002006
2187	1	2479717	2480722	f	0	1	Prodigal	002006
2188	1	2480788	2481130	f	0	1	Prodigal	002006
2189	1	2481131	2482271	f	0	1	Prodigal	002006
2190	1	2482424	2483273	r	0	1	Prodigal	002006
2191	1	2483507	2484140	r	0	1	Prodigal	002006
2192	1	2484139	2484928	r	0	1	Prodigal	002006
2193	1	2484921	2485737	r	0	1	Prodigal	002006
2194	1	2485726	2486737	r	0	1	Prodigal	002006
2195	1	2486721	2488344	r	0	1	Prodigal	002006
2196	1	2488475	2489015	r	0	1	Prodigal	002006
2197	1	2488996	2489527	r	0	1	Prodigal	002006
2198	1	2489526	2491230	r	0	1	Prodigal	002006
2199	1	2491226	2492414	r	0	1	Prodigal	002006
2200	1	2492406	2493453	r	0	1	Prodigal	002006
2201	1	2493455	2494589	r	0	1	Prodigal	002006
2202	1	2495837	2496878	f	0	1	Prodigal	002006
2203	1	2496928	2498065	r	0	1	Prodigal	002006
2204	1	2498077	2499349	r	0	1	Prodigal	002006
2205	1	2499345	2500752	r	0	1	Prodigal	002006
2206	1	2500739	2502059	r	0	1	Prodigal	002006
2207	1	2502359	2503115	f	0	1	Prodigal	002006
2208	1	2503111	2504311	f	0	1	Prodigal	002006
2209	1	2504307	2506848	f	0	1	Prodigal	002006
2210	1	2506859	2507336	f	0	1	Prodigal	002006
2211	1	2507313	2507760	r	0	1	Prodigal	002006
2212	1	2507746	2508514	r	0	1	Prodigal	002006
2213	1	2508682	2509528	f	0	1	Prodigal	002006
2214	1	2509727	2510444	r	0	1	Prodigal	002006
2215	1	2510512	2511082	r	0	1	Prodigal	002006
2216	1	2511586	2513002	r	0	1	Prodigal	002006
2217	1	2513160	2514312	f	0	1	Prodigal	002006
2218	1	2514343	2515537	f	0	1	Prodigal	002006
2219	1	2515533	2516169	f	0	1	Prodigal	002006
2220	1	2516461	2517463	r	0	1	Prodigal	002006
2221	1	2517543	2519034	r	0	1	Prodigal	002006
2222	1	2519057	2519726	r	0	1	Prodigal	002006
2223	1	2519727	2521833	r	0	1	Prodigal	002006
2224	1	2521851	2522268	r	0	1	Prodigal	002006
2225	1	2522264	2522615	r	0	1	Prodigal	002006
2226	1	2522953	2523445	f	0	1	Prodigal	002006
2227	1	2523453	2525280	f	0	1	Prodigal	002006
2228	1	2525493	2526378	r	0	1	Prodigal	002006
2229	1	2526587	2527724	f	0	1	Prodigal	002006
2230	1	2527806	2528256	f	0	1	Prodigal	002006
2231	1	2528283	2529477	f	0	1	Prodigal	002006
2232	1	2529490	2529934	r	0	1	Prodigal	002006
2233	1	2530229	2531018	r	0	1	Prodigal	002006
2234	1	2531124	2532561	r	0	1	Prodigal	002006
2235	1	2532919	2533699	r	0	1	Prodigal	002006
2236	1	2533751	2534654	r	0	1	Prodigal	002006
2237	1	2534705	2535818	r	0	1	Prodigal	002006
2238	1	2535836	2536619	r	0	1	Prodigal	002006
2239	1	2536754	2537912	r	0	1	Prodigal	002006
2240	1	2538231	2539374	f	0	1	Prodigal	002006
2241	1	2539370	2541005	f	0	1	Prodigal	002006
2242	1	2541016	2541853	f	0	1	Prodigal	002006
2243	1	2541849	2543820	f	0	1	Prodigal	002006
2244	1	2543816	2544785	f	0	1	Prodigal	002006
2245	1	2544787	2545198	f	0	1	Prodigal	002006
2246	1	2545234	2545996	f	0	1	Prodigal	002006
2247	1	2546048	2549051	f	0	1	Prodigal	002006
2248	1	2549276	2549873	f	0	1	Prodigal	002006
2249	1	2550519	2551782	f	0	1	Prodigal	002006
2250	1	2551778	2552816	f	0	1	Prodigal	002006
2251	1	2553095	2553341	f	0	1	Prodigal	002006
2252	1	2553498	2554311	r	0	1	Prodigal	002006
2253	1	2554342	2554780	r	0	1	Prodigal	002006
2254	1	2555128	2556628	f	0	1	Prodigal	002006
2255	1	2556698	2557505	r	0	1	Prodigal	002006
2256	1	2557673	2559461	f	0	1	Prodigal	002006
2257	1	2559463	2560090	f	0	1	Prodigal	002006
2258	1	2560195	2560507	f	0	1	Prodigal	002006
2259	1	2560503	2562156	f	0	1	Prodigal	002006
2260	1	2562825	2563032	r	0	1	Prodigal	002006
2261	1	2563093	2571532	r	0	1	Prodigal	002006
2262	1	2571747	2572218	r	0	1	Prodigal	002006
2263	1	2572517	2573918	r	0	1	Prodigal	002006
2264	1	2573929	2574169	r	0	1	Prodigal	002006
2265	1	2574168	2574543	r	0	1	Prodigal	002006
2266	1	2574551	2575187	r	0	1	Prodigal	002006
2267	1	2575196	2575556	r	0	1	Prodigal	002006
2268	1	2575601	2576900	r	0	1	Prodigal	002006
2269	1	2576896	2578507	r	0	1	Prodigal	002006
2270	1	2578591	2580718	r	0	1	Prodigal	002006
2271	1	2580720	2581380	r	0	1	Prodigal	002006
2272	1	2581389	2582019	r	0	1	Prodigal	002006
2273	1	2582018	2582462	r	0	1	Prodigal	002006
2274	1	2582528	2582918	r	0	1	Prodigal	002006
2275	1	2582980	2584198	r	0	1	Prodigal	002006
2276	1	2584267	2585209	r	0	1	Prodigal	002006
2277	1	2585341	2586067	r	0	1	Prodigal	002006
2278	1	2586162	2586561	r	0	1	Prodigal	002006
2279	1	2586806	2588933	r	0	1	Prodigal	002006
2280	1	2588932	2590630	r	0	1	Prodigal	002006
2281	1	2590673	2591420	r	0	1	Prodigal	002006
2282	1	2591460	2592336	r	0	1	Prodigal	002006
2283	1	2592593	2592842	r	0	1	Prodigal	002006
2284	1	2593100	2593595	r	0	1	Prodigal	002006
2285	1	2594386	2594497	f	0	1	Prodigal	002006
2286	1	2594592	2595003	r	0	1	Prodigal	002006
2287	1	2595116	2596169	r	0	1	Prodigal	002006
2288	1	2596259	2597171	f	0	1	Prodigal	002006
2289	1	2597176	2597548	r	0	1	Prodigal	002006
2290	1	2597789	2598212	f	0	1	Prodigal	002006
2291	1	2598215	2599490	f	0	1	Prodigal	002006
2292	1	2599473	2599755	r	0	1	Prodigal	002006
2293	1	2600206	2600404	f	0	1	Prodigal	002006
2294	1	2600609	2601308	r	0	1	Prodigal	002006
2295	1	2601353	2601683	r	0	1	Prodigal	002006
2296	1	2601682	2602273	r	0	1	Prodigal	002006
2297	1	2602618	2603656	f	0	1	Prodigal	002006
2298	1	2603709	2604654	f	0	1	Prodigal	002006
2299	1	2604668	2605037	r	0	1	Prodigal	002006
2300	1	2605877	2606198	f	0	1	Prodigal	002006
2301	1	2606853	2607516	f	0	1	Prodigal	002006
2302	1	2607598	2609806	r	0	1	Prodigal	002006
2303	1	2609825	2610938	r	0	1	Prodigal	002006
2304	1	2611551	2611953	f	0	1	Prodigal	002006
2305	1	2612081	2612753	f	0	1	Prodigal	002006
2306	1	2613036	2613165	r	0	1	Prodigal	002006
2307	1	2613610	2614105	r	0	1	Prodigal	002006
2308	1	2614082	2614898	r	0	1	Prodigal	002006
2309	1	2614894	2615050	r	0	1	Prodigal	002006
2310	1	2615103	2615325	r	0	1	Prodigal	002006
2311	1	2615329	2615614	r	0	1	Prodigal	002006
2312	1	2615876	2616725	f	0	1	Prodigal	002006
2313	1	2617692	2618046	r	0	1	Prodigal	002006
2314	1	2618057	2619251	r	0	1	Prodigal	002006
2315	1	2619627	2619912	f	0	1	Prodigal	002006
2316	1	2619908	2620406	f	0	1	Prodigal	002006
2317	1	2620482	2621895	f	0	1	Prodigal	002006
2318	1	2621906	2622965	f	0	1	Prodigal	002006
2319	1	2623088	2623280	f	0	1	Prodigal	002006
2320	1	2623291	2623507	f	0	1	Prodigal	002006
2321	1	2623597	2624005	f	0	1	Prodigal	002006
2322	1	2623965	2624169	f	0	1	Prodigal	002006
2323	1	2624147	2625401	f	0	1	Prodigal	002006
2324	1	2625463	2627056	f	0	1	Prodigal	002006
2325	1	2627315	2629229	r	0	1	Prodigal	002006
2326	1	2629379	2629652	r	0	1	Prodigal	002006
2327	1	2629892	2632247	r	0	1	Prodigal	002006
2328	1	2632388	2633663	r	0	1	Prodigal	002006
2329	1	2633733	2634357	r	0	1	Prodigal	002006
2330	1	2634443	2635754	r	0	1	Prodigal	002006
2331	1	2636194	2636629	f	0	1	Prodigal	002006
2332	1	2636721	2637312	f	0	1	Prodigal	002006
2333	1	2637399	2638641	r	0	1	Prodigal	002006
2334	1	2638640	2639339	r	0	1	Prodigal	002006
2335	1	2639427	2640663	r	0	1	Prodigal	002006
2336	1	2640739	2641315	f	0	1	Prodigal	002006
2337	1	2641371	2644824	f	0	1	Prodigal	002006
2338	1	2645067	2646102	r	0	1	Prodigal	002006
2339	1	2646484	2648101	f	0	1	Prodigal	002006
2340	1	2648204	2649122	r	0	1	Prodigal	002006
2341	1	2649286	2649493	r	0	1	Prodigal	002006
2342	1	2649626	2650094	r	0	1	Prodigal	002006
2343	1	2650256	2653043	f	0	1	Prodigal	002006
2344	1	2653374	2654022	r	0	1	Prodigal	002006
2345	1	2654305	2655676	r	0	1	Prodigal	002006
2346	1	2655997	2656762	f	0	1	Prodigal	002006
2347	1	2656813	2657641	f	0	1	Prodigal	002006
2348	1	2657960	2658665	r	0	1	Prodigal	002006
2349	1	2659371	2659644	r	0	1	Prodigal	002006
2350	1	2660023	2661613	r	0	1	Prodigal	002006
2351	1	2661696	2663160	r	0	1	Prodigal	002006
2352	1	2663348	2663549	f	0	1	Prodigal	002006
2353	1	2663801	2664440	f	0	1	Prodigal	002006
2354	1	2664528	2665908	f	0	1	Prodigal	002006
2355	1	2666041	2666761	r	0	1	Prodigal	002006
2356	1	2667007	2668954	f	0	1	Prodigal	002006
2357	1	2669040	2671695	f	0	1	Prodigal	002006
2358	1	2671865	2672855	r	0	1	Prodigal	002006
2359	1	2673059	2673668	r	0	1	Prodigal	002006
2360	1	2674018	2674495	f	0	1	Prodigal	002006
2361	1	2674677	2676066	f	0	1	Prodigal	002006
2362	1	2676177	2677539	r	0	1	Prodigal	002006
2363	1	2677794	2679390	f	0	1	Prodigal	002006
2364	1	2679515	2680571	r	0	1	Prodigal	002006
2365	1	2680791	2682075	r	0	1	Prodigal	002006
2366	1	2682302	2683391	r	0	1	Prodigal	002006
2367	1	2683616	2684543	r	0	1	Prodigal	002006
2368	1	2684539	2685307	r	0	1	Prodigal	002006
2369	1	2685476	2687120	f	0	1	Prodigal	002006
2370	1	2687413	2688361	f	0	1	Prodigal	002006
2371	1	2688510	2688972	f	0	1	Prodigal	002006
2372	1	2689007	2689778	r	0	1	Prodigal	002006
2373	1	2689942	2690494	f	0	1	Prodigal	002006
2374	1	2690689	2692687	f	0	1	Prodigal	002006
2375	1	2692771	2694046	r	0	1	Prodigal	002006
2376	1	2694172	2695876	f	0	1	Prodigal	002006
2377	1	2695838	2696333	r	0	1	Prodigal	002006
2378	1	2696508	2696871	r	0	1	Prodigal	002006
2379	1	2697052	2698357	r	0	1	Prodigal	002006
2380	1	2698543	2698936	r	0	1	Prodigal	002006
2381	1	2698970	2699945	r	0	1	Prodigal	002006
2382	1	2700041	2700686	r	0	1	Prodigal	002006
2383	1	2700989	2701748	r	0	1	Prodigal	002006
2384	1	2701953	2703474	r	0	1	Prodigal	002006
2385	1	2703495	2703984	r	0	1	Prodigal	002006
2386	1	2704171	2705467	r	0	1	Prodigal	002006
2387	1	2705568	2705727	r	0	1	Prodigal	002006
2388	1	2705773	2707111	r	0	1	Prodigal	002006
2389	1	2707264	2707885	r	0	1	Prodigal	002006
2390	1	2707954	2710471	r	0	1	Prodigal	002006
2391	1	2710673	2711165	r	0	1	Prodigal	002006
2392	1	2711315	2712431	f	0	1	Prodigal	002006
2393	1	2712616	2713567	f	0	1	Prodigal	002006
2394	1	2713629	2714877	f	0	1	Prodigal	002006
2395	1	2714985	2715456	r	0	1	Prodigal	002006
2396	1	2715475	2716186	f	0	1	Prodigal	002006
2397	1	2716178	2716895	f	0	1	Prodigal	002006
2398	1	2716963	2717182	f	0	1	Prodigal	002006
2399	1	2717250	2719506	r	0	1	Prodigal	002006
2400	1	2719565	2719883	r	0	1	Prodigal	002006
2401	1	2720112	2720331	f	0	1	Prodigal	002006
2402	1	2720448	2721303	r	0	1	Prodigal	002006
2403	1	2722144	2722855	f	0	1	Prodigal	002006
2404	1	2722876	2724193	f	0	1	Prodigal	002006
2405	1	2724256	2724439	f	0	1	Prodigal	002006
2406	1	2724592	2727142	f	0	1	Prodigal	002006
2407	1	2727153	2727876	f	0	1	Prodigal	002006
2408	1	2728417	2728870	r	0	1	Prodigal	002006
2409	1	2729031	2730369	f	0	1	Prodigal	002006
2410	1	2730460	2731042	r	0	1	Prodigal	002006
2411	1	2731133	2732714	r	0	1	Prodigal	002006
2412	1	2733276	2733681	f	0	1	Prodigal	002006
2413	1	2733754	2734330	r	0	1	Prodigal	002006
2414	1	2734326	2734557	r	0	1	Prodigal	002006
2415	1	2734558	2735230	r	0	1	Prodigal	002006
2416	1	2735291	2735999	r	0	1	Prodigal	002006
2417	1	2736019	2736643	r	0	1	Prodigal	002006
2418	1	2736644	2737235	f	0	1	Prodigal	002006
2419	1	2737209	2737911	r	0	1	Prodigal	002006
2420	1	2737929	2739096	r	0	1	Prodigal	002006
2421	1	2739105	2739390	r	0	1	Prodigal	002006
2422	1	2739548	2739833	r	0	1	Prodigal	002006
2423	1	2739925	2741596	r	0	1	Prodigal	002006
2424	1	2741690	2742383	r	0	1	Prodigal	002006
2425	1	2742631	2743225	f	0	1	Prodigal	002006
2426	1	2743306	2744263	r	0	1	Prodigal	002006
2427	1	2744326	2745202	r	0	1	Prodigal	002006
2428	1	2745297	2746521	f	0	1	Prodigal	002006
2429	1	2746666	2747212	r	0	1	Prodigal	002006
2430	1	2747214	2747979	r	0	1	Prodigal	002006
2431	1	2748170	2748896	r	0	1	Prodigal	002006
2432	1	2748967	2750533	r	0	1	Prodigal	002006
2433	1	2750676	2752680	r	0	1	Prodigal	002006
2434	1	2753492	2754431	f	0	1	Prodigal	002006
2435	1	2754485	2755508	f	0	1	Prodigal	002006
2436	1	2755516	2755948	f	0	1	Prodigal	002006
2437	1	2756038	2757058	r	0	1	Prodigal	002006
2438	1	2757170	2757872	r	0	1	Prodigal	002006
2439	1	2757959	2758367	r	0	1	Prodigal	002006
2440	1	2758514	2759414	f	0	1	Prodigal	002006
2441	1	2759484	2759766	r	0	1	Prodigal	002006
2442	1	2759982	2760525	r	0	1	Prodigal	002006
2443	1	2760631	2761402	f	0	1	Prodigal	002006
2444	1	2761394	2762192	f	0	1	Prodigal	002006
2445	1	2762194	2763016	f	0	1	Prodigal	002006
2446	1	2763015	2763921	f	0	1	Prodigal	002006
2447	1	2763914	2764652	f	0	1	Prodigal	002006
2448	1	2764737	2765328	f	0	1	Prodigal	002006
2449	1	2765324	2766050	f	0	1	Prodigal	002006
2450	1	2766070	2766688	f	0	1	Prodigal	002006
2451	1	2767303	2768062	f	0	1	Prodigal	002006
2452	1	2768039	2768915	f	0	1	Prodigal	002006
2453	1	2769286	2769691	f	0	1	Prodigal	002006
2454	1	2769720	2770395	f	0	1	Prodigal	002006
2455	1	2770397	2772203	f	0	1	Prodigal	002006
2456	1	2772283	2772826	f	0	1	Prodigal	002006
2457	1	2772822	2774208	f	0	1	Prodigal	002006
2458	1	2774249	2777006	f	0	1	Prodigal	002006
2459	1	2777002	2777971	f	0	1	Prodigal	002006
2460	1	2777981	2778524	f	0	1	Prodigal	002006
2461	1	2778534	2779086	f	0	1	Prodigal	002006
2462	1	2779082	2779391	f	0	1	Prodigal	002006
2463	1	2779387	2781235	f	0	1	Prodigal	002006
2464	1	2781334	2782879	f	0	1	Prodigal	002006
2465	1	2782875	2784339	f	0	1	Prodigal	002006
2466	1	2784574	2785711	f	0	1	Prodigal	002006
2467	1	2785707	2787165	f	0	1	Prodigal	002006
2468	1	2787166	2788711	f	0	1	Prodigal	002006
2469	1	2788775	2792699	r	0	1	Prodigal	002006
2470	1	2792848	2794333	f	0	1	Prodigal	002006
2471	1	2794464	2794656	f	0	1	Prodigal	002006
2472	1	2794706	2794931	r	0	1	Prodigal	002006
2473	1	2795054	2796551	r	0	1	Prodigal	002006
2474	1	2796625	2797810	r	0	1	Prodigal	002006
2475	1	2797802	2798453	r	0	1	Prodigal	002006
2476	1	2798456	2799734	r	0	1	Prodigal	002006
2477	1	2799872	2800988	r	0	1	Prodigal	002006
2478	1	2800998	2801967	r	0	1	Prodigal	002006
2479	1	2801956	2802733	r	0	1	Prodigal	002006
2480	1	2802759	2803863	r	0	1	Prodigal	002006
2481	1	2804030	2804459	r	0	1	Prodigal	002006
2482	1	2804726	2806010	r	0	1	Prodigal	002006
2483	1	2806006	2807311	r	0	1	Prodigal	002006
2484	1	2807484	2807823	r	0	1	Prodigal	002006
2485	1	2807824	2809672	r	0	1	Prodigal	002006
2486	1	2809700	2810219	r	0	1	Prodigal	002006
2487	1	2810337	2810661	r	0	1	Prodigal	002006
2488	1	2810676	2811060	r	0	1	Prodigal	002006
2489	1	2811101	2812343	r	0	1	Prodigal	002006
2490	1	2812369	2812912	r	0	1	Prodigal	002006
2491	1	2812965	2813688	r	0	1	Prodigal	002006
2492	1	2813875	2814292	f	0	1	Prodigal	002006
2493	1	2814244	2814778	r	0	1	Prodigal	002006
2494	1	2814967	2815963	f	0	1	Prodigal	002006
2495	1	2815974	2816847	f	0	1	Prodigal	002006
2496	1	2816953	2817352	f	0	1	Prodigal	002006
2497	1	2817447	2818173	f	0	1	Prodigal	002006
2498	1	2818237	2819182	r	0	1	Prodigal	002006
2499	1	2819272	2819641	r	0	1	Prodigal	002006
2500	1	2819725	2820673	r	0	1	Prodigal	002006
2501	1	2820683	2822537	r	0	1	Prodigal	002006
2502	1	2822555	2822891	r	0	1	Prodigal	002006
2503	1	2822943	2824080	r	0	1	Prodigal	002006
2504	1	2824154	2825207	r	0	1	Prodigal	002006
2505	1	2825419	2825866	f	0	1	Prodigal	002006
2506	1	2826570	2827137	f	0	1	Prodigal	002006
2507	1	2827260	2828841	f	0	1	Prodigal	002006
2508	1	2828977	2829694	r	0	1	Prodigal	002006
2509	1	2829750	2830311	r	0	1	Prodigal	002006
2510	1	2830397	2836922	r	0	1	Prodigal	002006
2511	1	2837186	2839112	r	0	1	Prodigal	002006
2512	1	2839115	2839709	r	0	1	Prodigal	002006
2513	1	2840003	2841329	r	0	1	Prodigal	002006
2514	1	2841366	2842800	r	0	1	Prodigal	002006
2515	1	2842792	2844937	r	0	1	Prodigal	002006
2516	1	2845314	2846244	r	0	1	Prodigal	002006
2517	1	2846855	2851313	f	0	1	Prodigal	002006
2518	1	2851325	2852741	f	0	1	Prodigal	002006
2519	1	2852816	2853395	r	0	1	Prodigal	002006
2520	1	2853681	2854977	f	0	1	Prodigal	002006
2521	1	2855075	2855726	f	0	1	Prodigal	002006
2522	1	2855820	2856060	r	0	1	Prodigal	002006
2523	1	2856056	2858330	r	0	1	Prodigal	002006
2524	1	2858459	2858687	r	0	1	Prodigal	002006
2525	1	2858806	2859136	f	0	1	Prodigal	002006
2526	1	2859395	2859953	f	0	1	Prodigal	002006
2527	1	2860117	2861053	f	0	1	Prodigal	002006
2528	1	2861045	2862050	f	0	1	Prodigal	002006
2529	1	2862046	2862565	f	0	1	Prodigal	002006
2530	1	2862636	2863383	f	0	1	Prodigal	002006
2531	1	2863513	2864260	f	0	1	Prodigal	002006
2532	1	2864399	2865155	f	0	1	Prodigal	002006
2533	1	2866210	2867908	f	0	1	Prodigal	002006
2534	1	2867909	2869529	f	0	1	Prodigal	002006
2535	1	2869984	2871361	r	0	1	Prodigal	002006
2536	1	2871573	2872071	f	0	1	Prodigal	002006
2537	1	2872213	2872591	f	0	1	Prodigal	002006
2538	1	2872587	2873322	f	0	1	Prodigal	002006
2539	1	2873545	2873794	f	0	1	Prodigal	002006
2540	1	2873859	2875167	r	0	1	Prodigal	002006
2541	1	2875258	2875933	r	0	1	Prodigal	002006
2542	1	2876155	2877142	f	0	1	Prodigal	002006
2543	1	2877153	2877585	f	0	1	Prodigal	002006
2544	1	2877594	2879127	f	0	1	Prodigal	002006
2545	1	2879257	2879893	r	0	1	Prodigal	002006
2546	1	2880032	2881028	r	0	1	Prodigal	002006
2547	1	2881038	2882190	r	0	1	Prodigal	002006
2548	1	2882182	2883307	r	0	1	Prodigal	002006
2549	1	2883531	2884227	r	0	1	Prodigal	002006
2550	1	2884226	2884886	r	0	1	Prodigal	002006
2551	1	2885062	2885755	r	0	1	Prodigal	002006
2552	1	2885758	2886499	r	0	1	Prodigal	002006
2553	1	2886710	2887484	r	0	1	Prodigal	002006
2554	1	2887533	2888304	r	0	1	Prodigal	002006
2555	1	2888837	2889740	f	0	1	Prodigal	002006
2556	1	2889838	2890969	r	0	1	Prodigal	002006
2557	1	2891035	2891818	r	0	1	Prodigal	002006
2558	1	2892205	2892814	f	0	1	Prodigal	002006
2559	1	2892870	2893254	r	0	1	Prodigal	002006
2560	1	2893250	2893601	r	0	1	Prodigal	002006
2561	1	2893661	2894144	f	0	1	Prodigal	002006
2562	1	2894234	2895689	r	0	1	Prodigal	002006
2563	1	2895810	2896044	f	0	1	Prodigal	002006
2564	1	2896069	2897140	f	0	1	Prodigal	002006
2565	1	2897175	2897982	f	0	1	Prodigal	002006
2566	1	2898093	2898894	r	0	1	Prodigal	002006
2567	1	2899022	2899838	f	0	1	Prodigal	002006
2568	1	2899950	2901087	r	0	1	Prodigal	002006
2569	1	2901155	2902046	r	0	1	Prodigal	002006
2570	1	2902058	2903711	r	0	1	Prodigal	002006
2571	1	2903786	2904968	r	0	1	Prodigal	002006
2572	1	2905376	2906426	r	0	1	Prodigal	002006
2573	1	2906499	2906727	f	0	1	Prodigal	002006
2574	1	2906774	2908625	f	0	1	Prodigal	002006
2575	1	2908710	2909577	r	0	1	Prodigal	002006
2576	1	2910098	2911973	f	0	1	Prodigal	002006
2577	1	2911991	2912450	f	0	1	Prodigal	002006
2578	1	2912517	2914890	r	0	1	Prodigal	002006
2579	1	2915237	2916050	f	0	1	Prodigal	002006
2580	1	2916289	2916625	r	0	1	Prodigal	002006
2581	1	2916972	2918355	f	0	1	Prodigal	002006
2582	1	2918455	2918782	r	0	1	Prodigal	002006
2583	1	2918888	2919959	f	0	1	Prodigal	002006
2584	1	2920172	2920973	r	0	1	Prodigal	002006
2585	1	2921188	2921335	r	0	1	Prodigal	002006
2586	1	2922635	2923190	r	0	1	Prodigal	002006
2587	1	2923389	2925243	r	0	1	Prodigal	002006
2588	1	2925370	2926015	r	0	1	Prodigal	002006
2589	1	2926227	2926977	r	0	1	Prodigal	002006
2590	1	2926973	2927162	r	0	1	Prodigal	002006
2591	1	2927285	2928281	r	0	1	Prodigal	002006
2592	1	2928280	2930044	r	0	1	Prodigal	002006
2593	1	2930148	2932350	r	0	1	Prodigal	002006
2594	1	2932377	2932896	f	0	1	Prodigal	002006
2595	1	2932889	2933393	f	0	1	Prodigal	002006
2596	1	2933499	2934690	r	0	1	Prodigal	002006
2597	1	2934835	2935777	r	0	1	Prodigal	002006
2598	1	2935948	2936821	r	0	1	Prodigal	002006
2599	1	2936820	2937192	r	0	1	Prodigal	002006
2600	1	2937490	2937973	r	0	1	Prodigal	002006
2601	1	2938191	2939280	r	0	1	Prodigal	002006
2602	1	2939387	2940875	r	0	1	Prodigal	002006
2603	1	2941112	2941259	f	0	1	Prodigal	002006
2604	1	2941192	2941951	r	0	1	Prodigal	002006
2605	1	2942053	2943412	r	0	1	Prodigal	002006
2606	1	2943901	2944750	f	0	1	Prodigal	002006
2607	1	2944788	2946291	f	0	1	Prodigal	002006
2608	1	2946340	2948494	f	0	1	Prodigal	002006
2609	1	2948687	2948921	f	0	1	Prodigal	002006
2610	1	2949092	2949995	r	0	1	Prodigal	002006
2611	1	2950190	2950589	f	0	1	Prodigal	002006
2612	1	2950575	2950938	f	0	1	Prodigal	002006
2613	1	2951039	2952026	f	0	1	Prodigal	002006
2614	1	2952144	2952441	f	0	1	Prodigal	002006
2615	1	2952566	2953574	r	0	1	Prodigal	002006
2616	1	2953928	2955098	f	0	1	Prodigal	002006
2617	1	2955241	2955913	f	0	1	Prodigal	002006
2618	1	2956025	2956634	r	0	1	Prodigal	002006
2619	1	2956630	2957425	r	0	1	Prodigal	002006
2620	1	2957417	2958275	r	0	1	Prodigal	002006
2621	1	2958262	2958592	r	0	1	Prodigal	002006
2622	1	2958584	2959544	r	0	1	Prodigal	002006
2623	1	2959663	2959774	r	0	1	Prodigal	002006
2624	1	2959790	2960930	r	0	1	Prodigal	002006
2625	1	2960929	2962501	r	0	1	Prodigal	002006
2626	1	2962623	2964039	f	0	1	Prodigal	002006
2627	1	2964131	2964590	r	0	1	Prodigal	002006
2628	1	2964744	2965383	r	0	1	Prodigal	002006
2629	1	2965521	2965989	f	0	1	Prodigal	002006
2630	1	2966084	2966240	f	0	1	Prodigal	002006
2631	1	2966287	2967130	r	0	1	Prodigal	002006
2632	1	2967306	2968569	f	0	1	Prodigal	002006
2633	1	2968636	2969653	r	0	1	Prodigal	002006
2634	1	2969642	2969765	r	0	1	Prodigal	002006
2635	1	2970110	2971691	f	0	1	Prodigal	002006
2636	1	2971813	2971948	r	0	1	Prodigal	002006
2637	1	2971999	2972182	r	0	1	Prodigal	002006
2638	1	2972345	2972813	r	0	1	Prodigal	002006
2639	1	2973083	2973728	f	0	1	Prodigal	002006
2640	1	2973925	2974507	f	0	1	Prodigal	002006
2641	1	2974509	2975088	f	0	1	Prodigal	002006
2642	1	2975102	2977796	f	0	1	Prodigal	002006
2643	1	2977807	2978860	f	0	1	Prodigal	002006
2644	1	2978903	2979536	f	0	1	Prodigal	002006
2645	1	2979551	2980313	f	0	1	Prodigal	002006
2646	1	2980326	2980968	f	0	1	Prodigal	002006
2647	1	2981024	2981438	f	0	1	Prodigal	002006
2648	1	2981523	2982399	r	0	1	Prodigal	002006
2649	1	2982622	2983588	f	0	1	Prodigal	002006
2650	1	2984213	2984756	f	0	1	Prodigal	002006
2651	1	2984843	2985227	f	0	1	Prodigal	002006
2652	1	2985538	2986246	f	0	1	Prodigal	002006
2653	1	2986269	2987127	f	0	1	Prodigal	002006
2654	1	2987214	2987454	f	0	1	Prodigal	002006
2655	1	2987521	2988673	r	0	1	Prodigal	002006
2656	1	2988974	2992199	r	0	1	Prodigal	002006
2657	1	2992219	2993356	r	0	1	Prodigal	002006
2658	1	2993683	2993818	r	0	1	Prodigal	002006
2659	1	2994026	2994839	r	0	1	Prodigal	002006
2660	1	2995112	2996093	f	0	1	Prodigal	002006
2661	1	2996531	2997866	f	0	1	Prodigal	002006
2662	1	2997879	2997969	f	0	1	Prodigal	002006
2663	1	2998180	2998777	f	0	1	Prodigal	002006
2664	1	2998938	2999592	f	0	1	Prodigal	002006
2665	1	2999917	3001150	f	0	1	Prodigal	002006
2666	1	3001231	3001612	r	0	1	Prodigal	002006
2667	1	3001756	3002818	f	0	1	Prodigal	002006
2668	1	3002934	3003732	r	0	1	Prodigal	002006
2669	1	3003718	3003811	r	0	1	Prodigal	002006
2670	1	3003797	3004805	r	0	1	Prodigal	002006
2671	1	3004902	3005736	r	0	1	Prodigal	002006
2672	1	3005746	3006103	f	0	1	Prodigal	002006
2673	1	3006161	3007301	f	0	1	Prodigal	002006
2674	1	3007395	3007845	r	0	1	Prodigal	002006
2675	1	3008018	3009245	f	0	1	Prodigal	002006
2676	1	3009309	3010254	r	0	1	Prodigal	002006
2677	1	3010556	3011552	r	0	1	Prodigal	002006
2678	1	3011552	3012533	r	0	1	Prodigal	002006
2679	1	3012587	3013499	r	0	1	Prodigal	002006
2680	1	3013513	3014434	r	0	1	Prodigal	002006
2681	1	3014532	3016152	r	0	1	Prodigal	002006
2682	1	3016431	3017067	r	0	1	Prodigal	002006
2683	1	3017907	3020574	f	0	1	Prodigal	002006
2684	1	3021219	3023361	f	0	1	Prodigal	002006
2685	1	3023406	3024102	f	0	1	Prodigal	002006
2686	1	3024118	3024955	f	0	1	Prodigal	002006
2687	1	3024965	3026969	f	0	1	Prodigal	002006
2688	1	3026982	3029535	f	0	1	Prodigal	002006
2689	1	3029555	3030002	f	0	1	Prodigal	002006
2690	1	3030070	3030811	r	0	1	Prodigal	002006
2691	1	3030913	3032680	r	0	1	Prodigal	002006
2692	1	3032712	3032964	r	0	1	Prodigal	002006
2693	1	3033126	3033975	f	0	1	Prodigal	002006
2694	1	3034250	3034997	f	0	1	Prodigal	002006
2695	1	3034993	3035971	f	0	1	Prodigal	002006
2696	1	3036023	3036812	f	0	1	Prodigal	002006
2697	1	3036815	3038354	f	0	1	Prodigal	002006
2698	1	3038357	3039323	f	0	1	Prodigal	002006
2699	1	3039624	3040227	r	0	1	Prodigal	002006
2700	1	3040373	3041282	f	0	1	Prodigal	002006
2701	1	3041473	3041923	f	0	1	Prodigal	002006
2702	1	3042234	3042411	f	0	1	Prodigal	002006
2703	1	3042579	3043524	r	0	1	Prodigal	002006
2704	1	3043746	3045084	f	0	1	Prodigal	002006
2705	1	3045100	3046432	f	0	1	Prodigal	002006
2706	1	3046740	3046917	f	0	1	Prodigal	002006
2707	1	3046989	3048243	r	0	1	Prodigal	002006
2708	1	3048399	3049275	r	0	1	Prodigal	002006
2709	1	3049404	3050604	f	0	1	Prodigal	002006
2710	1	3051468	3053109	f	0	1	Prodigal	002006
2711	1	3053629	3055522	f	0	1	Prodigal	002006
2712	1	3055755	3056508	f	0	1	Prodigal	002006
2713	1	3056808	3057912	f	0	1	Prodigal	002006
2714	1	3057994	3058369	r	0	1	Prodigal	002006
2715	1	3058735	3060661	f	0	1	Prodigal	002006
2716	1	3060657	3061863	f	0	1	Prodigal	002006
2717	1	3061951	3062287	r	0	1	Prodigal	002006
2718	1	3062393	3063362	r	0	1	Prodigal	002006
2719	1	3063581	3063875	r	0	1	Prodigal	002006
2720	1	3064087	3065533	f	0	1	Prodigal	002006
2721	1	3065544	3066177	f	0	1	Prodigal	002006
2722	1	3066145	3066676	f	0	1	Prodigal	002006
2723	1	3066694	3067879	f	0	1	Prodigal	002006
2724	1	3068084	3068345	f	0	1	Prodigal	002006
2725	1	3068331	3068922	f	0	1	Prodigal	002006
2726	1	3068993	3070817	f	0	1	Prodigal	002006
2727	1	3070925	3072287	f	0	1	Prodigal	002006
2728	1	3072283	3072895	f	0	1	Prodigal	002006
2729	1	3073171	3073387	f	0	1	Prodigal	002006
2730	1	3073549	3074743	f	0	1	Prodigal	002006
2731	1	3074739	3076872	f	0	1	Prodigal	002006
2732	1	3077010	3077670	f	0	1	Prodigal	002006
2733	1	3077712	3078312	f	0	1	Prodigal	002006
2734	1	3078431	3078872	r	0	1	Prodigal	002006
2735	1	3079207	3080254	f	0	1	Prodigal	002006
2736	1	3080473	3082060	f	0	1	Prodigal	002006
2737	1	3082126	3083089	f	0	1	Prodigal	002006
2738	1	3083204	3084011	f	0	1	Prodigal	002006
2739	1	3084410	3085610	f	0	1	Prodigal	002006
2740	1	3085619	3088724	f	0	1	Prodigal	002006
2741	1	3088784	3089870	r	0	1	Prodigal	002006
2742	1	3089866	3090322	r	0	1	Prodigal	002006
2743	1	3090456	3091641	r	0	1	Prodigal	002006
2744	1	3092033	3092534	f	0	1	Prodigal	002006
2745	1	3092830	3094354	f	0	1	Prodigal	002006
2746	1	3094427	3097556	f	0	1	Prodigal	002006
2747	1	3097600	3097954	f	0	1	Prodigal	002006
2748	1	3098062	3098980	r	0	1	Prodigal	002006
2749	1	3099063	3099867	r	0	1	Prodigal	002006
2750	1	3099866	3100904	r	0	1	Prodigal	002006
2751	1	3100911	3101928	r	0	1	Prodigal	002006
2752	1	3102103	3102907	r	0	1	Prodigal	002006
2753	1	3103231	3104749	f	0	1	Prodigal	002006
2754	1	3104842	3106117	r	0	1	Prodigal	002006
2755	1	3106104	3106839	r	0	1	Prodigal	002006
2756	1	3106918	3107383	f	0	1	Prodigal	002006
2757	1	3107370	3108093	r	0	1	Prodigal	002006
2758	1	3108165	3108930	f	0	1	Prodigal	002006
2759	1	3109000	3110554	f	0	1	Prodigal	002006
2760	1	3110714	3111740	r	0	1	Prodigal	002006
2761	1	3112033	3112243	r	0	1	Prodigal	002006
2762	1	3112768	3113662	f	0	1	Prodigal	002006
2763	1	3113818	3117694	r	0	1	Prodigal	002006
2764	1	3118127	3119213	r	0	1	Prodigal	002006
2765	1	3119209	3119938	r	0	1	Prodigal	002006
2766	1	3120098	3121253	f	0	1	Prodigal	002006
2767	1	3121268	3124397	f	0	1	Prodigal	002006
2768	1	3124673	3125882	f	0	1	Prodigal	002006
2769	1	3125925	3127293	r	0	1	Prodigal	002006
2770	1	3127427	3127604	r	0	1	Prodigal	002006
2771	1	3127630	3128323	r	0	1	Prodigal	002006
2772	1	3128322	3130869	r	0	1	Prodigal	002006
2773	1	3130868	3131663	r	0	1	Prodigal	002006
2774	1	3131659	3133702	r	0	1	Prodigal	002006
2775	1	3133713	3134001	r	0	1	Prodigal	002006
2776	1	3134201	3134720	r	0	1	Prodigal	002006
2777	1	3134949	3135630	r	0	1	Prodigal	002006
2778	1	3135951	3136299	r	0	1	Prodigal	002006
2779	1	3136865	3137267	r	0	1	Prodigal	002006
2780	1	3137333	3138311	r	0	1	Prodigal	002006
2781	1	3138678	3138891	f	0	1	Prodigal	002006
2782	1	3139271	3140246	f	0	1	Prodigal	002006
2783	1	3140391	3140736	r	0	1	Prodigal	002006
2784	1	3141016	3141370	f	0	1	Prodigal	002006
2785	1	3141381	3141534	f	0	1	Prodigal	002006
2786	1	3141545	3142220	f	0	1	Prodigal	002006
2787	1	3142306	3142870	f	0	1	Prodigal	002006
2788	1	3142902	3143331	f	0	1	Prodigal	002006
2789	1	3143341	3143770	f	0	1	Prodigal	002006
2790	1	3143744	3144047	f	0	1	Prodigal	002006
2791	1	3144139	3144637	f	0	1	Prodigal	002006
2792	1	3144633	3144825	f	0	1	Prodigal	002006
2793	1	3144849	3145188	f	0	1	Prodigal	002006
2794	1	3145341	3145851	f	0	1	Prodigal	002006
2795	1	3145847	3146063	f	0	1	Prodigal	002006
2796	1	3146059	3146422	f	0	1	Prodigal	002006
2797	1	3146500	3147043	f	0	1	Prodigal	002006
2798	1	3147044	3147398	f	0	1	Prodigal	002006
2799	1	3147481	3147796	f	0	1	Prodigal	002006
2800	1	3147798	3148206	f	0	1	Prodigal	002006
2801	1	3148576	3150970	f	0	1	Prodigal	002006
2802	1	3150986	3151607	f	0	1	Prodigal	002006
2803	1	3151768	3152278	f	0	1	Prodigal	002006
2804	1	3152407	3155440	f	0	1	Prodigal	002006
2805	1	3155439	3156108	f	0	1	Prodigal	002006
2806	1	3156164	3156851	r	0	1	Prodigal	002006
2807	1	3156859	3158416	r	0	1	Prodigal	002006
2808	1	3158578	3159421	f	0	1	Prodigal	002006
2809	1	3160072	3161029	f	0	1	Prodigal	002006
2810	1	3161068	3162055	f	0	1	Prodigal	002006
2811	1	3162171	3163587	r	0	1	Prodigal	002006
2812	1	3163831	3164557	r	0	1	Prodigal	002006
2813	1	3164802	3165774	r	0	1	Prodigal	002006
2814	1	3165922	3166411	r	0	1	Prodigal	002006
2815	1	3166686	3167409	f	0	1	Prodigal	002006
2816	1	3167405	3168254	f	0	1	Prodigal	002006
2817	1	3168410	3168653	r	0	1	Prodigal	002006
2818	1	3168878	3169532	r	0	1	Prodigal	002006
2819	1	3170051	3170888	f	0	1	Prodigal	002006
2820	1	3170968	3172231	r	0	1	Prodigal	002006
2821	1	3172338	3173820	r	0	1	Prodigal	002006
2822	1	3173917	3174460	f	0	1	Prodigal	002006
2823	1	3174465	3174924	r	0	1	Prodigal	002006
2824	1	3175234	3175984	f	0	1	Prodigal	002006
2825	1	3176075	3176765	r	0	1	Prodigal	002006
2826	1	3177035	3177248	r	0	1	Prodigal	002006
2827	1	3177274	3177433	f	0	1	Prodigal	002006
2828	1	3177628	3178843	f	0	1	Prodigal	002006
2829	1	3178907	3180383	r	0	1	Prodigal	002006
2830	1	3180545	3181739	r	0	1	Prodigal	002006
2831	1	3181893	3182364	r	0	1	Prodigal	002006
2832	1	3182635	3183289	r	0	1	Prodigal	002006
2833	1	3183353	3184643	r	0	1	Prodigal	002006
2834	1	3184665	3185049	r	0	1	Prodigal	002006
2835	1	3185300	3186596	f	0	1	Prodigal	002006
2836	1	3186789	3188796	f	0	1	Prodigal	002006
2837	1	3189063	3189351	f	0	1	Prodigal	002006
2838	1	3189431	3189620	r	0	1	Prodigal	002006
2839	1	3189882	3191880	f	0	1	Prodigal	002006
2840	1	3191876	3192401	f	0	1	Prodigal	002006
2841	1	3192485	3194387	r	0	1	Prodigal	002006
2842	1	3195401	3196625	f	0	1	Prodigal	002006
2843	1	3196836	3198546	f	0	1	Prodigal	002006
2844	1	3198649	3198958	r	0	1	Prodigal	002006
2845	1	3199036	3200161	r	0	1	Prodigal	002006
2846	1	3200343	3201081	r	0	1	Prodigal	002006
2847	1	3201080	3201641	r	0	1	Prodigal	002006
2848	1	3201750	3202653	f	0	1	Prodigal	002006
2849	1	3202695	3203124	r	0	1	Prodigal	002006
2850	1	3203191	3204922	f	0	1	Prodigal	002006
2851	1	3204994	3206650	r	0	1	Prodigal	002006
2852	1	3207061	3207718	r	0	1	Prodigal	002006
2853	1	3208027	3209254	f	0	1	Prodigal	002006
2854	1	3209250	3210006	f	0	1	Prodigal	002006
2855	1	3210077	3210836	r	0	1	Prodigal	002006
2856	1	3210828	3211872	r	0	1	Prodigal	002006
2857	1	3211977	3212754	r	0	1	Prodigal	002006
2858	1	3212845	3213946	r	0	1	Prodigal	002006
2859	1	3213942	3214623	r	0	1	Prodigal	002006
2860	1	3214734	3215463	r	0	1	Prodigal	002006
2861	1	3215556	3216024	r	0	1	Prodigal	002006
2862	1	3216026	3216122	r	0	1	Prodigal	002006
2863	1	3216124	3216370	r	0	1	Prodigal	002006
2864	1	3216366	3216891	r	0	1	Prodigal	002006
2865	1	3216900	3217407	r	0	1	Prodigal	002006
2866	1	3217649	3218240	r	0	1	Prodigal	002006
2867	1	3218251	3218707	r	0	1	Prodigal	002006
2868	1	3218706	3219582	r	0	1	Prodigal	002006
2869	1	3219578	3220316	r	0	1	Prodigal	002006
2870	1	3220332	3222822	r	0	1	Prodigal	002006
2871	1	3222923	3223211	r	0	1	Prodigal	002006
2872	1	3223207	3223750	r	0	1	Prodigal	002006
2873	1	3223989	3225018	r	0	1	Prodigal	002006
2874	1	3225191	3226904	f	0	1	Prodigal	002006
2875	1	3226903	3227542	f	0	1	Prodigal	002006
2876	1	3227645	3228221	f	0	1	Prodigal	002006
2877	1	3228469	3230566	r	0	1	Prodigal	002006
2878	1	3230597	3231776	r	0	1	Prodigal	002006
2879	1	3231895	3232810	f	0	1	Prodigal	002006
2880	1	3232849	3233185	r	0	1	Prodigal	002006
2881	1	3233476	3234286	r	0	1	Prodigal	002006
2882	1	3234450	3235029	r	0	1	Prodigal	002006
2883	1	3235287	3237744	f	0	1	Prodigal	002006
2884	1	3237923	3239198	f	0	1	Prodigal	002006
2885	1	3239279	3239627	r	0	1	Prodigal	002006
2886	1	3239619	3240054	r	0	1	Prodigal	002006
2887	1	3240223	3240712	f	0	1	Prodigal	002006
2888	1	3241415	3242666	f	0	1	Prodigal	002006
2889	1	3242718	3243468	f	0	1	Prodigal	002006
2890	1	3243669	3243891	f	0	1	Prodigal	002006
2891	1	3243900	3244314	f	0	1	Prodigal	002006
2892	1	3244327	3244924	f	0	1	Prodigal	002006
2893	1	3244913	3245453	f	0	1	Prodigal	002006
2894	1	3245449	3245608	f	0	1	Prodigal	002006
2895	1	3245604	3245865	f	0	1	Prodigal	002006
2896	1	3245857	3245992	f	0	1	Prodigal	002006
2897	1	3245988	3248253	f	0	1	Prodigal	002006
2898	1	3249201	3250701	f	0	1	Prodigal	002006
2899	1	3250697	3252197	f	0	1	Prodigal	002006
2900	1	3252196	3253393	f	0	1	Prodigal	002006
2901	1	3253392	3256455	f	0	1	Prodigal	002006
2902	1	3256770	3258753	f	0	1	Prodigal	002006
2903	1	3258764	3260078	f	0	1	Prodigal	002006
2904	1	3261085	3265330	f	0	1	Prodigal	002006
2905	1	3265322	3266534	f	0	1	Prodigal	002006
2906	1	3267036	3268020	f	0	1	Prodigal	002006
2907	1	3268115	3268973	r	0	1	Prodigal	002006
2908	1	3268969	3270421	r	0	1	Prodigal	002006
2909	1	3270502	3273781	r	0	1	Prodigal	002006
2910	1	3273900	3275097	f	0	1	Prodigal	002006
2911	1	3275341	3276685	f	0	1	Prodigal	002006
2912	1	3276833	3277439	f	0	1	Prodigal	002006
2913	1	3277576	3277849	f	0	1	Prodigal	002006
2914	1	3277850	3277997	f	0	1	Prodigal	002006
2915	1	3278003	3279524	f	0	1	Prodigal	002006
2916	1	3280468	3280834	f	0	1	Prodigal	002006
2917	1	3281546	3283070	f	0	1	Prodigal	002006
2918	1	3283066	3283345	f	0	1	Prodigal	002006
2919	1	3283341	3283908	f	0	1	Prodigal	002006
2920	1	3284154	3284709	f	0	1	Prodigal	002006
2921	1	3285065	3289643	r	0	1	Prodigal	002006
2922	1	3290137	3291739	r	0	1	Prodigal	002006
2923	1	3291925	3292879	r	0	1	Prodigal	002006
2924	1	3293329	3296122	r	0	1	Prodigal	002006
2925	1	3296505	3297393	r	0	1	Prodigal	002006
2926	1	3297714	3298368	f	0	1	Prodigal	002006
2927	1	3298416	3300756	f	0	1	Prodigal	002006
2928	1	3300923	3303986	f	0	1	Prodigal	002006
2929	1	3304001	3305051	f	0	1	Prodigal	002006
2930	1	3305166	3305688	f	0	1	Prodigal	002006
2931	1	3305837	3306503	r	0	1	Prodigal	002006
2932	1	3306481	3307108	r	0	1	Prodigal	002006
2933	1	3307104	3307827	r	0	1	Prodigal	002006
2934	1	3307851	3308190	r	0	1	Prodigal	002006
2935	1	3308189	3308744	r	0	1	Prodigal	002006
2936	1	3308740	3309094	r	0	1	Prodigal	002006
2937	1	3309093	3309351	r	0	1	Prodigal	002006
2938	1	3309343	3309556	r	0	1	Prodigal	002006
2939	1	3309518	3310823	r	0	1	Prodigal	002006
2940	1	3310819	3312658	r	0	1	Prodigal	002006
2941	1	3312645	3313071	r	0	1	Prodigal	002006
2942	1	3313086	3313902	r	0	1	Prodigal	002006
2943	1	3314021	3314837	r	0	1	Prodigal	002006
2944	1	3315181	3315583	r	0	1	Prodigal	002006
2945	1	3315579	3315813	r	0	1	Prodigal	002006
2946	1	3315815	3316259	r	0	1	Prodigal	002006
2947	1	3316393	3317290	r	0	1	Prodigal	002006
2948	1	3317302	3318475	r	0	1	Prodigal	002006
2949	1	3318455	3318959	r	0	1	Prodigal	002006
2950	1	3318968	3320057	r	0	1	Prodigal	002006
2951	1	3320066	3320351	r	0	1	Prodigal	002006
2952	1	3320390	3320846	r	0	1	Prodigal	002006
2953	1	3320842	3322960	r	0	1	Prodigal	002006
2954	1	3322940	3323285	r	0	1	Prodigal	002006
2955	1	3323287	3323653	r	0	1	Prodigal	002006
2956	1	3323649	3324021	r	0	1	Prodigal	002006
2957	1	3324029	3324299	r	0	1	Prodigal	002006
2958	1	3324279	3325158	r	0	1	Prodigal	002006
2959	1	3325347	3326670	f	0	1	Prodigal	002006
2960	1	3326666	3327128	f	0	1	Prodigal	002006
2961	1	3327134	3328223	f	0	1	Prodigal	002006
2962	1	3328219	3329146	f	0	1	Prodigal	002006
2963	1	3329142	3329796	f	0	1	Prodigal	002006
2964	1	3329797	3330064	f	0	1	Prodigal	002006
2965	1	3330060	3330849	f	0	1	Prodigal	002006
2966	1	3330845	3331904	f	0	1	Prodigal	002006
2967	1	3332041	3332992	f	0	1	Prodigal	002006
2968	1	3332991	3333414	f	0	1	Prodigal	002006
2969	1	3333841	3335812	f	0	1	Prodigal	002006
2970	1	3335815	3336613	f	0	1	Prodigal	002006
2971	1	3336536	3337727	r	0	1	Prodigal	002006
2972	1	3337814	3339386	r	0	1	Prodigal	002006
2973	1	3339676	3340714	f	0	1	Prodigal	002006
2974	1	3341014	3341278	f	0	1	Prodigal	002006
2975	1	3341763	3343992	f	0	1	Prodigal	002006
2976	1	3344116	3344632	f	0	1	Prodigal	002006
2977	1	3344643	3344910	f	0	1	Prodigal	002006
2978	1	3344950	3345442	r	0	1	Prodigal	002006
2979	1	3345446	3345848	r	0	1	Prodigal	002006
2980	1	3345933	3346275	r	0	1	Prodigal	002006
2981	1	3346279	3347266	r	0	1	Prodigal	002006
2982	1	3347301	3347619	r	0	1	Prodigal	002006
2983	1	3347640	3347805	r	0	1	Prodigal	002006
2984	1	3348562	3350470	f	0	1	Prodigal	002006
2985	1	3351048	3352455	f	0	1	Prodigal	002006
2986	1	3352674	3352980	f	0	1	Prodigal	002006
2987	1	3352979	3353747	f	0	1	Prodigal	002006
2988	1	3353850	3354774	f	0	1	Prodigal	002006
2989	1	3354773	3355265	f	0	1	Prodigal	002006
2990	1	3355422	3356529	f	0	1	Prodigal	002006
2991	1	3356552	3357167	f	0	1	Prodigal	002006
2992	1	3357296	3358667	f	0	1	Prodigal	002006
2993	1	3358806	3359937	f	0	1	Prodigal	002006
2994	1	3360120	3360534	f	0	1	Prodigal	002006
2995	1	3360630	3361170	r	0	1	Prodigal	002006
2996	1	3361176	3362817	r	0	1	Prodigal	002006
2997	1	3362816	3363431	r	0	1	Prodigal	002006
2998	1	3363467	3364106	r	0	1	Prodigal	002006
2999	1	3364281	3364851	r	0	1	Prodigal	002006
3000	1	3366773	3367112	r	0	1	Prodigal	002006
3001	1	3367090	3369058	r	0	1	Prodigal	002006
3002	1	3369311	3369641	r	0	1	Prodigal	002006
3003	1	3369637	3371656	r	0	1	Prodigal	002006
3004	1	3371871	3373083	f	0	1	Prodigal	002006
3005	1	3373164	3373548	r	0	1	Prodigal	002006
3006	1	3373617	3375912	r	0	1	Prodigal	002006
3007	1	3375956	3377165	r	0	1	Prodigal	002006
3008	1	3377364	3378696	r	0	1	Prodigal	002006
3009	1	3378707	3379712	r	0	1	Prodigal	002006
3010	1	3380071	3380416	r	0	1	Prodigal	002006
3011	1	3380704	3381289	f	0	1	Prodigal	002006
3012	1	3381401	3382214	r	0	1	Prodigal	002006
3013	1	3382299	3383568	r	0	1	Prodigal	002006
3014	1	3383564	3384044	r	0	1	Prodigal	002006
3015	1	3384055	3384586	r	0	1	Prodigal	002006
3016	1	3384582	3386538	r	0	1	Prodigal	002006
3017	1	3386620	3387112	r	0	1	Prodigal	002006
3018	1	3387108	3387315	r	0	1	Prodigal	002006
3019	1	3387317	3388058	r	0	1	Prodigal	002006
3020	1	3388228	3388897	r	0	1	Prodigal	002006
3021	1	3388901	3389546	r	0	1	Prodigal	002006
3022	1	3389744	3390122	r	0	1	Prodigal	002006
3023	1	3390150	3390639	r	0	1	Prodigal	002006
3024	1	3390708	3391581	r	0	1	Prodigal	002006
3025	1	3391577	3392372	r	0	1	Prodigal	002006
3026	1	3392376	3393297	r	0	1	Prodigal	002006
3027	1	3393299	3394037	r	0	1	Prodigal	002006
3028	1	3394039	3395155	r	0	1	Prodigal	002006
3029	1	3395187	3397416	r	0	1	Prodigal	002006
3030	1	3397427	3398168	r	0	1	Prodigal	002006
3031	1	3398180	3398552	r	0	1	Prodigal	002006
3032	1	3398675	3399395	r	0	1	Prodigal	002006
3033	1	3399387	3400272	r	0	1	Prodigal	002006
3034	1	3400264	3401689	r	0	1	Prodigal	002006
3035	1	3401705	3403808	r	0	1	Prodigal	002006
3036	1	3403915	3405046	r	0	1	Prodigal	002006
3037	1	3405038	3405836	r	0	1	Prodigal	002006
3038	1	3405832	3406102	r	0	1	Prodigal	002006
3039	1	3406127	3406901	r	0	1	Prodigal	002006
3040	1	3406887	3407268	r	0	1	Prodigal	002006
3041	1	3407264	3407657	r	0	1	Prodigal	002006
3042	1	3407706	3408777	r	0	1	Prodigal	002006
3043	1	3408784	3409300	r	0	1	Prodigal	002006
3044	1	3409357	3411289	r	0	1	Prodigal	002006
3045	1	3411356	3411797	r	0	1	Prodigal	002006
3046	1	3411824	3413156	r	0	1	Prodigal	002006
3047	1	3413208	3414033	r	0	1	Prodigal	002006
3048	1	3414101	3415163	r	0	1	Prodigal	002006
3049	1	3415155	3416865	r	0	1	Prodigal	002006
3050	1	3416927	3417245	r	0	1	Prodigal	002006
3051	1	3417399	3418311	f	0	1	Prodigal	002006
3052	1	3418377	3420129	f	0	1	Prodigal	002006
3053	1	3420220	3421006	r	0	1	Prodigal	002006
3054	1	3421219	3422659	r	0	1	Prodigal	002006
3055	1	3422822	3423677	r	0	1	Prodigal	002006
3056	1	3424027	3424996	f	0	1	Prodigal	002006
3057	1	3425201	3425702	r	0	1	Prodigal	002006
3058	1	3425857	3426277	f	0	1	Prodigal	002006
3059	1	3426266	3426785	r	0	1	Prodigal	002006
3060	1	3426795	3427587	r	0	1	Prodigal	002006
3061	1	3427956	3429483	r	0	1	Prodigal	002006
3062	1	3429547	3430279	r	0	1	Prodigal	002006
3063	1	3430830	3432069	r	0	1	Prodigal	002006
3064	1	3432374	3433763	f	0	1	Prodigal	002006
3065	1	3433762	3434101	f	0	1	Prodigal	002006
3066	1	3434187	3435903	r	0	1	Prodigal	002006
3067	1	3436177	3436942	f	0	1	Prodigal	002006
3068	1	3437029	3437437	r	0	1	Prodigal	002006
3069	1	3437599	3438571	r	0	1	Prodigal	002006
3070	1	3438567	3439194	r	0	1	Prodigal	002006
3071	1	3439198	3442075	r	0	1	Prodigal	002006
3072	1	3442098	3442302	r	0	1	Prodigal	002006
3073	1	3442433	3443063	r	0	1	Prodigal	002006
3074	1	3443073	3444807	r	0	1	Prodigal	002006
3075	1	3444910	3445513	r	0	1	Prodigal	002006
3076	1	3445505	3446072	r	0	1	Prodigal	002006
3077	1	3446524	3447307	r	0	1	Prodigal	002006
3078	1	3448076	3448934	f	0	1	Prodigal	002006
3079	1	3448937	3449816	f	0	1	Prodigal	002006
3080	1	3449896	3451999	r	0	1	Prodigal	002006
3081	1	3452024	3453380	r	0	1	Prodigal	002006
3082	1	3453634	3454477	f	0	1	Prodigal	002006
3083	1	3454541	3455243	f	0	1	Prodigal	002006
3084	1	3455277	3455973	f	0	1	Prodigal	002006
3085	1	3455944	3456589	f	0	1	Prodigal	002006
3086	1	3456585	3458346	f	0	1	Prodigal	002006
3087	1	3458408	3459467	f	0	1	Prodigal	002006
3088	1	3459544	3460918	r	0	1	Prodigal	002006
3089	1	3461005	3461560	r	0	1	Prodigal	002006
3090	1	3461740	3463042	r	0	1	Prodigal	002006
3091	1	3463133	3463613	r	0	1	Prodigal	002006
3092	1	3463710	3464154	r	0	1	Prodigal	002006
3093	1	3464150	3464903	r	0	1	Prodigal	002006
3094	1	3464895	3465744	r	0	1	Prodigal	002006
3095	1	3465816	3466080	r	0	1	Prodigal	002006
3096	1	3466514	3466715	r	0	1	Prodigal	002006
3097	1	3466927	3467221	f	0	1	Prodigal	002006
3098	1	3467767	3471163	f	0	1	Prodigal	002006
3099	1	3471578	3473264	f	0	1	Prodigal	002006
3100	1	3473382	3474366	f	0	1	Prodigal	002006
3101	1	3474367	3475288	f	0	1	Prodigal	002006
3102	1	3475284	3476304	f	0	1	Prodigal	002006
3103	1	3476315	3477308	f	0	1	Prodigal	002006
3104	1	3477422	3479156	f	0	1	Prodigal	002006
3105	1	3479148	3479286	f	0	1	Prodigal	002006
3106	1	3479278	3480175	f	0	1	Prodigal	002006
3107	1	3480134	3482000	f	0	1	Prodigal	002006
3108	1	3482212	3483766	f	0	1	Prodigal	002006
3109	1	3483832	3484189	f	0	1	Prodigal	002006
3110	1	3484229	3484394	r	0	1	Prodigal	002006
3111	1	3484502	3487124	r	0	1	Prodigal	002006
3112	1	3487479	3488817	f	0	1	Prodigal	002006
3113	1	3489523	3489814	f	0	1	Prodigal	002006
3114	1	3489787	3493105	r	0	1	Prodigal	002006
3115	1	3493353	3493992	f	0	1	Prodigal	002006
3116	1	3494026	3495229	r	0	1	Prodigal	002006
3117	1	3495243	3497649	r	0	1	Prodigal	002006
3118	1	3497707	3498196	r	0	1	Prodigal	002006
3119	1	3498242	3498947	r	0	1	Prodigal	002006
3120	1	3499226	3499964	f	0	1	Prodigal	002006
3121	1	3500220	3501582	f	0	1	Prodigal	002006
3122	1	3501583	3501832	f	0	1	Prodigal	002006
3123	1	3501907	3502300	r	0	1	Prodigal	002006
3124	1	3502458	3502812	f	0	1	Prodigal	002006
3125	1	3502987	3504061	f	0	1	Prodigal	002006
3126	1	3504105	3505329	r	0	1	Prodigal	002006
3127	1	3505528	3506536	r	0	1	Prodigal	002006
3128	1	3506758	3507514	f	0	1	Prodigal	002006
3129	1	3507641	3508556	f	0	1	Prodigal	002006
3130	1	3508571	3509744	r	0	1	Prodigal	002006
3131	1	3509926	3511069	f	0	1	Prodigal	002006
3132	1	3511150	3512572	f	0	1	Prodigal	002006
3133	1	3512696	3513611	r	0	1	Prodigal	002006
3134	1	3513781	3515038	f	0	1	Prodigal	002006
3135	1	3515234	3515771	f	0	1	Prodigal	002006
3136	1	3515782	3516583	f	0	1	Prodigal	002006
3137	1	3516778	3519259	f	0	1	Prodigal	002006
3138	1	3519359	3519911	r	0	1	Prodigal	002006
3139	1	3519981	3520659	r	0	1	Prodigal	002006
3140	1	3520728	3521469	r	0	1	Prodigal	002006
3141	1	3521835	3522216	f	0	1	Prodigal	002006
3142	1	3522333	3523614	r	0	1	Prodigal	002006
3143	1	3523915	3524770	r	0	1	Prodigal	002006
3144	1	3524953	3525754	r	0	1	Prodigal	002006
3145	1	3525766	3526150	r	0	1	Prodigal	002006
3146	1	3526206	3527058	r	0	1	Prodigal	002006
3147	1	3527119	3528208	r	0	1	Prodigal	002006
3148	1	3528259	3529519	r	0	1	Prodigal	002006
3149	1	3529645	3530224	f	0	1	Prodigal	002006
3150	1	3530223	3531072	f	0	1	Prodigal	002006
3151	1	3531345	3532293	f	0	1	Prodigal	002006
3152	1	3532408	3534397	f	0	1	Prodigal	002006
3153	1	3534615	3535212	f	0	1	Prodigal	002006
3154	1	3535328	3536420	f	0	1	Prodigal	002006
3155	1	3537678	3539511	r	0	1	Prodigal	002006
3156	1	3539774	3540491	f	0	1	Prodigal	002006
3157	1	3540494	3541220	f	0	1	Prodigal	002006
3158	1	3541325	3541997	f	0	1	Prodigal	002006
3159	1	3542039	3542363	f	0	1	Prodigal	002006
3160	1	3542430	3542832	f	0	1	Prodigal	002006
3161	1	3543033	3544674	f	0	1	Prodigal	002006
3162	1	3544903	3546775	f	0	1	Prodigal	002006
3163	1	3546805	3548449	f	0	1	Prodigal	002006
3164	1	3548550	3549927	r	0	1	Prodigal	002006
3165	1	3550100	3550703	f	0	1	Prodigal	002006
3166	1	3550788	3551043	r	0	1	Prodigal	002006
3167	1	3551277	3552075	r	0	1	Prodigal	002006
3168	1	3552134	3553604	r	0	1	Prodigal	002006
3169	1	3553676	3554696	r	0	1	Prodigal	002006
3170	1	3554772	3555990	r	0	1	Prodigal	002006
3171	1	3556266	3556848	r	0	1	Prodigal	002006
3172	1	3556869	3557085	r	0	1	Prodigal	002006
3173	1	3557203	3558208	r	0	1	Prodigal	002006
3174	1	3558250	3558919	r	0	1	Prodigal	002006
3175	1	3558905	3559580	r	0	1	Prodigal	002006
3176	1	3559770	3560643	r	0	1	Prodigal	002006
3177	1	3560713	3562294	r	0	1	Prodigal	002006
3178	1	3562283	3563366	r	0	1	Prodigal	002006
3179	1	3563380	3563899	r	0	1	Prodigal	002006
3180	1	3564090	3566313	r	0	1	Prodigal	002006
3181	1	3566329	3566863	r	0	1	Prodigal	002006
3182	1	3566859	3567459	r	0	1	Prodigal	002006
3183	1	3567455	3568034	r	0	1	Prodigal	002006
3184	1	3568021	3569083	r	0	1	Prodigal	002006
3185	1	3569384	3571856	f	0	1	Prodigal	002006
3186	1	3571905	3572805	r	0	1	Prodigal	002006
3187	1	3572961	3574602	r	0	1	Prodigal	002006
3188	1	3574774	3575413	r	0	1	Prodigal	002006
3189	1	3575494	3576355	r	0	1	Prodigal	002006
3190	1	3576481	3577381	f	0	1	Prodigal	002006
3191	1	3577447	3578227	r	0	1	Prodigal	002006
3192	1	3578530	3579352	f	0	1	Prodigal	002006
3193	1	3579440	3580829	r	0	1	Prodigal	002006
3194	1	3584239	3584923	f	0	1	Prodigal	002006
3195	1	3585078	3586956	f	0	1	Prodigal	002006
3196	1	3587465	3589250	f	0	1	Prodigal	002006
3197	1	3589242	3589977	f	0	1	Prodigal	002006
3198	1	3589993	3590392	f	0	1	Prodigal	002006
3199	1	3590402	3590759	f	0	1	Prodigal	002006
3200	1	3591011	3591740	f	0	1	Prodigal	002006
3201	1	3591736	3592204	f	0	1	Prodigal	002006
3202	1	3592229	3593354	f	0	1	Prodigal	002006
3203	1	3593443	3594193	r	0	1	Prodigal	002006
3204	1	3594284	3595511	r	0	1	Prodigal	002006
3205	1	3595615	3596209	r	0	1	Prodigal	002006
3206	1	3596316	3597231	f	0	1	Prodigal	002006
3207	1	3597268	3598657	f	0	1	Prodigal	002006
3208	1	3598696	3599344	r	0	1	Prodigal	002006
3209	1	3599488	3600163	f	0	1	Prodigal	002006
3210	1	3600159	3601626	f	0	1	Prodigal	002006
3211	1	3601622	3602276	f	0	1	Prodigal	002006
3212	1	3602294	3603164	f	0	1	Prodigal	002006
3213	1	3603165	3603798	f	0	1	Prodigal	002006
3214	1	3603928	3604615	f	0	1	Prodigal	002006
3215	1	3604611	3606048	f	0	1	Prodigal	002006
3216	1	3606086	3606581	r	0	1	Prodigal	002006
3217	1	3606962	3608006	f	0	1	Prodigal	002006
3218	1	3608102	3609311	f	0	1	Prodigal	002006
3219	1	3609356	3609923	f	0	1	Prodigal	002006
3220	1	3610059	3610824	f	0	1	Prodigal	002006
3221	1	3610968	3611925	f	0	1	Prodigal	002006
3222	1	3612021	3612504	r	0	1	Prodigal	002006
3223	1	3612991	3613594	f	0	1	Prodigal	002006
3224	1	3613710	3614421	r	0	1	Prodigal	002006
3225	1	3614417	3614663	r	0	1	Prodigal	002006
3226	1	3614779	3615688	f	0	1	Prodigal	002006
3227	1	3615782	3616721	r	0	1	Prodigal	002006
3228	1	3616853	3617420	r	0	1	Prodigal	002006
3229	1	3617469	3618633	r	0	1	Prodigal	002006
3230	1	3618898	3620410	f	0	1	Prodigal	002006
3231	1	3620464	3621508	f	0	1	Prodigal	002006
3232	1	3621504	3621969	f	0	1	Prodigal	002006
3233	1	3622064	3622949	f	0	1	Prodigal	002006
3234	1	3623097	3624642	f	0	1	Prodigal	002006
3235	1	3624709	3625309	r	0	1	Prodigal	002006
3236	1	3625508	3625949	r	0	1	Prodigal	002006
3237	1	3626160	3627342	r	0	1	Prodigal	002006
3238	1	3627519	3629250	r	0	1	Prodigal	002006
3239	1	3629215	3629863	r	0	1	Prodigal	002006
3240	1	3630179	3630590	f	0	1	Prodigal	002006
3241	1	3630676	3632212	f	0	1	Prodigal	002006
3242	1	3632208	3633108	r	0	1	Prodigal	002006
3243	1	3633358	3633877	f	0	1	Prodigal	002006
3244	1	3634079	3635480	f	0	1	Prodigal	002006
3245	1	3635479	3636820	f	0	1	Prodigal	002006
3246	1	3636904	3637399	r	0	1	Prodigal	002006
3247	1	3637544	3640121	f	0	1	Prodigal	002006
3248	1	3640326	3640809	f	0	1	Prodigal	002006
3249	1	3640808	3641846	f	0	1	Prodigal	002006
3250	1	3641839	3642490	f	0	1	Prodigal	002006
3251	1	3642593	3642935	f	0	1	Prodigal	002006
3252	1	3642954	3643422	f	0	1	Prodigal	002006
3253	1	3643525	3645448	f	0	1	Prodigal	002006
3254	1	3645440	3646544	f	0	1	Prodigal	002006
3255	1	3646543	3647542	f	0	1	Prodigal	002006
3256	1	3647483	3648464	f	0	1	Prodigal	002006
3257	1	3648650	3649847	f	0	1	Prodigal	002006
3258	1	3650139	3650403	f	0	1	Prodigal	002006
3259	1	3650465	3651143	f	0	1	Prodigal	002006
3260	1	3651139	3652105	f	0	1	Prodigal	002006
3261	1	3652184	3652775	r	0	1	Prodigal	002006
3262	1	3652755	3653556	r	0	1	Prodigal	002006
3263	1	3653767	3655201	f	0	1	Prodigal	002006
3264	1	3655273	3655567	f	0	1	Prodigal	002006
3265	1	3655802	3656810	r	0	1	Prodigal	002006
3266	1	3657256	3658456	f	0	1	Prodigal	002006
3267	1	3658680	3660552	r	0	1	Prodigal	002006
3268	1	3661004	3661907	f	0	1	Prodigal	002006
3269	1	3661923	3663459	f	0	1	Prodigal	002006
3270	1	3663685	3665476	f	0	1	Prodigal	002006
3271	1	3665475	3667200	f	0	1	Prodigal	002006
3272	1	3667189	3667984	f	0	1	Prodigal	002006
3273	1	3668063	3668555	r	0	1	Prodigal	002006
3274	1	3668573	3669038	r	0	1	Prodigal	002006
3275	1	3669037	3669163	r	0	1	Prodigal	002006
3276	1	3669159	3669957	r	0	1	Prodigal	002006
3277	1	3670192	3670528	r	0	1	Prodigal	002006
3278	1	3670921	3671452	f	0	1	Prodigal	002006
3279	1	3671535	3671937	r	0	1	Prodigal	002006
3280	1	3672104	3672314	r	0	1	Prodigal	002006
3281	1	3672517	3673813	r	0	1	Prodigal	002006
3282	1	3673842	3674763	r	0	1	Prodigal	002006
3283	1	3674885	3675218	r	0	1	Prodigal	002006
3284	1	3675266	3675980	r	0	1	Prodigal	002006
3285	1	3676329	3677511	f	0	1	Prodigal	002006
3286	1	3677583	3679194	r	0	1	Prodigal	002006
3287	1	3679366	3680272	f	0	1	Prodigal	002006
3288	1	3680399	3682847	r	0	1	Prodigal	002006
3289	1	3682883	3683579	r	0	1	Prodigal	002006
3290	1	3683635	3684247	f	0	1	Prodigal	002006
3291	1	3684429	3685374	r	0	1	Prodigal	002006
3292	1	3685513	3688543	r	0	1	Prodigal	002006
3293	1	3689034	3691218	f	0	1	Prodigal	002006
3294	1	3692407	3692527	f	0	1	Prodigal	002006
3295	1	3692747	3694664	r	0	1	Prodigal	002006
3296	1	3694743	3697785	r	0	1	Prodigal	002006
3297	1	3697798	3700411	r	0	1	Prodigal	002006
3298	1	3700913	3702149	f	0	1	Prodigal	002006
3299	1	3702276	3704871	r	0	1	Prodigal	002006
3300	1	3705301	3708757	r	0	1	Prodigal	002006
3301	1	3708972	3709521	f	0	1	Prodigal	002006
3302	1	3709528	3709738	f	0	1	Prodigal	002006
3303	1	3709745	3711017	f	0	1	Prodigal	002006
3304	1	3711040	3712195	r	0	1	Prodigal	002006
3305	1	3712609	3713410	r	0	1	Prodigal	002006
3306	1	3714367	3714586	r	0	1	Prodigal	002006
3307	1	3715077	3715608	r	0	1	Prodigal	002006
3308	1	3715607	3717296	r	0	1	Prodigal	002006
3309	1	3717299	3719663	r	0	1	Prodigal	002006
3310	1	3720026	3720545	r	0	1	Prodigal	002006
3311	1	3720953	3721838	f	0	1	Prodigal	002006
3312	1	3721943	3723881	f	0	1	Prodigal	002006
3313	1	3724382	3725843	f	0	1	Prodigal	002006
3314	1	3725984	3726812	f	0	1	Prodigal	002006
3315	1	3726903	3727236	r	0	1	Prodigal	002006
3316	1	3727324	3728212	f	0	1	Prodigal	002006
3317	1	3728348	3728528	f	0	1	Prodigal	002006
3318	1	3728702	3729284	f	0	1	Prodigal	002006
3319	1	3729422	3730901	f	0	1	Prodigal	002006
3320	1	3731036	3731438	r	0	1	Prodigal	002006
3321	1	3731532	3733164	r	0	1	Prodigal	002006
3322	1	3733160	3733721	r	0	1	Prodigal	002006
3323	1	3733714	3734107	r	0	1	Prodigal	002006
3324	1	3734103	3734523	r	0	1	Prodigal	002006
3325	1	3734524	3734914	r	0	1	Prodigal	002006
3326	1	3735321	3736866	f	0	1	Prodigal	002006
3327	1	3736862	3737336	f	0	1	Prodigal	002006
3328	1	3737435	3738398	f	0	1	Prodigal	002006
3329	1	3738443	3740303	r	0	1	Prodigal	002006
3330	1	3740400	3741009	r	0	1	Prodigal	002006
3331	1	3741135	3742077	r	0	1	Prodigal	002006
3332	1	3742303	3743392	f	0	1	Prodigal	002006
3333	1	3743645	3744860	f	0	1	Prodigal	002006
3334	1	3744869	3745238	f	0	1	Prodigal	002006
3335	1	3745251	3745578	f	0	1	Prodigal	002006
3336	1	3745600	3747811	f	0	1	Prodigal	002006
3337	1	3747821	3749747	f	0	1	Prodigal	002006
3338	1	3749759	3750329	f	0	1	Prodigal	002006
3339	1	3750372	3752127	f	0	1	Prodigal	002006
3340	1	3752184	3752988	f	0	1	Prodigal	002006
3341	1	3752991	3753483	f	0	1	Prodigal	002006
3342	1	3753479	3754538	f	0	1	Prodigal	002006
3343	1	3754636	3756784	r	0	1	Prodigal	002006
3344	1	3756951	3757221	r	0	1	Prodigal	002006
3345	1	3757365	3758316	r	0	1	Prodigal	002006
3346	1	3758317	3758755	r	0	1	Prodigal	002006
3347	1	3758810	3761504	r	0	1	Prodigal	002006
3348	1	3761524	3763027	r	0	1	Prodigal	002006
3349	1	3763041	3763500	r	0	1	Prodigal	002006
3350	1	3763927	3764254	r	0	1	Prodigal	002006
3351	1	3764254	3765019	r	0	1	Prodigal	002006
3352	1	3765150	3766485	r	0	1	Prodigal	002006
3353	1	3766500	3767346	r	0	1	Prodigal	002006
3354	1	3767405	3769352	r	0	1	Prodigal	002006
3355	1	3769397	3770027	r	0	1	Prodigal	002006
3356	1	3770124	3770421	f	0	1	Prodigal	002006
3357	1	3770524	3771106	f	0	1	Prodigal	002006
3358	1	3771182	3771659	r	0	1	Prodigal	002006
3359	1	3771815	3772709	r	0	1	Prodigal	002006
3360	1	3772714	3773473	r	0	1	Prodigal	002006
3361	1	3773684	3773936	f	0	1	Prodigal	002006
3362	1	3773936	3774827	f	0	1	Prodigal	002006
3363	1	3774848	3776717	f	0	1	Prodigal	002006
3364	1	3776790	3777732	r	0	1	Prodigal	002006
3365	1	3777734	3778709	r	0	1	Prodigal	002006
3366	1	3778808	3780365	r	0	1	Prodigal	002006
3367	1	3780435	3782160	r	0	1	Prodigal	002006
3368	1	3782647	3783142	r	0	1	Prodigal	002006
3369	1	3783138	3784116	r	0	1	Prodigal	002006
3370	1	3784155	3784569	r	0	1	Prodigal	002006
3371	1	3784583	3785054	r	0	1	Prodigal	002006
3372	1	3785266	3786376	r	0	1	Prodigal	002006
3373	1	3786523	3787225	r	0	1	Prodigal	002006
3374	1	3787232	3788342	r	0	1	Prodigal	002006
3375	1	3788439	3788889	r	0	1	Prodigal	002006
3376	1	3789024	3789501	r	0	1	Prodigal	002006
3377	1	3789580	3790834	r	0	1	Prodigal	002006
3378	1	3791159	3791444	f	0	1	Prodigal	002006
3379	1	3791492	3794315	r	0	1	Prodigal	002006
3380	1	3794385	3795432	f	0	1	Prodigal	002006
3381	1	3795485	3795890	f	0	1	Prodigal	002006
3382	1	3795926	3796640	r	0	1	Prodigal	002006
3383	1	3796785	3797952	f	0	1	Prodigal	002006
3384	1	3797979	3800472	f	0	1	Prodigal	002006
3385	1	3800572	3801241	f	0	1	Prodigal	002006
3386	1	3801248	3801617	f	0	1	Prodigal	002006
3387	1	3801769	3804214	f	0	1	Prodigal	002006
3388	1	3804271	3804550	r	0	1	Prodigal	002006
3389	1	3804720	3806667	f	0	1	Prodigal	002006
3390	1	3806955	3807405	f	0	1	Prodigal	002006
3391	1	3807441	3807900	f	0	1	Prodigal	002006
3392	1	3807915	3809256	f	0	1	Prodigal	002006
3393	1	3809383	3809647	f	0	1	Prodigal	002006
3394	1	3809636	3811094	f	0	1	Prodigal	002006
3395	1	3811183	3812611	f	0	1	Prodigal	002006
3396	1	3812612	3813485	r	0	1	Prodigal	002006
3397	1	3813585	3814602	f	0	1	Prodigal	002006
3398	1	3815138	3816017	f	0	1	Prodigal	002006
3399	1	3816339	3817065	r	0	1	Prodigal	002006
3400	1	3817482	3818460	f	0	1	Prodigal	002006
3401	1	3818512	3819787	r	0	1	Prodigal	002006
3402	1	3820622	3820970	f	0	1	Prodigal	002006
3403	1	3821033	3822989	r	0	1	Prodigal	002006
3404	1	3823174	3823669	f	0	1	Prodigal	002006
3405	1	3823738	3842083	r	0	1	Prodigal	002006
3406	1	3842314	3843976	r	0	1	Prodigal	002006
3407	1	3844103	3844739	r	0	1	Prodigal	002006
3408	1	3844914	3846438	f	0	1	Prodigal	002006
3409	1	3846528	3847092	f	0	1	Prodigal	002006
3410	1	3847116	3847413	f	0	1	Prodigal	002006
3411	1	3847500	3848256	r	0	1	Prodigal	002006
3412	1	3848303	3849164	r	0	1	Prodigal	002006
3413	1	3849438	3850752	f	0	1	Prodigal	002006
3414	1	3850764	3851934	f	0	1	Prodigal	002006
3415	1	3851933	3852407	f	0	1	Prodigal	002006
3416	1	3852422	3853196	f	0	1	Prodigal	002006
3417	1	3853185	3854064	f	0	1	Prodigal	002006
3418	1	3854112	3854553	f	0	1	Prodigal	002006
3419	1	3854552	3855752	f	0	1	Prodigal	002006
3420	1	3855742	3856597	f	0	1	Prodigal	002006
3421	1	3856635	3858171	f	0	1	Prodigal	002006
3422	1	3858157	3859402	f	0	1	Prodigal	002006
3423	1	3859498	3860236	r	0	1	Prodigal	002006
3424	1	3860320	3861031	r	0	1	Prodigal	002006
3425	1	3861031	3861931	r	0	1	Prodigal	002006
3426	1	3861927	3862599	r	0	1	Prodigal	002006
3427	1	3862599	3863523	r	0	1	Prodigal	002006
3428	1	3863526	3865320	r	0	1	Prodigal	002006
3429	1	3865436	3865907	r	0	1	Prodigal	002006
3430	1	3865991	3866972	r	0	1	Prodigal	002006
3431	1	3866993	3867596	r	0	1	Prodigal	002006
3432	1	3867618	3868200	r	0	1	Prodigal	002006
3433	1	3868382	3869990	f	0	1	Prodigal	002006
3434	1	3870145	3870538	r	0	1	Prodigal	002006
3435	1	3870557	3870827	r	0	1	Prodigal	002006
3436	1	3870938	3871847	f	0	1	Prodigal	002006
3437	1	3871853	3872735	r	0	1	Prodigal	002006
3438	1	3872860	3873307	f	0	1	Prodigal	002006
3439	1	3873469	3873826	r	0	1	Prodigal	002006
3440	1	3874070	3874388	f	0	1	Prodigal	002006
3441	1	3874384	3876184	f	0	1	Prodigal	002006
3442	1	3876173	3876665	f	0	1	Prodigal	002006
3443	1	3876735	3877149	f	0	1	Prodigal	002006
3444	1	3877203	3877794	r	0	1	Prodigal	002006
3445	1	3878031	3879336	r	0	1	Prodigal	002006
3446	1	3879495	3880575	r	0	1	Prodigal	002006
3447	1	3880690	3881854	r	0	1	Prodigal	002006
3448	1	3881915	3882926	r	0	1	Prodigal	002006
3449	1	3882986	3883916	r	0	1	Prodigal	002006
3450	1	3884028	3885096	r	0	1	Prodigal	002006
3451	1	3885276	3886056	r	0	1	Prodigal	002006
3452	1	3886277	3889442	r	0	1	Prodigal	002006
3453	1	3889774	3890380	r	0	1	Prodigal	002006
3454	1	3890532	3891282	r	0	1	Prodigal	002006
3455	1	3891383	3892634	f	0	1	Prodigal	002006
3456	1	3892810	3895684	f	0	1	Prodigal	002006
3457	1	3896114	3896303	r	0	1	Prodigal	002006
3458	1	3896398	3898627	r	0	1	Prodigal	002006
3459	1	3898735	3899500	r	0	1	Prodigal	002006
3460	1	3899556	3900204	r	0	1	Prodigal	002006
3461	1	3900200	3901583	r	0	1	Prodigal	002006
3462	1	3901728	3903891	r	0	1	Prodigal	002006
3463	1	3904023	3904530	r	0	1	Prodigal	002006
3464	1	3910313	3912245	r	0	1	Prodigal	002006
3465	1	3912268	3912769	r	0	1	Prodigal	002006
3466	1	3912870	3914505	r	0	1	Prodigal	002006
3467	1	3914548	3914842	r	0	1	Prodigal	002006
3468	1	3915084	3916437	f	0	1	Prodigal	002006
3469	1	3916484	3916961	r	0	1	Prodigal	002006
3470	1	3917403	3918846	f	0	1	Prodigal	002006
3471	1	3918971	3920291	f	0	1	Prodigal	002006
3472	1	3920539	3921553	r	0	1	Prodigal	002006
3473	1	3921732	3921948	f	0	1	Prodigal	002006
3474	1	3921963	3922407	f	0	1	Prodigal	002006
3475	1	3922495	3924283	f	0	1	Prodigal	002006
3476	1	3924505	3926362	f	0	1	Prodigal	002006
3477	1	3928320	3929877	f	0	1	Prodigal	002006
3478	1	3929943	3932649	r	0	1	Prodigal	002006
3479	1	3932645	3932897	r	0	1	Prodigal	002006
3480	1	3932893	3933370	r	0	1	Prodigal	002006
3481	1	3933448	3934162	r	0	1	Prodigal	002006
3482	1	3934166	3935132	r	0	1	Prodigal	002006
3483	1	3935144	3935774	r	0	1	Prodigal	002006
3484	1	3935770	3936091	r	0	1	Prodigal	002006
3485	1	3936107	3936338	r	0	1	Prodigal	002006
3486	1	3936436	3937378	r	0	1	Prodigal	002006
3487	1	3937392	3938820	r	0	1	Prodigal	002006
3488	1	3939448	3940006	r	0	1	Prodigal	002006
3489	1	3939986	3940361	r	0	1	Prodigal	002006
3490	1	3940638	3941925	r	0	1	Prodigal	002006
3491	1	3942039	3943632	r	0	1	Prodigal	002006
3492	1	3944047	3944503	f	0	1	Prodigal	002006
3493	1	3944717	3944957	f	0	1	Prodigal	002006
3494	1	3945172	3946318	r	0	1	Prodigal	002006
3495	1	3946408	3947005	r	0	1	Prodigal	002006
3496	1	3947243	3948407	f	0	1	Prodigal	002006
3497	1	3948542	3949592	f	0	1	Prodigal	002006
3498	1	3949901	3950150	f	0	1	Prodigal	002006
3499	1	3950212	3950764	r	0	1	Prodigal	002006
3500	1	3950763	3951318	r	0	1	Prodigal	002006
3501	1	3951664	3953440	f	0	1	Prodigal	002006
3502	1	3953472	3954366	r	0	1	Prodigal	002006
3503	1	3954458	3955655	f	0	1	Prodigal	002006
3504	1	3955789	3956200	f	0	1	Prodigal	002006
3505	1	3956214	3957864	f	0	1	Prodigal	002006
3506	1	3958021	3958936	f	0	1	Prodigal	002006
3507	1	3958979	3959456	r	0	1	Prodigal	002006
3508	1	3959513	3961100	r	0	1	Prodigal	002006
3509	1	3961532	3962255	f	0	1	Prodigal	002006
3510	1	3962396	3964244	r	0	1	Prodigal	002006
3511	1	3964471	3965926	r	0	1	Prodigal	002006
3512	1	3965935	3967549	r	0	1	Prodigal	002006
3513	1	3967862	3968297	f	0	1	Prodigal	002006
3514	1	3968415	3968865	f	0	1	Prodigal	002006
3515	1	3968904	3969450	r	0	1	Prodigal	002006
3516	1	3969635	3971426	f	0	1	Prodigal	002006
3517	1	3971507	3973106	r	0	1	Prodigal	002006
3518	1	3973167	3975981	r	0	1	Prodigal	002006
3519	1	3976008	3976446	r	0	1	Prodigal	002006
3520	1	3976442	3977420	r	0	1	Prodigal	002006
3521	1	3977476	3977644	f	0	1	Prodigal	002006
3522	1	3977697	3978708	r	0	1	Prodigal	002006
3523	1	3978963	3979260	f	0	1	Prodigal	002006
3524	1	3979279	3979630	f	0	1	Prodigal	002006
3525	1	3979679	3980420	r	0	1	Prodigal	002006
3526	1	3980521	3980968	r	0	1	Prodigal	002006
3527	1	3981020	3981251	r	0	1	Prodigal	002006
3528	1	3981281	3981668	r	0	1	Prodigal	002006
3529	1	3981905	3983129	f	0	1	Prodigal	002006
3530	1	3983240	3984098	f	0	1	Prodigal	002006
3531	1	3984261	3984705	f	0	1	Prodigal	002006
3532	1	3984848	3985121	r	0	1	Prodigal	002006
3533	1	3985458	3985941	f	0	1	Prodigal	002006
3534	1	3986041	3986422	f	0	1	Prodigal	002006
3535	1	3986503	3987871	r	0	1	Prodigal	002006
3536	1	3987971	3990350	f	0	1	Prodigal	002006
3537	1	3990404	3991310	r	0	1	Prodigal	002006
3538	1	3991338	3992433	r	0	1	Prodigal	002006
3539	1	3992468	3993089	f	0	1	Prodigal	002006
3540	1	3993156	3993873	r	0	1	Prodigal	002006
3541	1	3993949	3995158	r	0	1	Prodigal	002006
3542	1	3995172	3996504	r	0	1	Prodigal	002006
3543	1	3996613	3997387	r	0	1	Prodigal	002006
3544	1	3997810	3997981	r	0	1	Prodigal	002006
3545	1	3998106	3999381	r	0	1	Prodigal	002006
3546	1	3999603	4000377	r	0	1	Prodigal	002006
3547	1	4000419	4001046	f	0	1	Prodigal	002006
3548	1	4001014	4001194	r	0	1	Prodigal	002006
3549	1	4001371	4001881	r	0	1	Prodigal	002006
3550	1	4001899	4002502	r	0	1	Prodigal	002006
3551	1	4002552	4002891	r	0	1	Prodigal	002006
3552	1	4002900	4004523	r	0	1	Prodigal	002006
3553	1	4004693	4005188	f	0	1	Prodigal	002006
3554	1	4005286	4005814	f	0	1	Prodigal	002006
3555	1	4005841	4006123	r	0	1	Prodigal	002006
3556	1	4006119	4009782	r	0	1	Prodigal	002006
3557	1	4009792	4010230	r	0	1	Prodigal	002006
3558	1	4010226	4011222	r	0	1	Prodigal	002006
3559	1	4011218	4011788	r	0	1	Prodigal	002006
3560	1	4011790	4012195	r	0	1	Prodigal	002006
3561	1	4012305	4013241	r	0	1	Prodigal	002006
3562	1	4013240	4013693	r	0	1	Prodigal	002006
3563	1	4013689	4014187	r	0	1	Prodigal	002006
3564	1	4014186	4017048	r	0	1	Prodigal	002006
3565	1	4017047	4018022	r	0	1	Prodigal	002006
3566	1	4018176	4019739	r	0	1	Prodigal	002006
3567	1	4019930	4020194	f	0	1	Prodigal	002006
3568	1	4020243	4020546	r	0	1	Prodigal	002006
3569	1	4020597	4021530	r	0	1	Prodigal	002006
3570	1	4021516	4021924	r	0	1	Prodigal	002006
3571	1	4021920	4023111	r	0	1	Prodigal	002006
3572	1	4023333	4023642	r	0	1	Prodigal	002006
3573	1	4023889	4024456	r	0	1	Prodigal	002006
3574	1	4025319	4025559	r	0	1	Prodigal	002006
3575	1	4025596	4026937	r	0	1	Prodigal	002006
3576	1	4026921	4027515	r	0	1	Prodigal	002006
3577	1	4027560	4027728	r	0	1	Prodigal	002006
3578	1	4028059	4029163	f	0	1	Prodigal	002006
3579	1	4029443	4029704	r	0	1	Prodigal	002006
3580	1	4029764	4030172	r	0	1	Prodigal	002006
3581	1	4030956	4031256	r	0	1	Prodigal	002006
3582	1	4031609	4031771	r	0	1	Prodigal	002006
3583	1	4034236	4035130	f	0	1	Prodigal	002006
3584	1	4035140	4035809	f	0	1	Prodigal	002006
3585	1	4036221	4036629	r	0	1	Prodigal	002006
3586	1	4037182	4037362	r	0	1	Prodigal	002006
3587	1	4038191	4038902	r	0	1	Prodigal	002006
3588	1	4039123	4041301	r	0	1	Prodigal	002006
3589	1	4041266	4042007	r	0	1	Prodigal	002006
3590	1	4043581	4044499	r	0	1	Prodigal	002006
3591	1	4044646	4044964	r	0	1	Prodigal	002006
3592	1	4045064	4046852	r	0	1	Prodigal	002006
3593	1	4047078	4047582	r	0	1	Prodigal	002006
3594	1	4047798	4050990	r	0	1	Prodigal	002006
3595	1	4051001	4051982	r	0	1	Prodigal	002006
3596	1	4052112	4053378	r	0	1	Prodigal	002006
3597	1	4053698	4054367	f	0	1	Prodigal	002006
3598	1	4054518	4056363	f	0	1	Prodigal	002006
3599	1	4057085	4057850	r	0	1	Prodigal	002006
3600	1	4059233	4060067	r	0	1	Prodigal	002006
3601	1	4060063	4060546	r	0	1	Prodigal	002006
3602	1	4060542	4060830	r	0	1	Prodigal	002006
3603	1	4060974	4062558	r	0	1	Prodigal	002006
3604	1	4062554	4065026	r	0	1	Prodigal	002006
3605	1	4065022	4066237	r	0	1	Prodigal	002006
3606	1	4066329	4066890	r	0	1	Prodigal	002006
3607	1	4066889	4067627	r	0	1	Prodigal	002006
3608	1	4067781	4070061	r	0	1	Prodigal	002006
3609	1	4070075	4070603	r	0	1	Prodigal	002006
3610	1	4071336	4072011	f	0	1	Prodigal	002006
3611	1	4072091	4072415	f	0	1	Prodigal	002006
3612	1	4072523	4072871	r	0	1	Prodigal	002006
3613	1	4072903	4073653	r	0	1	Prodigal	002006
3614	1	4073687	4074209	r	0	1	Prodigal	002006
3615	1	4074233	4074482	r	0	1	Prodigal	002006
3616	1	4074659	4076036	r	0	1	Prodigal	002006
3617	1	4076142	4077027	f	0	1	Prodigal	002006
3618	1	4077069	4078350	f	0	1	Prodigal	002006
3619	1	4078390	4078861	r	0	1	Prodigal	002006
3620	1	4078972	4080166	f	0	1	Prodigal	002006
3621	1	4080265	4081129	r	0	1	Prodigal	002006
3622	1	4081245	4082181	r	0	1	Prodigal	002006
3623	1	4082402	4083065	r	0	1	Prodigal	002006
3624	1	4083068	4083719	r	0	1	Prodigal	002006
3625	1	4083722	4084460	r	0	1	Prodigal	002006
3626	1	4084484	4085225	r	0	1	Prodigal	002006
3627	1	4085426	4085897	f	0	1	Prodigal	002006
3628	1	4085987	4086893	r	0	1	Prodigal	002006
3629	1	4086996	4088031	r	0	1	Prodigal	002006
3630	1	4088110	4089736	r	0	1	Prodigal	002006
3631	1	4089775	4090783	r	0	1	Prodigal	002006
3632	1	4091041	4091380	r	0	1	Prodigal	002006
3633	1	4091581	4091998	f	0	1	Prodigal	002006
3634	1	4092019	4092511	f	0	1	Prodigal	002006
3635	1	4092871	4093297	r	0	1	Prodigal	002006
3636	1	4093491	4094265	r	0	1	Prodigal	002006
3637	1	4094312	4095425	r	0	1	Prodigal	002006
3638	1	4095450	4096485	r	0	1	Prodigal	002006
3639	1	4096524	4097226	f	0	1	Prodigal	002006
3640	1	4097368	4098193	f	0	1	Prodigal	002006
3641	1	4098204	4098756	f	0	1	Prodigal	002006
3642	1	4098755	4099058	f	0	1	Prodigal	002006
3643	1	4099101	4099521	f	0	1	Prodigal	002006
3644	1	4099622	4100819	r	0	1	Prodigal	002006
3645	1	4101001	4101937	r	0	1	Prodigal	002006
3646	1	4102019	4102556	r	0	1	Prodigal	002006
3647	1	4102614	4103178	r	0	1	Prodigal	002006
3648	1	4103316	4103898	r	0	1	Prodigal	002006
3649	1	4104060	4105005	f	0	1	Prodigal	002006
3650	1	4105076	4106414	r	0	1	Prodigal	002006
3651	1	4106674	4107973	f	0	1	Prodigal	002006
3652	1	4107969	4108911	f	0	1	Prodigal	002006
3653	1	4108905	4109580	r	0	1	Prodigal	002006
3654	1	4109647	4110580	r	0	1	Prodigal	002006
3655	1	4110673	4111450	f	0	1	Prodigal	002006
3656	1	4111471	4112251	f	0	1	Prodigal	002006
3657	1	4112260	4113151	r	0	1	Prodigal	002006
3658	1	4113241	4114099	f	0	1	Prodigal	002006
3659	1	4114103	4114691	r	0	1	Prodigal	002006
3660	1	4114790	4115681	f	0	1	Prodigal	002006
3661	1	4115662	4116397	r	0	1	Prodigal	002006
3662	1	4116441	4116786	f	0	1	Prodigal	002006
3663	1	4116876	4117095	r	0	1	Prodigal	002006
3664	1	4117143	4117350	r	0	1	Prodigal	002006
3665	1	4117352	4118015	r	0	1	Prodigal	002006
3666	1	4118225	4118954	r	0	1	Prodigal	002006
3667	1	4119142	4119520	f	0	1	Prodigal	002006
3668	1	4119573	4121628	f	0	1	Prodigal	002006
3669	1	4121637	4122381	f	0	1	Prodigal	002006
3670	1	4122384	4122900	f	0	1	Prodigal	002006
3671	1	4122976	4123801	r	0	1	Prodigal	002006
3672	1	4123931	4124810	f	0	1	Prodigal	002006
3673	1	4124806	4125559	f	0	1	Prodigal	002006
3674	1	4125839	4126124	f	0	1	Prodigal	002006
3675	1	4126147	4126690	f	0	1	Prodigal	002006
3676	1	4126702	4127470	f	0	1	Prodigal	002006
3677	1	4127481	4128384	f	0	1	Prodigal	002006
3678	1	4128878	4130396	f	0	1	Prodigal	002006
3679	1	4130718	4131516	f	0	1	Prodigal	002006
3680	1	4131914	4132082	r	0	1	Prodigal	002006
3681	1	4132338	4134870	r	0	1	Prodigal	002006
3682	1	4135058	4137353	r	0	1	Prodigal	002006
3683	1	4137436	4139347	r	0	1	Prodigal	002006
3684	1	4139462	4141472	r	0	1	Prodigal	002006
3685	1	4141473	4142340	r	0	1	Prodigal	002006
3686	1	4142332	4142554	r	0	1	Prodigal	002006
3687	1	4142771	4143395	r	0	1	Prodigal	002006
3688	1	4143397	4143985	r	0	1	Prodigal	002006
3689	1	4143997	4144816	r	0	1	Prodigal	002006
3690	1	4144838	4145327	r	0	1	Prodigal	002006
3691	1	4145289	4145931	r	0	1	Prodigal	002006
3692	1	4146235	4147555	f	0	1	Prodigal	002006
3693	1	4147671	4149099	r	0	1	Prodigal	002006
3694	1	4149328	4150252	f	0	1	Prodigal	002006
3695	1	4150882	4152805	f	0	1	Prodigal	002006
3696	1	4152842	4153988	f	0	1	Prodigal	002006
3697	1	4154121	4154643	f	0	1	Prodigal	002006
3698	1	4154833	4156621	f	0	1	Prodigal	002006
3699	1	4156617	4157190	f	0	1	Prodigal	002006
3700	1	4157254	4157503	f	0	1	Prodigal	002006
3701	1	4157563	4158076	r	0	1	Prodigal	002006
3702	1	4158089	4159055	r	0	1	Prodigal	002006
3703	1	4159195	4159645	f	0	1	Prodigal	002006
3704	1	4159737	4160271	f	0	1	Prodigal	002006
3705	1	4160335	4161541	r	0	1	Prodigal	002006
3706	1	4162083	4163463	f	0	1	Prodigal	002006
3707	1	4163552	4163843	f	0	1	Prodigal	002006
3708	1	4163870	4164278	r	0	1	Prodigal	002006
3709	1	4164546	4165941	f	0	1	Prodigal	002006
3710	1	4166013	4166919	r	0	1	Prodigal	002006
3711	1	4167127	4168450	f	0	1	Prodigal	002006
3712	1	4168482	4170243	f	0	1	Prodigal	002006
3713	1	4170202	4170994	f	0	1	Prodigal	002006
3714	1	4171104	4171965	f	0	1	Prodigal	002006
3715	1	4171964	4172894	f	0	1	Prodigal	002006
3716	1	4172886	4174314	f	0	1	Prodigal	002006
3717	1	4174532	4177292	f	0	1	Prodigal	002006
3718	1	4177483	4178431	f	0	1	Prodigal	002006
3719	1	4178515	4179130	r	0	1	Prodigal	002006
3720	1	4179147	4179627	r	0	1	Prodigal	002006
3721	1	4179802	4180819	r	0	1	Prodigal	002006
3722	1	4181020	4181740	f	0	1	Prodigal	002006
3723	1	4181726	4183793	r	0	1	Prodigal	002006
3724	1	4183789	4184101	r	0	1	Prodigal	002006
3725	1	4184237	4184444	f	0	1	Prodigal	002006
3726	1	4184588	4185065	f	0	1	Prodigal	002006
3727	1	4185236	4185695	f	0	1	Prodigal	002006
3728	1	4185963	4187115	r	0	1	Prodigal	002006
3729	1	4187258	4187714	r	0	1	Prodigal	002006
3730	1	4188187	4189660	f	0	1	Prodigal	002006
3731	1	4189721	4190528	r	0	1	Prodigal	002006
3732	1	4190524	4190770	r	0	1	Prodigal	002006
3733	1	4190801	4191323	r	0	1	Prodigal	002006
3734	1	4191509	4192949	f	0	1	Prodigal	002006
3735	1	4193032	4194661	r	0	1	Prodigal	002006
3736	1	4194770	4196738	r	0	1	Prodigal	002006
3737	1	4196983	4197241	r	0	1	Prodigal	002006
3738	1	4197500	4199465	f	0	1	Prodigal	002006
3739	1	4199556	4200027	r	0	1	Prodigal	002006
3740	1	4200170	4200689	f	0	1	Prodigal	002006
3741	1	4200689	4201637	r	0	1	Prodigal	002006
3742	1	4201781	4203020	f	0	1	Prodigal	002006
3743	1	4203073	4204222	f	0	1	Prodigal	002006
3744	1	4204420	4206142	f	0	1	Prodigal	002006
3745	1	4206256	4207066	f	0	1	Prodigal	002006
3746	1	4207175	4210259	r	0	1	Prodigal	002006
3747	1	4210467	4210785	r	0	1	Prodigal	002006
3748	1	4216619	4216733	r	0	1	Prodigal	002006
3749	1	4217032	4218229	f	0	1	Prodigal	002006
3750	1	4218245	4218815	r	0	1	Prodigal	002006
3751	1	4218934	4220110	f	0	1	Prodigal	002006
3752	1	4220232	4221297	f	0	1	Prodigal	002006
3753	1	4221366	4222257	r	0	1	Prodigal	002006
3754	1	4222586	4223387	f	0	1	Prodigal	002006
3755	1	4223460	4224930	r	0	1	Prodigal	002006
3756	1	4224938	4226918	r	0	1	Prodigal	002006
3757	1	4227140	4227734	r	0	1	Prodigal	002006
3758	1	4228191	4229865	r	0	1	Prodigal	002006
3759	1	4229986	4232815	r	0	1	Prodigal	002006
3760	1	4232904	4233330	r	0	1	Prodigal	002006
3761	1	4233329	4234919	r	0	1	Prodigal	002006
3762	1	4234953	4235475	r	0	1	Prodigal	002006
3763	1	4235662	4236502	r	0	1	Prodigal	002006
3764	1	4236509	4236911	r	0	1	Prodigal	002006
3765	1	4236922	4237366	r	0	1	Prodigal	002006
3766	1	4237365	4238013	r	0	1	Prodigal	002006
3767	1	4238131	4238374	f	0	1	Prodigal	002006
3768	1	4238438	4239026	f	0	1	Prodigal	002006
3769	1	4239163	4239919	f	0	1	Prodigal	002006
3770	1	4239991	4240114	r	0	1	Prodigal	002006
3771	1	4240578	4241481	f	0	1	Prodigal	002006
3772	1	4241627	4241912	f	0	1	Prodigal	002006
3773	1	4242508	4242721	f	0	1	Prodigal	002006
3774	1	4243026	4244385	f	0	1	Prodigal	002006
3775	1	4244623	4245694	f	0	1	Prodigal	002006
3776	1	4245709	4246339	f	0	1	Prodigal	002006
3777	1	4246340	4247057	f	0	1	Prodigal	002006
3778	1	4247195	4248278	f	0	1	Prodigal	002006
3779	1	4248368	4250270	r	0	1	Prodigal	002006
3780	1	4250863	4251838	f	0	1	Prodigal	002006
3781	1	4252115	4253201	r	0	1	Prodigal	002006
3782	1	4253197	4254577	r	0	1	Prodigal	002006
3783	1	4254762	4255143	f	0	1	Prodigal	002006
3784	1	4255399	4255798	f	0	1	Prodigal	002006
3785	1	4255875	4256760	f	0	1	Prodigal	002006
3786	1	4256909	4258535	f	0	1	Prodigal	002006
3787	1	4258728	4259394	f	0	1	Prodigal	002006
3788	1	4259427	4261230	f	0	1	Prodigal	002006
3789	1	4261263	4262226	r	0	1	Prodigal	002006
3790	1	4262357	4262762	f	0	1	Prodigal	002006
3791	1	4262874	4263372	f	0	1	Prodigal	002006
3792	1	4263469	4263937	f	0	1	Prodigal	002006
3793	1	4264019	4265447	r	0	1	Prodigal	002006
3794	1	4265952	4266876	f	0	1	Prodigal	002006
3795	1	4266966	4267593	r	0	1	Prodigal	002006
3796	1	4267840	4268479	f	0	1	Prodigal	002006
3797	1	4268542	4269817	r	0	1	Prodigal	002006
3798	1	4270288	4271179	r	0	1	Prodigal	002006
3799	1	4271514	4271832	f	0	1	Prodigal	002006
3800	1	4271855	4272491	f	0	1	Prodigal	002006
3801	1	4272519	4272948	f	0	1	Prodigal	002006
3802	1	4273477	4274068	r	0	1	Prodigal	002006
3803	1	4274868	4275306	r	0	1	Prodigal	002006
3804	1	4275870	4277121	r	0	1	Prodigal	002006
3805	1	4277117	4277885	r	0	1	Prodigal	002006
3806	1	4277886	4278093	r	0	1	Prodigal	002006
3807	1	4278089	4278884	r	0	1	Prodigal	002006
3808	1	4278873	4280481	r	0	1	Prodigal	002006
3809	1	4280477	4282484	r	0	1	Prodigal	002006
3810	1	4283147	4284614	r	0	1	Prodigal	002006
3811	1	4284871	4285357	r	0	1	Prodigal	002006
3812	1	4285443	4285866	r	0	1	Prodigal	002006
3813	1	4285954	4286623	f	0	1	Prodigal	002006
3814	1	4286619	4287864	f	0	1	Prodigal	002006
3815	1	4287959	4288856	r	0	1	Prodigal	002006
3816	1	4289087	4292795	r	0	1	Prodigal	002006
3817	1	4292942	4294277	f	0	1	Prodigal	002006
3818	1	4294783	4294960	f	0	1	Prodigal	002006
3819	1	4295221	4296244	f	0	1	Prodigal	002006
3820	1	4296358	4297822	f	0	1	Prodigal	002006
3821	1	4297823	4299014	f	0	1	Prodigal	002006
3822	1	4299170	4299674	r	0	1	Prodigal	002006
3823	1	4299802	4300624	r	0	1	Prodigal	002006
3824	1	4300793	4301060	f	0	1	Prodigal	002006
3825	1	4301133	4301853	r	0	1	Prodigal	002006
3826	1	4301959	4302634	r	0	1	Prodigal	002006
3827	1	4302800	4304120	f	0	1	Prodigal	002006
3828	1	4304258	4304981	f	0	1	Prodigal	002006
3829	1	4305140	4305344	f	0	1	Prodigal	002006
3830	1	4305475	4306924	r	0	1	Prodigal	002006
3831	1	4307057	4307864	r	0	1	Prodigal	002006
3832	1	4307889	4308210	r	0	1	Prodigal	002006
3833	1	4308244	4312111	r	0	1	Prodigal	002006
3834	1	4312141	4313611	r	0	1	Prodigal	002006
3835	1	4313706	4314294	r	0	1	Prodigal	002006
3836	1	4314296	4314782	r	0	1	Prodigal	002006
3837	1	4314781	4315672	r	0	1	Prodigal	002006
3838	1	4315714	4316755	r	0	1	Prodigal	002006
3839	1	4316959	4320658	r	0	1	Prodigal	002006
3840	1	4320657	4321083	r	0	1	Prodigal	002006
3841	1	4321120	4322050	r	0	1	Prodigal	002006
3842	1	4322049	4322610	r	0	1	Prodigal	002006
3843	1	4322596	4323085	r	0	1	Prodigal	002006
3844	1	4323590	4324262	r	0	1	Prodigal	002006
3845	1	4324339	4324801	r	0	1	Prodigal	002006
3846	1	4324878	4326099	r	0	1	Prodigal	002006
3847	1	4326102	4327812	r	0	1	Prodigal	002006
3848	1	4327886	4328966	r	0	1	Prodigal	002006
3849	1	4328962	4329853	r	0	1	Prodigal	002006
3850	1	4329945	4331619	r	0	1	Prodigal	002006
3851	1	4331689	4332019	r	0	1	Prodigal	002006
3852	1	4332011	4332659	r	0	1	Prodigal	002006
3853	1	4332658	4333252	r	0	1	Prodigal	002006
3854	1	4333251	4334115	r	0	1	Prodigal	002006
3855	1	4334202	4335126	f	0	1	Prodigal	002006
3856	1	4335190	4337119	r	0	1	Prodigal	002006
3857	1	4337623	4339150	f	0	1	Prodigal	002006
3858	1	4339460	4340558	f	0	1	Prodigal	002006
3859	1	4340702	4342235	r	0	1	Prodigal	002006
3860	1	4342239	4343949	r	0	1	Prodigal	002006
3861	1	4344002	4344947	r	0	1	Prodigal	002006
3862	1	4344939	4346175	r	0	1	Prodigal	002006
3863	1	4346329	4347037	r	0	1	Prodigal	002006
3864	1	4347045	4347705	r	0	1	Prodigal	002006
3865	1	4347830	4348685	r	0	1	Prodigal	002006
3866	1	4349136	4350090	r	0	1	Prodigal	002006
3867	1	4350089	4350758	r	0	1	Prodigal	002006
3868	1	4350847	4352692	r	0	1	Prodigal	002006
3869	1	4352802	4353432	f	0	1	Prodigal	002006
3870	1	4353669	4353981	f	0	1	Prodigal	002006
3871	1	4354834	4355821	r	0	1	Prodigal	002006
3872	1	4356112	4356499	r	0	1	Prodigal	002006
3873	1	4356495	4358352	r	0	1	Prodigal	002006
3874	1	4358419	4359016	r	0	1	Prodigal	002006
3875	1	4359117	4359960	r	0	1	Prodigal	002006
3876	1	4360103	4360826	f	0	1	Prodigal	002006
3877	1	4360914	4361238	f	0	1	Prodigal	002006
3878	1	4361284	4361716	f	0	1	Prodigal	002006
3879	1	4361950	4364104	f	0	1	Prodigal	002006
3880	1	4364518	4365490	f	0	1	Prodigal	002006
3881	1	4365593	4368149	f	0	1	Prodigal	002006
3882	1	4368670	4369924	r	0	1	Prodigal	002006
3883	1	4369997	4370174	f	0	1	Prodigal	002006
3884	1	4370151	4371573	r	0	1	Prodigal	002006
3885	1	4371802	4372105	r	0	1	Prodigal	002006
3886	1	4372121	4372283	r	0	1	Prodigal	002006
3887	1	4372559	4373528	f	0	1	Prodigal	002006
3888	1	4373604	4374180	r	0	1	Prodigal	002006
3889	1	4374303	4374549	r	0	1	Prodigal	002006
3890	1	4374758	4376042	f	0	1	Prodigal	002006
3891	1	4376053	4376368	r	0	1	Prodigal	002006
3892	1	4376377	4377280	r	0	1	Prodigal	002006
3893	1	4377376	4378429	f	0	1	Prodigal	002006
3894	1	4378428	4379982	f	0	1	Prodigal	002006
3895	1	4380060	4380687	r	0	1	Prodigal	002006
3896	1	4380862	4381018	f	0	1	Prodigal	002006
3897	1	4381093	4382212	r	0	1	Prodigal	002006
3898	1	4382359	4382980	f	0	1	Prodigal	002006
3899	1	4382999	4383365	f	0	1	Prodigal	002006
3900	1	4389543	4390086	r	0	1	Prodigal	002006
3901	1	4390199	4391384	r	0	1	Prodigal	002006
3902	1	4391438	4393544	r	0	1	Prodigal	002006
3903	1	4393619	4394090	r	0	1	Prodigal	002006
3904	1	4394183	4394558	r	0	1	Prodigal	002006
3905	1	4394740	4395019	r	0	1	Prodigal	002006
3906	1	4395026	4395386	r	0	1	Prodigal	002006
3907	1	4395394	4395787	r	0	1	Prodigal	002006
3908	1	4395871	4396252	r	0	1	Prodigal	002006
3909	1	4396276	4396993	r	0	1	Prodigal	002006
3910	1	4397187	4401492	r	0	1	Prodigal	002006
3911	1	4401583	4405612	r	0	1	Prodigal	002006
3912	1	4405836	4406202	r	0	1	Prodigal	002006
3913	1	4406253	4406754	r	0	1	Prodigal	002006
3914	1	4407010	4407712	r	0	1	Prodigal	002006
3915	1	4407716	4408145	r	0	1	Prodigal	002006
3916	1	4408279	4408831	r	0	1	Prodigal	002006
3917	1	4408840	4409212	r	0	1	Prodigal	002006
3918	1	4409402	4410587	r	0	1	Prodigal	002006
3919	1	4411216	4412155	f	0	1	Prodigal	002006
3920	1	4412236	4413202	r	0	1	Prodigal	002006
3921	1	4413198	4414236	r	0	1	Prodigal	002006
3922	1	4414363	4415017	f	0	1	Prodigal	002006
3923	1	4415013	4416369	f	0	1	Prodigal	002006
3924	1	4416476	4418447	r	0	1	Prodigal	002006
3925	1	4418514	4419012	r	0	1	Prodigal	002006
3926	1	4419067	4421035	r	0	1	Prodigal	002006
3927	1	4421311	4422442	f	0	1	Prodigal	002006
3928	1	4422465	4424946	f	0	1	Prodigal	002006
3929	1	4425031	4425493	r	0	1	Prodigal	002006
3930	1	4425534	4426884	r	0	1	Prodigal	002006
3931	1	4426880	4427537	r	0	1	Prodigal	002006
3932	1	4427558	4427897	r	0	1	Prodigal	002006
3933	1	4427966	4428209	f	0	1	Prodigal	002006
3934	1	4428205	4428832	r	0	1	Prodigal	002006
3935	1	4428822	4429824	r	0	1	Prodigal	002006
3936	1	4429895	4429991	r	0	1	Prodigal	002006
3937	1	4430191	4430674	f	0	1	Prodigal	002006
3938	1	4430675	4431956	r	0	1	Prodigal	002006
3939	1	4431952	4432480	r	0	1	Prodigal	002006
3940	1	4432476	4433877	r	0	1	Prodigal	002006
3941	1	4433980	4434073	r	0	1	Prodigal	002006
3942	1	4434197	4434773	f	0	1	Prodigal	002006
3943	1	4434698	4435403	r	0	1	Prodigal	002006
3944	1	4435565	4435970	f	0	1	Prodigal	002006
3945	1	4435966	4436503	r	0	1	Prodigal	002006
3946	1	4436590	4437355	f	0	1	Prodigal	002006
3947	1	4437363	4437825	r	0	1	Prodigal	002006
3948	1	4437979	4438972	f	0	1	Prodigal	002006
3949	1	4439182	4440007	r	0	1	Prodigal	002006
3950	1	4440066	4442640	r	0	1	Prodigal	002006
3951	1	4442841	4443579	r	0	1	Prodigal	002006
3952	1	4443758	4444739	r	0	1	Prodigal	002006
3953	1	4444847	4445612	f	0	1	Prodigal	002006
3954	1	4445746	4447075	r	0	1	Prodigal	002006
3955	1	4447173	4448574	r	0	1	Prodigal	002006
3956	1	4448707	4449994	r	0	1	Prodigal	002006
3957	1	4450030	4450699	r	0	1	Prodigal	002006
3958	1	4450846	4451626	r	0	1	Prodigal	002006
3959	1	4451724	4453209	r	0	1	Prodigal	002006
3960	1	4453220	4454747	r	0	1	Prodigal	002006
3961	1	4455254	4456418	r	0	1	Prodigal	002006
3962	1	4456575	4457478	f	0	1	Prodigal	002006
3963	1	4457495	4458008	f	0	1	Prodigal	002006
3964	1	4458073	4459966	r	0	1	Prodigal	002006
3965	1	4460173	4460671	r	0	1	Prodigal	002006
3966	1	4460771	4461644	f	0	1	Prodigal	002006
3967	1	4462066	4462609	f	0	1	Prodigal	002006
3968	1	4462708	4462903	f	0	1	Prodigal	002006
3969	1	4462883	4463804	f	0	1	Prodigal	002006
3970	1	4463819	4464284	f	0	1	Prodigal	002006
3971	1	4464484	4464976	f	0	1	Prodigal	002006
3972	1	4465108	4466515	r	0	1	Prodigal	002006
3973	1	4466638	4467643	r	0	1	Prodigal	002006
3974	1	4467722	4468649	r	0	1	Prodigal	002006
3975	1	4468711	4469932	r	0	1	Prodigal	002006
3976	1	4470679	4470856	f	0	1	Prodigal	002006
3977	1	4470953	4471601	f	0	1	Prodigal	002006
3978	1	4471539	4471971	f	0	1	Prodigal	002006
3979	1	4472709	4474083	r	0	1	Prodigal	002006
3980	1	4474114	4474555	r	0	1	Prodigal	002006
3981	1	4474566	4475154	r	0	1	Prodigal	002006
3982	1	4475990	4476608	r	0	1	Prodigal	002006
3983	1	4476750	4477407	f	0	1	Prodigal	002006
3984	1	4478183	4478444	r	0	1	Prodigal	002006
3985	1	4478440	4479262	r	0	1	Prodigal	002006
3986	1	4479365	4480274	r	0	1	Prodigal	002006
3987	1	4480386	4481061	r	0	1	Prodigal	002006
3988	1	4481081	4481585	r	0	1	Prodigal	002006
3989	1	4481659	4482217	r	0	1	Prodigal	002006
3990	1	4482272	4482746	r	0	1	Prodigal	002006
3991	1	4482738	4483854	r	0	1	Prodigal	002006
3992	1	4483855	4484947	r	0	1	Prodigal	002006
3993	1	4485055	4485568	f	0	1	Prodigal	002006
3994	1	4485580	4486525	f	0	1	Prodigal	002006
3995	1	4486585	4487878	f	0	1	Prodigal	002006
3996	1	4487965	4489342	f	0	1	Prodigal	002006
3997	1	4489438	4490881	f	0	1	Prodigal	002006
3998	1	4491122	4492934	r	0	1	Prodigal	002006
3999	1	4493285	4494695	f	0	1	Prodigal	002006
4000	1	4494819	4495398	f	0	1	Prodigal	002006
4001	1	4495484	4496540	f	0	1	Prodigal	002006
4002	1	4496549	4497968	f	0	1	Prodigal	002006
4003	1	4498109	4499111	f	0	1	Prodigal	002006
4004	1	4499262	4500603	r	0	1	Prodigal	002006
4005	1	4500599	4500815	r	0	1	Prodigal	002006
4006	1	4500955	4501477	f	0	1	Prodigal	002006
4007	1	4501548	4502001	r	0	1	Prodigal	002006
4008	1	4502346	4503186	r	0	1	Prodigal	002006
4009	1	4503292	4504264	r	0	1	Prodigal	002006
4010	1	4504447	4505176	r	0	1	Prodigal	002006
4011	1	4505259	4506756	r	0	1	Prodigal	002006
4012	1	4506836	4508168	r	0	1	Prodigal	002006
4013	1	4508354	4508897	f	0	1	Prodigal	002006
4014	1	4509021	4510518	f	0	1	Prodigal	002006
4015	1	4510566	4510815	f	0	1	Prodigal	002006
4016	1	4510940	4511837	f	0	1	Prodigal	002006
4017	1	4512018	4513638	f	0	1	Prodigal	002006
4018	1	4513760	4514870	f	0	1	Prodigal	002006
4019	1	4514949	4516044	r	0	1	Prodigal	002006
4020	1	4516345	4517866	r	0	1	Prodigal	002006
4021	1	4517869	4519711	r	0	1	Prodigal	002006
4022	1	4519857	4520802	r	0	1	Prodigal	002006
4023	1	4520814	4521093	r	0	1	Prodigal	002006
4024	1	4521089	4522736	r	0	1	Prodigal	002006
4025	1	4523120	4524635	f	0	1	Prodigal	002006
4026	1	4524762	4525662	f	0	1	Prodigal	002006
4027	1	4525668	4526634	f	0	1	Prodigal	002006
4028	1	4526558	4527065	r	0	1	Prodigal	002006
4029	1	4527061	4527712	r	0	1	Prodigal	002006
4030	1	4527786	4528422	f	0	1	Prodigal	002006
4031	1	4528511	4529690	f	0	1	Prodigal	002006
4032	1	4529761	4530370	r	0	1	Prodigal	002006
4033	1	4530599	4531577	r	0	1	Prodigal	002006
4034	1	4531692	4533144	r	0	1	Prodigal	002006
4035	1	4533299	4533563	r	0	1	Prodigal	002006
4036	1	4533593	4534748	r	0	1	Prodigal	002006
4037	1	4534875	4535265	r	0	1	Prodigal	002006
4038	1	4535265	4537695	r	0	1	Prodigal	002006
4039	1	4537867	4538521	r	0	1	Prodigal	002006
4040	1	4538596	4539313	r	0	1	Prodigal	002006
4041	1	4539460	4540324	f	0	1	Prodigal	002006
4042	1	4540444	4541350	r	0	1	Prodigal	002006
4043	1	4541470	4542598	f	0	1	Prodigal	002006
4044	1	4542646	4543483	f	0	1	Prodigal	002006
4045	1	4543533	4544256	r	0	1	Prodigal	002006
4046	1	4544620	4546771	f	0	1	Prodigal	002006
4047	1	4546849	4547800	r	0	1	Prodigal	002006
4048	1	4548093	4549539	r	0	1	Prodigal	002006
4049	1	4549705	4550044	r	0	1	Prodigal	002006
4050	1	4550120	4551566	r	0	1	Prodigal	002006
4051	1	4551668	4552124	r	0	1	Prodigal	002006
4052	1	4552120	4555195	r	0	1	Prodigal	002006
4053	1	4555516	4556482	r	0	1	Prodigal	002006
4054	1	4562526	4563090	f	0	1	Prodigal	002006
4055	1	4563178	4565944	r	0	1	Prodigal	002006
4056	1	4566344	4566995	f	0	1	Prodigal	002006
4057	1	4567067	4567277	r	0	1	Prodigal	002006
4058	1	4567523	4568804	r	0	1	Prodigal	002006
4059	1	4568824	4569604	r	0	1	Prodigal	002006
4060	1	4569612	4570524	r	0	1	Prodigal	002006
4061	1	4570609	4571305	f	0	1	Prodigal	002006
4062	1	4571286	4572657	f	0	1	Prodigal	002006
4063	1	4572731	4573196	f	0	1	Prodigal	002006
4064	1	4573209	4574499	r	0	1	Prodigal	002006
4065	1	4574573	4575200	r	0	1	Prodigal	002006
4066	1	4575410	4575710	r	0	1	Prodigal	002006
4067	1	4576110	4576734	r	0	1	Prodigal	002006
4068	1	4576938	4579362	f	0	1	Prodigal	002006
4069	1	4579431	4580301	r	0	1	Prodigal	002006
4070	1	4580297	4580834	r	0	1	Prodigal	002006
4071	1	4580979	4581414	f	0	1	Prodigal	002006
4072	1	4581526	4581691	f	0	1	Prodigal	002006
4073	1	4581711	4582044	r	0	1	Prodigal	002006
4074	1	4582181	4582307	r	0	1	Prodigal	002006
4075	1	4582381	4583362	r	0	1	Prodigal	002006
4076	1	4583394	4584417	r	0	1	Prodigal	002006
4077	1	4584668	4585112	f	0	1	Prodigal	002006
4078	1	4585147	4585435	f	0	1	Prodigal	002006
4079	1	4585444	4586746	f	0	1	Prodigal	002006
4080	1	4586844	4588110	r	0	1	Prodigal	002006
4081	1	4588111	4589146	r	0	1	Prodigal	002006
4082	1	4589422	4590199	f	0	1	Prodigal	002006
4083	1	4590250	4591288	r	0	1	Prodigal	002006
4084	1	4591422	4591905	f	0	1	Prodigal	002006
4085	1	4592011	4592947	r	0	1	Prodigal	002006
4086	1	4593061	4593874	r	0	1	Prodigal	002006
4087	1	4593898	4594354	r	0	1	Prodigal	002006
4088	1	4594447	4594615	r	0	1	Prodigal	002006
4089	1	4594626	4594863	r	0	1	Prodigal	002006
4090	1	4594999	4595674	r	0	1	Prodigal	002006
4091	1	4595821	4597024	f	0	1	Prodigal	002006
4092	1	4597104	4597563	f	0	1	Prodigal	002006
4093	1	4597632	4598229	f	0	1	Prodigal	002006
4094	1	4598394	4599231	f	0	1	Prodigal	002006
4095	1	4599578	4601228	f	0	1	Prodigal	002006
4096	1	4601384	4602866	r	0	1	Prodigal	002006
4097	1	4603087	4603981	f	0	1	Prodigal	002006
4098	1	4603969	4604842	r	0	1	Prodigal	002006
4099	1	4605022	4605214	f	0	1	Prodigal	002006
4100	1	4605287	4607876	f	0	1	Prodigal	002006
4101	1	4613541	4613655	r	0	1	Prodigal	002006
4102	1	4613919	4614444	r	0	1	Prodigal	002006
4103	1	4614451	4615909	r	0	1	Prodigal	002006
4104	1	4615945	4616563	r	0	1	Prodigal	002006
4105	1	4616562	4617885	r	0	1	Prodigal	002006
4106	1	4618076	4620014	f	0	1	Prodigal	002006
4107	1	4620218	4622366	f	0	1	Prodigal	002006
4108	1	4622387	4623551	f	0	1	Prodigal	002006
4109	1	4623829	4624552	f	0	1	Prodigal	002006
4110	1	4624548	4625994	f	0	1	Prodigal	002006
4111	1	4625998	4627237	f	0	1	Prodigal	002006
4112	1	4627312	4627504	r	0	1	Prodigal	002006
4113	1	4627673	4627919	f	0	1	Prodigal	002006
4114	1	4627940	4628288	f	0	1	Prodigal	002006
4115	1	4628432	4629089	r	0	1	Prodigal	002006
4116	1	4629218	4629791	r	0	1	Prodigal	002006
4117	1	4630013	4630937	f	0	1	Prodigal	002006
4118	1	4630946	4633028	f	0	1	Prodigal	002006
4119	1	4633087	4634176	r	0	1	Prodigal	002006
4120	1	4634656	4635421	f	0	1	Prodigal	002006
4121	1	4635539	4637003	r	0	1	Prodigal	002006
4122	1	4637307	4638594	r	0	1	Prodigal	002006
4123	1	4638867	4639245	f	0	1	Prodigal	002006
4124	1	4639371	4639866	f	0	1	Prodigal	002006
4125	1	4639896	4640859	r	0	1	Prodigal	002006
4126	1	4640979	4643244	r	0	1	Prodigal	002006
4127	1	4643463	4644168	r	0	1	Prodigal	002006
4128	1	4644540	4646040	f	0	1	Prodigal	002006
4129	1	4646042	4647362	f	0	1	Prodigal	002006
4130	1	4647426	4648431	r	0	1	Prodigal	002006
4131	1	4648865	4649987	f	0	1	Prodigal	002006
4132	1	4650053	4650980	f	0	1	Prodigal	002006
4133	1	4650979	4652248	f	0	1	Prodigal	002006
4134	1	4652244	4653018	f	0	1	Prodigal	002006
4135	1	4653028	4653730	f	0	1	Prodigal	002006
4136	1	4653852	4654176	f	0	1	Prodigal	002006
4137	1	4654172	4655006	f	0	1	Prodigal	002006
4138	1	4655147	4655405	f	0	1	Prodigal	002006
4139	1	4655459	4656473	r	0	1	Prodigal	002006
4140	1	4656692	4657391	r	0	1	Prodigal	002006
4141	1	4657537	4659007	r	0	1	Prodigal	002006
4142	1	4659040	4660033	r	0	1	Prodigal	002006
4143	1	4660141	4661407	r	0	1	Prodigal	002006
4144	1	4661611	4661938	r	0	1	Prodigal	002006
4145	1	4662051	4663341	f	0	1	Prodigal	002006
4146	1	4663352	4664843	f	0	1	Prodigal	002006
4147	1	4664873	4665128	f	0	1	Prodigal	002006
4148	1	4665198	4665948	r	0	1	Prodigal	002006
4149	1	4666024	4666765	f	0	1	Prodigal	002006
4150	1	4666771	4669318	r	0	1	Prodigal	002006
4151	1	4669525	4671568	r	0	1	Prodigal	002006
4152	1	4672132	4674322	f	0	1	Prodigal	002006
4153	1	4674405	4675422	r	0	1	Prodigal	002006
4154	1	4675425	4676211	r	0	1	Prodigal	002006
4155	1	4676399	4677155	r	0	1	Prodigal	002006
4156	1	4677151	4677616	r	0	1	Prodigal	002006
4157	1	4677619	4677871	r	0	1	Prodigal	002006
4158	1	4677913	4679554	r	0	1	Prodigal	002006
4159	1	4679553	4680162	r	0	1	Prodigal	002006
4160	1	4680170	4680923	r	0	1	Prodigal	002006
4161	1	4680988	4681366	r	0	1	Prodigal	002006
4162	1	4681461	4682727	r	0	1	Prodigal	002006
4163	1	4682720	4683965	r	0	1	Prodigal	002006
4164	1	4689527	4689641	r	0	1	Prodigal	002006
4165	1	4689874	4691053	r	0	1	Prodigal	002006
4166	1	4691055	4691718	r	0	1	Prodigal	002006
4167	1	4691714	4692116	r	0	1	Prodigal	002006
4168	1	4692112	4692643	r	0	1	Prodigal	002006
4169	1	4692639	4693944	r	0	1	Prodigal	002006
4170	1	4693940	4694702	r	0	1	Prodigal	002006
4171	1	4694912	4695689	f	0	1	Prodigal	002006
4172	1	4695762	4697595	r	0	1	Prodigal	002006
4173	1	4697651	4698425	r	0	1	Prodigal	002006
4174	1	4698502	4699222	f	0	1	Prodigal	002006
4175	1	4699218	4700640	f	0	1	Prodigal	002006
4176	1	4700720	4701515	f	0	1	Prodigal	002006
4177	1	4701635	4703012	f	0	1	Prodigal	002006
4178	1	4703063	4704425	r	0	1	Prodigal	002006
4179	1	4704519	4704948	r	0	1	Prodigal	002006
4180	1	4704966	4706355	r	0	1	Prodigal	002006
4181	1	4706388	4707255	r	0	1	Prodigal	002006
4182	1	4707298	4708840	r	0	1	Prodigal	002006
4183	1	4708855	4709389	r	0	1	Prodigal	002006
4184	1	4709402	4709873	r	0	1	Prodigal	002006
4185	1	4709927	4710170	r	0	1	Prodigal	002006
4186	1	4710228	4711011	r	0	1	Prodigal	002006
4187	1	4711019	4711412	r	0	1	Prodigal	002006
4188	1	4711620	4712529	r	0	1	Prodigal	002006
4189	1	4712525	4713329	r	0	1	Prodigal	002006
4190	1	4713355	4713991	r	0	1	Prodigal	002006
4191	1	4714003	4715893	r	0	1	Prodigal	002006
4192	1	4716401	4716851	r	0	1	Prodigal	002006
4193	1	4717245	4719342	f	0	1	Prodigal	002006
4194	1	4719421	4721068	f	0	1	Prodigal	002006
4195	1	4721114	4721879	f	0	1	Prodigal	002006
4196	1	4721891	4722797	f	0	1	Prodigal	002006
4197	1	4722793	4724776	f	0	1	Prodigal	002006
4198	1	4725196	4726516	r	0	1	Prodigal	002006
4199	1	4726515	4726770	r	0	1	Prodigal	002006
4200	1	4726939	4727368	r	0	1	Prodigal	002006
4201	1	4728148	4728616	f	0	1	Prodigal	002006
4202	1	4728620	4728731	r	0	1	Prodigal	002006
4203	1	4729384	4731850	f	0	1	Prodigal	002006
4204	1	4731970	4733791	f	0	1	Prodigal	002006
4205	1	4733790	4735557	f	0	1	Prodigal	002006
4206	1	4735556	4736264	f	0	1	Prodigal	002006
4207	1	4736257	4736743	f	0	1	Prodigal	002006
4208	1	4737211	4737547	f	0	1	Prodigal	002006
4209	1	4737701	4738406	f	0	1	Prodigal	002006
4210	1	4738392	4739232	f	0	1	Prodigal	002006
4211	1	4739433	4740573	r	0	1	Prodigal	002006
4212	1	4740735	4742097	r	0	1	Prodigal	002006
4213	1	4742196	4743843	r	0	1	Prodigal	002006
4214	1	4744063	4744423	r	0	1	Prodigal	002006
4215	1	4744422	4744557	r	0	1	Prodigal	002006
4216	1	4744827	4745562	r	0	1	Prodigal	002006
4217	1	4745574	4746240	r	0	1	Prodigal	002006
4218	1	4746243	4747002	r	0	1	Prodigal	002006
4219	2	120	954	f	0	1	Prodigal	002006
4220	2	1678	2089	f	0	1	Prodigal	002006
4221	2	2198	2447	r	0	1	Prodigal	002006
4222	2	2852	2963	r	0	1	Prodigal	002006
4223	2	3039	3333	r	0	1	Prodigal	002006
4224	2	3325	4273	r	0	1	Prodigal	002006
4225	2	4322	4715	r	0	1	Prodigal	002006
4226	2	4818	5103	r	0	1	Prodigal	002006
4227	2	5108	5921	r	0	1	Prodigal	002006
4228	2	6271	7096	r	0	1	Prodigal	002006
4229	2	7177	7729	f	0	1	Prodigal	002006
4230	2	7789	8041	f	0	1	Prodigal	002006
4231	2	8126	8369	r	0	1	Prodigal	002006
4232	2	8640	9201	f	0	1	Prodigal	002006
4233	2	9197	9290	f	0	1	Prodigal	002006
4234	2	9237	9714	f	0	1	Prodigal	002006
4235	2	9840	10122	f	0	1	Prodigal	002006
4236	2	10136	10439	f	0	1	Prodigal	002006
4237	2	11028	11154	f	0	1	Prodigal	002006
4238	2	11489	11774	r	0	1	Prodigal	002006
4239	2	11779	12592	r	0	1	Prodigal	002006
4240	2	12942	13800	r	0	1	Prodigal	002006
4241	2	13983	14754	r	0	1	Prodigal	002006
4242	2	15212	15428	f	0	1	Prodigal	002006
4243	2	15393	15858	f	0	1	Prodigal	002006
4244	2	16076	16715	f	0	1	Prodigal	002006
4245	2	16711	16945	f	0	1	Prodigal	002006
4246	2	17123	17744	f	0	1	Prodigal	002006
4247	2	17753	18023	f	0	1	Prodigal	002006
4248	2	18134	18845	r	0	1	Prodigal	002006
4249	2	19216	19792	f	0	1	Prodigal	002006
4250	2	19866	20091	f	0	1	Prodigal	002006
4251	2	20074	20494	f	0	1	Prodigal	002006
4252	2	20358	21612	r	0	1	Prodigal	002006
4253	2	22016	23000	r	0	1	Prodigal	002006
4254	2	23187	24213	f	0	1	Prodigal	002006
4255	2	24230	27290	f	0	1	Prodigal	002006
4256	2	27420	28032	r	0	1	Prodigal	002006
4257	2	28145	29174	f	0	1	Prodigal	002006
4258	2	29362	29749	r	0	1	Prodigal	002006
4259	2	30194	31109	f	0	1	Prodigal	002006
4260	2	31095	31368	f	0	1	Prodigal	002006
4261	2	31585	31867	f	0	1	Prodigal	002006
4262	2	31863	32196	f	0	1	Prodigal	002006
4263	2	32403	33036	f	0	1	Prodigal	002006
4264	2	33877	34060	f	0	1	Prodigal	002006
4265	2	34356	35946	f	0	1	Prodigal	002006
4266	2	35950	36253	f	0	1	Prodigal	002006
4267	2	36411	36624	r	0	1	Prodigal	002006
4268	2	37072	38077	f	0	1	Prodigal	002006
4269	2	38450	39173	f	0	1	Prodigal	002006
4270	2	39365	39647	f	0	1	Prodigal	002006
4271	2	39643	39976	f	0	1	Prodigal	002006
4272	2	40189	40429	f	0	1	Prodigal	002006
4273	2	40622	40904	f	0	1	Prodigal	002006
4274	2	40900	41233	f	0	1	Prodigal	002006
4275	2	41229	41322	f	0	1	Prodigal	002006
4276	2	43032	43488	r	0	1	Prodigal	002006
4277	2	43484	44408	r	0	1	Prodigal	002006
4278	2	44755	44992	f	0	1	Prodigal	002006
4279	2	45753	46272	f	0	1	Prodigal	002006
4280	2	46364	48773	f	0	1	Prodigal	002006
4281	2	48765	49458	f	0	1	Prodigal	002006
4282	2	49396	49954	f	0	1	Prodigal	002006
4283	2	50805	51285	f	0	1	Prodigal	002006
4284	2	52965	53967	f	0	1	Prodigal	002006
4285	2	53963	54770	f	0	1	Prodigal	002006
4286	2	55865	56696	f	0	1	Prodigal	002006
4287	2	56862	57525	r	0	1	Prodigal	002006
4288	2	57780	58626	r	0	1	Prodigal	002006
4289	2	58699	59296	r	0	1	Prodigal	002006
4290	2	59743	60295	f	0	1	Prodigal	002006
4291	2	61019	61637	f	0	1	Prodigal	002006
4292	2	61629	61881	f	0	1	Prodigal	002006
4293	2	62249	62636	f	0	1	Prodigal	002006
4294	2	62824	63853	r	0	1	Prodigal	002006
4295	2	63879	64578	f	0	1	Prodigal	002006
4296	2	64648	64951	f	0	1	Prodigal	002006
4297	2	65120	65447	f	0	1	Prodigal	002006
4298	2	65614	66328	f	0	1	Prodigal	002006
4299	2	66492	66744	r	0	1	Prodigal	002006
4300	2	66820	67222	r	0	1	Prodigal	002006
4301	2	67230	67461	r	0	1	Prodigal	002006
4302	2	67529	68219	r	0	1	Prodigal	002006
4303	2	68678	69683	f	0	1	Prodigal	002006
4304	2	69850	70537	f	0	1	Prodigal	002006
4305	2	70695	71076	r	0	1	Prodigal	002006
4306	2	71264	71456	r	0	1	Prodigal	002006
4307	2	71455	71983	r	0	1	Prodigal	002006
4308	2	72188	72941	r	0	1	Prodigal	002006
4309	2	73115	73613	r	0	1	Prodigal	002006
4310	2	73631	73868	r	0	1	Prodigal	002006
4311	2	73895	73994	r	0	1	Prodigal	002006
4312	2	74042	75008	r	0	1	Prodigal	002006
4313	2	74997	75399	r	0	1	Prodigal	002006
4314	2	76034	76190	f	0	1	Prodigal	002006
4315	2	76334	76781	f	0	1	Prodigal	002006
4316	2	76820	77183	f	0	1	Prodigal	002006
4317	2	77528	78203	r	0	1	Prodigal	002006
4318	2	78534	78666	f	0	1	Prodigal	002006
4319	2	78604	80647	f	0	1	Prodigal	002006
4320	2	81045	81690	f	0	1	Prodigal	002006
4321	2	81704	81944	f	0	1	Prodigal	002006
4322	2	82067	82523	f	0	1	Prodigal	002006
4323	2	82801	83149	f	0	1	Prodigal	002006
4324	2	83199	83562	f	0	1	Prodigal	002006
4325	2	83631	84036	f	0	1	Prodigal	002006
4326	2	84057	84519	r	0	1	Prodigal	002006
4327	2	85195	85564	f	0	1	Prodigal	002006
4328	2	85612	90742	r	0	1	Prodigal	002006
4329	2	90741	92928	r	0	1	Prodigal	002006
4330	2	92986	93721	r	0	1	Prodigal	002006
4331	2	93742	94312	r	0	1	Prodigal	002006
4332	2	94308	97152	r	0	1	Prodigal	002006
4333	2	97151	98516	r	0	1	Prodigal	002006
4334	2	98502	99039	r	0	1	Prodigal	002006
4335	2	99035	99374	r	0	1	Prodigal	002006
4336	2	99373	100225	r	0	1	Prodigal	002006
4337	2	100221	102075	r	0	1	Prodigal	002006
4338	2	102071	102707	r	0	1	Prodigal	002006
4339	2	102725	103340	r	0	1	Prodigal	002006
4340	2	103349	104339	r	0	1	Prodigal	002006
4341	2	104335	104965	r	0	1	Prodigal	002006
4342	2	104961	105399	r	0	1	Prodigal	002006
4343	2	105386	107972	r	0	1	Prodigal	002006
4344	2	107982	108534	r	0	1	Prodigal	002006
4345	2	108545	109874	r	0	1	Prodigal	002006
4346	2	109860	110604	r	0	1	Prodigal	002006
4347	2	110590	111157	r	0	1	Prodigal	002006
4348	2	111159	111468	r	0	1	Prodigal	002006
4349	2	111482	111794	r	0	1	Prodigal	002006
4350	2	112272	112896	r	0	1	Prodigal	002006
4351	3	1208	1493	r	0	1	Prodigal	002006
4352	3	2465	2804	r	0	1	Prodigal	002006
4353	3	3087	3600	f	0	1	Prodigal	002006
4354	3	3609	4311	f	0	1	Prodigal	002006
4355	3	4320	4638	f	0	1	Prodigal	002006
4356	3	4682	5357	f	0	1	Prodigal	002006
4357	3	5404	5650	f	0	1	Prodigal	002006
4358	3	5652	6354	f	0	1	Prodigal	002006
4359	3	6307	6613	f	0	1	Prodigal	002006
4360	3	6683	7115	r	0	1	Prodigal	002006
4361	3	7263	8073	f	0	1	Prodigal	002006
4362	3	8673	9114	r	0	1	Prodigal	002006
4363	3	9085	9397	r	0	1	Prodigal	002006
4364	3	9447	9597	r	0	1	Prodigal	002006
4365	3	9692	10106	r	0	1	Prodigal	002006
4366	3	10273	10747	r	0	1	Prodigal	002006
4367	3	11164	11491	r	0	1	Prodigal	002006
4368	3	11948	12242	f	0	1	Prodigal	002006
4369	3	13041	13398	r	0	1	Prodigal	002006
4370	3	13408	13627	r	0	1	Prodigal	002006
4371	3	13616	13880	r	0	1	Prodigal	002006
4372	3	13876	14440	r	0	1	Prodigal	002006
4373	3	14487	15000	r	0	1	Prodigal	002006
4374	3	16050	16383	r	0	1	Prodigal	002006
4375	3	16713	17019	f	0	1	Prodigal	002006
4376	3	17028	17652	f	0	1	Prodigal	002006
4377	3	17641	17938	f	0	1	Prodigal	002006
4378	3	18037	18313	f	0	1	Prodigal	002006
4379	3	18309	20682	f	0	1	Prodigal	002006
4380	3	20690	21335	f	0	1	Prodigal	002006
4381	3	21511	22315	f	0	1	Prodigal	002006
4382	3	22458	23202	f	0	1	Prodigal	002006
4383	3	23198	24902	f	0	1	Prodigal	002006
4384	3	24901	26407	f	0	1	Prodigal	002006
4385	3	26411	27536	f	0	1	Prodigal	002006
4386	3	27535	28231	f	0	1	Prodigal	002006
4387	3	28239	29763	f	0	1	Prodigal	002006
4388	3	29759	30818	f	0	1	Prodigal	002006
4389	3	30756	31338	f	0	1	Prodigal	002006
4390	3	31357	31882	f	0	1	Prodigal	002006
4391	3	31878	32799	f	0	1	Prodigal	002006
4392	3	32761	33325	f	0	1	Prodigal	002006
4393	3	34167	35442	f	0	1	Prodigal	002006
4394	3	35549	36086	f	0	1	Prodigal	002006
4395	3	36082	37204	f	0	1	Prodigal	002006
4396	3	37200	38223	f	0	1	Prodigal	002006
4397	3	38231	40115	f	0	1	Prodigal	002006
4398	3	40127	40622	f	0	1	Prodigal	002006
4399	3	40975	43123	f	0	1	Prodigal	002006
4400	3	44613	45123	r	0	1	Prodigal	002006
4401	3	45468	45699	r	0	1	Prodigal	002006
4402	3	45695	46325	r	0	1	Prodigal	002006
4403	3	46398	46704	r	0	1	Prodigal	002006
4404	3	48256	49297	r	0	1	Prodigal	002006
4405	4	487	1348	r	0	1	Prodigal	002006
