gene_callers_id	contig	start	stop	direction	partial	call_type	source	version
1	1	69	1371	f	0	1	Prodigal	002006
2	1	1454	2558	f	0	1	Prodigal	002006
3	1	2560	3664	f	0	1	Prodigal	002006
4	1	3660	6072	f	0	1	Prodigal	002006
5	1	6191	6569	r	0	1	Prodigal	002006
6	1	6635	7340	r	0	1	Prodigal	002006
7	1	7405	8365	r	0	1	Prodigal	002006
8	1	8456	9227	r	0	1	Prodigal	002006
9	1	9507	9921	f	0	1	Prodigal	002006
10	1	10012	10453	f	0	1	Prodigal	002006
11	1	10525	11776	r	0	1	Prodigal	002006
12	1	11827	11941	r	0	1	Prodigal	002006
13	1	12069	12303	f	0	1	Prodigal	002006
14	1	12232	13057	r	0	1	Prodigal	002006
15	1	13149	14277	f	0	1	Prodigal	002006
16	1	14281	14965	r	0	1	Prodigal	002006
17	1	15023	17612	r	0	1	Prodigal	002006
18	1	17738	18266	r	0	1	Prodigal	002006
19	1	18328	20386	r	0	1	Prodigal	002006
20	1	20453	22148	r	0	1	Prodigal	002006
21	1	22510	23860	r	0	1	Prodigal	002006
22	1	23936	25904	r	0	1	Prodigal	002006
23	1	26022	29103	r	0	1	Prodigal	002006
24	1	29118	30252	r	0	1	Prodigal	002006
25	1	30248	30845	r	0	1	Prodigal	002006
26	1	31719	32235	f	0	1	Prodigal	002006
27	1	32269	33085	r	0	1	Prodigal	002006
28	1	33174	34215	r	0	1	Prodigal	002006
29	1	34214	34874	r	0	1	Prodigal	002006
30	1	34873	35605	r	0	1	Prodigal	002006
31	1	35649	37767	r	0	1	Prodigal	002006
32	1	37898	38174	r	0	1	Prodigal	002006
33	1	38254	38881	r	0	1	Prodigal	002006
34	1	39184	40237	r	0	1	Prodigal	002006
35	1	40459	41173	f	0	1	Prodigal	002006
36	1	41243	42107	f	0	1	Prodigal	002006
37	1	42113	42968	r	0	1	Prodigal	002006
38	1	43010	43469	f	0	1	Prodigal	002006
39	1	43593	43755	r	0	1	Prodigal	002006
40	1	43739	44639	r	0	1	Prodigal	002006
41	1	44730	45690	f	0	1	Prodigal	002006
42	1	45668	46565	r	0	1	Prodigal	002006
43	1	46592	46682	r	0	1	Prodigal	002006
44	1	46874	47312	r	0	1	Prodigal	002006
45	1	47713	48901	f	0	1	Prodigal	002006
46	1	48993	49518	f	0	1	Prodigal	002006
47	1	49668	50853	f	0	1	Prodigal	002006
48	1	50934	52608	f	0	1	Prodigal	002006
49	1	52654	53398	f	0	1	Prodigal	002006
50	1	53507	54698	f	0	1	Prodigal	002006
51	1	54771	55896	r	0	1	Prodigal	002006
52	1	55892	56402	r	0	1	Prodigal	002006
53	1	56465	56768	r	0	1	Prodigal	002006
54	1	56772	57699	r	0	1	Prodigal	002006
55	1	57808	58711	f	0	1	Prodigal	002006
56	1	58976	60815	f	0	1	Prodigal	002006
57	1	60926	61730	f	0	1	Prodigal	002006
58	1	61737	62229	r	0	1	Prodigal	002006
59	1	62641	62755	f	0	1	Prodigal	002006
60	1	68236	69073	f	0	1	Prodigal	002006
61	1	69094	69529	r	0	1	Prodigal	002006
62	1	69542	70763	r	0	1	Prodigal	002006
63	1	70944	72957	f	0	1	Prodigal	002006
64	1	72959	75236	r	0	1	Prodigal	002006
65	1	75320	75770	r	0	1	Prodigal	002006
66	1	75973	77002	r	0	1	Prodigal	002006
67	1	77057	78248	r	0	1	Prodigal	002006
68	1	78363	79008	r	0	1	Prodigal	002006
69	1	79166	80123	f	0	1	Prodigal	002006
70	1	80241	82005	f	0	1	Prodigal	002006
71	1	82011	83211	f	0	1	Prodigal	002006
72	1	83213	84305	f	0	1	Prodigal	002006
73	1	84345	85059	f	0	1	Prodigal	002006
74	1	85062	86079	f	0	1	Prodigal	002006
75	1	86107	87205	f	0	1	Prodigal	002006
76	1	87220	88540	f	0	1	Prodigal	002006
77	1	88584	89124	r	0	1	Prodigal	002006
78	1	89422	90139	f	0	1	Prodigal	002006
79	1	90199	91021	f	0	1	Prodigal	002006
80	1	91061	91697	f	0	1	Prodigal	002006
81	1	91754	92885	f	0	1	Prodigal	002006
82	1	93276	93933	f	0	1	Prodigal	002006
83	1	94201	94714	f	0	1	Prodigal	002006
84	1	94815	95316	r	0	1	Prodigal	002006
85	1	95626	95824	f	0	1	Prodigal	002006
86	1	96086	96614	f	0	1	Prodigal	002006
87	1	96890	98960	f	0	1	Prodigal	002006
88	1	99079	101251	r	0	1	Prodigal	002006
89	1	101758	102757	f	0	1	Prodigal	002006
90	1	102842	104408	f	0	1	Prodigal	002006
91	1	104407	105526	f	0	1	Prodigal	002006
92	1	105528	106494	f	0	1	Prodigal	002006
93	1	106759	108751	r	0	1	Prodigal	002006
94	1	109100	110042	f	0	1	Prodigal	002006
95	1	110122	111547	r	0	1	Prodigal	002006
96	1	111705	112644	r	0	1	Prodigal	002006
97	1	112647	113757	r	0	1	Prodigal	002006
98	1	113753	114575	r	0	1	Prodigal	002006
99	1	114529	115564	r	0	1	Prodigal	002006
100	1	115560	116529	r	0	1	Prodigal	002006
101	1	116525	117167	r	0	1	Prodigal	002006
102	1	117444	118773	r	0	1	Prodigal	002006
103	1	118839	119373	r	0	1	Prodigal	002006
104	1	119560	120406	r	0	1	Prodigal	002006
105	1	120409	122155	r	0	1	Prodigal	002006
106	1	122465	123032	f	0	1	Prodigal	002006
107	1	123173	123743	f	0	1	Prodigal	002006
108	1	123735	124431	f	0	1	Prodigal	002006
109	1	124497	125313	r	0	1	Prodigal	002006
110	1	125428	126418	r	0	1	Prodigal	002006
111	1	126414	127563	r	0	1	Prodigal	002006
112	1	127559	128618	r	0	1	Prodigal	002006
113	1	128678	129692	r	0	1	Prodigal	002006
114	1	129893	130901	f	0	1	Prodigal	002006
115	1	131090	134150	f	0	1	Prodigal	002006
116	1	134426	135413	f	0	1	Prodigal	002006
117	1	135442	136987	f	0	1	Prodigal	002006
118	1	137003	138014	f	0	1	Prodigal	002006
119	1	138065	139799	f	0	1	Prodigal	002006
120	1	139866	141000	r	0	1	Prodigal	002006
121	1	141170	142313	f	0	1	Prodigal	002006
122	1	142402	142936	f	0	1	Prodigal	002006
123	1	143035	144865	r	0	1	Prodigal	002006
124	1	144870	145701	r	0	1	Prodigal	002006
125	1	145789	146206	r	0	1	Prodigal	002006
126	1	146371	147733	r	0	1	Prodigal	002006
127	1	147910	148900	r	0	1	Prodigal	002006
128	1	148974	149469	r	0	1	Prodigal	002006
129	1	149495	149942	r	0	1	Prodigal	002006
130	1	150004	150862	r	0	1	Prodigal	002006
131	1	151009	151384	r	0	1	Prodigal	002006
132	1	151848	153207	f	0	1	Prodigal	002006
133	1	153393	154755	f	0	1	Prodigal	002006
134	1	154808	155906	f	0	1	Prodigal	002006
135	1	156024	157110	f	0	1	Prodigal	002006
136	1	157188	158343	f	0	1	Prodigal	002006
137	1	158339	159245	f	0	1	Prodigal	002006
138	1	159241	160087	f	0	1	Prodigal	002006
139	1	160132	160837	f	0	1	Prodigal	002006
140	1	161329	161857	r	0	1	Prodigal	002006
141	1	161981	162446	r	0	1	Prodigal	002006
142	1	162579	164415	f	0	1	Prodigal	002006
143	1	164482	164785	r	0	1	Prodigal	002006
144	1	164890	166318	f	0	1	Prodigal	002006
145	1	166328	166616	f	0	1	Prodigal	002006
146	1	166775	167450	f	0	1	Prodigal	002006
147	1	167720	168206	r	0	1	Prodigal	002006
148	1	168352	170206	f	0	1	Prodigal	002006
149	1	170328	170979	f	0	1	Prodigal	002006
150	1	171079	171295	r	0	1	Prodigal	002006
151	1	171442	173650	f	0	1	Prodigal	002006
152	1	173714	174782	r	0	1	Prodigal	002006
153	1	174973	176407	f	0	1	Prodigal	002006
154	1	176576	177803	f	0	1	Prodigal	002006
155	1	178057	179299	f	0	1	Prodigal	002006
156	1	179475	180348	f	0	1	Prodigal	002006
157	1	180434	180872	f	0	1	Prodigal	002006
158	1	180860	181541	r	0	1	Prodigal	002006
159	1	181592	182501	f	0	1	Prodigal	002006
160	1	182555	184658	r	0	1	Prodigal	002006
161	1	184689	186759	r	0	1	Prodigal	002006
162	1	186949	188299	r	0	1	Prodigal	002006
163	1	188449	189790	r	0	1	Prodigal	002006
164	1	190035	190545	f	0	1	Prodigal	002006
165	1	190541	192338	f	0	1	Prodigal	002006
166	1	192347	192989	f	0	1	Prodigal	002006
167	1	193073	194081	r	0	1	Prodigal	002006
168	1	194170	194821	f	0	1	Prodigal	002006
169	1	194953	196306	r	0	1	Prodigal	002006
170	1	196315	197845	r	0	1	Prodigal	002006
171	1	198091	198523	f	0	1	Prodigal	002006
172	1	198573	199044	f	0	1	Prodigal	002006
173	1	199046	200051	f	0	1	Prodigal	002006
174	1	200120	200699	r	0	1	Prodigal	002006
175	1	200779	201259	r	0	1	Prodigal	002006
176	1	201546	202311	f	0	1	Prodigal	002006
177	1	202382	202616	f	0	1	Prodigal	002006
178	1	202617	203385	f	0	1	Prodigal	002006
179	1	203470	203749	f	0	1	Prodigal	002006
180	1	203819	206129	r	0	1	Prodigal	002006
181	1	206320	206794	r	0	1	Prodigal	002006
182	1	207043	207766	f	0	1	Prodigal	002006
183	1	207762	209073	f	0	1	Prodigal	002006
184	1	209110	210025	r	0	1	Prodigal	002006
185	1	210382	210694	f	0	1	Prodigal	002006
186	1	210716	211349	f	0	1	Prodigal	002006
187	1	211366	211972	f	0	1	Prodigal	002006
188	1	211968	212271	f	0	1	Prodigal	002006
189	1	212286	213108	f	0	1	Prodigal	002006
190	1	213130	213409	f	0	1	Prodigal	002006
191	1	213416	213764	f	0	1	Prodigal	002006
192	1	213767	214481	f	0	1	Prodigal	002006
193	1	214494	214908	f	0	1	Prodigal	002006
194	1	214907	215099	f	0	1	Prodigal	002006
195	1	215098	215347	f	0	1	Prodigal	002006
196	1	215494	215863	f	0	1	Prodigal	002006
197	1	215874	216192	f	0	1	Prodigal	002006
198	1	216205	216745	f	0	1	Prodigal	002006
199	1	216755	217061	f	0	1	Prodigal	002006
200	1	217082	217475	f	0	1	Prodigal	002006
201	1	217488	218022	f	0	1	Prodigal	002006
202	1	218031	218385	f	0	1	Prodigal	002006
203	1	218399	218900	f	0	1	Prodigal	002006
204	1	218906	219086	f	0	1	Prodigal	002006
205	1	219088	219526	f	0	1	Prodigal	002006
206	1	219534	220863	f	0	1	Prodigal	002006
207	1	221143	221500	f	0	1	Prodigal	002006
208	1	221514	221904	f	0	1	Prodigal	002006
209	1	221943	222564	f	0	1	Prodigal	002006
210	1	222589	223579	f	0	1	Prodigal	002006
211	1	223622	224006	f	0	1	Prodigal	002006
212	1	230467	232420	f	0	1	Prodigal	002006
213	1	232488	233877	r	0	1	Prodigal	002006
214	1	234017	235379	r	0	1	Prodigal	002006
215	1	235412	236135	r	0	1	Prodigal	002006
216	1	236334	236685	f	0	1	Prodigal	002006
217	1	236797	237697	r	0	1	Prodigal	002006
218	1	237961	238288	f	0	1	Prodigal	002006
219	1	238318	239005	f	0	1	Prodigal	002006
220	1	239044	239437	f	0	1	Prodigal	002006
221	1	239695	243049	f	0	1	Prodigal	002006
222	1	243048	246657	f	0	1	Prodigal	002006
223	1	246653	248717	f	0	1	Prodigal	002006
224	1	248986	250570	r	0	1	Prodigal	002006
225	1	251048	251528	f	0	1	Prodigal	002006
226	1	251794	252793	f	0	1	Prodigal	002006
227	1	252879	253482	r	0	1	Prodigal	002006
228	1	254756	255521	f	0	1	Prodigal	002006
229	1	255561	256371	r	0	1	Prodigal	002006
230	1	256590	257637	f	0	1	Prodigal	002006
231	1	257647	258481	f	0	1	Prodigal	002006
232	1	258482	259379	f	0	1	Prodigal	002006
233	1	259371	260148	f	0	1	Prodigal	002006
234	1	260154	261162	f	0	1	Prodigal	002006
235	1	261201	261855	f	0	1	Prodigal	002006
236	1	261967	263602	r	0	1	Prodigal	002006
237	1	263685	264126	f	0	1	Prodigal	002006
238	1	264263	265163	f	0	1	Prodigal	002006
239	1	265230	265857	r	0	1	Prodigal	002006
240	1	265963	267232	r	0	1	Prodigal	002006
241	1	267382	267559	r	0	1	Prodigal	002006
242	1	267659	269363	f	0	1	Prodigal	002006
243	1	269508	271686	f	0	1	Prodigal	002006
244	1	271950	272346	f	0	1	Prodigal	002006
245	1	272378	273092	f	0	1	Prodigal	002006
246	1	273128	273878	r	0	1	Prodigal	002006
247	1	273874	274786	r	0	1	Prodigal	002006
248	1	274954	276220	r	0	1	Prodigal	002006
249	1	276365	277214	f	0	1	Prodigal	002006
250	1	277226	278003	r	0	1	Prodigal	002006
251	1	278113	279430	r	0	1	Prodigal	002006
252	1	279653	279971	f	0	1	Prodigal	002006
253	1	280292	280817	f	0	1	Prodigal	002006
254	1	280892	282341	r	0	1	Prodigal	002006
255	1	282502	283000	f	0	1	Prodigal	002006
256	1	282950	283865	f	0	1	Prodigal	002006
257	1	283961	284549	r	0	1	Prodigal	002006
258	1	284850	285903	f	0	1	Prodigal	002006
259	1	285970	288823	r	0	1	Prodigal	002006
260	1	288887	289343	r	0	1	Prodigal	002006
261	1	289517	291026	r	0	1	Prodigal	002006
262	1	291198	292311	f	0	1	Prodigal	002006
263	1	292336	293407	f	0	1	Prodigal	002006
264	1	293481	294015	r	0	1	Prodigal	002006
265	1	294505	295714	f	0	1	Prodigal	002006
266	1	295810	296758	f	0	1	Prodigal	002006
267	1	297431	298904	f	0	1	Prodigal	002006
268	1	298907	299570	f	0	1	Prodigal	002006
269	1	299641	300217	f	0	1	Prodigal	002006
270	1	300213	300564	f	0	1	Prodigal	002006
271	1	300560	300809	f	0	1	Prodigal	002006
272	1	300805	301057	f	0	1	Prodigal	002006
273	1	301053	303858	f	0	1	Prodigal	002006
274	1	304345	304495	f	0	1	Prodigal	002006
275	1	305109	306966	f	0	1	Prodigal	002006
276	1	307373	307997	r	0	1	Prodigal	002006
277	1	308059	310108	r	0	1	Prodigal	002006
278	1	310399	311437	r	0	1	Prodigal	002006
279	1	311659	312571	r	0	1	Prodigal	002006
280	1	312832	314299	r	0	1	Prodigal	002006
281	1	314734	315613	r	0	1	Prodigal	002006
282	1	315646	316567	r	0	1	Prodigal	002006
283	1	316687	317743	r	0	1	Prodigal	002006
284	1	317964	318975	f	0	1	Prodigal	002006
285	1	319109	319361	f	0	1	Prodigal	002006
286	1	319431	320595	r	0	1	Prodigal	002006
287	1	320605	321655	r	0	1	Prodigal	002006
288	1	321651	322386	r	0	1	Prodigal	002006
289	1	322382	323375	r	0	1	Prodigal	002006
290	1	323635	326155	f	0	1	Prodigal	002006
291	1	326221	326875	r	0	1	Prodigal	002006
292	1	326871	327186	r	0	1	Prodigal	002006
293	1	327468	328719	f	0	1	Prodigal	002006
294	1	329002	329833	f	0	1	Prodigal	002006
295	1	329924	330605	f	0	1	Prodigal	002006
296	1	330597	331575	f	0	1	Prodigal	002006
297	1	331607	332318	f	0	1	Prodigal	002006
298	1	332394	332793	r	0	1	Prodigal	002006
299	1	332838	334365	r	0	1	Prodigal	002006
300	1	334480	334894	f	0	1	Prodigal	002006
301	1	334906	335689	r	0	1	Prodigal	002006
302	1	336085	336610	r	0	1	Prodigal	002006
303	1	336724	338068	f	0	1	Prodigal	002006
304	1	338140	338866	r	0	1	Prodigal	002006
305	1	338961	339360	r	0	1	Prodigal	002006
306	1	339480	340737	r	0	1	Prodigal	002006
307	1	340755	341013	r	0	1	Prodigal	002006
308	1	341012	341285	r	0	1	Prodigal	002006
309	1	341281	341914	r	0	1	Prodigal	002006
310	1	341916	342414	r	0	1	Prodigal	002006
311	1	342421	343201	r	0	1	Prodigal	002006
312	1	343200	344001	r	0	1	Prodigal	002006
313	1	344208	345204	f	0	1	Prodigal	002006
314	1	345203	345758	f	0	1	Prodigal	002006
315	1	345754	346315	f	0	1	Prodigal	002006
316	1	346286	346829	f	0	1	Prodigal	002006
317	1	346832	347558	f	0	1	Prodigal	002006
318	1	347623	349063	f	0	1	Prodigal	002006
319	1	349084	349372	f	0	1	Prodigal	002006
320	1	349374	349821	f	0	1	Prodigal	002006
321	1	349866	350733	f	0	1	Prodigal	002006
322	1	350753	351026	f	0	1	Prodigal	002006
323	1	351043	352948	r	0	1	Prodigal	002006
324	1	353055	353796	r	0	1	Prodigal	002006
325	1	353795	354911	r	0	1	Prodigal	002006
326	1	354894	356034	r	0	1	Prodigal	002006
327	1	356076	356727	r	0	1	Prodigal	002006
328	1	356738	357515	r	0	1	Prodigal	002006
329	1	357554	357851	r	0	1	Prodigal	002006
330	1	357850	358216	r	0	1	Prodigal	002006
331	1	358233	358593	r	0	1	Prodigal	002006
332	1	358908	360033	r	0	1	Prodigal	002006
333	1	360142	361504	r	0	1	Prodigal	002006
334	1	361585	361966	r	0	1	Prodigal	002006
335	1	362106	363201	f	0	1	Prodigal	002006
336	1	363467	363896	f	0	1	Prodigal	002006
337	1	363911	364304	f	0	1	Prodigal	002006
338	1	364599	365190	f	0	1	Prodigal	002006
339	1	365192	366410	f	0	1	Prodigal	002006
340	1	366406	367141	f	0	1	Prodigal	002006
341	1	367228	367858	f	0	1	Prodigal	002006
342	1	367854	368280	f	0	1	Prodigal	002006
343	1	368322	368901	r	0	1	Prodigal	002006
344	1	368905	369496	r	0	1	Prodigal	002006
345	1	369505	369877	r	0	1	Prodigal	002006
346	1	369818	371606	r	0	1	Prodigal	002006
347	1	371805	372639	f	0	1	Prodigal	002006
348	1	373409	374282	f	0	1	Prodigal	002006
349	1	374305	374668	f	0	1	Prodigal	002006
350	1	374667	375402	f	0	1	Prodigal	002006
351	1	375403	375673	f	0	1	Prodigal	002006
352	1	375669	376452	f	0	1	Prodigal	002006
353	1	376448	377585	f	0	1	Prodigal	002006
354	1	377588	379664	f	0	1	Prodigal	002006
355	1	380079	381462	f	0	1	Prodigal	002006
356	1	381465	381792	f	0	1	Prodigal	002006
357	1	381800	383558	f	0	1	Prodigal	002006
358	1	383544	384573	f	0	1	Prodigal	002006
359	1	384585	385278	f	0	1	Prodigal	002006
360	1	385270	386602	f	0	1	Prodigal	002006
361	1	386611	387025	f	0	1	Prodigal	002006
362	1	387034	387478	r	0	1	Prodigal	002006
363	1	387474	387750	r	0	1	Prodigal	002006
364	1	387826	388618	r	0	1	Prodigal	002006
365	1	388677	389067	f	0	1	Prodigal	002006
366	1	389069	389495	f	0	1	Prodigal	002006
367	1	389498	390206	f	0	1	Prodigal	002006
368	1	390224	391418	f	0	1	Prodigal	002006
369	1	391427	392162	f	0	1	Prodigal	002006
370	1	392240	393026	f	0	1	Prodigal	002006
371	1	393028	393697	f	0	1	Prodigal	002006
372	1	393705	394812	f	0	1	Prodigal	002006
373	1	394820	395219	f	0	1	Prodigal	002006
374	1	395218	396538	f	0	1	Prodigal	002006
375	1	396548	397466	f	0	1	Prodigal	002006
376	1	397487	398489	f	0	1	Prodigal	002006
377	1	398541	399828	f	0	1	Prodigal	002006
378	1	399824	400100	f	0	1	Prodigal	002006
379	1	400278	401118	f	0	1	Prodigal	002006
380	1	401227	402514	f	0	1	Prodigal	002006
381	1	402560	402953	f	0	1	Prodigal	002006
382	1	403404	404487	f	0	1	Prodigal	002006
383	1	404522	404981	f	0	1	Prodigal	002006
384	1	404988	405705	f	0	1	Prodigal	002006
385	1	405755	406613	f	0	1	Prodigal	002006
386	1	406612	407560	f	0	1	Prodigal	002006
387	1	407546	408008	f	0	1	Prodigal	002006
388	1	407940	408909	r	0	1	Prodigal	002006
389	1	409055	409355	f	0	1	Prodigal	002006
390	1	409595	410051	f	0	1	Prodigal	002006
391	1	410051	410990	f	0	1	Prodigal	002006
392	1	410993	411308	f	0	1	Prodigal	002006
393	1	411304	413059	f	0	1	Prodigal	002006
394	1	413042	414524	f	0	1	Prodigal	002006
395	1	414520	415876	f	0	1	Prodigal	002006
396	1	415869	416952	f	0	1	Prodigal	002006
397	1	416956	418240	f	0	1	Prodigal	002006
398	1	418236	419418	f	0	1	Prodigal	002006
399	1	419417	420500	f	0	1	Prodigal	002006
400	1	420611	422066	f	0	1	Prodigal	002006
401	1	422163	422916	f	0	1	Prodigal	002006
402	1	422896	424156	f	0	1	Prodigal	002006
403	1	424195	425347	f	0	1	Prodigal	002006
404	1	425446	426370	f	0	1	Prodigal	002006
405	1	426510	427416	f	0	1	Prodigal	002006
406	1	427474	430195	f	0	1	Prodigal	002006
407	1	430379	430784	f	0	1	Prodigal	002006
408	1	430861	431056	r	0	1	Prodigal	002006
409	1	431065	431788	r	0	1	Prodigal	002006
410	1	431825	432440	r	0	1	Prodigal	002006
411	1	432453	433326	r	0	1	Prodigal	002006
412	1	433387	434629	r	0	1	Prodigal	002006
413	1	434863	436570	r	0	1	Prodigal	002006
414	1	437326	438202	r	0	1	Prodigal	002006
415	1	438205	438676	r	0	1	Prodigal	002006
416	1	438806	439382	f	0	1	Prodigal	002006
417	1	439660	440425	f	0	1	Prodigal	002006
418	1	440504	443165	f	0	1	Prodigal	002006
419	1	443284	445174	f	0	1	Prodigal	002006
420	1	445322	446750	f	0	1	Prodigal	002006
421	1	446874	447837	f	0	1	Prodigal	002006
422	1	447925	449836	r	0	1	Prodigal	002006
423	1	450070	452332	f	0	1	Prodigal	002006
424	1	452561	455159	f	0	1	Prodigal	002006
425	1	455439	457026	f	0	1	Prodigal	002006
426	1	457189	458584	f	0	1	Prodigal	002006
427	1	458593	459721	f	0	1	Prodigal	002006
428	1	459705	462813	r	0	1	Prodigal	002006
429	1	462809	463910	r	0	1	Prodigal	002006
430	1	464000	464609	f	0	1	Prodigal	002006
431	1	464620	466024	f	0	1	Prodigal	002006
432	1	465995	466484	r	0	1	Prodigal	002006
433	1	466610	467120	r	0	1	Prodigal	002006
434	1	467119	467491	r	0	1	Prodigal	002006
435	1	467525	468311	f	0	1	Prodigal	002006
436	1	468830	470003	f	0	1	Prodigal	002006
437	1	470088	470421	r	0	1	Prodigal	002006
438	1	470554	471070	f	0	1	Prodigal	002006
439	1	471324	471780	f	0	1	Prodigal	002006
440	1	471842	472478	r	0	1	Prodigal	002006
441	1	472615	474001	r	0	1	Prodigal	002006
442	1	474211	475447	r	0	1	Prodigal	002006
443	1	475502	476414	r	0	1	Prodigal	002006
444	1	476439	477219	r	0	1	Prodigal	002006
445	1	477241	478249	r	0	1	Prodigal	002006
446	1	478534	479680	f	0	1	Prodigal	002006
447	1	479911	482545	f	0	1	Prodigal	002006
448	1	482666	483068	f	0	1	Prodigal	002006
449	1	483215	483680	f	0	1	Prodigal	002006
450	1	483864	484749	f	0	1	Prodigal	002006
451	1	484742	485627	r	0	1	Prodigal	002006
452	1	485755	486163	f	0	1	Prodigal	002006
453	1	486155	486845	f	0	1	Prodigal	002006
454	1	486919	487819	f	0	1	Prodigal	002006
455	1	488096	488960	f	0	1	Prodigal	002006
456	1	489050	491642	r	0	1	Prodigal	002006
457	1	491892	492384	f	0	1	Prodigal	002006
458	1	492464	493529	f	0	1	Prodigal	002006
459	1	493570	494083	f	0	1	Prodigal	002006
460	1	494378	497003	f	0	1	Prodigal	002006
461	1	497019	498258	f	0	1	Prodigal	002006
462	1	498361	498550	f	0	1	Prodigal	002006
463	1	499768	500596	r	0	1	Prodigal	002006
464	1	500755	501421	r	0	1	Prodigal	002006
465	1	501439	502732	r	0	1	Prodigal	002006
466	1	502975	504034	r	0	1	Prodigal	002006
467	1	504164	504359	r	0	1	Prodigal	002006
468	1	504532	505483	r	0	1	Prodigal	002006
469	1	505620	506568	f	0	1	Prodigal	002006
470	1	506760	508191	f	0	1	Prodigal	002006
471	1	508258	509920	f	0	1	Prodigal	002006
472	1	509923	510523	f	0	1	Prodigal	002006
473	1	510643	510832	f	0	1	Prodigal	002006
474	1	510892	511549	r	0	1	Prodigal	002006
475	1	511664	514532	r	0	1	Prodigal	002006
476	1	521227	521977	f	0	1	Prodigal	002006
477	1	522273	523176	f	0	1	Prodigal	002006
478	1	523090	523906	r	0	1	Prodigal	002006
479	1	524120	525407	r	0	1	Prodigal	002006
480	1	525729	527040	f	0	1	Prodigal	002006
481	1	527131	527827	f	0	1	Prodigal	002006
482	1	527914	528265	f	0	1	Prodigal	002006
483	1	528403	529813	r	0	1	Prodigal	002006
484	1	530114	530324	f	0	1	Prodigal	002006
485	1	530318	530591	r	0	1	Prodigal	002006
486	1	531472	532933	r	0	1	Prodigal	002006
487	1	532922	534140	r	0	1	Prodigal	002006
488	1	534291	535320	r	0	1	Prodigal	002006
489	1	535600	536473	f	0	1	Prodigal	002006
490	1	536565	537534	r	0	1	Prodigal	002006
491	1	537703	538384	f	0	1	Prodigal	002006
492	1	538409	539675	f	0	1	Prodigal	002006
493	1	539768	542225	r	0	1	Prodigal	002006
494	1	542224	543397	r	0	1	Prodigal	002006
495	1	543671	543995	f	0	1	Prodigal	002006
496	1	544070	545342	r	0	1	Prodigal	002006
497	1	545778	546591	r	0	1	Prodigal	002006
498	1	546630	547239	r	0	1	Prodigal	002006
499	1	547383	548064	f	0	1	Prodigal	002006
500	1	548149	548362	r	0	1	Prodigal	002006
501	1	548476	548812	r	0	1	Prodigal	002006
502	1	548811	549402	r	0	1	Prodigal	002006
503	1	549487	550750	r	0	1	Prodigal	002006
504	1	550967	551969	f	0	1	Prodigal	002006
505	1	552025	552601	f	0	1	Prodigal	002006
506	1	552872	553712	f	0	1	Prodigal	002006
507	1	553708	554599	f	0	1	Prodigal	002006
508	1	554621	555689	f	0	1	Prodigal	002006
509	1	555811	556759	f	0	1	Prodigal	002006
510	1	556953	558165	f	0	1	Prodigal	002006
511	1	558161	558827	f	0	1	Prodigal	002006
512	1	558807	558939	f	0	1	Prodigal	002006
513	1	558919	559582	f	0	1	Prodigal	002006
514	1	559825	560371	f	0	1	Prodigal	002006
515	1	560342	561179	f	0	1	Prodigal	002006
516	1	561381	562344	f	0	1	Prodigal	002006
517	1	562369	563791	r	0	1	Prodigal	002006
518	1	564207	565890	r	0	1	Prodigal	002006
519	1	566166	567999	f	0	1	Prodigal	002006
520	1	568576	569659	f	0	1	Prodigal	002006
521	1	569664	571908	f	0	1	Prodigal	002006
522	1	571907	574868	f	0	1	Prodigal	002006
523	1	574861	575755	f	0	1	Prodigal	002006
524	1	576374	578777	f	0	1	Prodigal	002006
525	1	578776	580735	f	0	1	Prodigal	002006
526	1	580731	581982	f	0	1	Prodigal	002006
527	1	581968	582283	f	0	1	Prodigal	002006
528	1	582428	582662	r	0	1	Prodigal	002006
529	1	582971	584264	f	0	1	Prodigal	002006
530	1	584279	587447	r	0	1	Prodigal	002006
531	1	587726	588206	f	0	1	Prodigal	002006
532	1	588326	589034	f	0	1	Prodigal	002006
533	1	589035	589371	f	0	1	Prodigal	002006
534	1	589493	591020	f	0	1	Prodigal	002006
535	1	591031	591919	f	0	1	Prodigal	002006
536	1	592057	592381	f	0	1	Prodigal	002006
537	1	592444	593377	r	0	1	Prodigal	002006
538	1	593539	594736	r	0	1	Prodigal	002006
539	1	594863	595139	r	0	1	Prodigal	002006
540	1	595210	596149	f	0	1	Prodigal	002006
541	1	596196	596610	r	0	1	Prodigal	002006
542	1	596822	598400	f	0	1	Prodigal	002006
543	1	598412	600908	f	0	1	Prodigal	002006
544	1	601123	603571	r	0	1	Prodigal	002006
545	1	603755	604256	f	0	1	Prodigal	002006
546	1	604315	605143	r	0	1	Prodigal	002006
547	1	605287	606508	f	0	1	Prodigal	002006
548	1	606510	607296	r	0	1	Prodigal	002006
549	1	607292	608609	r	0	1	Prodigal	002006
550	1	608807	609638	r	0	1	Prodigal	002006
551	1	609758	610496	f	0	1	Prodigal	002006
552	1	610619	611948	f	0	1	Prodigal	002006
553	1	612001	612298	r	0	1	Prodigal	002006
554	1	612377	612821	r	0	1	Prodigal	002006
555	1	612961	614077	f	0	1	Prodigal	002006
556	1	614195	615458	f	0	1	Prodigal	002006
557	1	615467	616601	f	0	1	Prodigal	002006
558	1	616723	617203	r	0	1	Prodigal	002006
559	1	617366	617894	f	0	1	Prodigal	002006
560	1	617903	619502	f	0	1	Prodigal	002006
561	1	619620	620859	r	0	1	Prodigal	002006
562	1	621096	622149	f	0	1	Prodigal	002006
563	1	622157	622430	f	0	1	Prodigal	002006
564	1	622547	623651	f	0	1	Prodigal	002006
565	1	623736	624123	r	0	1	Prodigal	002006
566	1	624377	625415	f	0	1	Prodigal	002006
567	1	625681	626719	f	0	1	Prodigal	002006
568	1	626849	627872	r	0	1	Prodigal	002006
569	1	628006	630400	f	0	1	Prodigal	002006
570	1	630396	631146	f	0	1	Prodigal	002006
571	1	631148	631721	f	0	1	Prodigal	002006
572	1	631777	632233	f	0	1	Prodigal	002006
573	1	632305	633529	r	0	1	Prodigal	002006
574	1	633648	634359	f	0	1	Prodigal	002006
575	1	634550	635855	f	0	1	Prodigal	002006
576	1	636306	637584	f	0	1	Prodigal	002006
577	1	637657	637888	r	0	1	Prodigal	002006
578	1	637892	638354	r	0	1	Prodigal	002006
579	1	638343	638802	r	0	1	Prodigal	002006
580	1	638939	639926	f	0	1	Prodigal	002006
581	1	639989	641549	r	0	1	Prodigal	002006
582	1	641686	641986	r	0	1	Prodigal	002006
583	1	642104	643709	r	0	1	Prodigal	002006
584	1	643893	644601	f	0	1	Prodigal	002006
585	1	644695	645355	r	0	1	Prodigal	002006
586	1	645638	646067	f	0	1	Prodigal	002006
587	1	646085	646835	r	0	1	Prodigal	002006
588	1	646925	647375	f	0	1	Prodigal	002006
589	1	647470	648103	f	0	1	Prodigal	002006
590	1	648134	648815	f	0	1	Prodigal	002006
591	1	648909	650634	r	0	1	Prodigal	002006
592	1	650908	652261	f	0	1	Prodigal	002006
593	1	652341	652908	r	0	1	Prodigal	002006
594	1	652904	654554	r	0	1	Prodigal	002006
595	1	654546	655950	r	0	1	Prodigal	002006
596	1	655994	656354	f	0	1	Prodigal	002006
597	1	656487	657078	r	0	1	Prodigal	002006
598	1	657143	658247	r	0	1	Prodigal	002006
599	1	658251	659892	r	0	1	Prodigal	002006
600	1	660146	662183	r	0	1	Prodigal	002006
601	1	662282	663182	r	0	1	Prodigal	002006
602	1	663391	664030	r	0	1	Prodigal	002006
603	1	664092	664869	f	0	1	Prodigal	002006
604	1	665062	665674	f	0	1	Prodigal	002006
605	1	665755	667765	r	0	1	Prodigal	002006
606	1	668025	668640	f	0	1	Prodigal	002006
607	1	668648	669659	f	0	1	Prodigal	002006
608	1	670594	672151	f	0	1	Prodigal	002006
609	1	672162	673299	f	0	1	Prodigal	002006
610	1	673313	673430	f	0	1	Prodigal	002006
611	1	673482	673728	f	0	1	Prodigal	002006
612	1	673833	674241	f	0	1	Prodigal	002006
613	1	674230	674920	f	0	1	Prodigal	002006
614	1	674919	675366	f	0	1	Prodigal	002006
615	1	675377	676505	f	0	1	Prodigal	002006
616	1	676600	677926	f	0	1	Prodigal	002006
617	1	677975	678500	f	0	1	Prodigal	002006
618	1	678658	679459	f	0	1	Prodigal	002006
619	1	680732	682046	r	0	1	Prodigal	002006
620	1	682478	683198	f	0	1	Prodigal	002006
621	1	683201	684515	r	0	1	Prodigal	002006
622	1	684726	685566	r	0	1	Prodigal	002006
623	1	685773	686337	f	0	1	Prodigal	002006
624	1	686388	687207	r	0	1	Prodigal	002006
625	1	687317	688547	r	0	1	Prodigal	002006
626	1	688653	689277	f	0	1	Prodigal	002006
627	1	689588	690065	f	0	1	Prodigal	002006
628	1	690201	690519	r	0	1	Prodigal	002006
629	1	690664	690892	r	0	1	Prodigal	002006
630	1	691098	691554	f	0	1	Prodigal	002006
631	1	691611	692778	f	0	1	Prodigal	002006
632	1	692851	693238	r	0	1	Prodigal	002006
633	1	693306	695463	r	0	1	Prodigal	002006
634	1	695462	697640	r	0	1	Prodigal	002006
635	1	697722	699912	r	0	1	Prodigal	002006
636	1	700259	701255	f	0	1	Prodigal	002006
637	1	701341	702208	f	0	1	Prodigal	002006
638	1	702278	703352	r	0	1	Prodigal	002006
639	1	703492	705598	f	0	1	Prodigal	002006
640	1	705667	706123	r	0	1	Prodigal	002006
641	1	706119	707043	r	0	1	Prodigal	002006
642	1	707255	708686	f	0	1	Prodigal	002006
643	1	708782	709691	f	0	1	Prodigal	002006
644	1	709703	711131	f	0	1	Prodigal	002006
645	1	711135	712860	f	0	1	Prodigal	002006
646	1	713108	713699	f	0	1	Prodigal	002006
647	1	714147	714876	r	0	1	Prodigal	002006
648	1	715544	717182	r	0	1	Prodigal	002006
649	1	717458	718319	r	0	1	Prodigal	002006
650	1	718423	718894	r	0	1	Prodigal	002006
651	1	718928	720176	r	0	1	Prodigal	002006
652	1	720169	720859	r	0	1	Prodigal	002006
653	1	720863	721442	r	0	1	Prodigal	002006
654	1	721473	721773	r	0	1	Prodigal	002006
655	1	721817	722360	r	0	1	Prodigal	002006
656	1	722580	723471	r	0	1	Prodigal	002006
657	1	723610	723958	f	0	1	Prodigal	002006
658	1	723986	724517	r	0	1	Prodigal	002006
659	1	724733	726314	r	0	1	Prodigal	002006
660	1	726423	727305	r	0	1	Prodigal	002006
661	1	727463	727850	f	0	1	Prodigal	002006
662	1	727846	728167	f	0	1	Prodigal	002006
663	1	728245	728647	r	0	1	Prodigal	002006
664	1	728705	731024	r	0	1	Prodigal	002006
665	1	731097	733545	r	0	1	Prodigal	002006
666	1	733723	734266	f	0	1	Prodigal	002006
667	1	734262	735006	f	0	1	Prodigal	002006
668	1	735125	735575	f	0	1	Prodigal	002006
669	1	735686	736595	f	0	1	Prodigal	002006
670	1	736761	738228	f	0	1	Prodigal	002006
671	1	738239	738749	f	0	1	Prodigal	002006
672	1	738745	739540	f	0	1	Prodigal	002006
673	1	739741	740599	f	0	1	Prodigal	002006
674	1	740623	740974	f	0	1	Prodigal	002006
675	1	741118	742489	f	0	1	Prodigal	002006
676	1	742572	743097	r	0	1	Prodigal	002006
677	1	743104	743524	r	0	1	Prodigal	002006
678	1	743643	744051	r	0	1	Prodigal	002006
679	1	744296	746399	f	0	1	Prodigal	002006
680	1	746458	747232	r	0	1	Prodigal	002006
681	1	747228	748146	r	0	1	Prodigal	002006
682	1	748257	748788	r	0	1	Prodigal	002006
683	1	748989	749604	f	0	1	Prodigal	002006
684	1	749676	750288	r	0	1	Prodigal	002006
685	1	750284	751655	r	0	1	Prodigal	002006
686	1	751913	752615	f	0	1	Prodigal	002006
687	1	752685	753699	r	0	1	Prodigal	002006
688	1	753815	754802	r	0	1	Prodigal	002006
689	1	754913	756482	r	0	1	Prodigal	002006
690	1	756771	757239	r	0	1	Prodigal	002006
691	1	757394	758282	r	0	1	Prodigal	002006
692	1	758316	758796	r	0	1	Prodigal	002006
693	1	758885	761603	r	0	1	Prodigal	002006
694	1	761756	763079	f	0	1	Prodigal	002006
695	1	763391	765605	f	0	1	Prodigal	002006
696	1	765785	766583	f	0	1	Prodigal	002006
697	1	766724	768362	f	0	1	Prodigal	002006
698	1	768450	769752	f	0	1	Prodigal	002006
699	1	769875	770361	r	0	1	Prodigal	002006
700	1	770481	770946	r	0	1	Prodigal	002006
701	1	771064	771571	r	0	1	Prodigal	002006
702	1	771595	771943	r	0	1	Prodigal	002006
703	1	772088	772427	r	0	1	Prodigal	002006
704	1	772714	773143	r	0	1	Prodigal	002006
705	1	773570	774167	r	0	1	Prodigal	002006
706	1	774358	774724	r	0	1	Prodigal	002006
707	1	774915	775122	f	0	1	Prodigal	002006
708	1	775226	776081	r	0	1	Prodigal	002006
709	1	776074	776536	r	0	1	Prodigal	002006
710	1	776528	778439	r	0	1	Prodigal	002006
711	1	778593	779007	f	0	1	Prodigal	002006
712	1	779124	780786	r	0	1	Prodigal	002006
713	1	780960	781428	r	0	1	Prodigal	002006
714	1	781482	782859	r	0	1	Prodigal	002006
715	1	782975	783572	f	0	1	Prodigal	002006
716	1	783697	784288	f	0	1	Prodigal	002006
717	1	784414	785113	f	0	1	Prodigal	002006
718	1	785243	786350	f	0	1	Prodigal	002006
719	1	786664	787135	f	0	1	Prodigal	002006
720	1	787356	788556	f	0	1	Prodigal	002006
721	1	788699	789941	f	0	1	Prodigal	002006
722	1	790128	791055	f	0	1	Prodigal	002006
723	1	791124	792018	r	0	1	Prodigal	002006
724	1	792344	793862	f	0	1	Prodigal	002006
725	1	794070	794388	f	0	1	Prodigal	002006
726	1	794380	795073	f	0	1	Prodigal	002006
727	1	795219	795696	f	0	1	Prodigal	002006
728	1	795695	796754	f	0	1	Prodigal	002006
729	1	796734	797496	f	0	1	Prodigal	002006
730	1	797503	798121	f	0	1	Prodigal	002006
731	1	798117	798699	f	0	1	Prodigal	002006
732	1	798708	799779	f	0	1	Prodigal	002006
733	1	799824	800808	f	0	1	Prodigal	002006
734	1	800885	801923	r	0	1	Prodigal	002006
735	1	802122	802689	f	0	1	Prodigal	002006
736	1	802747	803701	r	0	1	Prodigal	002006
737	1	803856	804954	f	0	1	Prodigal	002006
738	1	805080	806784	f	0	1	Prodigal	002006
739	1	806901	807696	r	0	1	Prodigal	002006
740	1	808312	809074	f	0	1	Prodigal	002006
741	1	809174	810599	r	0	1	Prodigal	002006
742	1	810966	812238	f	0	1	Prodigal	002006
743	1	812313	813564	r	0	1	Prodigal	002006
744	1	813661	815167	r	0	1	Prodigal	002006
745	1	815293	815758	r	0	1	Prodigal	002006
746	1	815956	816865	f	0	1	Prodigal	002006
747	1	816945	817506	r	0	1	Prodigal	002006
748	1	817703	818345	f	0	1	Prodigal	002006
749	1	818417	818696	f	0	1	Prodigal	002006
750	1	818692	819736	f	0	1	Prodigal	002006
751	1	826108	826561	f	0	1	Prodigal	002006
752	1	826772	828920	f	0	1	Prodigal	002006
753	1	828930	829614	f	0	1	Prodigal	002006
754	1	829834	831205	f	0	1	Prodigal	002006
755	1	831274	831979	r	0	1	Prodigal	002006
756	1	831965	833585	r	0	1	Prodigal	002006
757	1	833581	834562	r	0	1	Prodigal	002006
758	1	834802	835093	f	0	1	Prodigal	002006
759	1	835123	836053	r	0	1	Prodigal	002006
760	1	836170	836770	r	0	1	Prodigal	002006
761	1	836782	838180	r	0	1	Prodigal	002006
762	1	838213	839299	r	0	1	Prodigal	002006
763	1	839295	840858	r	0	1	Prodigal	002006
764	1	841266	841887	f	0	1	Prodigal	002006
765	1	842013	842517	f	0	1	Prodigal	002006
766	1	842513	843623	f	0	1	Prodigal	002006
767	1	843660	843813	f	0	1	Prodigal	002006
768	1	844203	845922	f	0	1	Prodigal	002006
769	1	845921	846416	f	0	1	Prodigal	002006
770	1	846520	847147	f	0	1	Prodigal	002006
771	1	847307	848201	r	0	1	Prodigal	002006
772	1	848301	848598	r	0	1	Prodigal	002006
773	1	848624	849485	r	0	1	Prodigal	002006
774	1	849882	851280	f	0	1	Prodigal	002006
775	1	851353	852358	f	0	1	Prodigal	002006
776	1	852357	853512	f	0	1	Prodigal	002006
777	1	853511	854708	f	0	1	Prodigal	002006
778	1	854818	855454	r	0	1	Prodigal	002006
779	1	855583	856438	r	0	1	Prodigal	002006
780	1	856509	857208	r	0	1	Prodigal	002006
781	1	857446	858418	f	0	1	Prodigal	002006
782	1	858492	859890	r	0	1	Prodigal	002006
783	1	860102	861014	r	0	1	Prodigal	002006
784	1	861110	861431	r	0	1	Prodigal	002006
785	1	861808	863989	r	0	1	Prodigal	002006
786	1	864044	865247	r	0	1	Prodigal	002006
787	1	865551	865992	f	0	1	Prodigal	002006
788	1	866051	866552	r	0	1	Prodigal	002006
789	1	866587	866686	r	0	1	Prodigal	002006
790	1	866715	867180	r	0	1	Prodigal	002006
791	1	867204	867738	r	0	1	Prodigal	002006
792	1	867943	868831	f	0	1	Prodigal	002006
793	1	868823	869951	f	0	1	Prodigal	002006
794	1	870116	871220	f	0	1	Prodigal	002006
795	1	871348	871951	r	0	1	Prodigal	002006
796	1	872048	872948	f	0	1	Prodigal	002006
797	1	873019	873661	f	0	1	Prodigal	002006
798	1	873734	874181	f	0	1	Prodigal	002006
799	1	874270	874969	f	0	1	Prodigal	002006
800	1	875036	876023	r	0	1	Prodigal	002006
801	1	876229	878542	f	0	1	Prodigal	002006
802	1	878593	879958	f	0	1	Prodigal	002006
803	1	880273	880477	f	0	1	Prodigal	002006
804	1	880700	884942	f	0	1	Prodigal	002006
805	1	884922	886134	f	0	1	Prodigal	002006
806	1	886173	888150	f	0	1	Prodigal	002006
807	1	888209	888710	r	0	1	Prodigal	002006
808	1	888806	889607	r	0	1	Prodigal	002006
809	1	889632	890286	r	0	1	Prodigal	002006
810	1	890266	891310	r	0	1	Prodigal	002006
811	1	891815	892271	f	0	1	Prodigal	002006
812	1	892375	893116	r	0	1	Prodigal	002006
813	1	893227	894382	r	0	1	Prodigal	002006
814	1	894442	895954	f	0	1	Prodigal	002006
815	1	895964	896438	f	0	1	Prodigal	002006
816	1	896461	898150	f	0	1	Prodigal	002006
817	1	898166	898325	f	0	1	Prodigal	002006
818	1	898328	898430	f	0	1	Prodigal	002006
819	1	898433	900305	f	0	1	Prodigal	002006
820	1	900294	901224	f	0	1	Prodigal	002006
821	1	901296	901560	f	0	1	Prodigal	002006
822	1	901623	902910	f	0	1	Prodigal	002006
823	1	903001	904153	f	0	1	Prodigal	002006
824	1	904156	905041	f	0	1	Prodigal	002006
825	1	905158	905347	f	0	1	Prodigal	002006
826	1	905427	906399	r	0	1	Prodigal	002006
827	1	906641	906953	f	0	1	Prodigal	002006
828	1	906970	907228	f	0	1	Prodigal	002006
829	1	907416	908619	f	0	1	Prodigal	002006
830	1	908985	910356	f	0	1	Prodigal	002006
831	1	910539	910881	r	0	1	Prodigal	002006
832	1	910982	911312	r	0	1	Prodigal	002006
833	1	911617	912607	f	0	1	Prodigal	002006
834	1	912779	913280	f	0	1	Prodigal	002006
835	1	913399	914221	r	0	1	Prodigal	002006
836	1	914227	914590	r	0	1	Prodigal	002006
837	1	914594	915407	r	0	1	Prodigal	002006
838	1	915396	916392	r	0	1	Prodigal	002006
839	1	916391	917690	r	0	1	Prodigal	002006
840	1	917716	920185	r	0	1	Prodigal	002006
841	1	920359	921370	f	0	1	Prodigal	002006
842	1	921366	922035	f	0	1	Prodigal	002006
843	1	922054	922888	f	0	1	Prodigal	002006
844	1	922958	923684	r	0	1	Prodigal	002006
845	1	923779	924178	r	0	1	Prodigal	002006
846	1	924294	925746	r	0	1	Prodigal	002006
847	1	926140	926230	f	0	1	Prodigal	002006
848	1	926693	927161	f	0	1	Prodigal	002006
849	1	927333	928602	f	0	1	Prodigal	002006
850	1	928664	929057	f	0	1	Prodigal	002006
851	1	929238	930342	f	0	1	Prodigal	002006
852	1	930377	931631	f	0	1	Prodigal	002006
853	1	931727	932117	r	0	1	Prodigal	002006
854	1	932119	932371	r	0	1	Prodigal	002006
855	1	932360	932630	r	0	1	Prodigal	002006
856	1	932626	933505	r	0	1	Prodigal	002006
857	1	933527	934607	r	0	1	Prodigal	002006
858	1	934653	935199	f	0	1	Prodigal	002006
859	1	936315	936525	r	0	1	Prodigal	002006
860	1	936799	937468	r	0	1	Prodigal	002006
861	1	937567	939670	r	0	1	Prodigal	002006
862	1	939944	941360	f	0	1	Prodigal	002006
863	1	941532	942876	r	0	1	Prodigal	002006
864	1	943140	943470	r	0	1	Prodigal	002006
865	1	943563	945231	r	0	1	Prodigal	002006
866	1	945474	946050	f	0	1	Prodigal	002006
867	1	946107	946671	f	0	1	Prodigal	002006
868	1	946679	947537	r	0	1	Prodigal	002006
869	1	947692	947881	r	0	1	Prodigal	002006
870	1	948085	948691	r	0	1	Prodigal	002006
871	1	948801	949815	r	0	1	Prodigal	002006
872	1	949811	951191	r	0	1	Prodigal	002006
873	1	951434	952046	f	0	1	Prodigal	002006
874	1	952147	953179	r	0	1	Prodigal	002006
875	1	953175	954234	r	0	1	Prodigal	002006
876	1	954265	956083	r	0	1	Prodigal	002006
877	1	956228	957272	r	0	1	Prodigal	002006
878	1	957274	958300	r	0	1	Prodigal	002006
879	1	959039	961595	f	0	1	Prodigal	002006
880	1	961703	962468	f	0	1	Prodigal	002006
881	1	962464	963838	f	0	1	Prodigal	002006
882	1	963848	964376	f	0	1	Prodigal	002006
883	1	964443	964851	f	0	1	Prodigal	002006
884	1	964867	965491	f	0	1	Prodigal	002006
885	1	965502	966744	f	0	1	Prodigal	002006
886	1	967254	968175	f	0	1	Prodigal	002006
887	1	968266	970111	r	0	1	Prodigal	002006
888	1	970319	972347	f	0	1	Prodigal	002006
889	1	972461	973010	f	0	1	Prodigal	002006
890	1	973392	973947	r	0	1	Prodigal	002006
891	1	974013	974313	r	0	1	Prodigal	002006
892	1	974401	975652	r	0	1	Prodigal	002006
893	1	975648	976374	r	0	1	Prodigal	002006
894	1	976370	976829	r	0	1	Prodigal	002006
895	1	976825	977992	r	0	1	Prodigal	002006
896	1	977988	978543	r	0	1	Prodigal	002006
897	1	978542	980858	r	0	1	Prodigal	002006
898	1	980844	981441	r	0	1	Prodigal	002006
899	1	981440	981863	r	0	1	Prodigal	002006
900	1	981855	983406	r	0	1	Prodigal	002006
901	1	983413	985090	r	0	1	Prodigal	002006
902	1	985086	985452	r	0	1	Prodigal	002006
903	1	985451	986843	r	0	1	Prodigal	002006
904	1	986839	987403	r	0	1	Prodigal	002006
905	1	987402	987648	r	0	1	Prodigal	002006
906	1	987653	987914	r	0	1	Prodigal	002006
907	1	987894	988689	r	0	1	Prodigal	002006
908	1	988673	989231	r	0	1	Prodigal	002006
909	1	989809	990037	f	0	1	Prodigal	002006
910	1	990049	991111	f	0	1	Prodigal	002006
911	1	991130	991343	f	0	1	Prodigal	002006
912	1	991384	992293	r	0	1	Prodigal	002006
913	1	992286	993378	r	0	1	Prodigal	002006
914	1	993582	994035	f	0	1	Prodigal	002006
915	1	994154	994898	r	0	1	Prodigal	002006
916	1	995087	995519	f	0	1	Prodigal	002006
917	1	995596	996232	r	0	1	Prodigal	002006
918	1	996406	997489	r	0	1	Prodigal	002006
919	1	997835	998636	r	0	1	Prodigal	002006
920	1	998761	999400	r	0	1	Prodigal	002006
921	1	999700	1000105	f	0	1	Prodigal	002006
922	1	1000198	1000495	f	0	1	Prodigal	002006
923	1	1000638	1001172	r	0	1	Prodigal	002006
924	1	1001188	1002058	r	0	1	Prodigal	002006
925	1	1002110	1002335	r	0	1	Prodigal	002006
926	1	1002432	1003584	f	0	1	Prodigal	002006
927	1	1003562	1004549	r	0	1	Prodigal	002006
928	1	1004615	1005515	r	0	1	Prodigal	002006
929	1	1005668	1006328	r	0	1	Prodigal	002006
930	1	1006367	1006571	f	0	1	Prodigal	002006
931	1	1006714	1007386	f	0	1	Prodigal	002006
932	1	1007487	1007703	r	0	1	Prodigal	002006
933	1	1007717	1008686	r	0	1	Prodigal	002006
934	1	1008804	1009608	f	0	1	Prodigal	002006
935	1	1009759	1011166	f	0	1	Prodigal	002006
936	1	1011221	1012091	r	0	1	Prodigal	002006
937	1	1012204	1012540	r	0	1	Prodigal	002006
938	1	1012684	1013029	r	0	1	Prodigal	002006
939	1	1013297	1015022	f	0	1	Prodigal	002006
940	1	1015237	1016098	r	0	1	Prodigal	002006
941	1	1016282	1016384	f	0	1	Prodigal	002006
942	1	1016455	1017856	f	0	1	Prodigal	002006
943	1	1018055	1019129	f	0	1	Prodigal	002006
944	1	1019128	1019548	f	0	1	Prodigal	002006
945	1	1019666	1020392	r	0	1	Prodigal	002006
946	1	1020625	1021987	r	0	1	Prodigal	002006
947	1	1022217	1023030	r	0	1	Prodigal	002006
948	1	1023041	1024073	r	0	1	Prodigal	002006
949	1	1024069	1024921	r	0	1	Prodigal	002006
950	1	1025091	1025604	f	0	1	Prodigal	002006
951	1	1025600	1026158	f	0	1	Prodigal	002006
952	1	1026244	1026628	r	0	1	Prodigal	002006
953	1	1026665	1027220	r	0	1	Prodigal	002006
954	1	1027245	1028217	r	0	1	Prodigal	002006
955	1	1028410	1030471	f	0	1	Prodigal	002006
956	1	1030687	1031488	f	0	1	Prodigal	002006
957	1	1031494	1031710	r	0	1	Prodigal	002006
958	1	1031714	1032233	f	0	1	Prodigal	002006
959	1	1032596	1034720	f	0	1	Prodigal	002006
960	1	1034695	1035526	f	0	1	Prodigal	002006
961	1	1035526	1038598	f	0	1	Prodigal	002006
962	1	1038594	1039578	f	0	1	Prodigal	002006
963	1	1039676	1040699	f	0	1	Prodigal	002006
964	1	1040864	1042232	f	0	1	Prodigal	002006
965	1	1042508	1043804	r	0	1	Prodigal	002006
966	1	1043869	1044490	f	0	1	Prodigal	002006
967	1	1044500	1044926	f	0	1	Prodigal	002006
968	1	1045003	1046176	r	0	1	Prodigal	002006
969	1	1046506	1047118	f	0	1	Prodigal	002006
970	1	1047136	1047415	f	0	1	Prodigal	002006
971	1	1047494	1048331	f	0	1	Prodigal	002006
972	1	1048437	1049010	f	0	1	Prodigal	002006
973	1	1049199	1049841	f	0	1	Prodigal	002006
974	1	1050021	1050969	f	0	1	Prodigal	002006
975	1	1051038	1051926	f	0	1	Prodigal	002006
976	1	1051922	1053344	f	0	1	Prodigal	002006
977	1	1053345	1053774	f	0	1	Prodigal	002006
978	1	1053770	1054505	f	0	1	Prodigal	002006
979	1	1054501	1055761	f	0	1	Prodigal	002006
980	1	1055757	1056540	f	0	1	Prodigal	002006
981	1	1056539	1057796	f	0	1	Prodigal	002006
982	1	1057798	1058275	f	0	1	Prodigal	002006
983	1	1058271	1058493	f	0	1	Prodigal	002006
984	1	1058449	1058992	f	0	1	Prodigal	002006
985	1	1059006	1059546	f	0	1	Prodigal	002006
986	1	1059619	1059844	r	0	1	Prodigal	002006
987	1	1059853	1060891	r	0	1	Prodigal	002006
988	1	1060894	1062118	r	0	1	Prodigal	002006
989	1	1062150	1062747	r	0	1	Prodigal	002006
990	1	1062750	1063383	r	0	1	Prodigal	002006
991	1	1063375	1064164	r	0	1	Prodigal	002006
992	1	1064153	1065383	r	0	1	Prodigal	002006
993	1	1065386	1066730	r	0	1	Prodigal	002006
994	1	1067164	1067479	r	0	1	Prodigal	002006
995	1	1067683	1068817	f	0	1	Prodigal	002006
996	1	1068834	1069419	f	0	1	Prodigal	002006
997	1	1069418	1070009	f	0	1	Prodigal	002006
998	1	1070187	1071561	f	0	1	Prodigal	002006
999	1	1071717	1072560	f	0	1	Prodigal	002006
1000	1	1072667	1073150	r	0	1	Prodigal	002006
1001	1	1073350	1074304	f	0	1	Prodigal	002006
1002	1	1074341	1074902	f	0	1	Prodigal	002006
1003	1	1075013	1075220	r	0	1	Prodigal	002006
1004	1	1075327	1076407	f	0	1	Prodigal	002006
1005	1	1076473	1078615	f	0	1	Prodigal	002006
1006	1	1078899	1079820	f	0	1	Prodigal	002006
1007	1	1079812	1080442	f	0	1	Prodigal	002006
1008	1	1080493	1080880	f	0	1	Prodigal	002006
1009	1	1080872	1081967	f	0	1	Prodigal	002006
1010	1	1082049	1082508	r	0	1	Prodigal	002006
1011	1	1082625	1083633	r	0	1	Prodigal	002006
1012	1	1083792	1084605	r	0	1	Prodigal	002006
1013	1	1084740	1086096	r	0	1	Prodigal	002006
1014	1	1086244	1087861	r	0	1	Prodigal	002006
1015	1	1087944	1090227	r	0	1	Prodigal	002006
1016	1	1090437	1091298	r	0	1	Prodigal	002006
1017	1	1091490	1092039	f	0	1	Prodigal	002006
1018	1	1092143	1092929	r	0	1	Prodigal	002006
1019	1	1092932	1093229	r	0	1	Prodigal	002006
1020	1	1093313	1093550	r	0	1	Prodigal	002006
1021	1	1093624	1093924	r	0	1	Prodigal	002006
1022	1	1094035	1095076	r	0	1	Prodigal	002006
1023	1	1095352	1095688	f	0	1	Prodigal	002006
1024	1	1095687	1096458	f	0	1	Prodigal	002006
1025	1	1096547	1096988	f	0	1	Prodigal	002006
1026	1	1097530	1098850	f	0	1	Prodigal	002006
1027	1	1098927	1099926	f	0	1	Prodigal	002006
1028	1	1100349	1101780	f	0	1	Prodigal	002006
1029	1	1102062	1102446	r	0	1	Prodigal	002006
1030	1	1102572	1103400	r	0	1	Prodigal	002006
1031	1	1103574	1106211	r	0	1	Prodigal	002006
1032	1	1106296	1107085	r	0	1	Prodigal	002006
1033	1	1107456	1108185	f	0	1	Prodigal	002006
1034	1	1108289	1109171	f	0	1	Prodigal	002006
1035	1	1109242	1109977	f	0	1	Prodigal	002006
1036	1	1110078	1110636	f	0	1	Prodigal	002006
1037	1	1110708	1111485	f	0	1	Prodigal	002006
1038	1	1111542	1112370	f	0	1	Prodigal	002006
1039	1	1112369	1113566	f	0	1	Prodigal	002006
1040	1	1113565	1114918	f	0	1	Prodigal	002006
1041	1	1114952	1117487	f	0	1	Prodigal	002006
1042	1	1117636	1118149	f	0	1	Prodigal	002006
1043	1	1118152	1119172	f	0	1	Prodigal	002006
1044	1	1119196	1119658	f	0	1	Prodigal	002006
1045	1	1119663	1120455	f	0	1	Prodigal	002006
1046	1	1120447	1121587	f	0	1	Prodigal	002006
1047	1	1121709	1122297	f	0	1	Prodigal	002006
1048	1	1122335	1125815	f	0	1	Prodigal	002006
1049	1	1125830	1126781	f	0	1	Prodigal	002006
1050	1	1127095	1127278	r	0	1	Prodigal	002006
1051	1	1127436	1128387	r	0	1	Prodigal	002006
1052	1	1128914	1130519	f	0	1	Prodigal	002006
1053	1	1130581	1132597	r	0	1	Prodigal	002006
1054	1	1132583	1133579	r	0	1	Prodigal	002006
1055	1	1133578	1134508	r	0	1	Prodigal	002006
1056	1	1134865	1136038	f	0	1	Prodigal	002006
1057	1	1136056	1137025	f	0	1	Prodigal	002006
1058	1	1137736	1139242	f	0	1	Prodigal	002006
1059	1	1139302	1139725	r	0	1	Prodigal	002006
1060	1	1139768	1140323	r	0	1	Prodigal	002006
1061	1	1140505	1141456	r	0	1	Prodigal	002006
1062	1	1141507	1142239	r	0	1	Prodigal	002006
1063	1	1142366	1143071	r	0	1	Prodigal	002006
1064	1	1143144	1143672	r	0	1	Prodigal	002006
1065	1	1143740	1144892	r	0	1	Prodigal	002006
1066	1	1145241	1147233	f	0	1	Prodigal	002006
1067	1	1147362	1147893	f	0	1	Prodigal	002006
1068	1	1148102	1149131	r	0	1	Prodigal	002006
1069	1	1149266	1150139	f	0	1	Prodigal	002006
1070	1	1150284	1151148	f	0	1	Prodigal	002006
1071	1	1151144	1151867	f	0	1	Prodigal	002006
1072	1	1151939	1153205	r	0	1	Prodigal	002006
1073	1	1154367	1155240	f	0	1	Prodigal	002006
1074	1	1155262	1156384	r	0	1	Prodigal	002006
1075	1	1156697	1158023	r	0	1	Prodigal	002006
1076	1	1158132	1159332	f	0	1	Prodigal	002006
1077	1	1159374	1160310	r	0	1	Prodigal	002006
1078	1	1160418	1161213	f	0	1	Prodigal	002006
1079	1	1161231	1162902	f	0	1	Prodigal	002006
1080	1	1163016	1164429	r	0	1	Prodigal	002006
1081	1	1164502	1165444	r	0	1	Prodigal	002006
1082	1	1165939	1167232	f	0	1	Prodigal	002006
1083	1	1167324	1168044	r	0	1	Prodigal	002006
1084	1	1168135	1169152	r	0	1	Prodigal	002006
1085	1	1169307	1170207	f	0	1	Prodigal	002006
1086	1	1170308	1171589	f	0	1	Prodigal	002006
1087	1	1171981	1173535	f	0	1	Prodigal	002006
1088	1	1174289	1175624	f	0	1	Prodigal	002006
1089	1	1175701	1177834	f	0	1	Prodigal	002006
1090	1	1177927	1178788	f	0	1	Prodigal	002006
1091	1	1178864	1179308	r	0	1	Prodigal	002006
1092	1	1179366	1181400	r	0	1	Prodigal	002006
1093	1	1181580	1182939	f	0	1	Prodigal	002006
1094	1	1183027	1183930	r	0	1	Prodigal	002006
1095	1	1184048	1186001	f	0	1	Prodigal	002006
1096	1	1186029	1187175	r	0	1	Prodigal	002006
1097	1	1187288	1188167	r	0	1	Prodigal	002006
1098	1	1188249	1188846	r	0	1	Prodigal	002006
1099	1	1188959	1189604	r	0	1	Prodigal	002006
1100	1	1189774	1190401	f	0	1	Prodigal	002006
1101	1	1190476	1192588	r	0	1	Prodigal	002006
1102	1	1192815	1193982	r	0	1	Prodigal	002006
1103	1	1193981	1194353	r	0	1	Prodigal	002006
1104	1	1194349	1195369	r	0	1	Prodigal	002006
1105	1	1195424	1196015	r	0	1	Prodigal	002006
1106	1	1196286	1197051	f	0	1	Prodigal	002006
1107	1	1197143	1198628	f	0	1	Prodigal	002006
1108	1	1198792	1199338	f	0	1	Prodigal	002006
1109	1	1199385	1199637	f	0	1	Prodigal	002006
1110	1	1199722	1200337	r	0	1	Prodigal	002006
1111	1	1200483	1201248	r	0	1	Prodigal	002006
1112	1	1201461	1204836	f	0	1	Prodigal	002006
1113	1	1204851	1206021	f	0	1	Prodigal	002006
1114	1	1206120	1208265	f	0	1	Prodigal	002006
1115	1	1208348	1209323	r	0	1	Prodigal	002006
1116	1	1209768	1211886	f	0	1	Prodigal	002006
1117	1	1212015	1212525	f	0	1	Prodigal	002006
1118	1	1212589	1212760	f	0	1	Prodigal	002006
1119	1	1212937	1213330	f	0	1	Prodigal	002006
1120	1	1213386	1213743	r	0	1	Prodigal	002006
1121	1	1213885	1214650	r	0	1	Prodigal	002006
1122	1	1214822	1215920	r	0	1	Prodigal	002006
1123	1	1215909	1216965	r	0	1	Prodigal	002006
1124	1	1216966	1217479	r	0	1	Prodigal	002006
1125	1	1218465	1219782	f	0	1	Prodigal	002006
1126	1	1219805	1221356	f	0	1	Prodigal	002006
1127	1	1221373	1222942	f	0	1	Prodigal	002006
1128	1	1222945	1223641	f	0	1	Prodigal	002006
1129	1	1223717	1224617	r	0	1	Prodigal	002006
1130	1	1224850	1225636	f	0	1	Prodigal	002006
1131	1	1225716	1227234	r	0	1	Prodigal	002006
1132	1	1227470	1229150	f	0	1	Prodigal	002006
1133	1	1229279	1229690	f	0	1	Prodigal	002006
1134	1	1229791	1230481	f	0	1	Prodigal	002006
1135	1	1230489	1231785	f	0	1	Prodigal	002006
1136	1	1231963	1232938	f	0	1	Prodigal	002006
1137	1	1233119	1233926	f	0	1	Prodigal	002006
1138	1	1233913	1234420	f	0	1	Prodigal	002006
1139	1	1234526	1235429	f	0	1	Prodigal	002006
1140	1	1235470	1236196	f	0	1	Prodigal	002006
1141	1	1236346	1236958	f	0	1	Prodigal	002006
1142	1	1237146	1237461	f	0	1	Prodigal	002006
1143	1	1237513	1237732	r	0	1	Prodigal	002006
1144	1	1237935	1238418	f	0	1	Prodigal	002006
1145	1	1238501	1239428	r	0	1	Prodigal	002006
1146	1	1239583	1240057	f	0	1	Prodigal	002006
1147	1	1240183	1241152	f	0	1	Prodigal	002006
1148	1	1241235	1242402	r	0	1	Prodigal	002006
1149	1	1243274	1244651	f	0	1	Prodigal	002006
1150	1	1244765	1245482	r	0	1	Prodigal	002006
1151	1	1245581	1246979	r	0	1	Prodigal	002006
1152	1	1247225	1248347	f	0	1	Prodigal	002006
1153	1	1248380	1248629	r	0	1	Prodigal	002006
1154	1	1248752	1250132	r	0	1	Prodigal	002006
1155	1	1250252	1251110	f	0	1	Prodigal	002006
1156	1	1251179	1252874	f	0	1	Prodigal	002006
1157	1	1252959	1253997	r	0	1	Prodigal	002006
1158	1	1254288	1255617	f	0	1	Prodigal	002006
1159	1	1255665	1256667	r	0	1	Prodigal	002006
1160	1	1256974	1257991	r	0	1	Prodigal	002006
1161	1	1258302	1258899	r	0	1	Prodigal	002006
1162	1	1259157	1259424	f	0	1	Prodigal	002006
1163	1	1259623	1260964	f	0	1	Prodigal	002006
1164	1	1261036	1261912	r	0	1	Prodigal	002006
1165	1	1261958	1263497	r	0	1	Prodigal	002006
1166	1	1263694	1264744	f	0	1	Prodigal	002006
1167	1	1264743	1267860	f	0	1	Prodigal	002006
1168	1	1268058	1270458	f	0	1	Prodigal	002006
1169	1	1270597	1271113	r	0	1	Prodigal	002006
1170	1	1271236	1273006	r	0	1	Prodigal	002006
1171	1	1273382	1274882	r	0	1	Prodigal	002006
1172	1	1275103	1275331	f	0	1	Prodigal	002006
1173	1	1275332	1276268	r	0	1	Prodigal	002006
1174	1	1276568	1276910	f	0	1	Prodigal	002006
1175	1	1276906	1277389	f	0	1	Prodigal	002006
1176	1	1277444	1277879	r	0	1	Prodigal	002006
1177	1	1277875	1278409	r	0	1	Prodigal	002006
1178	1	1278744	1279926	f	0	1	Prodigal	002006
1179	1	1280106	1280736	r	0	1	Prodigal	002006
1180	1	1281090	1281699	r	0	1	Prodigal	002006
1181	1	1281804	1282689	f	0	1	Prodigal	002006
1182	1	1282817	1283732	f	0	1	Prodigal	002006
1183	1	1283845	1284196	r	0	1	Prodigal	002006
1184	1	1284220	1286458	r	0	1	Prodigal	002006
1185	1	1286538	1287195	r	0	1	Prodigal	002006
1186	1	1287629	1288397	r	0	1	Prodigal	002006
1187	1	1288393	1288885	r	0	1	Prodigal	002006
1188	1	1288881	1290072	r	0	1	Prodigal	002006
1189	1	1290194	1291196	r	0	1	Prodigal	002006
1190	1	1291185	1291956	r	0	1	Prodigal	002006
1191	1	1291952	1292312	r	0	1	Prodigal	002006
1192	1	1292308	1292881	r	0	1	Prodigal	002006
1193	1	1292919	1293351	r	0	1	Prodigal	002006
1194	1	1293448	1294669	r	0	1	Prodigal	002006
1195	1	1294670	1296176	r	0	1	Prodigal	002006
1196	1	1296175	1298215	r	0	1	Prodigal	002006
1197	1	1298236	1299070	r	0	1	Prodigal	002006
1198	1	1299297	1299990	r	0	1	Prodigal	002006
1199	1	1299989	1301639	r	0	1	Prodigal	002006
1200	1	1301885	1303331	r	0	1	Prodigal	002006
1201	1	1303380	1304502	r	0	1	Prodigal	002006
1202	1	1304556	1305720	r	0	1	Prodigal	002006
1203	1	1305723	1306566	r	0	1	Prodigal	002006
1204	1	1306725	1307694	f	0	1	Prodigal	002006
1205	1	1308134	1308392	f	0	1	Prodigal	002006
1206	1	1308438	1310166	f	0	1	Prodigal	002006
1207	1	1310208	1310718	f	0	1	Prodigal	002006
1208	1	1310816	1311749	r	0	1	Prodigal	002006
1209	1	1312088	1314119	r	0	1	Prodigal	002006
1210	1	1314173	1314578	r	0	1	Prodigal	002006
1211	1	1314986	1318316	r	0	1	Prodigal	002006
1212	1	1318466	1319891	r	0	1	Prodigal	002006
1213	1	1320187	1320430	f	0	1	Prodigal	002006
1214	1	1320597	1321362	f	0	1	Prodigal	002006
1215	1	1321450	1325203	r	0	1	Prodigal	002006
1216	1	1325199	1326426	r	0	1	Prodigal	002006
1217	1	1326529	1326958	r	0	1	Prodigal	002006
1218	1	1327135	1328047	f	0	1	Prodigal	002006
1219	1	1328238	1330020	f	0	1	Prodigal	002006
1220	1	1330085	1330553	r	0	1	Prodigal	002006
1221	1	1330727	1331876	r	0	1	Prodigal	002006
1222	1	1332124	1332499	f	0	1	Prodigal	002006
1223	1	1332593	1333940	r	0	1	Prodigal	002006
1224	1	1333939	1334080	r	0	1	Prodigal	002006
1225	1	1334744	1336094	r	0	1	Prodigal	002006
1226	1	1336093	1336225	r	0	1	Prodigal	002006
1227	1	1336460	1337750	r	0	1	Prodigal	002006
1228	1	1337874	1339338	r	0	1	Prodigal	002006
1229	1	1339750	1340353	f	0	1	Prodigal	002006
1230	1	1340398	1341676	f	0	1	Prodigal	002006
1231	1	1341803	1342052	r	0	1	Prodigal	002006
1232	1	1342245	1342671	r	0	1	Prodigal	002006
1233	1	1342755	1343190	r	0	1	Prodigal	002006
1234	1	1343307	1343619	r	0	1	Prodigal	002006
1235	1	1343652	1344285	r	0	1	Prodigal	002006
1236	1	1344896	1346282	r	0	1	Prodigal	002006
1237	1	1346281	1346971	r	0	1	Prodigal	002006
1238	1	1347155	1347836	f	0	1	Prodigal	002006
1239	1	1347923	1348472	r	0	1	Prodigal	002006
1240	1	1348787	1349492	r	0	1	Prodigal	002006
1241	1	1349704	1350703	f	0	1	Prodigal	002006
1242	1	1350861	1351248	r	0	1	Prodigal	002006
1243	1	1351257	1351683	r	0	1	Prodigal	002006
1244	1	1351803	1353534	r	0	1	Prodigal	002006
1245	1	1353526	1355296	r	0	1	Prodigal	002006
1246	1	1355825	1356545	r	0	1	Prodigal	002006
1247	1	1356941	1357349	f	0	1	Prodigal	002006
1248	1	1357391	1357871	f	0	1	Prodigal	002006
1249	1	1357872	1358352	r	0	1	Prodigal	002006
1250	1	1358509	1358908	f	0	1	Prodigal	002006
1251	1	1359148	1359517	f	0	1	Prodigal	002006
1252	1	1359521	1359890	f	0	1	Prodigal	002006
1253	1	1359917	1361681	f	0	1	Prodigal	002006
1254	1	1361790	1362855	f	0	1	Prodigal	002006
1255	1	1362930	1363356	f	0	1	Prodigal	002006
1256	1	1363542	1363686	r	0	1	Prodigal	002006
1257	1	1363714	1364923	f	0	1	Prodigal	002006
1258	1	1365001	1367101	r	0	1	Prodigal	002006
1259	1	1367544	1367694	f	0	1	Prodigal	002006
1260	1	1367876	1368653	r	0	1	Prodigal	002006
1261	1	1368869	1369403	f	0	1	Prodigal	002006
1262	1	1369610	1370129	r	0	1	Prodigal	002006
1263	1	1370215	1371085	r	0	1	Prodigal	002006
1264	1	1372000	1372807	r	0	1	Prodigal	002006
1265	1	1372803	1373997	r	0	1	Prodigal	002006
1266	1	1374044	1375541	r	0	1	Prodigal	002006
1267	1	1375540	1376569	r	0	1	Prodigal	002006
1268	1	1376579	1377197	r	0	1	Prodigal	002006
1269	1	1377193	1378825	r	0	1	Prodigal	002006
1270	1	1379261	1380143	f	0	1	Prodigal	002006
1271	1	1380249	1380870	f	0	1	Prodigal	002006
1272	1	1380862	1381732	f	0	1	Prodigal	002006
1273	1	1381715	1382288	f	0	1	Prodigal	002006
1274	1	1382422	1383346	f	0	1	Prodigal	002006
1275	1	1383500	1384229	r	0	1	Prodigal	002006
1276	1	1384419	1385286	f	0	1	Prodigal	002006
1277	1	1385364	1387092	r	0	1	Prodigal	002006
1278	1	1387298	1388006	f	0	1	Prodigal	002006
1279	1	1388256	1390716	f	0	1	Prodigal	002006
1280	1	1390718	1391729	f	0	1	Prodigal	002006
1281	1	1391725	1393000	f	0	1	Prodigal	002006
1282	1	1393093	1393954	r	0	1	Prodigal	002006
1283	1	1393950	1395420	r	0	1	Prodigal	002006
1284	1	1396156	1396534	f	0	1	Prodigal	002006
1285	1	1396760	1397342	f	0	1	Prodigal	002006
1286	1	1397422	1398751	r	0	1	Prodigal	002006
1287	1	1399043	1400168	f	0	1	Prodigal	002006
1288	1	1400335	1400521	r	0	1	Prodigal	002006
1289	1	1400563	1401145	r	0	1	Prodigal	002006
1290	1	1401141	1401456	r	0	1	Prodigal	002006
1291	1	1401680	1402862	r	0	1	Prodigal	002006
1292	1	1403054	1403606	r	0	1	Prodigal	002006
1293	1	1403711	1404350	r	0	1	Prodigal	002006
1294	1	1404490	1405684	f	0	1	Prodigal	002006
1295	1	1405701	1408851	f	0	1	Prodigal	002006
1296	1	1409674	1409914	f	0	1	Prodigal	002006
1297	1	1410080	1410932	f	0	1	Prodigal	002006
1298	1	1410928	1412155	f	0	1	Prodigal	002006
1299	1	1412195	1413227	f	0	1	Prodigal	002006
1300	1	1413219	1414065	f	0	1	Prodigal	002006
1301	1	1414039	1415410	f	0	1	Prodigal	002006
1302	1	1415443	1416433	f	0	1	Prodigal	002006
1303	1	1416446	1417559	f	0	1	Prodigal	002006
1304	1	1417562	1418540	f	0	1	Prodigal	002006
1305	1	1418523	1419003	f	0	1	Prodigal	002006
1306	1	1419007	1420414	f	0	1	Prodigal	002006
1307	1	1420444	1421869	f	0	1	Prodigal	002006
1308	1	1422038	1422800	f	0	1	Prodigal	002006
1309	1	1422803	1423712	f	0	1	Prodigal	002006
1310	1	1423728	1424283	f	0	1	Prodigal	002006
1311	1	1424342	1426304	f	0	1	Prodigal	002006
1312	1	1426503	1427613	f	0	1	Prodigal	002006
1313	1	1427612	1428500	f	0	1	Prodigal	002006
1314	1	1428614	1429568	f	0	1	Prodigal	002006
1315	1	1429604	1430144	f	0	1	Prodigal	002006
1316	1	1430193	1431276	f	0	1	Prodigal	002006
1317	1	1431381	1433115	f	0	1	Prodigal	002006
1318	1	1433723	1434134	f	0	1	Prodigal	002006
1319	1	1434672	1436037	r	0	1	Prodigal	002006
1320	1	1436039	1438031	r	0	1	Prodigal	002006
1321	1	1438027	1439191	r	0	1	Prodigal	002006
1322	1	1439441	1440332	r	0	1	Prodigal	002006
1323	1	1440638	1442303	r	0	1	Prodigal	002006
1324	1	1442553	1443438	r	0	1	Prodigal	002006
1325	1	1443729	1444305	f	0	1	Prodigal	002006
1326	1	1444603	1446532	f	0	1	Prodigal	002006
1327	1	1446633	1447776	f	0	1	Prodigal	002006
1328	1	1448042	1449545	f	0	1	Prodigal	002006
1329	1	1449660	1450617	f	0	1	Prodigal	002006
1330	1	1450700	1452065	f	0	1	Prodigal	002006
1331	1	1452064	1453480	f	0	1	Prodigal	002006
1332	1	1453507	1454518	f	0	1	Prodigal	002006
1333	1	1454608	1455337	r	0	1	Prodigal	002006
1334	1	1455562	1455967	r	0	1	Prodigal	002006
1335	1	1456348	1457620	r	0	1	Prodigal	002006
1336	1	1457675	1457861	r	0	1	Prodigal	002006
1337	1	1457949	1458264	f	0	1	Prodigal	002006
1338	1	1458266	1458677	f	0	1	Prodigal	002006
1339	1	1458690	1459161	f	0	1	Prodigal	002006
1340	1	1459202	1460243	f	0	1	Prodigal	002006
1341	1	1460235	1463400	f	0	1	Prodigal	002006
1342	1	1463427	1464567	f	0	1	Prodigal	002006
1343	1	1464559	1465267	f	0	1	Prodigal	002006
1344	1	1465267	1466482	f	0	1	Prodigal	002006
1345	1	1466481	1467681	f	0	1	Prodigal	002006
1346	1	1467677	1470140	r	0	1	Prodigal	002006
1347	1	1470570	1471587	f	0	1	Prodigal	002006
1348	1	1471810	1473505	f	0	1	Prodigal	002006
1349	1	1473651	1474281	r	0	1	Prodigal	002006
1350	1	1474452	1474791	r	0	1	Prodigal	002006
1351	1	1474928	1476080	r	0	1	Prodigal	002006
1352	1	1476462	1477218	f	0	1	Prodigal	002006
1353	1	1477358	1478087	r	0	1	Prodigal	002006
1354	1	1478309	1479245	f	0	1	Prodigal	002006
1355	1	1479278	1479746	f	0	1	Prodigal	002006
1356	1	1479932	1480229	r	0	1	Prodigal	002006
1357	1	1480225	1480756	r	0	1	Prodigal	002006
1358	1	1480931	1482554	r	0	1	Prodigal	002006
1359	1	1482786	1483419	f	0	1	Prodigal	002006
1360	1	1483492	1484701	r	0	1	Prodigal	002006
1361	1	1484732	1485836	r	0	1	Prodigal	002006
1362	1	1485879	1487607	r	0	1	Prodigal	002006
1363	1	1487887	1488034	r	0	1	Prodigal	002006
1364	1	1488030	1488720	r	0	1	Prodigal	002006
1365	1	1488716	1489844	r	0	1	Prodigal	002006
1366	1	1489866	1490217	r	0	1	Prodigal	002006
1367	1	1490544	1490859	r	0	1	Prodigal	002006
1368	1	1491144	1492521	f	0	1	Prodigal	002006
1369	1	1492655	1493795	f	0	1	Prodigal	002006
1370	1	1493921	1494578	r	0	1	Prodigal	002006
1371	1	1494751	1496095	r	0	1	Prodigal	002006
1372	1	1496469	1497225	r	0	1	Prodigal	002006
1373	1	1497325	1498051	r	0	1	Prodigal	002006
1374	1	1498146	1498545	r	0	1	Prodigal	002006
1375	1	1498660	1500061	r	0	1	Prodigal	002006
1376	1	1500261	1500606	f	0	1	Prodigal	002006
1377	1	1500615	1501428	r	0	1	Prodigal	002006
1378	1	1501604	1502879	r	0	1	Prodigal	002006
1379	1	1503072	1504161	f	0	1	Prodigal	002006
1380	1	1504157	1505354	f	0	1	Prodigal	002006
1381	1	1505346	1506162	f	0	1	Prodigal	002006
1382	1	1506221	1506899	f	0	1	Prodigal	002006
1383	1	1507012	1507885	f	0	1	Prodigal	002006
1384	1	1507961	1509674	r	0	1	Prodigal	002006
1385	1	1509896	1511747	r	0	1	Prodigal	002006
1386	1	1511824	1512577	f	0	1	Prodigal	002006
1387	1	1512753	1514415	f	0	1	Prodigal	002006
1388	1	1514411	1517987	f	0	1	Prodigal	002006
1389	1	1518249	1518981	f	0	1	Prodigal	002006
1390	1	1518973	1520020	f	0	1	Prodigal	002006
1391	1	1520182	1521031	f	0	1	Prodigal	002006
1392	1	1521090	1521495	f	0	1	Prodigal	002006
1393	1	1521495	1521720	r	0	1	Prodigal	002006
1394	1	1521827	1522673	f	0	1	Prodigal	002006
1395	1	1522797	1523061	r	0	1	Prodigal	002006
1396	1	1523188	1524628	r	0	1	Prodigal	002006
1397	1	1524757	1526539	r	0	1	Prodigal	002006
1398	1	1526630	1527668	r	0	1	Prodigal	002006
1399	1	1527671	1528010	r	0	1	Prodigal	002006
1400	1	1528078	1528189	r	0	1	Prodigal	002006
1401	1	1528232	1529654	r	0	1	Prodigal	002006
1402	1	1529794	1530499	r	0	1	Prodigal	002006
1403	1	1530495	1532166	r	0	1	Prodigal	002006
1404	1	1532519	1533755	r	0	1	Prodigal	002006
1405	1	1533984	1535601	f	0	1	Prodigal	002006
1406	1	1535672	1536887	r	0	1	Prodigal	002006
1407	1	1536891	1538037	r	0	1	Prodigal	002006
1408	1	1538046	1538847	r	0	1	Prodigal	002006
1409	1	1539120	1540599	f	0	1	Prodigal	002006
1410	1	1540720	1543384	f	0	1	Prodigal	002006
1411	1	1543742	1545404	f	0	1	Prodigal	002006
1412	1	1545520	1545949	r	0	1	Prodigal	002006
1413	1	1546190	1546664	f	0	1	Prodigal	002006
1414	1	1546753	1547278	r	0	1	Prodigal	002006
1415	1	1547317	1547614	r	0	1	Prodigal	002006
1416	1	1547634	1547856	r	0	1	Prodigal	002006
1417	1	1547911	1548694	r	0	1	Prodigal	002006
1418	1	1548968	1549478	f	0	1	Prodigal	002006
1419	1	1549536	1551186	f	0	1	Prodigal	002006
1420	1	1551272	1552154	r	0	1	Prodigal	002006
1421	1	1552249	1552732	f	0	1	Prodigal	002006
1422	1	1552780	1553917	r	0	1	Prodigal	002006
1423	1	1554004	1554619	r	0	1	Prodigal	002006
1424	1	1554633	1555284	r	0	1	Prodigal	002006
1425	1	1555307	1556942	r	0	1	Prodigal	002006
1426	1	1557019	1558228	r	0	1	Prodigal	002006
1427	1	1558245	1560399	r	0	1	Prodigal	002006
1428	1	1560398	1560980	r	0	1	Prodigal	002006
1429	1	1561005	1561680	r	0	1	Prodigal	002006
1430	1	1561859	1562138	r	0	1	Prodigal	002006
1431	1	1562270	1562645	r	0	1	Prodigal	002006
1432	1	1563159	1564935	f	0	1	Prodigal	002006
1433	1	1564996	1568809	f	0	1	Prodigal	002006
1434	1	1569313	1569823	f	0	1	Prodigal	002006
1435	1	1569934	1570273	r	0	1	Prodigal	002006
1436	1	1570641	1573146	f	0	1	Prodigal	002006
1437	1	1573245	1575147	f	0	1	Prodigal	002006
1438	1	1575324	1576323	f	0	1	Prodigal	002006
1439	1	1576400	1577465	r	0	1	Prodigal	002006
1440	1	1577590	1579543	r	0	1	Prodigal	002006
1441	1	1579809	1580958	f	0	1	Prodigal	002006
1442	1	1580954	1582601	f	0	1	Prodigal	002006
1443	1	1582597	1583545	f	0	1	Prodigal	002006
1444	1	1583541	1584309	f	0	1	Prodigal	002006
1445	1	1584434	1588424	f	0	1	Prodigal	002006
1446	1	1588420	1589290	f	0	1	Prodigal	002006
1447	1	1589558	1590647	f	0	1	Prodigal	002006
1448	1	1590639	1591626	f	0	1	Prodigal	002006
1449	1	1591622	1592723	f	0	1	Prodigal	002006
1450	1	1592931	1593141	f	0	1	Prodigal	002006
1451	1	1593231	1593537	f	0	1	Prodigal	002006
1452	1	1593523	1593772	r	0	1	Prodigal	002006
1453	1	1594017	1594566	f	0	1	Prodigal	002006
1454	1	1594727	1595120	f	0	1	Prodigal	002006
1455	1	1595214	1597143	r	0	1	Prodigal	002006
1456	1	1597195	1598089	r	0	1	Prodigal	002006
1457	1	1598253	1599000	r	0	1	Prodigal	002006
1458	1	1599095	1601528	r	0	1	Prodigal	002006
1459	1	1601532	1602429	r	0	1	Prodigal	002006
1460	1	1602557	1603211	f	0	1	Prodigal	002006
1461	1	1603342	1603522	f	0	1	Prodigal	002006
1462	1	1603540	1604740	r	0	1	Prodigal	002006
1463	1	1604908	1605601	f	0	1	Prodigal	002006
1464	1	1605620	1606520	r	0	1	Prodigal	002006
1465	1	1606676	1608314	f	0	1	Prodigal	002006
1466	1	1608324	1608867	f	0	1	Prodigal	002006
1467	1	1608903	1609317	r	0	1	Prodigal	002006
1468	1	1609316	1609637	r	0	1	Prodigal	002006
1469	1	1609728	1610412	r	0	1	Prodigal	002006
1470	1	1610556	1611468	f	0	1	Prodigal	002006
1471	1	1611485	1612310	f	0	1	Prodigal	002006
1472	1	1612605	1613004	f	0	1	Prodigal	002006
1473	1	1613003	1613423	f	0	1	Prodigal	002006
1474	1	1613438	1614179	f	0	1	Prodigal	002006
1475	1	1614189	1615563	f	0	1	Prodigal	002006
1476	1	1615707	1616454	f	0	1	Prodigal	002006
1477	1	1616468	1617257	f	0	1	Prodigal	002006
1478	1	1617271	1617943	f	0	1	Prodigal	002006
1479	1	1617951	1619049	f	0	1	Prodigal	002006
1480	1	1619092	1620166	f	0	1	Prodigal	002006
1481	1	1620169	1622173	f	0	1	Prodigal	002006
1482	1	1622177	1623383	f	0	1	Prodigal	002006
1483	1	1623858	1625202	f	0	1	Prodigal	002006
1484	1	1625262	1626753	r	0	1	Prodigal	002006
1485	1	1626742	1628812	r	0	1	Prodigal	002006
1486	1	1628886	1629402	r	0	1	Prodigal	002006
1487	1	1629597	1630476	f	0	1	Prodigal	002006
1488	1	1630744	1632166	f	0	1	Prodigal	002006
1489	1	1632272	1633307	f	0	1	Prodigal	002006
1490	1	1633303	1634647	f	0	1	Prodigal	002006
1491	1	1634788	1635550	f	0	1	Prodigal	002006
1492	1	1635789	1636428	r	0	1	Prodigal	002006
1493	1	1636424	1637462	r	0	1	Prodigal	002006
1494	1	1637638	1638265	f	0	1	Prodigal	002006
1495	1	1638415	1639435	f	0	1	Prodigal	002006
1496	1	1639495	1640239	f	0	1	Prodigal	002006
1497	1	1640345	1641659	r	0	1	Prodigal	002006
1498	1	1641732	1643340	r	0	1	Prodigal	002006
1499	1	1644028	1644169	r	0	1	Prodigal	002006
1500	1	1644717	1645257	f	0	1	Prodigal	002006
1501	1	1645461	1647699	f	0	1	Prodigal	002006
1502	1	1647716	1649366	f	0	1	Prodigal	002006
1503	1	1649499	1650318	f	0	1	Prodigal	002006
1504	1	1650403	1651114	f	0	1	Prodigal	002006
1505	1	1651304	1652624	f	0	1	Prodigal	002006
1506	1	1652649	1653186	f	0	1	Prodigal	002006
1507	1	1653479	1654382	f	0	1	Prodigal	002006
1508	1	1654391	1655807	f	0	1	Prodigal	002006
1509	1	1655918	1656758	r	0	1	Prodigal	002006
1510	1	1656927	1657719	f	0	1	Prodigal	002006
1511	1	1657826	1658570	r	0	1	Prodigal	002006
1512	1	1658553	1659540	r	0	1	Prodigal	002006
1513	1	1659612	1660413	r	0	1	Prodigal	002006
1514	1	1660933	1662067	f	0	1	Prodigal	002006
1515	1	1662159	1663494	r	0	1	Prodigal	002006
1516	1	1663515	1665036	r	0	1	Prodigal	002006
1517	1	1665032	1665623	r	0	1	Prodigal	002006
1518	1	1665816	1666212	r	0	1	Prodigal	002006
1519	1	1666457	1667195	r	0	1	Prodigal	002006
1520	1	1667277	1667964	r	0	1	Prodigal	002006
1521	1	1668036	1669428	r	0	1	Prodigal	002006
1522	1	1669439	1670837	r	0	1	Prodigal	002006
1523	1	1671160	1672111	f	0	1	Prodigal	002006
1524	1	1672268	1673165	r	0	1	Prodigal	002006
1525	1	1673346	1674006	r	0	1	Prodigal	002006
1526	1	1674148	1676221	r	0	1	Prodigal	002006
1527	1	1676616	1677741	f	0	1	Prodigal	002006
1528	1	1678350	1679478	r	0	1	Prodigal	002006
1529	1	1679613	1680687	r	0	1	Prodigal	002006
1530	1	1681095	1682397	r	0	1	Prodigal	002006
1531	1	1682680	1683598	r	0	1	Prodigal	002006
1532	1	1683749	1685552	r	0	1	Prodigal	002006
1533	1	1685710	1686145	r	0	1	Prodigal	002006
1534	1	1686240	1687098	r	0	1	Prodigal	002006
1535	1	1687101	1687926	r	0	1	Prodigal	002006
1536	1	1687936	1688533	r	0	1	Prodigal	002006
1537	1	1688532	1688931	r	0	1	Prodigal	002006
1538	1	1689014	1690451	r	0	1	Prodigal	002006
1539	1	1690450	1690801	r	0	1	Prodigal	002006
1540	1	1691053	1693066	f	0	1	Prodigal	002006
1541	1	1693137	1694013	r	0	1	Prodigal	002006
1542	1	1694092	1695436	f	0	1	Prodigal	002006
1543	1	1695736	1696699	f	0	1	Prodigal	002006
1544	1	1696845	1697313	f	0	1	Prodigal	002006
1545	1	1697517	1698777	f	0	1	Prodigal	002006
1546	1	1698881	1700501	f	0	1	Prodigal	002006
1547	1	1700564	1701167	r	0	1	Prodigal	002006
1548	1	1701422	1702343	f	0	1	Prodigal	002006
1549	1	1702466	1704263	f	0	1	Prodigal	002006
1550	1	1704326	1705733	r	0	1	Prodigal	002006
1551	1	1706238	1706778	f	0	1	Prodigal	002006
1552	1	1706852	1708145	f	0	1	Prodigal	002006
1553	1	1708229	1708871	r	0	1	Prodigal	002006
1554	1	1708958	1709756	r	0	1	Prodigal	002006
1555	1	1709821	1712758	r	0	1	Prodigal	002006
1556	1	1712893	1714582	f	0	1	Prodigal	002006
1557	1	1714796	1715456	f	0	1	Prodigal	002006
1558	1	1715622	1720506	f	0	1	Prodigal	002006
1559	1	1720630	1722904	f	0	1	Prodigal	002006
1560	1	1723026	1723275	f	0	1	Prodigal	002006
1561	1	1723330	1724296	r	0	1	Prodigal	002006
1562	1	1724473	1725922	f	0	1	Prodigal	002006
1563	1	1725997	1726390	r	0	1	Prodigal	002006
1564	1	1726490	1727123	r	0	1	Prodigal	002006
1565	1	1727496	1728411	f	0	1	Prodigal	002006
1566	1	1728997	1729909	f	0	1	Prodigal	002006
1567	1	1729942	1730383	f	0	1	Prodigal	002006
1568	1	1730410	1731820	f	0	1	Prodigal	002006
1569	1	1731845	1732268	f	0	1	Prodigal	002006
1570	1	1732648	1734652	f	0	1	Prodigal	002006
1571	1	1734829	1735075	r	0	1	Prodigal	002006
1572	1	1735071	1736364	r	0	1	Prodigal	002006
1573	1	1736356	1737403	r	0	1	Prodigal	002006
1574	1	1737409	1738666	r	0	1	Prodigal	002006
1575	1	1738655	1739351	r	0	1	Prodigal	002006
1576	1	1739611	1740052	f	0	1	Prodigal	002006
1577	1	1740048	1740282	f	0	1	Prodigal	002006
1578	1	1740281	1741031	f	0	1	Prodigal	002006
1579	1	1741027	1742380	f	0	1	Prodigal	002006
1580	1	1742376	1743432	f	0	1	Prodigal	002006
1581	1	1743410	1744616	f	0	1	Prodigal	002006
1582	1	1744784	1745729	f	0	1	Prodigal	002006
1583	1	1745766	1746870	f	0	1	Prodigal	002006
1584	1	1746908	1747889	f	0	1	Prodigal	002006
1585	1	1747936	1748995	f	0	1	Prodigal	002006
1586	1	1749079	1750366	f	0	1	Prodigal	002006
1587	1	1750374	1751148	f	0	1	Prodigal	002006
1588	1	1751108	1752212	f	0	1	Prodigal	002006
1589	1	1752208	1752772	f	0	1	Prodigal	002006
1590	1	1752768	1753992	f	0	1	Prodigal	002006
1591	1	1753988	1755113	f	0	1	Prodigal	002006
1592	1	1755102	1755831	f	0	1	Prodigal	002006
1593	1	1755856	1756579	f	0	1	Prodigal	002006
1594	1	1756575	1757457	f	0	1	Prodigal	002006
1595	1	1757453	1758446	f	0	1	Prodigal	002006
1596	1	1758426	1759116	f	0	1	Prodigal	002006
1597	1	1759127	1759910	f	0	1	Prodigal	002006
1598	1	1760022	1760574	r	0	1	Prodigal	002006
1599	1	1760570	1761371	r	0	1	Prodigal	002006
1600	1	1761586	1761733	r	0	1	Prodigal	002006
1601	1	1761741	1761951	r	0	1	Prodigal	002006
1602	1	1762073	1763204	r	0	1	Prodigal	002006
1603	1	1763200	1764205	r	0	1	Prodigal	002006
1604	1	1764349	1765171	r	0	1	Prodigal	002006
1605	1	1765163	1766126	r	0	1	Prodigal	002006
1606	1	1766122	1766815	r	0	1	Prodigal	002006
1607	1	1766977	1767910	r	0	1	Prodigal	002006
1608	1	1768298	1769930	f	0	1	Prodigal	002006
1609	1	1770336	1771140	r	0	1	Prodigal	002006
1610	1	1771339	1771795	f	0	1	Prodigal	002006
1611	1	1771963	1772626	f	0	1	Prodigal	002006
1612	1	1772887	1774084	f	0	1	Prodigal	002006
1613	1	1774168	1775077	r	0	1	Prodigal	002006
1614	1	1775238	1776036	f	0	1	Prodigal	002006
1615	1	1776022	1778314	f	0	1	Prodigal	002006
1616	1	1778677	1779010	r	0	1	Prodigal	002006
1617	1	1779183	1779753	f	0	1	Prodigal	002006
1618	1	1779929	1781168	f	0	1	Prodigal	002006
1619	1	1781304	1782573	f	0	1	Prodigal	002006
1620	1	1782989	1784087	f	0	1	Prodigal	002006
1621	1	1784171	1784561	f	0	1	Prodigal	002006
1622	1	1784860	1787737	f	0	1	Prodigal	002006
1623	1	1787821	1789375	r	0	1	Prodigal	002006
1624	1	1789578	1790289	f	0	1	Prodigal	002006
1625	1	1790494	1791019	r	0	1	Prodigal	002006
1626	1	1791264	1792929	r	0	1	Prodigal	002006
1627	1	1793121	1793490	r	0	1	Prodigal	002006
1628	1	1793633	1795208	r	0	1	Prodigal	002006
1629	1	1795262	1796012	r	0	1	Prodigal	002006
1630	1	1796209	1797274	f	0	1	Prodigal	002006
1631	1	1797385	1798372	r	0	1	Prodigal	002006
1632	1	1798518	1799640	r	0	1	Prodigal	002006
1633	1	1799836	1801372	r	0	1	Prodigal	002006
1634	1	1801672	1802599	r	0	1	Prodigal	002006
1635	1	1802766	1805838	f	0	1	Prodigal	002006
1636	1	1805837	1806326	f	0	1	Prodigal	002006
1637	1	1806493	1806955	f	0	1	Prodigal	002006
1638	1	1807135	1809037	f	0	1	Prodigal	002006
1639	1	1809528	1810851	r	0	1	Prodigal	002006
1640	1	1811124	1811802	r	0	1	Prodigal	002006
1641	1	1811901	1812618	r	0	1	Prodigal	002006
1642	1	1812893	1814015	f	0	1	Prodigal	002006
1643	1	1814208	1815225	f	0	1	Prodigal	002006
1644	1	1815496	1817725	f	0	1	Prodigal	002006
1645	1	1817925	1818735	f	0	1	Prodigal	002006
1646	1	1818854	1819718	f	0	1	Prodigal	002006
1647	1	1819732	1820980	f	0	1	Prodigal	002006
1648	1	1821054	1821843	f	0	1	Prodigal	002006
1649	1	1822014	1822332	f	0	1	Prodigal	002006
1650	1	1822584	1823187	f	0	1	Prodigal	002006
1651	1	1823287	1824679	r	0	1	Prodigal	002006
1652	1	1824876	1825887	r	0	1	Prodigal	002006
1653	1	1825898	1826738	r	0	1	Prodigal	002006
1654	1	1826739	1827798	r	0	1	Prodigal	002006
1655	1	1827998	1828841	r	0	1	Prodigal	002006
1656	1	1829106	1830123	f	0	1	Prodigal	002006
1657	1	1830187	1832443	r	0	1	Prodigal	002006
1658	1	1832698	1833784	f	0	1	Prodigal	002006
1659	1	1833865	1835218	r	0	1	Prodigal	002006
1660	1	1835639	1836968	r	0	1	Prodigal	002006
1661	1	1837236	1837869	f	0	1	Prodigal	002006
1662	1	1838130	1838466	r	0	1	Prodigal	002006
1663	1	1838523	1839012	r	0	1	Prodigal	002006
1664	1	1839008	1839392	r	0	1	Prodigal	002006
1665	1	1839510	1840299	f	0	1	Prodigal	002006
1666	1	1840384	1841071	r	0	1	Prodigal	002006
1667	1	1841156	1841768	r	0	1	Prodigal	002006
1668	1	1842124	1842607	r	0	1	Prodigal	002006
1669	1	1842840	1844082	r	0	1	Prodigal	002006
1670	1	1844078	1846496	r	0	1	Prodigal	002006
1671	1	1846526	1847207	r	0	1	Prodigal	002006
1672	1	1847404	1847872	f	0	1	Prodigal	002006
1673	1	1847979	1849404	f	0	1	Prodigal	002006
1674	1	1849491	1850703	r	0	1	Prodigal	002006
1675	1	1850816	1852511	r	0	1	Prodigal	002006
1676	1	1852569	1853988	r	0	1	Prodigal	002006
1677	1	1854004	1854565	r	0	1	Prodigal	002006
1678	1	1854599	1856024	r	0	1	Prodigal	002006
1679	1	1856126	1856966	r	0	1	Prodigal	002006
1680	1	1856965	1859956	r	0	1	Prodigal	002006
1681	1	1859960	1860410	r	0	1	Prodigal	002006
1682	1	1860537	1861023	r	0	1	Prodigal	002006
1683	1	1861300	1862290	f	0	1	Prodigal	002006
1684	1	1863129	1864866	f	0	1	Prodigal	002006
1685	1	1866618	1867122	f	0	1	Prodigal	002006
1686	1	1867159	1868641	f	0	1	Prodigal	002006
1687	1	1868647	1869079	f	0	1	Prodigal	002006
1688	1	1869082	1870849	f	0	1	Prodigal	002006
1689	1	1870812	1871811	f	0	1	Prodigal	002006
1690	1	1871850	1873086	f	0	1	Prodigal	002006
1691	1	1873085	1873601	f	0	1	Prodigal	002006
1692	1	1873603	1874938	f	0	1	Prodigal	002006
1693	1	1874961	1875741	f	0	1	Prodigal	002006
1694	1	1875761	1878404	f	0	1	Prodigal	002006
1695	1	1878406	1879945	f	0	1	Prodigal	002006
1696	1	1879944	1880550	f	0	1	Prodigal	002006
1697	1	1880558	1881986	f	0	1	Prodigal	002006
1698	1	1882027	1885525	f	0	1	Prodigal	002006
1699	1	1885542	1886997	f	0	1	Prodigal	002006
1700	1	1887302	1887590	f	0	1	Prodigal	002006
1701	1	1887601	1889647	f	0	1	Prodigal	002006
1702	1	1889636	1890365	f	0	1	Prodigal	002006
1703	1	1890361	1895047	f	0	1	Prodigal	002006
1704	1	1895477	1895690	r	0	1	Prodigal	002006
1705	1	1895689	1896214	r	0	1	Prodigal	002006
1706	1	1896749	1897352	f	0	1	Prodigal	002006
1707	1	1897517	1899431	f	0	1	Prodigal	002006
1708	1	1899536	1900322	r	0	1	Prodigal	002006
1709	1	1900356	1901355	r	0	1	Prodigal	002006
1710	1	1901354	1902248	r	0	1	Prodigal	002006
1711	1	1902283	1903243	r	0	1	Prodigal	002006
1712	1	1903245	1904847	r	0	1	Prodigal	002006
1713	1	1904949	1905978	r	0	1	Prodigal	002006
1714	1	1906174	1906861	f	0	1	Prodigal	002006
1715	1	1906864	1907101	f	0	1	Prodigal	002006
1716	1	1907097	1907502	f	0	1	Prodigal	002006
1717	1	1907660	1909067	f	0	1	Prodigal	002006
1718	1	1909134	1910166	f	0	1	Prodigal	002006
1719	1	1910324	1911119	f	0	1	Prodigal	002006
1720	1	1911182	1911521	f	0	1	Prodigal	002006
1721	1	1911669	1913217	f	0	1	Prodigal	002006
1722	1	1913406	1913964	f	0	1	Prodigal	002006
1723	1	1913960	1915190	f	0	1	Prodigal	002006
1724	1	1915225	1915714	f	0	1	Prodigal	002006
1725	1	1915810	1916548	r	0	1	Prodigal	002006
1726	1	1916668	1917784	f	0	1	Prodigal	002006
1727	1	1917883	1918162	f	0	1	Prodigal	002006
1728	1	1918260	1919925	f	0	1	Prodigal	002006
1729	1	1920034	1921198	r	0	1	Prodigal	002006
1730	1	1921331	1922369	r	0	1	Prodigal	002006
1731	1	1922815	1923454	r	0	1	Prodigal	002006
1732	1	1923555	1924446	f	0	1	Prodigal	002006
1733	1	1924570	1925473	r	0	1	Prodigal	002006
1734	1	1925573	1926833	r	0	1	Prodigal	002006
1735	1	1926829	1927729	r	0	1	Prodigal	002006
1736	1	1927788	1928526	r	0	1	Prodigal	002006
1737	1	1928718	1929654	f	0	1	Prodigal	002006
1738	1	1929660	1930569	r	0	1	Prodigal	002006
1739	1	1930845	1933110	f	0	1	Prodigal	002006
1740	1	1933286	1934036	f	0	1	Prodigal	002006
1741	1	1934072	1934936	r	0	1	Prodigal	002006
1742	1	1935102	1936536	f	0	1	Prodigal	002006
1743	1	1936729	1938490	f	0	1	Prodigal	002006
1744	1	1938871	1939720	f	0	1	Prodigal	002006
1745	1	1939766	1942049	f	0	1	Prodigal	002006
1746	1	1942618	1943053	r	0	1	Prodigal	002006
1747	1	1943465	1943951	r	0	1	Prodigal	002006
1748	1	1944181	1944379	f	0	1	Prodigal	002006
1749	1	1944754	1947229	f	0	1	Prodigal	002006
1750	1	1947293	1948676	r	0	1	Prodigal	002006
1751	1	1948837	1949272	r	0	1	Prodigal	002006
1752	1	1949459	1952264	f	0	1	Prodigal	002006
1753	1	1952379	1954167	f	0	1	Prodigal	002006
1754	1	1954163	1955915	f	0	1	Prodigal	002006
1755	1	1956082	1956556	f	0	1	Prodigal	002006
1756	1	1956589	1956823	r	0	1	Prodigal	002006
1757	1	1957083	1957647	f	0	1	Prodigal	002006
1758	1	1957730	1958507	f	0	1	Prodigal	002006
1759	1	1958681	1959545	f	0	1	Prodigal	002006
1760	1	1959652	1960771	r	0	1	Prodigal	002006
1761	1	1961070	1961577	r	0	1	Prodigal	002006
1762	1	1961668	1962061	r	0	1	Prodigal	002006
1763	1	1962399	1963245	f	0	1	Prodigal	002006
1764	1	1963302	1963743	f	0	1	Prodigal	002006
1765	1	1963821	1964142	r	0	1	Prodigal	002006
1766	1	1964234	1965521	r	0	1	Prodigal	002006
1767	1	1965963	1966341	f	0	1	Prodigal	002006
1768	1	1966334	1966679	f	0	1	Prodigal	002006
1769	1	1966671	1968447	f	0	1	Prodigal	002006
1770	1	1968463	1969180	f	0	1	Prodigal	002006
1771	1	1969295	1972106	f	0	1	Prodigal	002006
1772	1	1972139	1973330	f	0	1	Prodigal	002006
1773	1	1973501	1974668	f	0	1	Prodigal	002006
1774	1	1974667	1975540	f	0	1	Prodigal	002006
1775	1	1975665	1976133	f	0	1	Prodigal	002006
1776	1	1976517	1977924	r	0	1	Prodigal	002006
1777	1	1977942	1979679	r	0	1	Prodigal	002006
1778	1	1979675	1980770	r	0	1	Prodigal	002006
1779	1	1981042	1982062	r	0	1	Prodigal	002006
1780	1	1982182	1982890	r	0	1	Prodigal	002006
1781	1	1983144	1984287	f	0	1	Prodigal	002006
1782	1	1984283	1985723	f	0	1	Prodigal	002006
1783	1	1985715	1986555	f	0	1	Prodigal	002006
1784	1	1986653	1987106	r	0	1	Prodigal	002006
1785	1	1987160	1987790	r	0	1	Prodigal	002006
1786	1	1987881	1989084	r	0	1	Prodigal	002006
1787	1	1989080	1989656	r	0	1	Prodigal	002006
1788	1	1989652	1991620	r	0	1	Prodigal	002006
1789	1	1991794	1992748	r	0	1	Prodigal	002006
1790	1	1992835	1993516	r	0	1	Prodigal	002006
1791	1	1993512	1994112	r	0	1	Prodigal	002006
1792	1	1994163	1995600	r	0	1	Prodigal	002006
1793	1	1996176	1996287	f	0	1	Prodigal	002006
1794	1	1996347	2007039	f	0	1	Prodigal	002006
1795	1	2007138	2008341	r	0	1	Prodigal	002006
1796	1	2008392	2009658	r	0	1	Prodigal	002006
1797	1	2009647	2011321	r	0	1	Prodigal	002006
1798	1	2011563	2011926	r	0	1	Prodigal	002006
1799	1	2012142	2013810	f	0	1	Prodigal	002006
1800	1	2013942	2015154	f	0	1	Prodigal	002006
1801	1	2015328	2016084	f	0	1	Prodigal	002006
1802	1	2016284	2017061	f	0	1	Prodigal	002006
1803	1	2017137	2018004	r	0	1	Prodigal	002006
1804	1	2018073	2018991	r	0	1	Prodigal	002006
1805	1	2019159	2020038	f	0	1	Prodigal	002006
1806	1	2020300	2021938	f	0	1	Prodigal	002006
1807	1	2022136	2022856	f	0	1	Prodigal	002006
1808	1	2022963	2025027	r	0	1	Prodigal	002006
1809	1	2025636	2027139	f	0	1	Prodigal	002006
1810	1	2027150	2027831	f	0	1	Prodigal	002006
1811	1	2027948	2028731	r	0	1	Prodigal	002006
1812	1	2028828	2029197	r	0	1	Prodigal	002006
1813	1	2029294	2030239	r	0	1	Prodigal	002006
1814	1	2030362	2030740	f	0	1	Prodigal	002006
1815	1	2030874	2031420	f	0	1	Prodigal	002006
1816	1	2031592	2034187	f	0	1	Prodigal	002006
1817	1	2034301	2034631	f	0	1	Prodigal	002006
1818	1	2034949	2035792	f	0	1	Prodigal	002006
1819	1	2035883	2036789	r	0	1	Prodigal	002006
1820	1	2036891	2037884	f	0	1	Prodigal	002006
1821	1	2038147	2039137	f	0	1	Prodigal	002006
1822	1	2039258	2040587	f	0	1	Prodigal	002006
1823	1	2040723	2041719	f	0	1	Prodigal	002006
1824	1	2041914	2042775	f	0	1	Prodigal	002006
1825	1	2042835	2043360	r	0	1	Prodigal	002006
1826	1	2043356	2044595	r	0	1	Prodigal	002006
1827	1	2044858	2045353	r	0	1	Prodigal	002006
1828	1	2045519	2047946	f	0	1	Prodigal	002006
1829	1	2048020	2048272	f	0	1	Prodigal	002006
1830	1	2048445	2049309	r	0	1	Prodigal	002006
1831	1	2049335	2049839	r	0	1	Prodigal	002006
1832	1	2049983	2051627	r	0	1	Prodigal	002006
1833	1	2051814	2053461	r	0	1	Prodigal	002006
1834	1	2053552	2054905	r	0	1	Prodigal	002006
1835	1	2055100	2055565	f	0	1	Prodigal	002006
1836	1	2055748	2056345	f	0	1	Prodigal	002006
1837	1	2056440	2058438	r	0	1	Prodigal	002006
1838	1	2058549	2059761	f	0	1	Prodigal	002006
1839	1	2060117	2061803	r	0	1	Prodigal	002006
1840	1	2062785	2064798	f	0	1	Prodigal	002006
1841	1	2064794	2065052	f	0	1	Prodigal	002006
1842	1	2065216	2065879	f	0	1	Prodigal	002006
1843	1	2065958	2066480	r	0	1	Prodigal	002006
1844	1	2066578	2068159	r	0	1	Prodigal	002006
1845	1	2068423	2069206	f	0	1	Prodigal	002006
1846	1	2069471	2069612	f	0	1	Prodigal	002006
1847	1	2069799	2070357	f	0	1	Prodigal	002006
1848	1	2070369	2071254	f	0	1	Prodigal	002006
1849	1	2071431	2071896	f	0	1	Prodigal	002006
1850	1	2072174	2074010	f	0	1	Prodigal	002006
1851	1	2074823	2076203	r	0	1	Prodigal	002006
1852	1	2076351	2076558	r	0	1	Prodigal	002006
1853	1	2076691	2077309	f	0	1	Prodigal	002006
1854	1	2077483	2077687	r	0	1	Prodigal	002006
1855	1	2077959	2078619	r	0	1	Prodigal	002006
1856	1	2078748	2079927	r	0	1	Prodigal	002006
1857	1	2080012	2080903	r	0	1	Prodigal	002006
1858	1	2081129	2081717	f	0	1	Prodigal	002006
1859	1	2081901	2082081	r	0	1	Prodigal	002006
1860	1	2082244	2082433	r	0	1	Prodigal	002006
1861	1	2082435	2082900	r	0	1	Prodigal	002006
1862	1	2083070	2084285	r	0	1	Prodigal	002006
1863	1	2084516	2085377	f	0	1	Prodigal	002006
1864	1	2085378	2085690	f	0	1	Prodigal	002006
1865	1	2085745	2086069	r	0	1	Prodigal	002006
1866	1	2086350	2087142	r	0	1	Prodigal	002006
1867	1	2087126	2087453	r	0	1	Prodigal	002006
1868	1	2087650	2087917	r	0	1	Prodigal	002006
1869	1	2087919	2088732	r	0	1	Prodigal	002006
1870	1	2088750	2089470	r	0	1	Prodigal	002006
1871	1	2089577	2089856	f	0	1	Prodigal	002006
1872	1	2090708	2092079	r	0	1	Prodigal	002006
1873	1	2092164	2092389	r	0	1	Prodigal	002006
1874	1	2092354	2093740	r	0	1	Prodigal	002006
1875	1	2093894	2094179	r	0	1	Prodigal	002006
1876	1	2094449	2095691	f	0	1	Prodigal	002006
1877	1	2095755	2095878	f	0	1	Prodigal	002006
1878	1	2097312	2098284	r	0	1	Prodigal	002006
1879	1	2098433	2099189	r	0	1	Prodigal	002006
1880	1	2099324	2100095	r	0	1	Prodigal	002006
1881	1	2100181	2100973	f	0	1	Prodigal	002006
1882	1	2101073	2102408	f	0	1	Prodigal	002006
1883	1	2102388	2103108	f	0	1	Prodigal	002006
1884	1	2103111	2107539	f	0	1	Prodigal	002006
1885	1	2107800	2108187	f	0	1	Prodigal	002006
1886	1	2108283	2108781	f	0	1	Prodigal	002006
1887	1	2108908	2109526	f	0	1	Prodigal	002006
1888	1	2109664	2110147	f	0	1	Prodigal	002006
1889	1	2110146	2110650	f	0	1	Prodigal	002006
1890	1	2110699	2111530	f	0	1	Prodigal	002006
1891	1	2111607	2111811	r	0	1	Prodigal	002006
1892	1	2112063	2112171	r	0	1	Prodigal	002006
1893	1	2112290	2113532	r	0	1	Prodigal	002006
1894	1	2113743	2114748	f	0	1	Prodigal	002006
1895	1	2114788	2115382	r	0	1	Prodigal	002006
1896	1	2115992	2117180	f	0	1	Prodigal	002006
1897	1	2117317	2118517	f	0	1	Prodigal	002006
1898	1	2118642	2119860	f	0	1	Prodigal	002006
1899	1	2119941	2121399	f	0	1	Prodigal	002006
1900	1	2121494	2122427	f	0	1	Prodigal	002006
1901	1	2122638	2123544	f	0	1	Prodigal	002006
1902	1	2123615	2125208	r	0	1	Prodigal	002006
1903	1	2125235	2126084	r	0	1	Prodigal	002006
1904	1	2126226	2126733	f	0	1	Prodigal	002006
1905	1	2127052	2130175	f	0	1	Prodigal	002006
1906	1	2130205	2131534	f	0	1	Prodigal	002006
1907	1	2131614	2132391	f	0	1	Prodigal	002006
1908	1	2132387	2135267	f	0	1	Prodigal	002006
1909	1	2135389	2136919	f	0	1	Prodigal	002006
1910	1	2136971	2138288	f	0	1	Prodigal	002006
1911	1	2138565	2139975	f	0	1	Prodigal	002006
1912	1	2140349	2142668	f	0	1	Prodigal	002006
1913	1	2142660	2143539	f	0	1	Prodigal	002006
1914	1	2143535	2144021	f	0	1	Prodigal	002006
1915	1	2144139	2144679	r	0	1	Prodigal	002006
1916	1	2145182	2145371	f	0	1	Prodigal	002006
1917	1	2145607	2147230	f	0	1	Prodigal	002006
1918	1	2147329	2148619	r	0	1	Prodigal	002006
1919	1	2148973	2150443	f	0	1	Prodigal	002006
1920	1	2150476	2151127	r	0	1	Prodigal	002006
1921	1	2151119	2151893	r	0	1	Prodigal	002006
1922	1	2151892	2152654	r	0	1	Prodigal	002006
1923	1	2152659	2153289	r	0	1	Prodigal	002006
1924	1	2153288	2154398	r	0	1	Prodigal	002006
1925	1	2154413	2155484	r	0	1	Prodigal	002006
1926	1	2155480	2156806	r	0	1	Prodigal	002006
1927	1	2156818	2157715	r	0	1	Prodigal	002006
1928	1	2158055	2158301	f	0	1	Prodigal	002006
1929	1	2158368	2160288	f	0	1	Prodigal	002006
1930	1	2160378	2161080	f	0	1	Prodigal	002006
1931	1	2161099	2161714	f	0	1	Prodigal	002006
1932	1	2161722	2162601	f	0	1	Prodigal	002006
1933	1	2162733	2164476	f	0	1	Prodigal	002006
1934	1	2164584	2165697	f	0	1	Prodigal	002006
1935	1	2165877	2166522	r	0	1	Prodigal	002006
1936	1	2166544	2167660	r	0	1	Prodigal	002006
1937	1	2167656	2168694	r	0	1	Prodigal	002006
1938	1	2169099	2169528	f	0	1	Prodigal	002006
1939	1	2169562	2170747	r	0	1	Prodigal	002006
1940	1	2171096	2172290	r	0	1	Prodigal	002006
1941	1	2172403	2173834	r	0	1	Prodigal	002006
1942	1	2173916	2174189	f	0	1	Prodigal	002006
1943	1	2174204	2175071	f	0	1	Prodigal	002006
1944	1	2175208	2177221	r	0	1	Prodigal	002006
1945	1	2177428	2178511	f	0	1	Prodigal	002006
1946	1	2178621	2179266	f	0	1	Prodigal	002006
1947	1	2179329	2179911	f	0	1	Prodigal	002006
1948	1	2180287	2181757	f	0	1	Prodigal	002006
1949	1	2181889	2182141	r	0	1	Prodigal	002006
1950	1	2182291	2183443	f	0	1	Prodigal	002006
1951	1	2183545	2184271	r	0	1	Prodigal	002006
1952	1	2184366	2184765	r	0	1	Prodigal	002006
1953	1	2184818	2184914	f	0	1	Prodigal	002006
1954	1	2184900	2185224	r	0	1	Prodigal	002006
1955	1	2185220	2186402	r	0	1	Prodigal	002006
1956	1	2186434	2188702	r	0	1	Prodigal	002006
1957	1	2189324	2190020	r	0	1	Prodigal	002006
1958	1	2190019	2190736	r	0	1	Prodigal	002006
1959	1	2190934	2193682	f	0	1	Prodigal	002006
1960	1	2193789	2195187	r	0	1	Prodigal	002006
1961	1	2195449	2195605	f	0	1	Prodigal	002006
1962	1	2195763	2196819	r	0	1	Prodigal	002006
1963	1	2196992	2197580	f	0	1	Prodigal	002006
1964	1	2197812	2199741	f	0	1	Prodigal	002006
1965	1	2199885	2200293	f	0	1	Prodigal	002006
1966	1	2200379	2200577	f	0	1	Prodigal	002006
1967	1	2200592	2200949	f	0	1	Prodigal	002006
1968	1	2201332	2202316	f	0	1	Prodigal	002006
1969	1	2202328	2204716	f	0	1	Prodigal	002006
1970	1	2204719	2205016	f	0	1	Prodigal	002006
1971	1	2205031	2209021	f	0	1	Prodigal	002006
1972	1	2209007	2210252	f	0	1	Prodigal	002006
1973	1	2210255	2210897	f	0	1	Prodigal	002006
1974	1	2210957	2211731	f	0	1	Prodigal	002006
1975	1	2211822	2212299	f	0	1	Prodigal	002006
1976	1	2212298	2213948	f	0	1	Prodigal	002006
1977	1	2214032	2215037	r	0	1	Prodigal	002006
1978	1	2215036	2215969	r	0	1	Prodigal	002006
1979	1	2216077	2216953	r	0	1	Prodigal	002006
1980	1	2216983	2217952	r	0	1	Prodigal	002006
1981	1	2217948	2219478	r	0	1	Prodigal	002006
1982	1	2219514	2219934	r	0	1	Prodigal	002006
1983	1	2220144	2220762	r	0	1	Prodigal	002006
1984	1	2221409	2222477	f	0	1	Prodigal	002006
1985	1	2222766	2223834	r	0	1	Prodigal	002006
1986	1	2223915	2224683	r	0	1	Prodigal	002006
1987	1	2224682	2225570	r	0	1	Prodigal	002006
1988	1	2225556	2226660	r	0	1	Prodigal	002006
1989	1	2226861	2227599	f	0	1	Prodigal	002006
1990	1	2227615	2228302	f	0	1	Prodigal	002006
1991	1	2228404	2229313	r	0	1	Prodigal	002006
1992	1	2229387	2230335	r	0	1	Prodigal	002006
1993	1	2230486	2231242	r	0	1	Prodigal	002006
1994	1	2231310	2231997	r	0	1	Prodigal	002006
1995	1	2231980	2232169	r	0	1	Prodigal	002006
1996	1	2232307	2234692	r	0	1	Prodigal	002006
1997	1	2234778	2235279	r	0	1	Prodigal	002006
1998	1	2235419	2236403	r	0	1	Prodigal	002006
1999	1	2236402	2236582	r	0	1	Prodigal	002006
2000	1	2236592	2237207	r	0	1	Prodigal	002006
2001	1	2237223	2238648	r	0	1	Prodigal	002006
2002	1	2238929	2239391	f	0	1	Prodigal	002006
2003	1	2239409	2239943	f	0	1	Prodigal	002006
2004	1	2240045	2240684	f	0	1	Prodigal	002006
2005	1	2240692	2242708	f	0	1	Prodigal	002006
2006	1	2242852	2245477	f	0	1	Prodigal	002006
2007	1	2245547	2245769	f	0	1	Prodigal	002006
2008	1	2246047	2250886	f	0	1	Prodigal	002006
2009	1	2250963	2251974	f	0	1	Prodigal	002006
2010	1	2252064	2252601	f	0	1	Prodigal	002006
2011	1	2252588	2252825	r	0	1	Prodigal	002006
2012	1	2252981	2253245	f	0	1	Prodigal	002006
2013	1	2253245	2253371	f	0	1	Prodigal	002006
2014	1	2253512	2255708	f	0	1	Prodigal	002006
2015	1	2255707	2255938	f	0	1	Prodigal	002006
2016	1	2256011	2257922	f	0	1	Prodigal	002006
2017	1	2258080	2258260	f	0	1	Prodigal	002006
2018	1	2258344	2258905	r	0	1	Prodigal	002006
2019	1	2258981	2260958	r	0	1	Prodigal	002006
2020	1	2261355	2262486	r	0	1	Prodigal	002006
2021	1	2262475	2266171	r	0	1	Prodigal	002006
2022	1	2266235	2267351	r	0	1	Prodigal	002006
2023	1	2268310	2268985	f	0	1	Prodigal	002006
2024	1	2268998	2269211	f	0	1	Prodigal	002006
2025	1	2269853	2278442	f	0	1	Prodigal	002006
2026	1	2278603	2282914	f	0	1	Prodigal	002006
2027	1	2283004	2285821	f	0	1	Prodigal	002006
2028	1	2286133	2286676	f	0	1	Prodigal	002006
2029	1	2287232	2287754	f	0	1	Prodigal	002006
2030	1	2287835	2288339	f	0	1	Prodigal	002006
2031	1	2288335	2291110	f	0	1	Prodigal	002006
2032	1	2291119	2291845	f	0	1	Prodigal	002006
2033	1	2291825	2292887	f	0	1	Prodigal	002006
2034	1	2293650	2297412	f	0	1	Prodigal	002006
2035	1	2298399	2299365	f	0	1	Prodigal	002006
2036	1	2299618	2301187	f	0	1	Prodigal	002006
2037	1	2301312	2301603	f	0	1	Prodigal	002006
2038	1	2301748	2302090	r	0	1	Prodigal	002006
2039	1	2302787	2302916	f	0	1	Prodigal	002006
2040	1	2303597	2303849	f	0	1	Prodigal	002006
2041	1	2304073	2304280	r	0	1	Prodigal	002006
2042	1	2304402	2304927	f	0	1	Prodigal	002006
2043	1	2305499	2308040	r	0	1	Prodigal	002006
2044	1	2308049	2309660	r	0	1	Prodigal	002006
2045	1	2309674	2311138	r	0	1	Prodigal	002006
2046	1	2311243	2311630	r	0	1	Prodigal	002006
2047	1	2311763	2312081	f	0	1	Prodigal	002006
2048	1	2312086	2314228	f	0	1	Prodigal	002006
2049	1	2314272	2314587	f	0	1	Prodigal	002006
2050	1	2314586	2314832	f	0	1	Prodigal	002006
2051	1	2314789	2315077	f	0	1	Prodigal	002006
2052	1	2315352	2315457	r	0	1	Prodigal	002006
2053	1	2316233	2316788	f	0	1	Prodigal	002006
2054	1	2316799	2317132	f	0	1	Prodigal	002006
2055	1	2317173	2318310	f	0	1	Prodigal	002006
2056	1	2318617	2319193	f	0	1	Prodigal	002006
2057	1	2319352	2319553	r	0	1	Prodigal	002006
2058	1	2319812	2320037	f	0	1	Prodigal	002006
2059	1	2320450	2320561	f	0	1	Prodigal	002006
2060	1	2321025	2321364	r	0	1	Prodigal	002006
2061	1	2321709	2322999	r	0	1	Prodigal	002006
2062	1	2323366	2323669	r	0	1	Prodigal	002006
2063	1	2323839	2324715	f	0	1	Prodigal	002006
2064	1	2324805	2326779	r	0	1	Prodigal	002006
2065	1	2327027	2327600	f	0	1	Prodigal	002006
2066	1	2327694	2328882	f	0	1	Prodigal	002006
2067	1	2328883	2329525	f	0	1	Prodigal	002006
2068	1	2329550	2330339	f	0	1	Prodigal	002006
2069	1	2330454	2331885	r	0	1	Prodigal	002006
2070	1	2332140	2332473	r	0	1	Prodigal	002006
2071	1	2332732	2333461	f	0	1	Prodigal	002006
2072	1	2333560	2335006	r	0	1	Prodigal	002006
2073	1	2335016	2336144	r	0	1	Prodigal	002006
2074	1	2336154	2337042	r	0	1	Prodigal	002006
2075	1	2337189	2337816	f	0	1	Prodigal	002006
2076	1	2337799	2338402	f	0	1	Prodigal	002006
2077	1	2338457	2341010	f	0	1	Prodigal	002006
2078	1	2341157	2342588	f	0	1	Prodigal	002006
2079	1	2342814	2343087	r	0	1	Prodigal	002006
2080	1	2343259	2344288	r	0	1	Prodigal	002006
2081	1	2344573	2345353	r	0	1	Prodigal	002006
2082	1	2345378	2346326	r	0	1	Prodigal	002006
2083	1	2346310	2346952	r	0	1	Prodigal	002006
2084	1	2346951	2347953	r	0	1	Prodigal	002006
2085	1	2347942	2348749	r	0	1	Prodigal	002006
2086	1	2348817	2350059	r	0	1	Prodigal	002006
2087	1	2350141	2350378	r	0	1	Prodigal	002006
2088	1	2350536	2351271	r	0	1	Prodigal	002006
2089	1	2351284	2352220	r	0	1	Prodigal	002006
2090	1	2352291	2353290	r	0	1	Prodigal	002006
2091	1	2353258	2354278	r	0	1	Prodigal	002006
2092	1	2354287	2354455	r	0	1	Prodigal	002006
2093	1	2354474	2354996	r	0	1	Prodigal	002006
2094	1	2355115	2355697	f	0	1	Prodigal	002006
2095	1	2355783	2356458	r	0	1	Prodigal	002006
2096	1	2356457	2357402	r	0	1	Prodigal	002006
2097	1	2357815	2360908	f	0	1	Prodigal	002006
2098	1	2361651	2363388	r	0	1	Prodigal	002006
2099	1	2363384	2364374	r	0	1	Prodigal	002006
2100	1	2364373	2365474	r	0	1	Prodigal	002006
2101	1	2365773	2366757	f	0	1	Prodigal	002006
2102	1	2367309	2368503	f	0	1	Prodigal	002006
2103	1	2368756	2369320	f	0	1	Prodigal	002006
2104	1	2369539	2369926	f	0	1	Prodigal	002006
2105	1	2370042	2370693	f	0	1	Prodigal	002006
2106	1	2370811	2372212	r	0	1	Prodigal	002006
2107	1	2372560	2373391	f	0	1	Prodigal	002006
2108	1	2373502	2374591	r	0	1	Prodigal	002006
2109	1	2374603	2375539	r	0	1	Prodigal	002006
2110	1	2375621	2376146	f	0	1	Prodigal	002006
2111	1	2376203	2377499	f	0	1	Prodigal	002006
2112	1	2377628	2378237	r	0	1	Prodigal	002006
2113	1	2378833	2380297	r	0	1	Prodigal	002006
2114	1	2380604	2381825	r	0	1	Prodigal	002006
2115	1	2382008	2382587	f	0	1	Prodigal	002006
2116	1	2382791	2384318	r	0	1	Prodigal	002006
2117	1	2384612	2385896	f	0	1	Prodigal	002006
2118	1	2385938	2386505	f	0	1	Prodigal	002006
2119	1	2386721	2388020	f	0	1	Prodigal	002006
2120	1	2388422	2389385	r	0	1	Prodigal	002006
2121	1	2389603	2390854	r	0	1	Prodigal	002006
2122	1	2391209	2393126	f	0	1	Prodigal	002006
2123	1	2393717	2395640	f	0	1	Prodigal	002006
2124	1	2395663	2396935	f	0	1	Prodigal	002006
2125	1	2396944	2398465	f	0	1	Prodigal	002006
2126	1	2398633	2400784	r	0	1	Prodigal	002006
2127	1	2400780	2402091	r	0	1	Prodigal	002006
2128	1	2402273	2403224	f	0	1	Prodigal	002006
2129	1	2403214	2404117	f	0	1	Prodigal	002006
2130	1	2404101	2404641	f	0	1	Prodigal	002006
2131	1	2404637	2405630	f	0	1	Prodigal	002006
2132	1	2405620	2407072	f	0	1	Prodigal	002006
2133	1	2407068	2408604	f	0	1	Prodigal	002006
2134	1	2408617	2409217	f	0	1	Prodigal	002006
2135	1	2409209	2409989	f	0	1	Prodigal	002006
2136	1	2410391	2411729	f	0	1	Prodigal	002006
2137	1	2411981	2413250	f	0	1	Prodigal	002006
2138	1	2413365	2414589	f	0	1	Prodigal	002006
2139	1	2414585	2415761	r	0	1	Prodigal	002006
2140	1	2415883	2416276	f	0	1	Prodigal	002006
2141	1	2416382	2416670	r	0	1	Prodigal	002006
2142	1	2416786	2417674	r	0	1	Prodigal	002006
2143	1	2417769	2421684	r	0	1	Prodigal	002006
2144	1	2421924	2422347	r	0	1	Prodigal	002006
2145	1	2422469	2423747	r	0	1	Prodigal	002006
2146	1	2424576	2426142	f	0	1	Prodigal	002006
2147	1	2426286	2427264	f	0	1	Prodigal	002006
2148	1	2427272	2428256	f	0	1	Prodigal	002006
2149	1	2428255	2428777	f	0	1	Prodigal	002006
2150	1	2428769	2429813	f	0	1	Prodigal	002006
2151	1	2429812	2431540	f	0	1	Prodigal	002006
2152	1	2431520	2432903	f	0	1	Prodigal	002006
2153	1	2433090	2434026	f	0	1	Prodigal	002006
2154	1	2434022	2434823	r	0	1	Prodigal	002006
2155	1	2434857	2435973	r	0	1	Prodigal	002006
2156	1	2435976	2437290	r	0	1	Prodigal	002006
2157	1	2437631	2439059	f	0	1	Prodigal	002006
2158	1	2439214	2439715	f	0	1	Prodigal	002006
2159	1	2439793	2441503	r	0	1	Prodigal	002006
2160	1	2441663	2442020	f	0	1	Prodigal	002006
2161	1	2442016	2442703	f	0	1	Prodigal	002006
2162	1	2442900	2443785	f	0	1	Prodigal	002006
2163	1	2443919	2445305	r	0	1	Prodigal	002006
2164	1	2445929	2447450	f	0	1	Prodigal	002006
2165	1	2447648	2448914	f	0	1	Prodigal	002006
2166	1	2449276	2450389	f	0	1	Prodigal	002006
2167	1	2450490	2451402	r	0	1	Prodigal	002006
2168	1	2451398	2453531	r	0	1	Prodigal	002006
2169	1	2453958	2454357	r	0	1	Prodigal	002006
2170	1	2454453	2456130	r	0	1	Prodigal	002006
2171	1	2456178	2456598	r	0	1	Prodigal	002006
2172	1	2456644	2457244	r	0	1	Prodigal	002006
2173	1	2457880	2460622	f	0	1	Prodigal	002006
2174	1	2461229	2463062	f	0	1	Prodigal	002006
2175	1	2463753	2464419	f	0	1	Prodigal	002006
2176	1	2464418	2466314	f	0	1	Prodigal	002006
2177	1	2466315	2467269	f	0	1	Prodigal	002006
2178	1	2467349	2469068	f	0	1	Prodigal	002006
2179	1	2469077	2469635	f	0	1	Prodigal	002006
2180	1	2469634	2470450	f	0	1	Prodigal	002006
2181	1	2470442	2470856	f	0	1	Prodigal	002006
2182	1	2470855	2471347	f	0	1	Prodigal	002006
2183	1	2471968	2473447	f	0	1	Prodigal	002006
2184	1	2473451	2475365	f	0	1	Prodigal	002006
2185	1	2475361	2477800	f	0	1	Prodigal	002006
2186	1	2477805	2478057	f	0	1	Prodigal	002006
2187	1	2478050	2479160	f	0	1	Prodigal	002006
2188	1	2479165	2480170	f	0	1	Prodigal	002006
2189	1	2480236	2480578	f	0	1	Prodigal	002006
2190	1	2480579	2481719	f	0	1	Prodigal	002006
2191	1	2481872	2482721	r	0	1	Prodigal	002006
2192	1	2482955	2483588	r	0	1	Prodigal	002006
2193	1	2483587	2484376	r	0	1	Prodigal	002006
2194	1	2484369	2485185	r	0	1	Prodigal	002006
2195	1	2485174	2486185	r	0	1	Prodigal	002006
2196	1	2486169	2487792	r	0	1	Prodigal	002006
2197	1	2487923	2488463	r	0	1	Prodigal	002006
2198	1	2488444	2488975	r	0	1	Prodigal	002006
2199	1	2488974	2490678	r	0	1	Prodigal	002006
2200	1	2490674	2491862	r	0	1	Prodigal	002006
2201	1	2491854	2492901	r	0	1	Prodigal	002006
2202	1	2492903	2494037	r	0	1	Prodigal	002006
2203	1	2495285	2496326	f	0	1	Prodigal	002006
2204	1	2496376	2497513	r	0	1	Prodigal	002006
2205	1	2497525	2498797	r	0	1	Prodigal	002006
2206	1	2498793	2500200	r	0	1	Prodigal	002006
2207	1	2500187	2501507	r	0	1	Prodigal	002006
2208	1	2501807	2502563	f	0	1	Prodigal	002006
2209	1	2502559	2503759	f	0	1	Prodigal	002006
2210	1	2503755	2506296	f	0	1	Prodigal	002006
2211	1	2506307	2506784	f	0	1	Prodigal	002006
2212	1	2506761	2507208	r	0	1	Prodigal	002006
2213	1	2507194	2507962	r	0	1	Prodigal	002006
2214	1	2508130	2508976	f	0	1	Prodigal	002006
2215	1	2509175	2509892	r	0	1	Prodigal	002006
2216	1	2509960	2510530	r	0	1	Prodigal	002006
2217	1	2511034	2512450	r	0	1	Prodigal	002006
2218	1	2512608	2513760	f	0	1	Prodigal	002006
2219	1	2513791	2514985	f	0	1	Prodigal	002006
2220	1	2514981	2515617	f	0	1	Prodigal	002006
2221	1	2515909	2516911	r	0	1	Prodigal	002006
2222	1	2516991	2518482	r	0	1	Prodigal	002006
2223	1	2518505	2519174	r	0	1	Prodigal	002006
2224	1	2519175	2521281	r	0	1	Prodigal	002006
2225	1	2521299	2521716	r	0	1	Prodigal	002006
2226	1	2521712	2522063	r	0	1	Prodigal	002006
2227	1	2522401	2522893	f	0	1	Prodigal	002006
2228	1	2522901	2524728	f	0	1	Prodigal	002006
2229	1	2524941	2525826	r	0	1	Prodigal	002006
2230	1	2526035	2527172	f	0	1	Prodigal	002006
2231	1	2527254	2527704	f	0	1	Prodigal	002006
2232	1	2527731	2528925	f	0	1	Prodigal	002006
2233	1	2528938	2529382	r	0	1	Prodigal	002006
2234	1	2529677	2530466	r	0	1	Prodigal	002006
2235	1	2530572	2532009	r	0	1	Prodigal	002006
2236	1	2532367	2533147	r	0	1	Prodigal	002006
2237	1	2533199	2534102	r	0	1	Prodigal	002006
2238	1	2534153	2535266	r	0	1	Prodigal	002006
2239	1	2535284	2536067	r	0	1	Prodigal	002006
2240	1	2536202	2537360	r	0	1	Prodigal	002006
2241	1	2537679	2538822	f	0	1	Prodigal	002006
2242	1	2538818	2540453	f	0	1	Prodigal	002006
2243	1	2540464	2541301	f	0	1	Prodigal	002006
2244	1	2541297	2543268	f	0	1	Prodigal	002006
2245	1	2543264	2544233	f	0	1	Prodigal	002006
2246	1	2544235	2544646	f	0	1	Prodigal	002006
2247	1	2544682	2545444	f	0	1	Prodigal	002006
2248	1	2545496	2548499	f	0	1	Prodigal	002006
2249	1	2548724	2549321	f	0	1	Prodigal	002006
2250	1	2549967	2551230	f	0	1	Prodigal	002006
2251	1	2551226	2552264	f	0	1	Prodigal	002006
2252	1	2552543	2552789	f	0	1	Prodigal	002006
2253	1	2552946	2553759	r	0	1	Prodigal	002006
2254	1	2553790	2554228	r	0	1	Prodigal	002006
2255	1	2554576	2556076	f	0	1	Prodigal	002006
2256	1	2556146	2556953	r	0	1	Prodigal	002006
2257	1	2557121	2558909	f	0	1	Prodigal	002006
2258	1	2558911	2559538	f	0	1	Prodigal	002006
2259	1	2559643	2559955	f	0	1	Prodigal	002006
2260	1	2559951	2561604	f	0	1	Prodigal	002006
2261	1	2562273	2562480	r	0	1	Prodigal	002006
2262	1	2562541	2570980	r	0	1	Prodigal	002006
2263	1	2571195	2571666	r	0	1	Prodigal	002006
2264	1	2571965	2573366	r	0	1	Prodigal	002006
2265	1	2573377	2573617	r	0	1	Prodigal	002006
2266	1	2573616	2573991	r	0	1	Prodigal	002006
2267	1	2573999	2574635	r	0	1	Prodigal	002006
2268	1	2574644	2575004	r	0	1	Prodigal	002006
2269	1	2575049	2576348	r	0	1	Prodigal	002006
2270	1	2576344	2577955	r	0	1	Prodigal	002006
2271	1	2578039	2580166	r	0	1	Prodigal	002006
2272	1	2580168	2580828	r	0	1	Prodigal	002006
2273	1	2580837	2581467	r	0	1	Prodigal	002006
2274	1	2581466	2581910	r	0	1	Prodigal	002006
2275	1	2581976	2582366	r	0	1	Prodigal	002006
2276	1	2582428	2583646	r	0	1	Prodigal	002006
2277	1	2583715	2584657	r	0	1	Prodigal	002006
2278	1	2584789	2585515	r	0	1	Prodigal	002006
2279	1	2585610	2586009	r	0	1	Prodigal	002006
2280	1	2586254	2588381	r	0	1	Prodigal	002006
2281	1	2588380	2590078	r	0	1	Prodigal	002006
2282	1	2590121	2590868	r	0	1	Prodigal	002006
2283	1	2590908	2591784	r	0	1	Prodigal	002006
2284	1	2592041	2592290	r	0	1	Prodigal	002006
2285	1	2592548	2593043	r	0	1	Prodigal	002006
2286	1	2593834	2593945	f	0	1	Prodigal	002006
2287	1	2594040	2594451	r	0	1	Prodigal	002006
2288	1	2594564	2595617	r	0	1	Prodigal	002006
2289	1	2595707	2596619	f	0	1	Prodigal	002006
2290	1	2596624	2596996	r	0	1	Prodigal	002006
2291	1	2597237	2597660	f	0	1	Prodigal	002006
2292	1	2597663	2598938	f	0	1	Prodigal	002006
2293	1	2598921	2599203	r	0	1	Prodigal	002006
2294	1	2599654	2599852	f	0	1	Prodigal	002006
2295	1	2600057	2600756	r	0	1	Prodigal	002006
2296	1	2600801	2601131	r	0	1	Prodigal	002006
2297	1	2601130	2601721	r	0	1	Prodigal	002006
2298	1	2602066	2603104	f	0	1	Prodigal	002006
2299	1	2603157	2604102	f	0	1	Prodigal	002006
2300	1	2604116	2604485	r	0	1	Prodigal	002006
2301	1	2605325	2605646	f	0	1	Prodigal	002006
2302	1	2606301	2606964	f	0	1	Prodigal	002006
2303	1	2607046	2609254	r	0	1	Prodigal	002006
2304	1	2609273	2610386	r	0	1	Prodigal	002006
2305	1	2610999	2611401	f	0	1	Prodigal	002006
2306	1	2611529	2612201	f	0	1	Prodigal	002006
2307	1	2612484	2612613	r	0	1	Prodigal	002006
2308	1	2613058	2613553	r	0	1	Prodigal	002006
2309	1	2613530	2614346	r	0	1	Prodigal	002006
2310	1	2614342	2614498	r	0	1	Prodigal	002006
2311	1	2614551	2614773	r	0	1	Prodigal	002006
2312	1	2614777	2615062	r	0	1	Prodigal	002006
2313	1	2615324	2616173	f	0	1	Prodigal	002006
2314	1	2617140	2617494	r	0	1	Prodigal	002006
2315	1	2617505	2618699	r	0	1	Prodigal	002006
2316	1	2619075	2619360	f	0	1	Prodigal	002006
2317	1	2619356	2619854	f	0	1	Prodigal	002006
2318	1	2619930	2621343	f	0	1	Prodigal	002006
2319	1	2621354	2622413	f	0	1	Prodigal	002006
2320	1	2622536	2622728	f	0	1	Prodigal	002006
2321	1	2622739	2622955	f	0	1	Prodigal	002006
2322	1	2623045	2623453	f	0	1	Prodigal	002006
2323	1	2623413	2623617	f	0	1	Prodigal	002006
2324	1	2623595	2624849	f	0	1	Prodigal	002006
2325	1	2624911	2626504	f	0	1	Prodigal	002006
2326	1	2626763	2628677	r	0	1	Prodigal	002006
2327	1	2628827	2629100	r	0	1	Prodigal	002006
2328	1	2629340	2631695	r	0	1	Prodigal	002006
2329	1	2631836	2633111	r	0	1	Prodigal	002006
2330	1	2633181	2633805	r	0	1	Prodigal	002006
2331	1	2633891	2635202	r	0	1	Prodigal	002006
2332	1	2635642	2636077	f	0	1	Prodigal	002006
2333	1	2636169	2636760	f	0	1	Prodigal	002006
2334	1	2636847	2638089	r	0	1	Prodigal	002006
2335	1	2638088	2638787	r	0	1	Prodigal	002006
2336	1	2638875	2640111	r	0	1	Prodigal	002006
2337	1	2640187	2640763	f	0	1	Prodigal	002006
2338	1	2640819	2644272	f	0	1	Prodigal	002006
2339	1	2644515	2645550	r	0	1	Prodigal	002006
2340	1	2645932	2647549	f	0	1	Prodigal	002006
2341	1	2647652	2648570	r	0	1	Prodigal	002006
2342	1	2648734	2648941	r	0	1	Prodigal	002006
2343	1	2649074	2649542	r	0	1	Prodigal	002006
2344	1	2649704	2652491	f	0	1	Prodigal	002006
2345	1	2652822	2653470	r	0	1	Prodigal	002006
2346	1	2653753	2655124	r	0	1	Prodigal	002006
2347	1	2655445	2656210	f	0	1	Prodigal	002006
2348	1	2656261	2657089	f	0	1	Prodigal	002006
2349	1	2657408	2658113	r	0	1	Prodigal	002006
2350	1	2658819	2659092	r	0	1	Prodigal	002006
2351	1	2659471	2661061	r	0	1	Prodigal	002006
2352	1	2661144	2662608	r	0	1	Prodigal	002006
2353	1	2662796	2662997	f	0	1	Prodigal	002006
2354	1	2663249	2663888	f	0	1	Prodigal	002006
2355	1	2663976	2665356	f	0	1	Prodigal	002006
2356	1	2665489	2666209	r	0	1	Prodigal	002006
2357	1	2666455	2668402	f	0	1	Prodigal	002006
2358	1	2668488	2671143	f	0	1	Prodigal	002006
2359	1	2671313	2672303	r	0	1	Prodigal	002006
2360	1	2672507	2673116	r	0	1	Prodigal	002006
2361	1	2673466	2673943	f	0	1	Prodigal	002006
2362	1	2674125	2675514	f	0	1	Prodigal	002006
2363	1	2675625	2676987	r	0	1	Prodigal	002006
2364	1	2677242	2678838	f	0	1	Prodigal	002006
2365	1	2678963	2680019	r	0	1	Prodigal	002006
2366	1	2680239	2681523	r	0	1	Prodigal	002006
2367	1	2681750	2682839	r	0	1	Prodigal	002006
2368	1	2683064	2683991	r	0	1	Prodigal	002006
2369	1	2683987	2684755	r	0	1	Prodigal	002006
2370	1	2684924	2686568	f	0	1	Prodigal	002006
2371	1	2686861	2687809	f	0	1	Prodigal	002006
2372	1	2687958	2688420	f	0	1	Prodigal	002006
2373	1	2688455	2689226	r	0	1	Prodigal	002006
2374	1	2689390	2689942	f	0	1	Prodigal	002006
2375	1	2690137	2692135	f	0	1	Prodigal	002006
2376	1	2692219	2693494	r	0	1	Prodigal	002006
2377	1	2693620	2695324	f	0	1	Prodigal	002006
2378	1	2695286	2695781	r	0	1	Prodigal	002006
2379	1	2695956	2696319	r	0	1	Prodigal	002006
2380	1	2696500	2697805	r	0	1	Prodigal	002006
2381	1	2697991	2698384	r	0	1	Prodigal	002006
2382	1	2698418	2699393	r	0	1	Prodigal	002006
2383	1	2699489	2700134	r	0	1	Prodigal	002006
2384	1	2700437	2701196	r	0	1	Prodigal	002006
2385	1	2701401	2702922	r	0	1	Prodigal	002006
2386	1	2702943	2703432	r	0	1	Prodigal	002006
2387	1	2703619	2704915	r	0	1	Prodigal	002006
2388	1	2705016	2705175	r	0	1	Prodigal	002006
2389	1	2705221	2706559	r	0	1	Prodigal	002006
2390	1	2706712	2707333	r	0	1	Prodigal	002006
2391	1	2707402	2709919	r	0	1	Prodigal	002006
2392	1	2710121	2710613	r	0	1	Prodigal	002006
2393	1	2710763	2711879	f	0	1	Prodigal	002006
2394	1	2712064	2713015	f	0	1	Prodigal	002006
2395	1	2713077	2714325	f	0	1	Prodigal	002006
2396	1	2714433	2714904	r	0	1	Prodigal	002006
2397	1	2714923	2715634	f	0	1	Prodigal	002006
2398	1	2715626	2716343	f	0	1	Prodigal	002006
2399	1	2716411	2716630	f	0	1	Prodigal	002006
2400	1	2716698	2718954	r	0	1	Prodigal	002006
2401	1	2719013	2719331	r	0	1	Prodigal	002006
2402	1	2719560	2719779	f	0	1	Prodigal	002006
2403	1	2719896	2720751	r	0	1	Prodigal	002006
2404	1	2721592	2722303	f	0	1	Prodigal	002006
2405	1	2722324	2723641	f	0	1	Prodigal	002006
2406	1	2723704	2723887	f	0	1	Prodigal	002006
2407	1	2724040	2726590	f	0	1	Prodigal	002006
2408	1	2726601	2727324	f	0	1	Prodigal	002006
2409	1	2727865	2728321	r	0	1	Prodigal	002006
2410	1	2728479	2729817	f	0	1	Prodigal	002006
2411	1	2729908	2730490	r	0	1	Prodigal	002006
2412	1	2730581	2732162	r	0	1	Prodigal	002006
2413	1	2732724	2733129	f	0	1	Prodigal	002006
2414	1	2733202	2733778	r	0	1	Prodigal	002006
2415	1	2733774	2734005	r	0	1	Prodigal	002006
2416	1	2734006	2734678	r	0	1	Prodigal	002006
2417	1	2734739	2735447	r	0	1	Prodigal	002006
2418	1	2735467	2736091	r	0	1	Prodigal	002006
2419	1	2736092	2736683	f	0	1	Prodigal	002006
2420	1	2736657	2737359	r	0	1	Prodigal	002006
2421	1	2737377	2738544	r	0	1	Prodigal	002006
2422	1	2738553	2738838	r	0	1	Prodigal	002006
2423	1	2738996	2739281	r	0	1	Prodigal	002006
2424	1	2739373	2741044	r	0	1	Prodigal	002006
2425	1	2741138	2741831	r	0	1	Prodigal	002006
2426	1	2742079	2742673	f	0	1	Prodigal	002006
2427	1	2742754	2743711	r	0	1	Prodigal	002006
2428	1	2743774	2744650	r	0	1	Prodigal	002006
2429	1	2744745	2745969	f	0	1	Prodigal	002006
2430	1	2746114	2746660	r	0	1	Prodigal	002006
2431	1	2746662	2747427	r	0	1	Prodigal	002006
2432	1	2747618	2748344	r	0	1	Prodigal	002006
2433	1	2748415	2749981	r	0	1	Prodigal	002006
2434	1	2750124	2752128	r	0	1	Prodigal	002006
2435	1	2752940	2753879	f	0	1	Prodigal	002006
2436	1	2753933	2754956	f	0	1	Prodigal	002006
2437	1	2754964	2755396	f	0	1	Prodigal	002006
2438	1	2755486	2756506	r	0	1	Prodigal	002006
2439	1	2756618	2757320	r	0	1	Prodigal	002006
2440	1	2757407	2757815	r	0	1	Prodigal	002006
2441	1	2757962	2758862	f	0	1	Prodigal	002006
2442	1	2758932	2759214	r	0	1	Prodigal	002006
2443	1	2759430	2759973	r	0	1	Prodigal	002006
2444	1	2760079	2760850	f	0	1	Prodigal	002006
2445	1	2760842	2761640	f	0	1	Prodigal	002006
2446	1	2761642	2762464	f	0	1	Prodigal	002006
2447	1	2762463	2763369	f	0	1	Prodigal	002006
2448	1	2763362	2764100	f	0	1	Prodigal	002006
2449	1	2764185	2764776	f	0	1	Prodigal	002006
2450	1	2764772	2765498	f	0	1	Prodigal	002006
2451	1	2765518	2766136	f	0	1	Prodigal	002006
2452	1	2766751	2767510	f	0	1	Prodigal	002006
2453	1	2767487	2768363	f	0	1	Prodigal	002006
2454	1	2768734	2769139	f	0	1	Prodigal	002006
2455	1	2769168	2769843	f	0	1	Prodigal	002006
2456	1	2769845	2771651	f	0	1	Prodigal	002006
2457	1	2771731	2772274	f	0	1	Prodigal	002006
2458	1	2772270	2773656	f	0	1	Prodigal	002006
2459	1	2773697	2776454	f	0	1	Prodigal	002006
2460	1	2776450	2777419	f	0	1	Prodigal	002006
2461	1	2777429	2777972	f	0	1	Prodigal	002006
2462	1	2777982	2778534	f	0	1	Prodigal	002006
2463	1	2778530	2778839	f	0	1	Prodigal	002006
2464	1	2778835	2780683	f	0	1	Prodigal	002006
2465	1	2780782	2782327	f	0	1	Prodigal	002006
2466	1	2782323	2783787	f	0	1	Prodigal	002006
2467	1	2784022	2785159	f	0	1	Prodigal	002006
2468	1	2785155	2786613	f	0	1	Prodigal	002006
2469	1	2786614	2788159	f	0	1	Prodigal	002006
2470	1	2788223	2792147	r	0	1	Prodigal	002006
2471	1	2792296	2793781	f	0	1	Prodigal	002006
2472	1	2793912	2794104	f	0	1	Prodigal	002006
2473	1	2794154	2794379	r	0	1	Prodigal	002006
2474	1	2794502	2795999	r	0	1	Prodigal	002006
2475	1	2796073	2797258	r	0	1	Prodigal	002006
2476	1	2797250	2797901	r	0	1	Prodigal	002006
2477	1	2797904	2799182	r	0	1	Prodigal	002006
2478	1	2799320	2800436	r	0	1	Prodigal	002006
2479	1	2800446	2801415	r	0	1	Prodigal	002006
2480	1	2801404	2802181	r	0	1	Prodigal	002006
2481	1	2802207	2803311	r	0	1	Prodigal	002006
2482	1	2803478	2803907	r	0	1	Prodigal	002006
2483	1	2804174	2805458	r	0	1	Prodigal	002006
2484	1	2805454	2806759	r	0	1	Prodigal	002006
2485	1	2806932	2807271	r	0	1	Prodigal	002006
2486	1	2807272	2809120	r	0	1	Prodigal	002006
2487	1	2809148	2809667	r	0	1	Prodigal	002006
2488	1	2809785	2810109	r	0	1	Prodigal	002006
2489	1	2810124	2810508	r	0	1	Prodigal	002006
2490	1	2810549	2811791	r	0	1	Prodigal	002006
2491	1	2811817	2812360	r	0	1	Prodigal	002006
2492	1	2812413	2813136	r	0	1	Prodigal	002006
2493	1	2813323	2813740	f	0	1	Prodigal	002006
2494	1	2813692	2814226	r	0	1	Prodigal	002006
2495	1	2814415	2815411	f	0	1	Prodigal	002006
2496	1	2815422	2816295	f	0	1	Prodigal	002006
2497	1	2816401	2816800	f	0	1	Prodigal	002006
2498	1	2816895	2817621	f	0	1	Prodigal	002006
2499	1	2817685	2818630	r	0	1	Prodigal	002006
2500	1	2818720	2819089	r	0	1	Prodigal	002006
2501	1	2819173	2820121	r	0	1	Prodigal	002006
2502	1	2820131	2821985	r	0	1	Prodigal	002006
2503	1	2822003	2822339	r	0	1	Prodigal	002006
2504	1	2822391	2823528	r	0	1	Prodigal	002006
2505	1	2823602	2824655	r	0	1	Prodigal	002006
2506	1	2824867	2825314	f	0	1	Prodigal	002006
2507	1	2826018	2826585	f	0	1	Prodigal	002006
2508	1	2826708	2828289	f	0	1	Prodigal	002006
2509	1	2828425	2829142	r	0	1	Prodigal	002006
2510	1	2829198	2829759	r	0	1	Prodigal	002006
2511	1	2829845	2835110	r	0	1	Prodigal	002006
2512	1	2835374	2837300	r	0	1	Prodigal	002006
2513	1	2837303	2837897	r	0	1	Prodigal	002006
2514	1	2838191	2839517	r	0	1	Prodigal	002006
2515	1	2839554	2840988	r	0	1	Prodigal	002006
2516	1	2840980	2843125	r	0	1	Prodigal	002006
2517	1	2843502	2844432	r	0	1	Prodigal	002006
2518	1	2845043	2849501	f	0	1	Prodigal	002006
2519	1	2849513	2850929	f	0	1	Prodigal	002006
2520	1	2851004	2851583	r	0	1	Prodigal	002006
2521	1	2851869	2853165	f	0	1	Prodigal	002006
2522	1	2853263	2853914	f	0	1	Prodigal	002006
2523	1	2854008	2854248	r	0	1	Prodigal	002006
2524	1	2854244	2856518	r	0	1	Prodigal	002006
2525	1	2856647	2856875	r	0	1	Prodigal	002006
2526	1	2856994	2857324	f	0	1	Prodigal	002006
2527	1	2857583	2858141	f	0	1	Prodigal	002006
2528	1	2858305	2859241	f	0	1	Prodigal	002006
2529	1	2859233	2860238	f	0	1	Prodigal	002006
2530	1	2860234	2860753	f	0	1	Prodigal	002006
2531	1	2860824	2861571	f	0	1	Prodigal	002006
2532	1	2861701	2862448	f	0	1	Prodigal	002006
2533	1	2862587	2863343	f	0	1	Prodigal	002006
2534	1	2864398	2866096	f	0	1	Prodigal	002006
2535	1	2866097	2867717	f	0	1	Prodigal	002006
2536	1	2868172	2869549	r	0	1	Prodigal	002006
2537	1	2869761	2870259	f	0	1	Prodigal	002006
2538	1	2870401	2870779	f	0	1	Prodigal	002006
2539	1	2870775	2871510	f	0	1	Prodigal	002006
2540	1	2871733	2871982	f	0	1	Prodigal	002006
2541	1	2872047	2873355	r	0	1	Prodigal	002006
2542	1	2873446	2874121	r	0	1	Prodigal	002006
2543	1	2874343	2875330	f	0	1	Prodigal	002006
2544	1	2875341	2875773	f	0	1	Prodigal	002006
2545	1	2875782	2877315	f	0	1	Prodigal	002006
2546	1	2877445	2878081	r	0	1	Prodigal	002006
2547	1	2878220	2879216	r	0	1	Prodigal	002006
2548	1	2879226	2880378	r	0	1	Prodigal	002006
2549	1	2880370	2881495	r	0	1	Prodigal	002006
2550	1	2881719	2882415	r	0	1	Prodigal	002006
2551	1	2882414	2883074	r	0	1	Prodigal	002006
2552	1	2883250	2883943	r	0	1	Prodigal	002006
2553	1	2883946	2884687	r	0	1	Prodigal	002006
2554	1	2884898	2885672	r	0	1	Prodigal	002006
2555	1	2885721	2886492	r	0	1	Prodigal	002006
2556	1	2887025	2887928	f	0	1	Prodigal	002006
2557	1	2888026	2889157	r	0	1	Prodigal	002006
2558	1	2889223	2890006	r	0	1	Prodigal	002006
2559	1	2890393	2891002	f	0	1	Prodigal	002006
2560	1	2891058	2891442	r	0	1	Prodigal	002006
2561	1	2891438	2891789	r	0	1	Prodigal	002006
2562	1	2891849	2892332	f	0	1	Prodigal	002006
2563	1	2892422	2893877	r	0	1	Prodigal	002006
2564	1	2893998	2894232	f	0	1	Prodigal	002006
2565	1	2894257	2895328	f	0	1	Prodigal	002006
2566	1	2895363	2896170	f	0	1	Prodigal	002006
2567	1	2896281	2897082	r	0	1	Prodigal	002006
2568	1	2897210	2898026	f	0	1	Prodigal	002006
2569	1	2898138	2899275	r	0	1	Prodigal	002006
2570	1	2899343	2900234	r	0	1	Prodigal	002006
2571	1	2900246	2901899	r	0	1	Prodigal	002006
2572	1	2901974	2903156	r	0	1	Prodigal	002006
2573	1	2903564	2904614	r	0	1	Prodigal	002006
2574	1	2904687	2904915	f	0	1	Prodigal	002006
2575	1	2904962	2906813	f	0	1	Prodigal	002006
2576	1	2906898	2907765	r	0	1	Prodigal	002006
2577	1	2908286	2910161	f	0	1	Prodigal	002006
2578	1	2910179	2910638	f	0	1	Prodigal	002006
2579	1	2910705	2913078	r	0	1	Prodigal	002006
2580	1	2913425	2914238	f	0	1	Prodigal	002006
2581	1	2914477	2914813	r	0	1	Prodigal	002006
2582	1	2915160	2916543	f	0	1	Prodigal	002006
2583	1	2916643	2916970	r	0	1	Prodigal	002006
2584	1	2917076	2918147	f	0	1	Prodigal	002006
2585	1	2918360	2919161	r	0	1	Prodigal	002006
2586	1	2919376	2919523	r	0	1	Prodigal	002006
2587	1	2920801	2921356	r	0	1	Prodigal	002006
2588	1	2921555	2923409	r	0	1	Prodigal	002006
2589	1	2923536	2924181	r	0	1	Prodigal	002006
2590	1	2924393	2925143	r	0	1	Prodigal	002006
2591	1	2925139	2925328	r	0	1	Prodigal	002006
2592	1	2925451	2926447	r	0	1	Prodigal	002006
2593	1	2926446	2928210	r	0	1	Prodigal	002006
2594	1	2928314	2930516	r	0	1	Prodigal	002006
2595	1	2930543	2931062	f	0	1	Prodigal	002006
2596	1	2931055	2931559	f	0	1	Prodigal	002006
2597	1	2931665	2932856	r	0	1	Prodigal	002006
2598	1	2933001	2933943	r	0	1	Prodigal	002006
2599	1	2934114	2934987	r	0	1	Prodigal	002006
2600	1	2934986	2935358	r	0	1	Prodigal	002006
2601	1	2935656	2936139	r	0	1	Prodigal	002006
2602	1	2936357	2937446	r	0	1	Prodigal	002006
2603	1	2937553	2939041	r	0	1	Prodigal	002006
2604	1	2939278	2939425	f	0	1	Prodigal	002006
2605	1	2939358	2940117	r	0	1	Prodigal	002006
2606	1	2940219	2941578	r	0	1	Prodigal	002006
2607	1	2942067	2942916	f	0	1	Prodigal	002006
2608	1	2942954	2944457	f	0	1	Prodigal	002006
2609	1	2944506	2946660	f	0	1	Prodigal	002006
2610	1	2946853	2947087	f	0	1	Prodigal	002006
2611	1	2947258	2948161	r	0	1	Prodigal	002006
2612	1	2948356	2948755	f	0	1	Prodigal	002006
2613	1	2948741	2949104	f	0	1	Prodigal	002006
2614	1	2949205	2950192	f	0	1	Prodigal	002006
2615	1	2950310	2950607	f	0	1	Prodigal	002006
2616	1	2950732	2951740	r	0	1	Prodigal	002006
2617	1	2952094	2953264	f	0	1	Prodigal	002006
2618	1	2953407	2954079	f	0	1	Prodigal	002006
2619	1	2954191	2954800	r	0	1	Prodigal	002006
2620	1	2954796	2955591	r	0	1	Prodigal	002006
2621	1	2955583	2956441	r	0	1	Prodigal	002006
2622	1	2956428	2956758	r	0	1	Prodigal	002006
2623	1	2956750	2957710	r	0	1	Prodigal	002006
2624	1	2957829	2957940	r	0	1	Prodigal	002006
2625	1	2957956	2959096	r	0	1	Prodigal	002006
2626	1	2959095	2960667	r	0	1	Prodigal	002006
2627	1	2960789	2962205	f	0	1	Prodigal	002006
2628	1	2962297	2962756	r	0	1	Prodigal	002006
2629	1	2962910	2963549	r	0	1	Prodigal	002006
2630	1	2963687	2964155	f	0	1	Prodigal	002006
2631	1	2964250	2964406	f	0	1	Prodigal	002006
2632	1	2964453	2965296	r	0	1	Prodigal	002006
2633	1	2965472	2966735	f	0	1	Prodigal	002006
2634	1	2966802	2967819	r	0	1	Prodigal	002006
2635	1	2967808	2967931	r	0	1	Prodigal	002006
2636	1	2968276	2969857	f	0	1	Prodigal	002006
2637	1	2969979	2970114	r	0	1	Prodigal	002006
2638	1	2970165	2970348	r	0	1	Prodigal	002006
2639	1	2970511	2970979	r	0	1	Prodigal	002006
2640	1	2971249	2971894	f	0	1	Prodigal	002006
2641	1	2972091	2972673	f	0	1	Prodigal	002006
2642	1	2972675	2973254	f	0	1	Prodigal	002006
2643	1	2973268	2975962	f	0	1	Prodigal	002006
2644	1	2975973	2977026	f	0	1	Prodigal	002006
2645	1	2977069	2977702	f	0	1	Prodigal	002006
2646	1	2977717	2978479	f	0	1	Prodigal	002006
2647	1	2978492	2979134	f	0	1	Prodigal	002006
2648	1	2979190	2979604	f	0	1	Prodigal	002006
2649	1	2979689	2980565	r	0	1	Prodigal	002006
2650	1	2980788	2981754	f	0	1	Prodigal	002006
2651	1	2982379	2982922	f	0	1	Prodigal	002006
2652	1	2983009	2983393	f	0	1	Prodigal	002006
2653	1	2983704	2984412	f	0	1	Prodigal	002006
2654	1	2984435	2985293	f	0	1	Prodigal	002006
2655	1	2985380	2985620	f	0	1	Prodigal	002006
2656	1	2985687	2986839	r	0	1	Prodigal	002006
2657	1	2987140	2990365	r	0	1	Prodigal	002006
2658	1	2990385	2991522	r	0	1	Prodigal	002006
2659	1	2991849	2991984	r	0	1	Prodigal	002006
2660	1	2992192	2993005	r	0	1	Prodigal	002006
2661	1	2993278	2994259	f	0	1	Prodigal	002006
2662	1	2994697	2996032	f	0	1	Prodigal	002006
2663	1	2996045	2996135	f	0	1	Prodigal	002006
2664	1	2996346	2996943	f	0	1	Prodigal	002006
2665	1	2997104	2997758	f	0	1	Prodigal	002006
2666	1	2998083	2999316	f	0	1	Prodigal	002006
2667	1	2999397	2999778	r	0	1	Prodigal	002006
2668	1	2999922	3000984	f	0	1	Prodigal	002006
2669	1	3001100	3001898	r	0	1	Prodigal	002006
2670	1	3001884	3001977	r	0	1	Prodigal	002006
2671	1	3001963	3002971	r	0	1	Prodigal	002006
2672	1	3003068	3003902	r	0	1	Prodigal	002006
2673	1	3003912	3004269	f	0	1	Prodigal	002006
2674	1	3004327	3005467	f	0	1	Prodigal	002006
2675	1	3005561	3006011	r	0	1	Prodigal	002006
2676	1	3006184	3007411	f	0	1	Prodigal	002006
2677	1	3007475	3008420	r	0	1	Prodigal	002006
2678	1	3008722	3009718	r	0	1	Prodigal	002006
2679	1	3009718	3010699	r	0	1	Prodigal	002006
2680	1	3010753	3011665	r	0	1	Prodigal	002006
2681	1	3011679	3012600	r	0	1	Prodigal	002006
2682	1	3012698	3014318	r	0	1	Prodigal	002006
2683	1	3014597	3015233	r	0	1	Prodigal	002006
2684	1	3016073	3018740	f	0	1	Prodigal	002006
2685	1	3019385	3021527	f	0	1	Prodigal	002006
2686	1	3021572	3022268	f	0	1	Prodigal	002006
2687	1	3022284	3023121	f	0	1	Prodigal	002006
2688	1	3023131	3025135	f	0	1	Prodigal	002006
2689	1	3025148	3027701	f	0	1	Prodigal	002006
2690	1	3027721	3028168	f	0	1	Prodigal	002006
2691	1	3028236	3028977	r	0	1	Prodigal	002006
2692	1	3029079	3030846	r	0	1	Prodigal	002006
2693	1	3030878	3031130	r	0	1	Prodigal	002006
2694	1	3031292	3032141	f	0	1	Prodigal	002006
2695	1	3032416	3033163	f	0	1	Prodigal	002006
2696	1	3033159	3034137	f	0	1	Prodigal	002006
2697	1	3034189	3034978	f	0	1	Prodigal	002006
2698	1	3034981	3036520	f	0	1	Prodigal	002006
2699	1	3036523	3037489	f	0	1	Prodigal	002006
2700	1	3037790	3038393	r	0	1	Prodigal	002006
2701	1	3038539	3039448	f	0	1	Prodigal	002006
2702	1	3039639	3040089	f	0	1	Prodigal	002006
2703	1	3040400	3040577	f	0	1	Prodigal	002006
2704	1	3040745	3041690	r	0	1	Prodigal	002006
2705	1	3041912	3043250	f	0	1	Prodigal	002006
2706	1	3043266	3044598	f	0	1	Prodigal	002006
2707	1	3044906	3045083	f	0	1	Prodigal	002006
2708	1	3045155	3046409	r	0	1	Prodigal	002006
2709	1	3046565	3047441	r	0	1	Prodigal	002006
2710	1	3047570	3048770	f	0	1	Prodigal	002006
2711	1	3049634	3051275	f	0	1	Prodigal	002006
2712	1	3051795	3053688	f	0	1	Prodigal	002006
2713	1	3053921	3054674	f	0	1	Prodigal	002006
2714	1	3054974	3056078	f	0	1	Prodigal	002006
2715	1	3056160	3056535	r	0	1	Prodigal	002006
2716	1	3056901	3058827	f	0	1	Prodigal	002006
2717	1	3058823	3060029	f	0	1	Prodigal	002006
2718	1	3060117	3060453	r	0	1	Prodigal	002006
2719	1	3060559	3061528	r	0	1	Prodigal	002006
2720	1	3061747	3062041	r	0	1	Prodigal	002006
2721	1	3062253	3063699	f	0	1	Prodigal	002006
2722	1	3063710	3064343	f	0	1	Prodigal	002006
2723	1	3064311	3064842	f	0	1	Prodigal	002006
2724	1	3064860	3066045	f	0	1	Prodigal	002006
2725	1	3066250	3066511	f	0	1	Prodigal	002006
2726	1	3066497	3067088	f	0	1	Prodigal	002006
2727	1	3067159	3068983	f	0	1	Prodigal	002006
2728	1	3069091	3070453	f	0	1	Prodigal	002006
2729	1	3070449	3071061	f	0	1	Prodigal	002006
2730	1	3071337	3071553	f	0	1	Prodigal	002006
2731	1	3071715	3072909	f	0	1	Prodigal	002006
2732	1	3072905	3075038	f	0	1	Prodigal	002006
2733	1	3075176	3075836	f	0	1	Prodigal	002006
2734	1	3075878	3076478	f	0	1	Prodigal	002006
2735	1	3076597	3077038	r	0	1	Prodigal	002006
2736	1	3077373	3078420	f	0	1	Prodigal	002006
2737	1	3078639	3080226	f	0	1	Prodigal	002006
2738	1	3080292	3081255	f	0	1	Prodigal	002006
2739	1	3081370	3082177	f	0	1	Prodigal	002006
2740	1	3082576	3083776	f	0	1	Prodigal	002006
2741	1	3083785	3086890	f	0	1	Prodigal	002006
2742	1	3086950	3088036	r	0	1	Prodigal	002006
2743	1	3088032	3088488	r	0	1	Prodigal	002006
2744	1	3088622	3089807	r	0	1	Prodigal	002006
2745	1	3090199	3090700	f	0	1	Prodigal	002006
2746	1	3090996	3092520	f	0	1	Prodigal	002006
2747	1	3092593	3095722	f	0	1	Prodigal	002006
2748	1	3095766	3096120	f	0	1	Prodigal	002006
2749	1	3096228	3097146	r	0	1	Prodigal	002006
2750	1	3097229	3098033	r	0	1	Prodigal	002006
2751	1	3098032	3099070	r	0	1	Prodigal	002006
2752	1	3099077	3100094	r	0	1	Prodigal	002006
2753	1	3100269	3101073	r	0	1	Prodigal	002006
2754	1	3101397	3102915	f	0	1	Prodigal	002006
2755	1	3103008	3104283	r	0	1	Prodigal	002006
2756	1	3104270	3105005	r	0	1	Prodigal	002006
2757	1	3105084	3105549	f	0	1	Prodigal	002006
2758	1	3105536	3106259	r	0	1	Prodigal	002006
2759	1	3106331	3107096	f	0	1	Prodigal	002006
2760	1	3107166	3108720	f	0	1	Prodigal	002006
2761	1	3108880	3109906	r	0	1	Prodigal	002006
2762	1	3110199	3110409	r	0	1	Prodigal	002006
2763	1	3110934	3111828	f	0	1	Prodigal	002006
2764	1	3111984	3115860	r	0	1	Prodigal	002006
2765	1	3116293	3117379	r	0	1	Prodigal	002006
2766	1	3117375	3118104	r	0	1	Prodigal	002006
2767	1	3118264	3119419	f	0	1	Prodigal	002006
2768	1	3119434	3122563	f	0	1	Prodigal	002006
2769	1	3122839	3124048	f	0	1	Prodigal	002006
2770	1	3124091	3125459	r	0	1	Prodigal	002006
2771	1	3125593	3125770	r	0	1	Prodigal	002006
2772	1	3125796	3126489	r	0	1	Prodigal	002006
2773	1	3126488	3129035	r	0	1	Prodigal	002006
2774	1	3129034	3129829	r	0	1	Prodigal	002006
2775	1	3129825	3131868	r	0	1	Prodigal	002006
2776	1	3131879	3132167	r	0	1	Prodigal	002006
2777	1	3132367	3132886	r	0	1	Prodigal	002006
2778	1	3133115	3133796	r	0	1	Prodigal	002006
2779	1	3134117	3134465	r	0	1	Prodigal	002006
2780	1	3135031	3135433	r	0	1	Prodigal	002006
2781	1	3135499	3136477	r	0	1	Prodigal	002006
2782	1	3136844	3137057	f	0	1	Prodigal	002006
2783	1	3137437	3138412	f	0	1	Prodigal	002006
2784	1	3138557	3138902	r	0	1	Prodigal	002006
2785	1	3139182	3139536	f	0	1	Prodigal	002006
2786	1	3139547	3139700	f	0	1	Prodigal	002006
2787	1	3139711	3140386	f	0	1	Prodigal	002006
2788	1	3140472	3141036	f	0	1	Prodigal	002006
2789	1	3141068	3141497	f	0	1	Prodigal	002006
2790	1	3141507	3141936	f	0	1	Prodigal	002006
2791	1	3141910	3142213	f	0	1	Prodigal	002006
2792	1	3142305	3142803	f	0	1	Prodigal	002006
2793	1	3142799	3142991	f	0	1	Prodigal	002006
2794	1	3143015	3143354	f	0	1	Prodigal	002006
2795	1	3143507	3144017	f	0	1	Prodigal	002006
2796	1	3144013	3144229	f	0	1	Prodigal	002006
2797	1	3144225	3144588	f	0	1	Prodigal	002006
2798	1	3144666	3145209	f	0	1	Prodigal	002006
2799	1	3145210	3145564	f	0	1	Prodigal	002006
2800	1	3145647	3145962	f	0	1	Prodigal	002006
2801	1	3145964	3146372	f	0	1	Prodigal	002006
2802	1	3146742	3149136	f	0	1	Prodigal	002006
2803	1	3149152	3149773	f	0	1	Prodigal	002006
2804	1	3149934	3150444	f	0	1	Prodigal	002006
2805	1	3150573	3153606	f	0	1	Prodigal	002006
2806	1	3153605	3154274	f	0	1	Prodigal	002006
2807	1	3154330	3155017	r	0	1	Prodigal	002006
2808	1	3155025	3156582	r	0	1	Prodigal	002006
2809	1	3156744	3157587	f	0	1	Prodigal	002006
2810	1	3158238	3159195	f	0	1	Prodigal	002006
2811	1	3159234	3160221	f	0	1	Prodigal	002006
2812	1	3160337	3161753	r	0	1	Prodigal	002006
2813	1	3161997	3162723	r	0	1	Prodigal	002006
2814	1	3162968	3163940	r	0	1	Prodigal	002006
2815	1	3164088	3164577	r	0	1	Prodigal	002006
2816	1	3164852	3165575	f	0	1	Prodigal	002006
2817	1	3165571	3166420	f	0	1	Prodigal	002006
2818	1	3166576	3166819	r	0	1	Prodigal	002006
2819	1	3167044	3167698	r	0	1	Prodigal	002006
2820	1	3168217	3169054	f	0	1	Prodigal	002006
2821	1	3169134	3170397	r	0	1	Prodigal	002006
2822	1	3170504	3171986	r	0	1	Prodigal	002006
2823	1	3172083	3172626	f	0	1	Prodigal	002006
2824	1	3172631	3173090	r	0	1	Prodigal	002006
2825	1	3173400	3174150	f	0	1	Prodigal	002006
2826	1	3174241	3174931	r	0	1	Prodigal	002006
2827	1	3175201	3175414	r	0	1	Prodigal	002006
2828	1	3175440	3175599	f	0	1	Prodigal	002006
2829	1	3175794	3177009	f	0	1	Prodigal	002006
2830	1	3177073	3178549	r	0	1	Prodigal	002006
2831	1	3178711	3179905	r	0	1	Prodigal	002006
2832	1	3180059	3180530	r	0	1	Prodigal	002006
2833	1	3180801	3181455	r	0	1	Prodigal	002006
2834	1	3181519	3182809	r	0	1	Prodigal	002006
2835	1	3182831	3183215	r	0	1	Prodigal	002006
2836	1	3183466	3184762	f	0	1	Prodigal	002006
2837	1	3184955	3186962	f	0	1	Prodigal	002006
2838	1	3187229	3187517	f	0	1	Prodigal	002006
2839	1	3187597	3187786	r	0	1	Prodigal	002006
2840	1	3188048	3190046	f	0	1	Prodigal	002006
2841	1	3190042	3190567	f	0	1	Prodigal	002006
2842	1	3190651	3192553	r	0	1	Prodigal	002006
2843	1	3193567	3194791	f	0	1	Prodigal	002006
2844	1	3195002	3196712	f	0	1	Prodigal	002006
2845	1	3196815	3197124	r	0	1	Prodigal	002006
2846	1	3197202	3198327	r	0	1	Prodigal	002006
2847	1	3198509	3199247	r	0	1	Prodigal	002006
2848	1	3199246	3199807	r	0	1	Prodigal	002006
2849	1	3199916	3200819	f	0	1	Prodigal	002006
2850	1	3200861	3201290	r	0	1	Prodigal	002006
2851	1	3201357	3203088	f	0	1	Prodigal	002006
2852	1	3203160	3204816	r	0	1	Prodigal	002006
2853	1	3205227	3205884	r	0	1	Prodigal	002006
2854	1	3206193	3207420	f	0	1	Prodigal	002006
2855	1	3207416	3208172	f	0	1	Prodigal	002006
2856	1	3208243	3209002	r	0	1	Prodigal	002006
2857	1	3208994	3210038	r	0	1	Prodigal	002006
2858	1	3210143	3210920	r	0	1	Prodigal	002006
2859	1	3211011	3212112	r	0	1	Prodigal	002006
2860	1	3212108	3212789	r	0	1	Prodigal	002006
2861	1	3212900	3213629	r	0	1	Prodigal	002006
2862	1	3213722	3214190	r	0	1	Prodigal	002006
2863	1	3214192	3214288	r	0	1	Prodigal	002006
2864	1	3214290	3214536	r	0	1	Prodigal	002006
2865	1	3214532	3215057	r	0	1	Prodigal	002006
2866	1	3215066	3215573	r	0	1	Prodigal	002006
2867	1	3215815	3216406	r	0	1	Prodigal	002006
2868	1	3216417	3216873	r	0	1	Prodigal	002006
2869	1	3216872	3217748	r	0	1	Prodigal	002006
2870	1	3217744	3218482	r	0	1	Prodigal	002006
2871	1	3218498	3220988	r	0	1	Prodigal	002006
2872	1	3221089	3221377	r	0	1	Prodigal	002006
2873	1	3221373	3221916	r	0	1	Prodigal	002006
2874	1	3222155	3223184	r	0	1	Prodigal	002006
2875	1	3223357	3225070	f	0	1	Prodigal	002006
2876	1	3225069	3225708	f	0	1	Prodigal	002006
2877	1	3225811	3226387	f	0	1	Prodigal	002006
2878	1	3226635	3228732	r	0	1	Prodigal	002006
2879	1	3228763	3229942	r	0	1	Prodigal	002006
2880	1	3230061	3230976	f	0	1	Prodigal	002006
2881	1	3231015	3231351	r	0	1	Prodigal	002006
2882	1	3231642	3232452	r	0	1	Prodigal	002006
2883	1	3232616	3233195	r	0	1	Prodigal	002006
2884	1	3233453	3235910	f	0	1	Prodigal	002006
2885	1	3236089	3237364	f	0	1	Prodigal	002006
2886	1	3237445	3237793	r	0	1	Prodigal	002006
2887	1	3237785	3238220	r	0	1	Prodigal	002006
2888	1	3238389	3238878	f	0	1	Prodigal	002006
2889	1	3239581	3240832	f	0	1	Prodigal	002006
2890	1	3240884	3241634	f	0	1	Prodigal	002006
2891	1	3241834	3242056	f	0	1	Prodigal	002006
2892	1	3242065	3242479	f	0	1	Prodigal	002006
2893	1	3242492	3243089	f	0	1	Prodigal	002006
2894	1	3243078	3243618	f	0	1	Prodigal	002006
2895	1	3243614	3243773	f	0	1	Prodigal	002006
2896	1	3243769	3244030	f	0	1	Prodigal	002006
2897	1	3244022	3244157	f	0	1	Prodigal	002006
2898	1	3244153	3246418	f	0	1	Prodigal	002006
2899	1	3247366	3248866	f	0	1	Prodigal	002006
2900	1	3248862	3250362	f	0	1	Prodigal	002006
2901	1	3250361	3251558	f	0	1	Prodigal	002006
2902	1	3251557	3254620	f	0	1	Prodigal	002006
2903	1	3254935	3256918	f	0	1	Prodigal	002006
2904	1	3256929	3258243	f	0	1	Prodigal	002006
2905	1	3259250	3263495	f	0	1	Prodigal	002006
2906	1	3263487	3264699	f	0	1	Prodigal	002006
2907	1	3265201	3266185	f	0	1	Prodigal	002006
2908	1	3266280	3267138	r	0	1	Prodigal	002006
2909	1	3267134	3268586	r	0	1	Prodigal	002006
2910	1	3268667	3271946	r	0	1	Prodigal	002006
2911	1	3272065	3273262	f	0	1	Prodigal	002006
2912	1	3273506	3274850	f	0	1	Prodigal	002006
2913	1	3274998	3275604	f	0	1	Prodigal	002006
2914	1	3275741	3276014	f	0	1	Prodigal	002006
2915	1	3276015	3276162	f	0	1	Prodigal	002006
2916	1	3276168	3277689	f	0	1	Prodigal	002006
2917	1	3278633	3278999	f	0	1	Prodigal	002006
2918	1	3279711	3281235	f	0	1	Prodigal	002006
2919	1	3281231	3281510	f	0	1	Prodigal	002006
2920	1	3281506	3282073	f	0	1	Prodigal	002006
2921	1	3282319	3282874	f	0	1	Prodigal	002006
2922	1	3283230	3287808	r	0	1	Prodigal	002006
2923	1	3288302	3289904	r	0	1	Prodigal	002006
2924	1	3290090	3291044	r	0	1	Prodigal	002006
2925	1	3291494	3294287	r	0	1	Prodigal	002006
2926	1	3294670	3295558	r	0	1	Prodigal	002006
2927	1	3295879	3296533	f	0	1	Prodigal	002006
2928	1	3296581	3298921	f	0	1	Prodigal	002006
2929	1	3299088	3302151	f	0	1	Prodigal	002006
2930	1	3302166	3303216	f	0	1	Prodigal	002006
2931	1	3303331	3303853	f	0	1	Prodigal	002006
2932	1	3304002	3304668	r	0	1	Prodigal	002006
2933	1	3304646	3305273	r	0	1	Prodigal	002006
2934	1	3305269	3305992	r	0	1	Prodigal	002006
2935	1	3306016	3306355	r	0	1	Prodigal	002006
2936	1	3306354	3306909	r	0	1	Prodigal	002006
2937	1	3306905	3307259	r	0	1	Prodigal	002006
2938	1	3307258	3307516	r	0	1	Prodigal	002006
2939	1	3307508	3307721	r	0	1	Prodigal	002006
2940	1	3307683	3308988	r	0	1	Prodigal	002006
2941	1	3308984	3310823	r	0	1	Prodigal	002006
2942	1	3310810	3311236	r	0	1	Prodigal	002006
2943	1	3311251	3312067	r	0	1	Prodigal	002006
2944	1	3312186	3313002	r	0	1	Prodigal	002006
2945	1	3313346	3313748	r	0	1	Prodigal	002006
2946	1	3313744	3313978	r	0	1	Prodigal	002006
2947	1	3313980	3314424	r	0	1	Prodigal	002006
2948	1	3314558	3315455	r	0	1	Prodigal	002006
2949	1	3315467	3316640	r	0	1	Prodigal	002006
2950	1	3316620	3317124	r	0	1	Prodigal	002006
2951	1	3317133	3318222	r	0	1	Prodigal	002006
2952	1	3318231	3318516	r	0	1	Prodigal	002006
2953	1	3318555	3319011	r	0	1	Prodigal	002006
2954	1	3319007	3321125	r	0	1	Prodigal	002006
2955	1	3321105	3321450	r	0	1	Prodigal	002006
2956	1	3321452	3321818	r	0	1	Prodigal	002006
2957	1	3321814	3322186	r	0	1	Prodigal	002006
2958	1	3322194	3322464	r	0	1	Prodigal	002006
2959	1	3322444	3323323	r	0	1	Prodigal	002006
2960	1	3323512	3324835	f	0	1	Prodigal	002006
2961	1	3324831	3325293	f	0	1	Prodigal	002006
2962	1	3325299	3326388	f	0	1	Prodigal	002006
2963	1	3326384	3327311	f	0	1	Prodigal	002006
2964	1	3327307	3327961	f	0	1	Prodigal	002006
2965	1	3327962	3328229	f	0	1	Prodigal	002006
2966	1	3328225	3329014	f	0	1	Prodigal	002006
2967	1	3329010	3330069	f	0	1	Prodigal	002006
2968	1	3330206	3331157	f	0	1	Prodigal	002006
2969	1	3331156	3331579	f	0	1	Prodigal	002006
2970	1	3332006	3333977	f	0	1	Prodigal	002006
2971	1	3333980	3334778	f	0	1	Prodigal	002006
2972	1	3334701	3335892	r	0	1	Prodigal	002006
2973	1	3335979	3337551	r	0	1	Prodigal	002006
2974	1	3337841	3338879	f	0	1	Prodigal	002006
2975	1	3339179	3339443	f	0	1	Prodigal	002006
2976	1	3339928	3342157	f	0	1	Prodigal	002006
2977	1	3342281	3342797	f	0	1	Prodigal	002006
2978	1	3342808	3343075	f	0	1	Prodigal	002006
2979	1	3343115	3343607	r	0	1	Prodigal	002006
2980	1	3343611	3344049	r	0	1	Prodigal	002006
2981	1	3344098	3344440	r	0	1	Prodigal	002006
2982	1	3344444	3345431	r	0	1	Prodigal	002006
2983	1	3345466	3345784	r	0	1	Prodigal	002006
2984	1	3345805	3345970	r	0	1	Prodigal	002006
2985	1	3346727	3348635	f	0	1	Prodigal	002006
2986	1	3349213	3350620	f	0	1	Prodigal	002006
2987	1	3350839	3351145	f	0	1	Prodigal	002006
2988	1	3351144	3351912	f	0	1	Prodigal	002006
2989	1	3352015	3352939	f	0	1	Prodigal	002006
2990	1	3352938	3353430	f	0	1	Prodigal	002006
2991	1	3353587	3354694	f	0	1	Prodigal	002006
2992	1	3354717	3355332	f	0	1	Prodigal	002006
2993	1	3355461	3356832	f	0	1	Prodigal	002006
2994	1	3356971	3358102	f	0	1	Prodigal	002006
2995	1	3358285	3358699	f	0	1	Prodigal	002006
2996	1	3358795	3359335	r	0	1	Prodigal	002006
2997	1	3359341	3360982	r	0	1	Prodigal	002006
2998	1	3360981	3361596	r	0	1	Prodigal	002006
2999	1	3361632	3362271	r	0	1	Prodigal	002006
3000	1	3362446	3363016	r	0	1	Prodigal	002006
3001	1	3364938	3365277	r	0	1	Prodigal	002006
3002	1	3365255	3367223	r	0	1	Prodigal	002006
3003	1	3367476	3367806	r	0	1	Prodigal	002006
3004	1	3367802	3369821	r	0	1	Prodigal	002006
3005	1	3370036	3371248	f	0	1	Prodigal	002006
3006	1	3371329	3371713	r	0	1	Prodigal	002006
3007	1	3371782	3374077	r	0	1	Prodigal	002006
3008	1	3374121	3375330	r	0	1	Prodigal	002006
3009	1	3375529	3376861	r	0	1	Prodigal	002006
3010	1	3376872	3377877	r	0	1	Prodigal	002006
3011	1	3378236	3378581	r	0	1	Prodigal	002006
3012	1	3378869	3379454	f	0	1	Prodigal	002006
3013	1	3379566	3380379	r	0	1	Prodigal	002006
3014	1	3380464	3381733	r	0	1	Prodigal	002006
3015	1	3381729	3382209	r	0	1	Prodigal	002006
3016	1	3382220	3382751	r	0	1	Prodigal	002006
3017	1	3382747	3384703	r	0	1	Prodigal	002006
3018	1	3384785	3385277	r	0	1	Prodigal	002006
3019	1	3385273	3385480	r	0	1	Prodigal	002006
3020	1	3385482	3386223	r	0	1	Prodigal	002006
3021	1	3386393	3387062	r	0	1	Prodigal	002006
3022	1	3387066	3387711	r	0	1	Prodigal	002006
3023	1	3387909	3388287	r	0	1	Prodigal	002006
3024	1	3388315	3388804	r	0	1	Prodigal	002006
3025	1	3388873	3389746	r	0	1	Prodigal	002006
3026	1	3389742	3390537	r	0	1	Prodigal	002006
3027	1	3390541	3391462	r	0	1	Prodigal	002006
3028	1	3391464	3392202	r	0	1	Prodigal	002006
3029	1	3392204	3393320	r	0	1	Prodigal	002006
3030	1	3393352	3395581	r	0	1	Prodigal	002006
3031	1	3395592	3396333	r	0	1	Prodigal	002006
3032	1	3396345	3396717	r	0	1	Prodigal	002006
3033	1	3396840	3397560	r	0	1	Prodigal	002006
3034	1	3397552	3398437	r	0	1	Prodigal	002006
3035	1	3398429	3399854	r	0	1	Prodigal	002006
3036	1	3399870	3401973	r	0	1	Prodigal	002006
3037	1	3402080	3403211	r	0	1	Prodigal	002006
3038	1	3403203	3404001	r	0	1	Prodigal	002006
3039	1	3403997	3404267	r	0	1	Prodigal	002006
3040	1	3404292	3405066	r	0	1	Prodigal	002006
3041	1	3405052	3405433	r	0	1	Prodigal	002006
3042	1	3405429	3405822	r	0	1	Prodigal	002006
3043	1	3405871	3406942	r	0	1	Prodigal	002006
3044	1	3406949	3407465	r	0	1	Prodigal	002006
3045	1	3407522	3409454	r	0	1	Prodigal	002006
3046	1	3409521	3409962	r	0	1	Prodigal	002006
3047	1	3409989	3411321	r	0	1	Prodigal	002006
3048	1	3411373	3412198	r	0	1	Prodigal	002006
3049	1	3412266	3413328	r	0	1	Prodigal	002006
3050	1	3413320	3415030	r	0	1	Prodigal	002006
3051	1	3415092	3415410	r	0	1	Prodigal	002006
3052	1	3415564	3416476	f	0	1	Prodigal	002006
3053	1	3416542	3418294	f	0	1	Prodigal	002006
3054	1	3418385	3419171	r	0	1	Prodigal	002006
3055	1	3419384	3420824	r	0	1	Prodigal	002006
3056	1	3420987	3421842	r	0	1	Prodigal	002006
3057	1	3422192	3423161	f	0	1	Prodigal	002006
3058	1	3423366	3423867	r	0	1	Prodigal	002006
3059	1	3424022	3424442	f	0	1	Prodigal	002006
3060	1	3424431	3424950	r	0	1	Prodigal	002006
3061	1	3424960	3425752	r	0	1	Prodigal	002006
3062	1	3426121	3427648	r	0	1	Prodigal	002006
3063	1	3427712	3428444	r	0	1	Prodigal	002006
3064	1	3428995	3430234	r	0	1	Prodigal	002006
3065	1	3430539	3431928	f	0	1	Prodigal	002006
3066	1	3431927	3432266	f	0	1	Prodigal	002006
3067	1	3432352	3434068	r	0	1	Prodigal	002006
3068	1	3434342	3435107	f	0	1	Prodigal	002006
3069	1	3435194	3435602	r	0	1	Prodigal	002006
3070	1	3435764	3436736	r	0	1	Prodigal	002006
3071	1	3436732	3437359	r	0	1	Prodigal	002006
3072	1	3437363	3440240	r	0	1	Prodigal	002006
3073	1	3440263	3440467	r	0	1	Prodigal	002006
3074	1	3440598	3441228	r	0	1	Prodigal	002006
3075	1	3441238	3442972	r	0	1	Prodigal	002006
3076	1	3443075	3443678	r	0	1	Prodigal	002006
3077	1	3443670	3444237	r	0	1	Prodigal	002006
3078	1	3444689	3445472	r	0	1	Prodigal	002006
3079	1	3446241	3447099	f	0	1	Prodigal	002006
3080	1	3447102	3447981	f	0	1	Prodigal	002006
3081	1	3448061	3450164	r	0	1	Prodigal	002006
3082	1	3450189	3451545	r	0	1	Prodigal	002006
3083	1	3451799	3452642	f	0	1	Prodigal	002006
3084	1	3452706	3453408	f	0	1	Prodigal	002006
3085	1	3453442	3454138	f	0	1	Prodigal	002006
3086	1	3454109	3454754	f	0	1	Prodigal	002006
3087	1	3454750	3456511	f	0	1	Prodigal	002006
3088	1	3456573	3457632	f	0	1	Prodigal	002006
3089	1	3457709	3459083	r	0	1	Prodigal	002006
3090	1	3459170	3459725	r	0	1	Prodigal	002006
3091	1	3459905	3461207	r	0	1	Prodigal	002006
3092	1	3461298	3461778	r	0	1	Prodigal	002006
3093	1	3461875	3462319	r	0	1	Prodigal	002006
3094	1	3462315	3463068	r	0	1	Prodigal	002006
3095	1	3463060	3463909	r	0	1	Prodigal	002006
3096	1	3463981	3464245	r	0	1	Prodigal	002006
3097	1	3464679	3464880	r	0	1	Prodigal	002006
3098	1	3465092	3465386	f	0	1	Prodigal	002006
3099	1	3465932	3469328	f	0	1	Prodigal	002006
3100	1	3469743	3471429	f	0	1	Prodigal	002006
3101	1	3471547	3472531	f	0	1	Prodigal	002006
3102	1	3472532	3473453	f	0	1	Prodigal	002006
3103	1	3473449	3474469	f	0	1	Prodigal	002006
3104	1	3474480	3475473	f	0	1	Prodigal	002006
3105	1	3475587	3477321	f	0	1	Prodigal	002006
3106	1	3477313	3477451	f	0	1	Prodigal	002006
3107	1	3477443	3478340	f	0	1	Prodigal	002006
3108	1	3478299	3480165	f	0	1	Prodigal	002006
3109	1	3480377	3481931	f	0	1	Prodigal	002006
3110	1	3481997	3482354	f	0	1	Prodigal	002006
3111	1	3482394	3482559	r	0	1	Prodigal	002006
3112	1	3482667	3485289	r	0	1	Prodigal	002006
3113	1	3485644	3486982	f	0	1	Prodigal	002006
3114	1	3487702	3487993	f	0	1	Prodigal	002006
3115	1	3487966	3491284	r	0	1	Prodigal	002006
3116	1	3491532	3492171	f	0	1	Prodigal	002006
3117	1	3492205	3493408	r	0	1	Prodigal	002006
3118	1	3493422	3495828	r	0	1	Prodigal	002006
3119	1	3495886	3496375	r	0	1	Prodigal	002006
3120	1	3496421	3497126	r	0	1	Prodigal	002006
3121	1	3497405	3498143	f	0	1	Prodigal	002006
3122	1	3498399	3499761	f	0	1	Prodigal	002006
3123	1	3499762	3500011	f	0	1	Prodigal	002006
3124	1	3500086	3500479	r	0	1	Prodigal	002006
3125	1	3500637	3500991	f	0	1	Prodigal	002006
3126	1	3501166	3502240	f	0	1	Prodigal	002006
3127	1	3502284	3503508	r	0	1	Prodigal	002006
3128	1	3503707	3504715	r	0	1	Prodigal	002006
3129	1	3504937	3505693	f	0	1	Prodigal	002006
3130	1	3505820	3506735	f	0	1	Prodigal	002006
3131	1	3506750	3507923	r	0	1	Prodigal	002006
3132	1	3508105	3509248	f	0	1	Prodigal	002006
3133	1	3509329	3510751	f	0	1	Prodigal	002006
3134	1	3510875	3511790	r	0	1	Prodigal	002006
3135	1	3511960	3513217	f	0	1	Prodigal	002006
3136	1	3513413	3513950	f	0	1	Prodigal	002006
3137	1	3513961	3514762	f	0	1	Prodigal	002006
3138	1	3514957	3517438	f	0	1	Prodigal	002006
3139	1	3517538	3518090	r	0	1	Prodigal	002006
3140	1	3518160	3518838	r	0	1	Prodigal	002006
3141	1	3518907	3519648	r	0	1	Prodigal	002006
3142	1	3520014	3520395	f	0	1	Prodigal	002006
3143	1	3520512	3521793	r	0	1	Prodigal	002006
3144	1	3522094	3522949	r	0	1	Prodigal	002006
3145	1	3523132	3523933	r	0	1	Prodigal	002006
3146	1	3523945	3524329	r	0	1	Prodigal	002006
3147	1	3524385	3525237	r	0	1	Prodigal	002006
3148	1	3525298	3526387	r	0	1	Prodigal	002006
3149	1	3526438	3527698	r	0	1	Prodigal	002006
3150	1	3527824	3528403	f	0	1	Prodigal	002006
3151	1	3528402	3529251	f	0	1	Prodigal	002006
3152	1	3529524	3530472	f	0	1	Prodigal	002006
3153	1	3530587	3532576	f	0	1	Prodigal	002006
3154	1	3532794	3533391	f	0	1	Prodigal	002006
3155	1	3533507	3534599	f	0	1	Prodigal	002006
3156	1	3535656	3537489	r	0	1	Prodigal	002006
3157	1	3537752	3538469	f	0	1	Prodigal	002006
3158	1	3538472	3539198	f	0	1	Prodigal	002006
3159	1	3539303	3539975	f	0	1	Prodigal	002006
3160	1	3540017	3540341	f	0	1	Prodigal	002006
3161	1	3540408	3540810	f	0	1	Prodigal	002006
3162	1	3541011	3542652	f	0	1	Prodigal	002006
3163	1	3542881	3544753	f	0	1	Prodigal	002006
3164	1	3544783	3546427	f	0	1	Prodigal	002006
3165	1	3546528	3547905	r	0	1	Prodigal	002006
3166	1	3548078	3548681	f	0	1	Prodigal	002006
3167	1	3548766	3549021	r	0	1	Prodigal	002006
3168	1	3549255	3550053	r	0	1	Prodigal	002006
3169	1	3550112	3551582	r	0	1	Prodigal	002006
3170	1	3551654	3552674	r	0	1	Prodigal	002006
3171	1	3552750	3553968	r	0	1	Prodigal	002006
3172	1	3554244	3554826	r	0	1	Prodigal	002006
3173	1	3554847	3555063	r	0	1	Prodigal	002006
3174	1	3555181	3556186	r	0	1	Prodigal	002006
3175	1	3556228	3556897	r	0	1	Prodigal	002006
3176	1	3556883	3557558	r	0	1	Prodigal	002006
3177	1	3557748	3558621	r	0	1	Prodigal	002006
3178	1	3558691	3560272	r	0	1	Prodigal	002006
3179	1	3560261	3561344	r	0	1	Prodigal	002006
3180	1	3561358	3561877	r	0	1	Prodigal	002006
3181	1	3562068	3564291	r	0	1	Prodigal	002006
3182	1	3564307	3564841	r	0	1	Prodigal	002006
3183	1	3564837	3565437	r	0	1	Prodigal	002006
3184	1	3565433	3566012	r	0	1	Prodigal	002006
3185	1	3565999	3567061	r	0	1	Prodigal	002006
3186	1	3567362	3569834	f	0	1	Prodigal	002006
3187	1	3569883	3570783	r	0	1	Prodigal	002006
3188	1	3570939	3572580	r	0	1	Prodigal	002006
3189	1	3572752	3573391	r	0	1	Prodigal	002006
3190	1	3573472	3574333	r	0	1	Prodigal	002006
3191	1	3574459	3575359	f	0	1	Prodigal	002006
3192	1	3575425	3576205	r	0	1	Prodigal	002006
3193	1	3576508	3577330	f	0	1	Prodigal	002006
3194	1	3577418	3578807	r	0	1	Prodigal	002006
3195	1	3582217	3582901	f	0	1	Prodigal	002006
3196	1	3583056	3584934	f	0	1	Prodigal	002006
3197	1	3585443	3587228	f	0	1	Prodigal	002006
3198	1	3587220	3587955	f	0	1	Prodigal	002006
3199	1	3587971	3588370	f	0	1	Prodigal	002006
3200	1	3588380	3588737	f	0	1	Prodigal	002006
3201	1	3588989	3589718	f	0	1	Prodigal	002006
3202	1	3589714	3590182	f	0	1	Prodigal	002006
3203	1	3590207	3591332	f	0	1	Prodigal	002006
3204	1	3591421	3592171	r	0	1	Prodigal	002006
3205	1	3592262	3593489	r	0	1	Prodigal	002006
3206	1	3593593	3594187	r	0	1	Prodigal	002006
3207	1	3594294	3595209	f	0	1	Prodigal	002006
3208	1	3595246	3596635	f	0	1	Prodigal	002006
3209	1	3596674	3597322	r	0	1	Prodigal	002006
3210	1	3597466	3598141	f	0	1	Prodigal	002006
3211	1	3598137	3599604	f	0	1	Prodigal	002006
3212	1	3599600	3600254	f	0	1	Prodigal	002006
3213	1	3600272	3601142	f	0	1	Prodigal	002006
3214	1	3601143	3601776	f	0	1	Prodigal	002006
3215	1	3601906	3602593	f	0	1	Prodigal	002006
3216	1	3602589	3604026	f	0	1	Prodigal	002006
3217	1	3604064	3604559	r	0	1	Prodigal	002006
3218	1	3604940	3605984	f	0	1	Prodigal	002006
3219	1	3606080	3607289	f	0	1	Prodigal	002006
3220	1	3607334	3607901	f	0	1	Prodigal	002006
3221	1	3608037	3608802	f	0	1	Prodigal	002006
3222	1	3608946	3609903	f	0	1	Prodigal	002006
3223	1	3609999	3610482	r	0	1	Prodigal	002006
3224	1	3610969	3611572	f	0	1	Prodigal	002006
3225	1	3611688	3612399	r	0	1	Prodigal	002006
3226	1	3612395	3612641	r	0	1	Prodigal	002006
3227	1	3612757	3613666	f	0	1	Prodigal	002006
3228	1	3613760	3614699	r	0	1	Prodigal	002006
3229	1	3614831	3615398	r	0	1	Prodigal	002006
3230	1	3615447	3616611	r	0	1	Prodigal	002006
3231	1	3616876	3618388	f	0	1	Prodigal	002006
3232	1	3618442	3619486	f	0	1	Prodigal	002006
3233	1	3619482	3619947	f	0	1	Prodigal	002006
3234	1	3620042	3620927	f	0	1	Prodigal	002006
3235	1	3621075	3622620	f	0	1	Prodigal	002006
3236	1	3622687	3623287	r	0	1	Prodigal	002006
3237	1	3623486	3623927	r	0	1	Prodigal	002006
3238	1	3624138	3625320	r	0	1	Prodigal	002006
3239	1	3625497	3627228	r	0	1	Prodigal	002006
3240	1	3627193	3627841	r	0	1	Prodigal	002006
3241	1	3628157	3628568	f	0	1	Prodigal	002006
3242	1	3628654	3630190	f	0	1	Prodigal	002006
3243	1	3630186	3631086	r	0	1	Prodigal	002006
3244	1	3631336	3631855	f	0	1	Prodigal	002006
3245	1	3632057	3633458	f	0	1	Prodigal	002006
3246	1	3633457	3634798	f	0	1	Prodigal	002006
3247	1	3634882	3635377	r	0	1	Prodigal	002006
3248	1	3635522	3638099	f	0	1	Prodigal	002006
3249	1	3638304	3638787	f	0	1	Prodigal	002006
3250	1	3638786	3639824	f	0	1	Prodigal	002006
3251	1	3639817	3640468	f	0	1	Prodigal	002006
3252	1	3640571	3640913	f	0	1	Prodigal	002006
3253	1	3640932	3641400	f	0	1	Prodigal	002006
3254	1	3641503	3643426	f	0	1	Prodigal	002006
3255	1	3643418	3644522	f	0	1	Prodigal	002006
3256	1	3644521	3645520	f	0	1	Prodigal	002006
3257	1	3645461	3646442	f	0	1	Prodigal	002006
3258	1	3646628	3647825	f	0	1	Prodigal	002006
3259	1	3648117	3648381	f	0	1	Prodigal	002006
3260	1	3648443	3649121	f	0	1	Prodigal	002006
3261	1	3649117	3650083	f	0	1	Prodigal	002006
3262	1	3650162	3650753	r	0	1	Prodigal	002006
3263	1	3650733	3651534	r	0	1	Prodigal	002006
3264	1	3651745	3653179	f	0	1	Prodigal	002006
3265	1	3653251	3653545	f	0	1	Prodigal	002006
3266	1	3653780	3654788	r	0	1	Prodigal	002006
3267	1	3655234	3656434	f	0	1	Prodigal	002006
3268	1	3656658	3658530	r	0	1	Prodigal	002006
3269	1	3658982	3659885	f	0	1	Prodigal	002006
3270	1	3659901	3661437	f	0	1	Prodigal	002006
3271	1	3661663	3663454	f	0	1	Prodigal	002006
3272	1	3663453	3665178	f	0	1	Prodigal	002006
3273	1	3665167	3665962	f	0	1	Prodigal	002006
3274	1	3666041	3666533	r	0	1	Prodigal	002006
3275	1	3666551	3667016	r	0	1	Prodigal	002006
3276	1	3667015	3667141	r	0	1	Prodigal	002006
3277	1	3667137	3667935	r	0	1	Prodigal	002006
3278	1	3668170	3668506	r	0	1	Prodigal	002006
3279	1	3668899	3669430	f	0	1	Prodigal	002006
3280	1	3669513	3669915	r	0	1	Prodigal	002006
3281	1	3670082	3670292	r	0	1	Prodigal	002006
3282	1	3670495	3671791	r	0	1	Prodigal	002006
3283	1	3671820	3672741	r	0	1	Prodigal	002006
3284	1	3672863	3673196	r	0	1	Prodigal	002006
3285	1	3673244	3673958	r	0	1	Prodigal	002006
3286	1	3674307	3675489	f	0	1	Prodigal	002006
3287	1	3675561	3677172	r	0	1	Prodigal	002006
3288	1	3677344	3678250	f	0	1	Prodigal	002006
3289	1	3678377	3680825	r	0	1	Prodigal	002006
3290	1	3680861	3681557	r	0	1	Prodigal	002006
3291	1	3681613	3682225	f	0	1	Prodigal	002006
3292	1	3682407	3683352	r	0	1	Prodigal	002006
3293	1	3683491	3686521	r	0	1	Prodigal	002006
3294	1	3687012	3689196	f	0	1	Prodigal	002006
3295	1	3690380	3690500	f	0	1	Prodigal	002006
3296	1	3690720	3692637	r	0	1	Prodigal	002006
3297	1	3692716	3695758	r	0	1	Prodigal	002006
3298	1	3695771	3698384	r	0	1	Prodigal	002006
3299	1	3698886	3700122	f	0	1	Prodigal	002006
3300	1	3700249	3702844	r	0	1	Prodigal	002006
3301	1	3703274	3706730	r	0	1	Prodigal	002006
3302	1	3706945	3707494	f	0	1	Prodigal	002006
3303	1	3707501	3707711	f	0	1	Prodigal	002006
3304	1	3707718	3708990	f	0	1	Prodigal	002006
3305	1	3709013	3710168	r	0	1	Prodigal	002006
3306	1	3710582	3711383	r	0	1	Prodigal	002006
3307	1	3712340	3712559	r	0	1	Prodigal	002006
3308	1	3713050	3713581	r	0	1	Prodigal	002006
3309	1	3713580	3715269	r	0	1	Prodigal	002006
3310	1	3715272	3717636	r	0	1	Prodigal	002006
3311	1	3717999	3718518	r	0	1	Prodigal	002006
3312	1	3718926	3719811	f	0	1	Prodigal	002006
3313	1	3719916	3721854	f	0	1	Prodigal	002006
3314	1	3722355	3723816	f	0	1	Prodigal	002006
3315	1	3723957	3724785	f	0	1	Prodigal	002006
3316	1	3724876	3725209	r	0	1	Prodigal	002006
3317	1	3725297	3726185	f	0	1	Prodigal	002006
3318	1	3726321	3726501	f	0	1	Prodigal	002006
3319	1	3726675	3727257	f	0	1	Prodigal	002006
3320	1	3727395	3728874	f	0	1	Prodigal	002006
3321	1	3729009	3729411	r	0	1	Prodigal	002006
3322	1	3729505	3731137	r	0	1	Prodigal	002006
3323	1	3731133	3731694	r	0	1	Prodigal	002006
3324	1	3731687	3732080	r	0	1	Prodigal	002006
3325	1	3732076	3732496	r	0	1	Prodigal	002006
3326	1	3732497	3732887	r	0	1	Prodigal	002006
3327	1	3733294	3734839	f	0	1	Prodigal	002006
3328	1	3734835	3735309	f	0	1	Prodigal	002006
3329	1	3735408	3736371	f	0	1	Prodigal	002006
3330	1	3736416	3738276	r	0	1	Prodigal	002006
3331	1	3738373	3738982	r	0	1	Prodigal	002006
3332	1	3739108	3740050	r	0	1	Prodigal	002006
3333	1	3740276	3741365	f	0	1	Prodigal	002006
3334	1	3741618	3742833	f	0	1	Prodigal	002006
3335	1	3742842	3743211	f	0	1	Prodigal	002006
3336	1	3743224	3743551	f	0	1	Prodigal	002006
3337	1	3743573	3745784	f	0	1	Prodigal	002006
3338	1	3745794	3747720	f	0	1	Prodigal	002006
3339	1	3747732	3748302	f	0	1	Prodigal	002006
3340	1	3748345	3750100	f	0	1	Prodigal	002006
3341	1	3750157	3750961	f	0	1	Prodigal	002006
3342	1	3750964	3751456	f	0	1	Prodigal	002006
3343	1	3751452	3752511	f	0	1	Prodigal	002006
3344	1	3752609	3754757	r	0	1	Prodigal	002006
3345	1	3754924	3755194	r	0	1	Prodigal	002006
3346	1	3755338	3756289	r	0	1	Prodigal	002006
3347	1	3756290	3756728	r	0	1	Prodigal	002006
3348	1	3756783	3759477	r	0	1	Prodigal	002006
3349	1	3759497	3761000	r	0	1	Prodigal	002006
3350	1	3761014	3761473	r	0	1	Prodigal	002006
3351	1	3761900	3762227	r	0	1	Prodigal	002006
3352	1	3762227	3762992	r	0	1	Prodigal	002006
3353	1	3763123	3764458	r	0	1	Prodigal	002006
3354	1	3764473	3765319	r	0	1	Prodigal	002006
3355	1	3765378	3767325	r	0	1	Prodigal	002006
3356	1	3767370	3768000	r	0	1	Prodigal	002006
3357	1	3768097	3768394	f	0	1	Prodigal	002006
3358	1	3768497	3769079	f	0	1	Prodigal	002006
3359	1	3769155	3769632	r	0	1	Prodigal	002006
3360	1	3769788	3770682	r	0	1	Prodigal	002006
3361	1	3770687	3771446	r	0	1	Prodigal	002006
3362	1	3771657	3771909	f	0	1	Prodigal	002006
3363	1	3771909	3772800	f	0	1	Prodigal	002006
3364	1	3772821	3774690	f	0	1	Prodigal	002006
3365	1	3774763	3775705	r	0	1	Prodigal	002006
3366	1	3775707	3776682	r	0	1	Prodigal	002006
3367	1	3776781	3778338	r	0	1	Prodigal	002006
3368	1	3778408	3780133	r	0	1	Prodigal	002006
3369	1	3780620	3781115	r	0	1	Prodigal	002006
3370	1	3781111	3782089	r	0	1	Prodigal	002006
3371	1	3782128	3782542	r	0	1	Prodigal	002006
3372	1	3782556	3783027	r	0	1	Prodigal	002006
3373	1	3783239	3784349	r	0	1	Prodigal	002006
3374	1	3784496	3785198	r	0	1	Prodigal	002006
3375	1	3785205	3786315	r	0	1	Prodigal	002006
3376	1	3786412	3786862	r	0	1	Prodigal	002006
3377	1	3786997	3787474	r	0	1	Prodigal	002006
3378	1	3787553	3788807	r	0	1	Prodigal	002006
3379	1	3789132	3789417	f	0	1	Prodigal	002006
3380	1	3789465	3792288	r	0	1	Prodigal	002006
3381	1	3792358	3793405	f	0	1	Prodigal	002006
3382	1	3793458	3793863	f	0	1	Prodigal	002006
3383	1	3793899	3794613	r	0	1	Prodigal	002006
3384	1	3794758	3795925	f	0	1	Prodigal	002006
3385	1	3795952	3798445	f	0	1	Prodigal	002006
3386	1	3798545	3799214	f	0	1	Prodigal	002006
3387	1	3799221	3799590	f	0	1	Prodigal	002006
3388	1	3799742	3802187	f	0	1	Prodigal	002006
3389	1	3802244	3802523	r	0	1	Prodigal	002006
3390	1	3802693	3804640	f	0	1	Prodigal	002006
3391	1	3804928	3805378	f	0	1	Prodigal	002006
3392	1	3805414	3805873	f	0	1	Prodigal	002006
3393	1	3805888	3807229	f	0	1	Prodigal	002006
3394	1	3807356	3807620	f	0	1	Prodigal	002006
3395	1	3807609	3809067	f	0	1	Prodigal	002006
3396	1	3809156	3810584	f	0	1	Prodigal	002006
3397	1	3810585	3811458	r	0	1	Prodigal	002006
3398	1	3811558	3812575	f	0	1	Prodigal	002006
3399	1	3813111	3813990	f	0	1	Prodigal	002006
3400	1	3814312	3815038	r	0	1	Prodigal	002006
3401	1	3815455	3816433	f	0	1	Prodigal	002006
3402	1	3816485	3817760	r	0	1	Prodigal	002006
3403	1	3818595	3818943	f	0	1	Prodigal	002006
3404	1	3819006	3820962	r	0	1	Prodigal	002006
3405	1	3821147	3821642	f	0	1	Prodigal	002006
3406	1	3821711	3829103	r	0	1	Prodigal	002006
3407	1	3829334	3830996	r	0	1	Prodigal	002006
3408	1	3831123	3831759	r	0	1	Prodigal	002006
3409	1	3831934	3833458	f	0	1	Prodigal	002006
3410	1	3833548	3834112	f	0	1	Prodigal	002006
3411	1	3834136	3834433	f	0	1	Prodigal	002006
3412	1	3834520	3835276	r	0	1	Prodigal	002006
3413	1	3835323	3836184	r	0	1	Prodigal	002006
3414	1	3836458	3837772	f	0	1	Prodigal	002006
3415	1	3837784	3838954	f	0	1	Prodigal	002006
3416	1	3838953	3839427	f	0	1	Prodigal	002006
3417	1	3839442	3840216	f	0	1	Prodigal	002006
3418	1	3840205	3841084	f	0	1	Prodigal	002006
3419	1	3841132	3841573	f	0	1	Prodigal	002006
3420	1	3841572	3842772	f	0	1	Prodigal	002006
3421	1	3842762	3843617	f	0	1	Prodigal	002006
3422	1	3843655	3845191	f	0	1	Prodigal	002006
3423	1	3845177	3846422	f	0	1	Prodigal	002006
3424	1	3846518	3847256	r	0	1	Prodigal	002006
3425	1	3847340	3848051	r	0	1	Prodigal	002006
3426	1	3848051	3848951	r	0	1	Prodigal	002006
3427	1	3848947	3849619	r	0	1	Prodigal	002006
3428	1	3849619	3850543	r	0	1	Prodigal	002006
3429	1	3850546	3852340	r	0	1	Prodigal	002006
3430	1	3852456	3852927	r	0	1	Prodigal	002006
3431	1	3853011	3853992	r	0	1	Prodigal	002006
3432	1	3854013	3854616	r	0	1	Prodigal	002006
3433	1	3854638	3855220	r	0	1	Prodigal	002006
3434	1	3855402	3857010	f	0	1	Prodigal	002006
3435	1	3857165	3857558	r	0	1	Prodigal	002006
3436	1	3857577	3857847	r	0	1	Prodigal	002006
3437	1	3857958	3858867	f	0	1	Prodigal	002006
3438	1	3858873	3859755	r	0	1	Prodigal	002006
3439	1	3859880	3860327	f	0	1	Prodigal	002006
3440	1	3860489	3860846	r	0	1	Prodigal	002006
3441	1	3861090	3861408	f	0	1	Prodigal	002006
3442	1	3861404	3863204	f	0	1	Prodigal	002006
3443	1	3863193	3863685	f	0	1	Prodigal	002006
3444	1	3863755	3864169	f	0	1	Prodigal	002006
3445	1	3864223	3864814	r	0	1	Prodigal	002006
3446	1	3865051	3866356	r	0	1	Prodigal	002006
3447	1	3866515	3867595	r	0	1	Prodigal	002006
3448	1	3867710	3868874	r	0	1	Prodigal	002006
3449	1	3868935	3869946	r	0	1	Prodigal	002006
3450	1	3870006	3870936	r	0	1	Prodigal	002006
3451	1	3871048	3872116	r	0	1	Prodigal	002006
3452	1	3872296	3873076	r	0	1	Prodigal	002006
3453	1	3873297	3876462	r	0	1	Prodigal	002006
3454	1	3876794	3877400	r	0	1	Prodigal	002006
3455	1	3877552	3878302	r	0	1	Prodigal	002006
3456	1	3878403	3879654	f	0	1	Prodigal	002006
3457	1	3879830	3882704	f	0	1	Prodigal	002006
3458	1	3883134	3883323	r	0	1	Prodigal	002006
3459	1	3883418	3885647	r	0	1	Prodigal	002006
3460	1	3885755	3886520	r	0	1	Prodigal	002006
3461	1	3886576	3887224	r	0	1	Prodigal	002006
3462	1	3887220	3888603	r	0	1	Prodigal	002006
3463	1	3888748	3890911	r	0	1	Prodigal	002006
3464	1	3891043	3891550	r	0	1	Prodigal	002006
3465	1	3897383	3899315	r	0	1	Prodigal	002006
3466	1	3899338	3899839	r	0	1	Prodigal	002006
3467	1	3899940	3901575	r	0	1	Prodigal	002006
3468	1	3901618	3901912	r	0	1	Prodigal	002006
3469	1	3902154	3903507	f	0	1	Prodigal	002006
3470	1	3903554	3904031	r	0	1	Prodigal	002006
3471	1	3904473	3905916	f	0	1	Prodigal	002006
3472	1	3906041	3907361	f	0	1	Prodigal	002006
3473	1	3907609	3908623	r	0	1	Prodigal	002006
3474	1	3908802	3909018	f	0	1	Prodigal	002006
3475	1	3909033	3909477	f	0	1	Prodigal	002006
3476	1	3909565	3911353	f	0	1	Prodigal	002006
3477	1	3911575	3913432	f	0	1	Prodigal	002006
3478	1	3915390	3916947	f	0	1	Prodigal	002006
3479	1	3917013	3919719	r	0	1	Prodigal	002006
3480	1	3919715	3919967	r	0	1	Prodigal	002006
3481	1	3919963	3920440	r	0	1	Prodigal	002006
3482	1	3920518	3921232	r	0	1	Prodigal	002006
3483	1	3921236	3922202	r	0	1	Prodigal	002006
3484	1	3922214	3922844	r	0	1	Prodigal	002006
3485	1	3922840	3923161	r	0	1	Prodigal	002006
3486	1	3923177	3923408	r	0	1	Prodigal	002006
3487	1	3923506	3924448	r	0	1	Prodigal	002006
3488	1	3924462	3925890	r	0	1	Prodigal	002006
3489	1	3926518	3927076	r	0	1	Prodigal	002006
3490	1	3927056	3927431	r	0	1	Prodigal	002006
3491	1	3927708	3928995	r	0	1	Prodigal	002006
3492	1	3929109	3930702	r	0	1	Prodigal	002006
3493	1	3931117	3931573	f	0	1	Prodigal	002006
3494	1	3931787	3932027	f	0	1	Prodigal	002006
3495	1	3932242	3933388	r	0	1	Prodigal	002006
3496	1	3933478	3934075	r	0	1	Prodigal	002006
3497	1	3934313	3935477	f	0	1	Prodigal	002006
3498	1	3935612	3936662	f	0	1	Prodigal	002006
3499	1	3936971	3937220	f	0	1	Prodigal	002006
3500	1	3937282	3937834	r	0	1	Prodigal	002006
3501	1	3937833	3938388	r	0	1	Prodigal	002006
3502	1	3938734	3940510	f	0	1	Prodigal	002006
3503	1	3940542	3941436	r	0	1	Prodigal	002006
3504	1	3941528	3942725	f	0	1	Prodigal	002006
3505	1	3942859	3943270	f	0	1	Prodigal	002006
3506	1	3943284	3944934	f	0	1	Prodigal	002006
3507	1	3945091	3946006	f	0	1	Prodigal	002006
3508	1	3946049	3946526	r	0	1	Prodigal	002006
3509	1	3946583	3948170	r	0	1	Prodigal	002006
3510	1	3948602	3949325	f	0	1	Prodigal	002006
3511	1	3949466	3951314	r	0	1	Prodigal	002006
3512	1	3951541	3952996	r	0	1	Prodigal	002006
3513	1	3953005	3954619	r	0	1	Prodigal	002006
3514	1	3954932	3955367	f	0	1	Prodigal	002006
3515	1	3955485	3955935	f	0	1	Prodigal	002006
3516	1	3955974	3956520	r	0	1	Prodigal	002006
3517	1	3956705	3958496	f	0	1	Prodigal	002006
3518	1	3958577	3960176	r	0	1	Prodigal	002006
3519	1	3960237	3963051	r	0	1	Prodigal	002006
3520	1	3963078	3963516	r	0	1	Prodigal	002006
3521	1	3963512	3964490	r	0	1	Prodigal	002006
3522	1	3964546	3964714	f	0	1	Prodigal	002006
3523	1	3964767	3965778	r	0	1	Prodigal	002006
3524	1	3966033	3966330	f	0	1	Prodigal	002006
3525	1	3966349	3966700	f	0	1	Prodigal	002006
3526	1	3966749	3967490	r	0	1	Prodigal	002006
3527	1	3967591	3968038	r	0	1	Prodigal	002006
3528	1	3968090	3968321	r	0	1	Prodigal	002006
3529	1	3968351	3968738	r	0	1	Prodigal	002006
3530	1	3968975	3970199	f	0	1	Prodigal	002006
3531	1	3970310	3971168	f	0	1	Prodigal	002006
3532	1	3971331	3971775	f	0	1	Prodigal	002006
3533	1	3971918	3972191	r	0	1	Prodigal	002006
3534	1	3972528	3973011	f	0	1	Prodigal	002006
3535	1	3973111	3973492	f	0	1	Prodigal	002006
3536	1	3973573	3974941	r	0	1	Prodigal	002006
3537	1	3975041	3977420	f	0	1	Prodigal	002006
3538	1	3977474	3978380	r	0	1	Prodigal	002006
3539	1	3978408	3979503	r	0	1	Prodigal	002006
3540	1	3979538	3980159	f	0	1	Prodigal	002006
3541	1	3980226	3980943	r	0	1	Prodigal	002006
3542	1	3981019	3982228	r	0	1	Prodigal	002006
3543	1	3982242	3983574	r	0	1	Prodigal	002006
3544	1	3983683	3984457	r	0	1	Prodigal	002006
3545	1	3984880	3985051	r	0	1	Prodigal	002006
3546	1	3985176	3986451	r	0	1	Prodigal	002006
3547	1	3986673	3987447	r	0	1	Prodigal	002006
3548	1	3987489	3988116	f	0	1	Prodigal	002006
3549	1	3988084	3988264	r	0	1	Prodigal	002006
3550	1	3988441	3988951	r	0	1	Prodigal	002006
3551	1	3988969	3989572	r	0	1	Prodigal	002006
3552	1	3989622	3989961	r	0	1	Prodigal	002006
3553	1	3989970	3991593	r	0	1	Prodigal	002006
3554	1	3991763	3992258	f	0	1	Prodigal	002006
3555	1	3992356	3992884	f	0	1	Prodigal	002006
3556	1	3992911	3993193	r	0	1	Prodigal	002006
3557	1	3993189	3996852	r	0	1	Prodigal	002006
3558	1	3996862	3997300	r	0	1	Prodigal	002006
3559	1	3997296	3998292	r	0	1	Prodigal	002006
3560	1	3998288	3998858	r	0	1	Prodigal	002006
3561	1	3998860	3999265	r	0	1	Prodigal	002006
3562	1	3999375	4000311	r	0	1	Prodigal	002006
3563	1	4000310	4000763	r	0	1	Prodigal	002006
3564	1	4000759	4001257	r	0	1	Prodigal	002006
3565	1	4001256	4004118	r	0	1	Prodigal	002006
3566	1	4004117	4005092	r	0	1	Prodigal	002006
3567	1	4005246	4006809	r	0	1	Prodigal	002006
3568	1	4007000	4007264	f	0	1	Prodigal	002006
3569	1	4007313	4007616	r	0	1	Prodigal	002006
3570	1	4007667	4008600	r	0	1	Prodigal	002006
3571	1	4008586	4008994	r	0	1	Prodigal	002006
3572	1	4008990	4010181	r	0	1	Prodigal	002006
3573	1	4010403	4010712	r	0	1	Prodigal	002006
3574	1	4010959	4011526	r	0	1	Prodigal	002006
3575	1	4012389	4012629	r	0	1	Prodigal	002006
3576	1	4012666	4014007	r	0	1	Prodigal	002006
3577	1	4013991	4014585	r	0	1	Prodigal	002006
3578	1	4014630	4014798	r	0	1	Prodigal	002006
3579	1	4015129	4016233	f	0	1	Prodigal	002006
3580	1	4016513	4016774	r	0	1	Prodigal	002006
3581	1	4016834	4017242	r	0	1	Prodigal	002006
3582	1	4018026	4018326	r	0	1	Prodigal	002006
3583	1	4018679	4018841	r	0	1	Prodigal	002006
3584	1	4021306	4022200	f	0	1	Prodigal	002006
3585	1	4022210	4022879	f	0	1	Prodigal	002006
3586	1	4023291	4023699	r	0	1	Prodigal	002006
3587	1	4024252	4024432	r	0	1	Prodigal	002006
3588	1	4025261	4025972	r	0	1	Prodigal	002006
3589	1	4026193	4028371	r	0	1	Prodigal	002006
3590	1	4028336	4029077	r	0	1	Prodigal	002006
3591	1	4030651	4031569	r	0	1	Prodigal	002006
3592	1	4031716	4032034	r	0	1	Prodigal	002006
3593	1	4032134	4033922	r	0	1	Prodigal	002006
3594	1	4034375	4034594	r	0	1	Prodigal	002006
3595	1	4034868	4038060	r	0	1	Prodigal	002006
3596	1	4038071	4039052	r	0	1	Prodigal	002006
3597	1	4039182	4040448	r	0	1	Prodigal	002006
3598	1	4040768	4041437	f	0	1	Prodigal	002006
3599	1	4041588	4043433	f	0	1	Prodigal	002006
3600	1	4044155	4044920	r	0	1	Prodigal	002006
3601	1	4046303	4047137	r	0	1	Prodigal	002006
3602	1	4047133	4047616	r	0	1	Prodigal	002006
3603	1	4047612	4047900	r	0	1	Prodigal	002006
3604	1	4048044	4049628	r	0	1	Prodigal	002006
3605	1	4049624	4052096	r	0	1	Prodigal	002006
3606	1	4052092	4053307	r	0	1	Prodigal	002006
3607	1	4053399	4053960	r	0	1	Prodigal	002006
3608	1	4053959	4054697	r	0	1	Prodigal	002006
3609	1	4054851	4057131	r	0	1	Prodigal	002006
3610	1	4057145	4057673	r	0	1	Prodigal	002006
3611	1	4058406	4059081	f	0	1	Prodigal	002006
3612	1	4059161	4059485	f	0	1	Prodigal	002006
3613	1	4059593	4059941	r	0	1	Prodigal	002006
3614	1	4059973	4060723	r	0	1	Prodigal	002006
3615	1	4060757	4061279	r	0	1	Prodigal	002006
3616	1	4061303	4061552	r	0	1	Prodigal	002006
3617	1	4061729	4063106	r	0	1	Prodigal	002006
3618	1	4063212	4064097	f	0	1	Prodigal	002006
3619	1	4064139	4065420	f	0	1	Prodigal	002006
3620	1	4065460	4065931	r	0	1	Prodigal	002006
3621	1	4066042	4067236	f	0	1	Prodigal	002006
3622	1	4067335	4068199	r	0	1	Prodigal	002006
3623	1	4068315	4069251	r	0	1	Prodigal	002006
3624	1	4069472	4070135	r	0	1	Prodigal	002006
3625	1	4070138	4070789	r	0	1	Prodigal	002006
3626	1	4070792	4071530	r	0	1	Prodigal	002006
3627	1	4071554	4072295	r	0	1	Prodigal	002006
3628	1	4072496	4072967	f	0	1	Prodigal	002006
3629	1	4073057	4073963	r	0	1	Prodigal	002006
3630	1	4074066	4075101	r	0	1	Prodigal	002006
3631	1	4075180	4076806	r	0	1	Prodigal	002006
3632	1	4076845	4077853	r	0	1	Prodigal	002006
3633	1	4078111	4078450	r	0	1	Prodigal	002006
3634	1	4078651	4079068	f	0	1	Prodigal	002006
3635	1	4079089	4079581	f	0	1	Prodigal	002006
3636	1	4079941	4080367	r	0	1	Prodigal	002006
3637	1	4080561	4081335	r	0	1	Prodigal	002006
3638	1	4081382	4082495	r	0	1	Prodigal	002006
3639	1	4082520	4083555	r	0	1	Prodigal	002006
3640	1	4083594	4084296	f	0	1	Prodigal	002006
3641	1	4084438	4085263	f	0	1	Prodigal	002006
3642	1	4085274	4085826	f	0	1	Prodigal	002006
3643	1	4085825	4086128	f	0	1	Prodigal	002006
3644	1	4086171	4086591	f	0	1	Prodigal	002006
3645	1	4086692	4087889	r	0	1	Prodigal	002006
3646	1	4088071	4089007	r	0	1	Prodigal	002006
3647	1	4089089	4089626	r	0	1	Prodigal	002006
3648	1	4089684	4090248	r	0	1	Prodigal	002006
3649	1	4090386	4090968	r	0	1	Prodigal	002006
3650	1	4091130	4092075	f	0	1	Prodigal	002006
3651	1	4092146	4093484	r	0	1	Prodigal	002006
3652	1	4093744	4095043	f	0	1	Prodigal	002006
3653	1	4095039	4095981	f	0	1	Prodigal	002006
3654	1	4095975	4096650	r	0	1	Prodigal	002006
3655	1	4096717	4097650	r	0	1	Prodigal	002006
3656	1	4097743	4098520	f	0	1	Prodigal	002006
3657	1	4098541	4099321	f	0	1	Prodigal	002006
3658	1	4099330	4100221	r	0	1	Prodigal	002006
3659	1	4100311	4101169	f	0	1	Prodigal	002006
3660	1	4101173	4101761	r	0	1	Prodigal	002006
3661	1	4101860	4102751	f	0	1	Prodigal	002006
3662	1	4102732	4103467	r	0	1	Prodigal	002006
3663	1	4103511	4103856	f	0	1	Prodigal	002006
3664	1	4103946	4104165	r	0	1	Prodigal	002006
3665	1	4104213	4104420	r	0	1	Prodigal	002006
3666	1	4104422	4105085	r	0	1	Prodigal	002006
3667	1	4105295	4106024	r	0	1	Prodigal	002006
3668	1	4106212	4106590	f	0	1	Prodigal	002006
3669	1	4106643	4108698	f	0	1	Prodigal	002006
3670	1	4108707	4109451	f	0	1	Prodigal	002006
3671	1	4109454	4109970	f	0	1	Prodigal	002006
3672	1	4110046	4110871	r	0	1	Prodigal	002006
3673	1	4111001	4111880	f	0	1	Prodigal	002006
3674	1	4111876	4112629	f	0	1	Prodigal	002006
3675	1	4112909	4113194	f	0	1	Prodigal	002006
3676	1	4113217	4113760	f	0	1	Prodigal	002006
3677	1	4113772	4114540	f	0	1	Prodigal	002006
3678	1	4114551	4115454	f	0	1	Prodigal	002006
3679	1	4115948	4117466	f	0	1	Prodigal	002006
3680	1	4117788	4118586	f	0	1	Prodigal	002006
3681	1	4118984	4119152	r	0	1	Prodigal	002006
3682	1	4119408	4121940	r	0	1	Prodigal	002006
3683	1	4122128	4124423	r	0	1	Prodigal	002006
3684	1	4124506	4126417	r	0	1	Prodigal	002006
3685	1	4126532	4128542	r	0	1	Prodigal	002006
3686	1	4128543	4129410	r	0	1	Prodigal	002006
3687	1	4129402	4129624	r	0	1	Prodigal	002006
3688	1	4129841	4130465	r	0	1	Prodigal	002006
3689	1	4130467	4131055	r	0	1	Prodigal	002006
3690	1	4131067	4131886	r	0	1	Prodigal	002006
3691	1	4131908	4132397	r	0	1	Prodigal	002006
3692	1	4132359	4133001	r	0	1	Prodigal	002006
3693	1	4133305	4134625	f	0	1	Prodigal	002006
3694	1	4134741	4136169	r	0	1	Prodigal	002006
3695	1	4136398	4137322	f	0	1	Prodigal	002006
3696	1	4137952	4139875	f	0	1	Prodigal	002006
3697	1	4139912	4141058	f	0	1	Prodigal	002006
3698	1	4141191	4141713	f	0	1	Prodigal	002006
3699	1	4141903	4143691	f	0	1	Prodigal	002006
3700	1	4143687	4144260	f	0	1	Prodigal	002006
3701	1	4144324	4144573	f	0	1	Prodigal	002006
3702	1	4144633	4145146	r	0	1	Prodigal	002006
3703	1	4145159	4146125	r	0	1	Prodigal	002006
3704	1	4146265	4146715	f	0	1	Prodigal	002006
3705	1	4146807	4147341	f	0	1	Prodigal	002006
3706	1	4147405	4148611	r	0	1	Prodigal	002006
3707	1	4149153	4150533	f	0	1	Prodigal	002006
3708	1	4150622	4150913	f	0	1	Prodigal	002006
3709	1	4150940	4151348	r	0	1	Prodigal	002006
3710	1	4151616	4153011	f	0	1	Prodigal	002006
3711	1	4153083	4153989	r	0	1	Prodigal	002006
3712	1	4154197	4155520	f	0	1	Prodigal	002006
3713	1	4155552	4157313	f	0	1	Prodigal	002006
3714	1	4157272	4158064	f	0	1	Prodigal	002006
3715	1	4158174	4159035	f	0	1	Prodigal	002006
3716	1	4159034	4159964	f	0	1	Prodigal	002006
3717	1	4159956	4161384	f	0	1	Prodigal	002006
3718	1	4161602	4164362	f	0	1	Prodigal	002006
3719	1	4164553	4165501	f	0	1	Prodigal	002006
3720	1	4165585	4166200	r	0	1	Prodigal	002006
3721	1	4166217	4166697	r	0	1	Prodigal	002006
3722	1	4166872	4167889	r	0	1	Prodigal	002006
3723	1	4168090	4168810	f	0	1	Prodigal	002006
3724	1	4168796	4170863	r	0	1	Prodigal	002006
3725	1	4170859	4171171	r	0	1	Prodigal	002006
3726	1	4171307	4171514	f	0	1	Prodigal	002006
3727	1	4171658	4172135	f	0	1	Prodigal	002006
3728	1	4172306	4172765	f	0	1	Prodigal	002006
3729	1	4173033	4174185	r	0	1	Prodigal	002006
3730	1	4174328	4174784	r	0	1	Prodigal	002006
3731	1	4175257	4176730	f	0	1	Prodigal	002006
3732	1	4176791	4177598	r	0	1	Prodigal	002006
3733	1	4177594	4177840	r	0	1	Prodigal	002006
3734	1	4177871	4178393	r	0	1	Prodigal	002006
3735	1	4178579	4180019	f	0	1	Prodigal	002006
3736	1	4180102	4181731	r	0	1	Prodigal	002006
3737	1	4181840	4183808	r	0	1	Prodigal	002006
3738	1	4184053	4184311	r	0	1	Prodigal	002006
3739	1	4184570	4186535	f	0	1	Prodigal	002006
3740	1	4186626	4187097	r	0	1	Prodigal	002006
3741	1	4187240	4187759	f	0	1	Prodigal	002006
3742	1	4187759	4188707	r	0	1	Prodigal	002006
3743	1	4188851	4190090	f	0	1	Prodigal	002006
3744	1	4190143	4191292	f	0	1	Prodigal	002006
3745	1	4191490	4193212	f	0	1	Prodigal	002006
3746	1	4193326	4194136	f	0	1	Prodigal	002006
3747	1	4194245	4197329	r	0	1	Prodigal	002006
3748	1	4197537	4197855	r	0	1	Prodigal	002006
3749	1	4203689	4203803	r	0	1	Prodigal	002006
3750	1	4204102	4205299	f	0	1	Prodigal	002006
3751	1	4205315	4205885	r	0	1	Prodigal	002006
3752	1	4206004	4207180	f	0	1	Prodigal	002006
3753	1	4207302	4208367	f	0	1	Prodigal	002006
3754	1	4208436	4209327	r	0	1	Prodigal	002006
3755	1	4209656	4210457	f	0	1	Prodigal	002006
3756	1	4210530	4212000	r	0	1	Prodigal	002006
3757	1	4212008	4213988	r	0	1	Prodigal	002006
3758	1	4214210	4214804	r	0	1	Prodigal	002006
3759	1	4215261	4216935	r	0	1	Prodigal	002006
3760	1	4217056	4219885	r	0	1	Prodigal	002006
3761	1	4219974	4220400	r	0	1	Prodigal	002006
3762	1	4220399	4221989	r	0	1	Prodigal	002006
3763	1	4222023	4222545	r	0	1	Prodigal	002006
3764	1	4222732	4223572	r	0	1	Prodigal	002006
3765	1	4223579	4223981	r	0	1	Prodigal	002006
3766	1	4223992	4224436	r	0	1	Prodigal	002006
3767	1	4224435	4225083	r	0	1	Prodigal	002006
3768	1	4225201	4225444	f	0	1	Prodigal	002006
3769	1	4225508	4226096	f	0	1	Prodigal	002006
3770	1	4226233	4226989	f	0	1	Prodigal	002006
3771	1	4227061	4227184	r	0	1	Prodigal	002006
3772	1	4227648	4228551	f	0	1	Prodigal	002006
3773	1	4228697	4228982	f	0	1	Prodigal	002006
3774	1	4229578	4229791	f	0	1	Prodigal	002006
3775	1	4230096	4231455	f	0	1	Prodigal	002006
3776	1	4231693	4232764	f	0	1	Prodigal	002006
3777	1	4232779	4233409	f	0	1	Prodigal	002006
3778	1	4233410	4234127	f	0	1	Prodigal	002006
3779	1	4234265	4235348	f	0	1	Prodigal	002006
3780	1	4235438	4237340	r	0	1	Prodigal	002006
3781	1	4237933	4238908	f	0	1	Prodigal	002006
3782	1	4239185	4240271	r	0	1	Prodigal	002006
3783	1	4240267	4241647	r	0	1	Prodigal	002006
3784	1	4241832	4242213	f	0	1	Prodigal	002006
3785	1	4242469	4242868	f	0	1	Prodigal	002006
3786	1	4242945	4243830	f	0	1	Prodigal	002006
3787	1	4243979	4245605	f	0	1	Prodigal	002006
3788	1	4245798	4246464	f	0	1	Prodigal	002006
3789	1	4246497	4248300	f	0	1	Prodigal	002006
3790	1	4248333	4249296	r	0	1	Prodigal	002006
3791	1	4249427	4249832	f	0	1	Prodigal	002006
3792	1	4249944	4250442	f	0	1	Prodigal	002006
3793	1	4250539	4251007	f	0	1	Prodigal	002006
3794	1	4251089	4252517	r	0	1	Prodigal	002006
3795	1	4253022	4253946	f	0	1	Prodigal	002006
3796	1	4254036	4254663	r	0	1	Prodigal	002006
3797	1	4254910	4255549	f	0	1	Prodigal	002006
3798	1	4255612	4256887	r	0	1	Prodigal	002006
3799	1	4257358	4258249	r	0	1	Prodigal	002006
3800	1	4258584	4258902	f	0	1	Prodigal	002006
3801	1	4258925	4259561	f	0	1	Prodigal	002006
3802	1	4259589	4260018	f	0	1	Prodigal	002006
3803	1	4260547	4261138	r	0	1	Prodigal	002006
3804	1	4261938	4262376	r	0	1	Prodigal	002006
3805	1	4262940	4264191	r	0	1	Prodigal	002006
3806	1	4264187	4264955	r	0	1	Prodigal	002006
3807	1	4264956	4265163	r	0	1	Prodigal	002006
3808	1	4265159	4265954	r	0	1	Prodigal	002006
3809	1	4265943	4267551	r	0	1	Prodigal	002006
3810	1	4267547	4269554	r	0	1	Prodigal	002006
3811	1	4270217	4271684	r	0	1	Prodigal	002006
3812	1	4271941	4272427	r	0	1	Prodigal	002006
3813	1	4272513	4272936	r	0	1	Prodigal	002006
3814	1	4273024	4273693	f	0	1	Prodigal	002006
3815	1	4273689	4274934	f	0	1	Prodigal	002006
3816	1	4275029	4275926	r	0	1	Prodigal	002006
3817	1	4276157	4279865	r	0	1	Prodigal	002006
3818	1	4280012	4281347	f	0	1	Prodigal	002006
3819	1	4281853	4282030	f	0	1	Prodigal	002006
3820	1	4282291	4283314	f	0	1	Prodigal	002006
3821	1	4283428	4284892	f	0	1	Prodigal	002006
3822	1	4284893	4286084	f	0	1	Prodigal	002006
3823	1	4286240	4286744	r	0	1	Prodigal	002006
3824	1	4286872	4287694	r	0	1	Prodigal	002006
3825	1	4287863	4288130	f	0	1	Prodigal	002006
3826	1	4288203	4288923	r	0	1	Prodigal	002006
3827	1	4289029	4289704	r	0	1	Prodigal	002006
3828	1	4289870	4291190	f	0	1	Prodigal	002006
3829	1	4291328	4292051	f	0	1	Prodigal	002006
3830	1	4292210	4292414	f	0	1	Prodigal	002006
3831	1	4292545	4293994	r	0	1	Prodigal	002006
3832	1	4294127	4294934	r	0	1	Prodigal	002006
3833	1	4294959	4295280	r	0	1	Prodigal	002006
3834	1	4295314	4299181	r	0	1	Prodigal	002006
3835	1	4299211	4300681	r	0	1	Prodigal	002006
3836	1	4300776	4301364	r	0	1	Prodigal	002006
3837	1	4301366	4301852	r	0	1	Prodigal	002006
3838	1	4301851	4302742	r	0	1	Prodigal	002006
3839	1	4302784	4303825	r	0	1	Prodigal	002006
3840	1	4304029	4307728	r	0	1	Prodigal	002006
3841	1	4307727	4308153	r	0	1	Prodigal	002006
3842	1	4308190	4309120	r	0	1	Prodigal	002006
3843	1	4309119	4309680	r	0	1	Prodigal	002006
3844	1	4309666	4310155	r	0	1	Prodigal	002006
3845	1	4310660	4311332	r	0	1	Prodigal	002006
3846	1	4311409	4311871	r	0	1	Prodigal	002006
3847	1	4311948	4313169	r	0	1	Prodigal	002006
3848	1	4313172	4314882	r	0	1	Prodigal	002006
3849	1	4314956	4316036	r	0	1	Prodigal	002006
3850	1	4316032	4316923	r	0	1	Prodigal	002006
3851	1	4317015	4318689	r	0	1	Prodigal	002006
3852	1	4318759	4319089	r	0	1	Prodigal	002006
3853	1	4319081	4319729	r	0	1	Prodigal	002006
3854	1	4319728	4320322	r	0	1	Prodigal	002006
3855	1	4320321	4321185	r	0	1	Prodigal	002006
3856	1	4321272	4322196	f	0	1	Prodigal	002006
3857	1	4322260	4324189	r	0	1	Prodigal	002006
3858	1	4324693	4326220	f	0	1	Prodigal	002006
3859	1	4326530	4327628	f	0	1	Prodigal	002006
3860	1	4327772	4329305	r	0	1	Prodigal	002006
3861	1	4329309	4331019	r	0	1	Prodigal	002006
3862	1	4331072	4332017	r	0	1	Prodigal	002006
3863	1	4332009	4333245	r	0	1	Prodigal	002006
3864	1	4333399	4334107	r	0	1	Prodigal	002006
3865	1	4334115	4334775	r	0	1	Prodigal	002006
3866	1	4334900	4335755	r	0	1	Prodigal	002006
3867	1	4336206	4337160	r	0	1	Prodigal	002006
3868	1	4337159	4337828	r	0	1	Prodigal	002006
3869	1	4337917	4339762	r	0	1	Prodigal	002006
3870	1	4339872	4340502	f	0	1	Prodigal	002006
3871	1	4340739	4341051	f	0	1	Prodigal	002006
3872	1	4341904	4342891	r	0	1	Prodigal	002006
3873	1	4343182	4343569	r	0	1	Prodigal	002006
3874	1	4343565	4345422	r	0	1	Prodigal	002006
3875	1	4345489	4346086	r	0	1	Prodigal	002006
3876	1	4346187	4347030	r	0	1	Prodigal	002006
3877	1	4347173	4347896	f	0	1	Prodigal	002006
3878	1	4347984	4348308	f	0	1	Prodigal	002006
3879	1	4348354	4348786	f	0	1	Prodigal	002006
3880	1	4349020	4351174	f	0	1	Prodigal	002006
3881	1	4351588	4352560	f	0	1	Prodigal	002006
3882	1	4352663	4355219	f	0	1	Prodigal	002006
3883	1	4355740	4356994	r	0	1	Prodigal	002006
3884	1	4357067	4357244	f	0	1	Prodigal	002006
3885	1	4357221	4358643	r	0	1	Prodigal	002006
3886	1	4358872	4359175	r	0	1	Prodigal	002006
3887	1	4359191	4359353	r	0	1	Prodigal	002006
3888	1	4359629	4360598	f	0	1	Prodigal	002006
3889	1	4360674	4361250	r	0	1	Prodigal	002006
3890	1	4361373	4361619	r	0	1	Prodigal	002006
3891	1	4361828	4363112	f	0	1	Prodigal	002006
3892	1	4363123	4363438	r	0	1	Prodigal	002006
3893	1	4363447	4364350	r	0	1	Prodigal	002006
3894	1	4364446	4365499	f	0	1	Prodigal	002006
3895	1	4365498	4367052	f	0	1	Prodigal	002006
3896	1	4367130	4367757	r	0	1	Prodigal	002006
3897	1	4367932	4368088	f	0	1	Prodigal	002006
3898	1	4368163	4369282	r	0	1	Prodigal	002006
3899	1	4369429	4370050	f	0	1	Prodigal	002006
3900	1	4370069	4370435	f	0	1	Prodigal	002006
3901	1	4376710	4377253	r	0	1	Prodigal	002006
3902	1	4377366	4378551	r	0	1	Prodigal	002006
3903	1	4378605	4380711	r	0	1	Prodigal	002006
3904	1	4380786	4381257	r	0	1	Prodigal	002006
3905	1	4381350	4381725	r	0	1	Prodigal	002006
3906	1	4381907	4382186	r	0	1	Prodigal	002006
3907	1	4382193	4382553	r	0	1	Prodigal	002006
3908	1	4382561	4382954	r	0	1	Prodigal	002006
3909	1	4383038	4383419	r	0	1	Prodigal	002006
3910	1	4383443	4384160	r	0	1	Prodigal	002006
3911	1	4384354	4388659	r	0	1	Prodigal	002006
3912	1	4388750	4392779	r	0	1	Prodigal	002006
3913	1	4393003	4393369	r	0	1	Prodigal	002006
3914	1	4393420	4393921	r	0	1	Prodigal	002006
3915	1	4394177	4394879	r	0	1	Prodigal	002006
3916	1	4394883	4395312	r	0	1	Prodigal	002006
3917	1	4395446	4395998	r	0	1	Prodigal	002006
3918	1	4396007	4396379	r	0	1	Prodigal	002006
3919	1	4396569	4397754	r	0	1	Prodigal	002006
3920	1	4398383	4399322	f	0	1	Prodigal	002006
3921	1	4399403	4400369	r	0	1	Prodigal	002006
3922	1	4400365	4401403	r	0	1	Prodigal	002006
3923	1	4401530	4402184	f	0	1	Prodigal	002006
3924	1	4402180	4403536	f	0	1	Prodigal	002006
3925	1	4403643	4405614	r	0	1	Prodigal	002006
3926	1	4405681	4406179	r	0	1	Prodigal	002006
3927	1	4406234	4408202	r	0	1	Prodigal	002006
3928	1	4408478	4409609	f	0	1	Prodigal	002006
3929	1	4409632	4412113	f	0	1	Prodigal	002006
3930	1	4412198	4412660	r	0	1	Prodigal	002006
3931	1	4412701	4414051	r	0	1	Prodigal	002006
3932	1	4414047	4414704	r	0	1	Prodigal	002006
3933	1	4414725	4415064	r	0	1	Prodigal	002006
3934	1	4415133	4415376	f	0	1	Prodigal	002006
3935	1	4415372	4415999	r	0	1	Prodigal	002006
3936	1	4415989	4416991	r	0	1	Prodigal	002006
3937	1	4417062	4417158	r	0	1	Prodigal	002006
3938	1	4417358	4417841	f	0	1	Prodigal	002006
3939	1	4417842	4419123	r	0	1	Prodigal	002006
3940	1	4419119	4419647	r	0	1	Prodigal	002006
3941	1	4419643	4421044	r	0	1	Prodigal	002006
3942	1	4421147	4421240	r	0	1	Prodigal	002006
3943	1	4421364	4421940	f	0	1	Prodigal	002006
3944	1	4421865	4422570	r	0	1	Prodigal	002006
3945	1	4422732	4423137	f	0	1	Prodigal	002006
3946	1	4423133	4423670	r	0	1	Prodigal	002006
3947	1	4423757	4424522	f	0	1	Prodigal	002006
3948	1	4424530	4424992	r	0	1	Prodigal	002006
3949	1	4425146	4426139	f	0	1	Prodigal	002006
3950	1	4426349	4427174	r	0	1	Prodigal	002006
3951	1	4427233	4429807	r	0	1	Prodigal	002006
3952	1	4430008	4430746	r	0	1	Prodigal	002006
3953	1	4430925	4431906	r	0	1	Prodigal	002006
3954	1	4432014	4432779	f	0	1	Prodigal	002006
3955	1	4432913	4434242	r	0	1	Prodigal	002006
3956	1	4434340	4435741	r	0	1	Prodigal	002006
3957	1	4435874	4437161	r	0	1	Prodigal	002006
3958	1	4437197	4437866	r	0	1	Prodigal	002006
3959	1	4438013	4438793	r	0	1	Prodigal	002006
3960	1	4438891	4440376	r	0	1	Prodigal	002006
3961	1	4440387	4441914	r	0	1	Prodigal	002006
3962	1	4442421	4443585	r	0	1	Prodigal	002006
3963	1	4443742	4444645	f	0	1	Prodigal	002006
3964	1	4444662	4445175	f	0	1	Prodigal	002006
3965	1	4445240	4447133	r	0	1	Prodigal	002006
3966	1	4447340	4447838	r	0	1	Prodigal	002006
3967	1	4447938	4448811	f	0	1	Prodigal	002006
3968	1	4449233	4449776	f	0	1	Prodigal	002006
3969	1	4449875	4450070	f	0	1	Prodigal	002006
3970	1	4450050	4450971	f	0	1	Prodigal	002006
3971	1	4450986	4451451	f	0	1	Prodigal	002006
3972	1	4451651	4452143	f	0	1	Prodigal	002006
3973	1	4452275	4453682	r	0	1	Prodigal	002006
3974	1	4453805	4454810	r	0	1	Prodigal	002006
3975	1	4454889	4455816	r	0	1	Prodigal	002006
3976	1	4455878	4457099	r	0	1	Prodigal	002006
3977	1	4457846	4458023	f	0	1	Prodigal	002006
3978	1	4458120	4458768	f	0	1	Prodigal	002006
3979	1	4458706	4459138	f	0	1	Prodigal	002006
3980	1	4459876	4461250	r	0	1	Prodigal	002006
3981	1	4461281	4461722	r	0	1	Prodigal	002006
3982	1	4461733	4462321	r	0	1	Prodigal	002006
3983	1	4463157	4463775	r	0	1	Prodigal	002006
3984	1	4463917	4464574	f	0	1	Prodigal	002006
3985	1	4465350	4465611	r	0	1	Prodigal	002006
3986	1	4465607	4466429	r	0	1	Prodigal	002006
3987	1	4466532	4467441	r	0	1	Prodigal	002006
3988	1	4467553	4468228	r	0	1	Prodigal	002006
3989	1	4468248	4468752	r	0	1	Prodigal	002006
3990	1	4468826	4469384	r	0	1	Prodigal	002006
3991	1	4469439	4469913	r	0	1	Prodigal	002006
3992	1	4469905	4471021	r	0	1	Prodigal	002006
3993	1	4471022	4472114	r	0	1	Prodigal	002006
3994	1	4472222	4472735	f	0	1	Prodigal	002006
3995	1	4472747	4473692	f	0	1	Prodigal	002006
3996	1	4473752	4475045	f	0	1	Prodigal	002006
3997	1	4475132	4476509	f	0	1	Prodigal	002006
3998	1	4476605	4478048	f	0	1	Prodigal	002006
3999	1	4478289	4480101	r	0	1	Prodigal	002006
4000	1	4480452	4481862	f	0	1	Prodigal	002006
4001	1	4481986	4482565	f	0	1	Prodigal	002006
4002	1	4482651	4483707	f	0	1	Prodigal	002006
4003	1	4483716	4485135	f	0	1	Prodigal	002006
4004	1	4485276	4486278	f	0	1	Prodigal	002006
4005	1	4486429	4487770	r	0	1	Prodigal	002006
4006	1	4487766	4487982	r	0	1	Prodigal	002006
4007	1	4488122	4488644	f	0	1	Prodigal	002006
4008	1	4488715	4489168	r	0	1	Prodigal	002006
4009	1	4489513	4490353	r	0	1	Prodigal	002006
4010	1	4490459	4491431	r	0	1	Prodigal	002006
4011	1	4491614	4492343	r	0	1	Prodigal	002006
4012	1	4492426	4493923	r	0	1	Prodigal	002006
4013	1	4494003	4495335	r	0	1	Prodigal	002006
4014	1	4495521	4496064	f	0	1	Prodigal	002006
4015	1	4496188	4497685	f	0	1	Prodigal	002006
4016	1	4497733	4497982	f	0	1	Prodigal	002006
4017	1	4498107	4499004	f	0	1	Prodigal	002006
4018	1	4499185	4500805	f	0	1	Prodigal	002006
4019	1	4500927	4502037	f	0	1	Prodigal	002006
4020	1	4502116	4503211	r	0	1	Prodigal	002006
4021	1	4503512	4505033	r	0	1	Prodigal	002006
4022	1	4505036	4506878	r	0	1	Prodigal	002006
4023	1	4507024	4507969	r	0	1	Prodigal	002006
4024	1	4507981	4508260	r	0	1	Prodigal	002006
4025	1	4508256	4509903	r	0	1	Prodigal	002006
4026	1	4510287	4511802	f	0	1	Prodigal	002006
4027	1	4511929	4512829	f	0	1	Prodigal	002006
4028	1	4512835	4513801	f	0	1	Prodigal	002006
4029	1	4513725	4514232	r	0	1	Prodigal	002006
4030	1	4514228	4514879	r	0	1	Prodigal	002006
4031	1	4514953	4515589	f	0	1	Prodigal	002006
4032	1	4515678	4516857	f	0	1	Prodigal	002006
4033	1	4516928	4517537	r	0	1	Prodigal	002006
4034	1	4517766	4518744	r	0	1	Prodigal	002006
4035	1	4518859	4520311	r	0	1	Prodigal	002006
4036	1	4520466	4520730	r	0	1	Prodigal	002006
4037	1	4520760	4521915	r	0	1	Prodigal	002006
4038	1	4522042	4522432	r	0	1	Prodigal	002006
4039	1	4522432	4524862	r	0	1	Prodigal	002006
4040	1	4525034	4525688	r	0	1	Prodigal	002006
4041	1	4525763	4526480	r	0	1	Prodigal	002006
4042	1	4526627	4527491	f	0	1	Prodigal	002006
4043	1	4527611	4528517	r	0	1	Prodigal	002006
4044	1	4528637	4529765	f	0	1	Prodigal	002006
4045	1	4529813	4530650	f	0	1	Prodigal	002006
4046	1	4530700	4531423	r	0	1	Prodigal	002006
4047	1	4531787	4533938	f	0	1	Prodigal	002006
4048	1	4534016	4534967	r	0	1	Prodigal	002006
4049	1	4535260	4536706	r	0	1	Prodigal	002006
4050	1	4536872	4537211	r	0	1	Prodigal	002006
4051	1	4537287	4538733	r	0	1	Prodigal	002006
4052	1	4538835	4539291	r	0	1	Prodigal	002006
4053	1	4539287	4542362	r	0	1	Prodigal	002006
4054	1	4542683	4543649	r	0	1	Prodigal	002006
4055	1	4549733	4550297	f	0	1	Prodigal	002006
4056	1	4550385	4553151	r	0	1	Prodigal	002006
4057	1	4553551	4554202	f	0	1	Prodigal	002006
4058	1	4554274	4554484	r	0	1	Prodigal	002006
4059	1	4554730	4556011	r	0	1	Prodigal	002006
4060	1	4556031	4556811	r	0	1	Prodigal	002006
4061	1	4556819	4557731	r	0	1	Prodigal	002006
4062	1	4557816	4558512	f	0	1	Prodigal	002006
4063	1	4558493	4559864	f	0	1	Prodigal	002006
4064	1	4559938	4560403	f	0	1	Prodigal	002006
4065	1	4560416	4561706	r	0	1	Prodigal	002006
4066	1	4561780	4562407	r	0	1	Prodigal	002006
4067	1	4562617	4562917	r	0	1	Prodigal	002006
4068	1	4563317	4563941	r	0	1	Prodigal	002006
4069	1	4564145	4566569	f	0	1	Prodigal	002006
4070	1	4566638	4567508	r	0	1	Prodigal	002006
4071	1	4567504	4568041	r	0	1	Prodigal	002006
4072	1	4568186	4568621	f	0	1	Prodigal	002006
4073	1	4568733	4568898	f	0	1	Prodigal	002006
4074	1	4568918	4569251	r	0	1	Prodigal	002006
4075	1	4569388	4569514	r	0	1	Prodigal	002006
4076	1	4569588	4570569	r	0	1	Prodigal	002006
4077	1	4570601	4571624	r	0	1	Prodigal	002006
4078	1	4571875	4572319	f	0	1	Prodigal	002006
4079	1	4572354	4572642	f	0	1	Prodigal	002006
4080	1	4572651	4573953	f	0	1	Prodigal	002006
4081	1	4574051	4575317	r	0	1	Prodigal	002006
4082	1	4575318	4576353	r	0	1	Prodigal	002006
4083	1	4576629	4577406	f	0	1	Prodigal	002006
4084	1	4577457	4578495	r	0	1	Prodigal	002006
4085	1	4578629	4579112	f	0	1	Prodigal	002006
4086	1	4579218	4580154	r	0	1	Prodigal	002006
4087	1	4580268	4581081	r	0	1	Prodigal	002006
4088	1	4581105	4581561	r	0	1	Prodigal	002006
4089	1	4581654	4581822	r	0	1	Prodigal	002006
4090	1	4581833	4582070	r	0	1	Prodigal	002006
4091	1	4582206	4582881	r	0	1	Prodigal	002006
4092	1	4583028	4584231	f	0	1	Prodigal	002006
4093	1	4584311	4584770	f	0	1	Prodigal	002006
4094	1	4584839	4585436	f	0	1	Prodigal	002006
4095	1	4585601	4586438	f	0	1	Prodigal	002006
4096	1	4586785	4588435	f	0	1	Prodigal	002006
4097	1	4588591	4590073	r	0	1	Prodigal	002006
4098	1	4590294	4591188	f	0	1	Prodigal	002006
4099	1	4591176	4592049	r	0	1	Prodigal	002006
4100	1	4592229	4592421	f	0	1	Prodigal	002006
4101	1	4592494	4595083	f	0	1	Prodigal	002006
4102	1	4600809	4600923	r	0	1	Prodigal	002006
4103	1	4601187	4601712	r	0	1	Prodigal	002006
4104	1	4601719	4603177	r	0	1	Prodigal	002006
4105	1	4603213	4603831	r	0	1	Prodigal	002006
4106	1	4603830	4605153	r	0	1	Prodigal	002006
4107	1	4605344	4607282	f	0	1	Prodigal	002006
4108	1	4607486	4609634	f	0	1	Prodigal	002006
4109	1	4609655	4610819	f	0	1	Prodigal	002006
4110	1	4611097	4611820	f	0	1	Prodigal	002006
4111	1	4611816	4613262	f	0	1	Prodigal	002006
4112	1	4613266	4614505	f	0	1	Prodigal	002006
4113	1	4614580	4614772	r	0	1	Prodigal	002006
4114	1	4614941	4615187	f	0	1	Prodigal	002006
4115	1	4615208	4615556	f	0	1	Prodigal	002006
4116	1	4615700	4616357	r	0	1	Prodigal	002006
4117	1	4616486	4617059	r	0	1	Prodigal	002006
4118	1	4617281	4618205	f	0	1	Prodigal	002006
4119	1	4618214	4620296	f	0	1	Prodigal	002006
4120	1	4620355	4621444	r	0	1	Prodigal	002006
4121	1	4621924	4622689	f	0	1	Prodigal	002006
4122	1	4622807	4624271	r	0	1	Prodigal	002006
4123	1	4624575	4625862	r	0	1	Prodigal	002006
4124	1	4626135	4626513	f	0	1	Prodigal	002006
4125	1	4626639	4627134	f	0	1	Prodigal	002006
4126	1	4627164	4628127	r	0	1	Prodigal	002006
4127	1	4628247	4630512	r	0	1	Prodigal	002006
4128	1	4630731	4631436	r	0	1	Prodigal	002006
4129	1	4631808	4633308	f	0	1	Prodigal	002006
4130	1	4633310	4634630	f	0	1	Prodigal	002006
4131	1	4634694	4635699	r	0	1	Prodigal	002006
4132	1	4636133	4637255	f	0	1	Prodigal	002006
4133	1	4637321	4638248	f	0	1	Prodigal	002006
4134	1	4638247	4639516	f	0	1	Prodigal	002006
4135	1	4639512	4640286	f	0	1	Prodigal	002006
4136	1	4640296	4640998	f	0	1	Prodigal	002006
4137	1	4641120	4641444	f	0	1	Prodigal	002006
4138	1	4641440	4642274	f	0	1	Prodigal	002006
4139	1	4642415	4642673	f	0	1	Prodigal	002006
4140	1	4642727	4643741	r	0	1	Prodigal	002006
4141	1	4643960	4644659	r	0	1	Prodigal	002006
4142	1	4644805	4646275	r	0	1	Prodigal	002006
4143	1	4646308	4647301	r	0	1	Prodigal	002006
4144	1	4647409	4648675	r	0	1	Prodigal	002006
4145	1	4648879	4649206	r	0	1	Prodigal	002006
4146	1	4649319	4650609	f	0	1	Prodigal	002006
4147	1	4650620	4652111	f	0	1	Prodigal	002006
4148	1	4652141	4652396	f	0	1	Prodigal	002006
4149	1	4652466	4653216	r	0	1	Prodigal	002006
4150	1	4653292	4654033	f	0	1	Prodigal	002006
4151	1	4654039	4656586	r	0	1	Prodigal	002006
4152	1	4656793	4658836	r	0	1	Prodigal	002006
4153	1	4659400	4661590	f	0	1	Prodigal	002006
4154	1	4661673	4662690	r	0	1	Prodigal	002006
4155	1	4662693	4663479	r	0	1	Prodigal	002006
4156	1	4663667	4664423	r	0	1	Prodigal	002006
4157	1	4664419	4664884	r	0	1	Prodigal	002006
4158	1	4664887	4665139	r	0	1	Prodigal	002006
4159	1	4665181	4666822	r	0	1	Prodigal	002006
4160	1	4666821	4667430	r	0	1	Prodigal	002006
4161	1	4667438	4668191	r	0	1	Prodigal	002006
4162	1	4668256	4668634	r	0	1	Prodigal	002006
4163	1	4668729	4669995	r	0	1	Prodigal	002006
4164	1	4669988	4671233	r	0	1	Prodigal	002006
4165	1	4676795	4676909	r	0	1	Prodigal	002006
4166	1	4677142	4678321	r	0	1	Prodigal	002006
4167	1	4678323	4678986	r	0	1	Prodigal	002006
4168	1	4678982	4679384	r	0	1	Prodigal	002006
4169	1	4679380	4679911	r	0	1	Prodigal	002006
4170	1	4679907	4681212	r	0	1	Prodigal	002006
4171	1	4681208	4681970	r	0	1	Prodigal	002006
4172	1	4682180	4682957	f	0	1	Prodigal	002006
4173	1	4683030	4684863	r	0	1	Prodigal	002006
4174	1	4684919	4685693	r	0	1	Prodigal	002006
4175	1	4685770	4686490	f	0	1	Prodigal	002006
4176	1	4686486	4687908	f	0	1	Prodigal	002006
4177	1	4687988	4688783	f	0	1	Prodigal	002006
4178	1	4688903	4690280	f	0	1	Prodigal	002006
4179	1	4690331	4691693	r	0	1	Prodigal	002006
4180	1	4691787	4692216	r	0	1	Prodigal	002006
4181	1	4692234	4693623	r	0	1	Prodigal	002006
4182	1	4693656	4694523	r	0	1	Prodigal	002006
4183	1	4694566	4696108	r	0	1	Prodigal	002006
4184	1	4696123	4696657	r	0	1	Prodigal	002006
4185	1	4696670	4697141	r	0	1	Prodigal	002006
4186	1	4697195	4697438	r	0	1	Prodigal	002006
4187	1	4697496	4698279	r	0	1	Prodigal	002006
4188	1	4698287	4698680	r	0	1	Prodigal	002006
4189	1	4698888	4699797	r	0	1	Prodigal	002006
4190	1	4699793	4700597	r	0	1	Prodigal	002006
4191	1	4700623	4701259	r	0	1	Prodigal	002006
4192	1	4701271	4703161	r	0	1	Prodigal	002006
4193	1	4703669	4704119	r	0	1	Prodigal	002006
4194	1	4704513	4706610	f	0	1	Prodigal	002006
4195	1	4706689	4708336	f	0	1	Prodigal	002006
4196	1	4708382	4709147	f	0	1	Prodigal	002006
4197	1	4709159	4710065	f	0	1	Prodigal	002006
4198	1	4710061	4712044	f	0	1	Prodigal	002006
4199	1	4712464	4713784	r	0	1	Prodigal	002006
4200	1	4713783	4714038	r	0	1	Prodigal	002006
4201	1	4714207	4714636	r	0	1	Prodigal	002006
4202	1	4715416	4715884	f	0	1	Prodigal	002006
4203	1	4715888	4715999	r	0	1	Prodigal	002006
4204	1	4716652	4719118	f	0	1	Prodigal	002006
4205	1	4719238	4721059	f	0	1	Prodigal	002006
4206	1	4721058	4722825	f	0	1	Prodigal	002006
4207	1	4722824	4723532	f	0	1	Prodigal	002006
4208	1	4723525	4724011	f	0	1	Prodigal	002006
4209	1	4724479	4724815	f	0	1	Prodigal	002006
4210	1	4724969	4725674	f	0	1	Prodigal	002006
4211	1	4725660	4726500	f	0	1	Prodigal	002006
4212	1	4726701	4727841	r	0	1	Prodigal	002006
4213	1	4728003	4729365	r	0	1	Prodigal	002006
4214	1	4729464	4731111	r	0	1	Prodigal	002006
4215	1	4731331	4731691	r	0	1	Prodigal	002006
4216	1	4731690	4731825	r	0	1	Prodigal	002006
4217	1	4732095	4732830	r	0	1	Prodigal	002006
4218	1	4732842	4733508	r	0	1	Prodigal	002006
4219	1	4733511	4734270	r	0	1	Prodigal	002006
4220	2	120	954	f	0	1	Prodigal	002006
4221	2	1678	2089	f	0	1	Prodigal	002006
4222	2	2198	2447	r	0	1	Prodigal	002006
4223	2	2852	2963	r	0	1	Prodigal	002006
4224	2	3039	3333	r	0	1	Prodigal	002006
4225	2	3325	4273	r	0	1	Prodigal	002006
4226	2	4322	4715	r	0	1	Prodigal	002006
4227	2	4818	5103	r	0	1	Prodigal	002006
4228	2	5108	5921	r	0	1	Prodigal	002006
4229	2	6271	7096	r	0	1	Prodigal	002006
4230	2	7177	7729	f	0	1	Prodigal	002006
4231	2	7789	8041	f	0	1	Prodigal	002006
4232	2	8126	8369	r	0	1	Prodigal	002006
4233	2	8640	9201	f	0	1	Prodigal	002006
4234	2	9197	9290	f	0	1	Prodigal	002006
4235	2	9237	9714	f	0	1	Prodigal	002006
4236	2	9840	10122	f	0	1	Prodigal	002006
4237	2	10136	10439	f	0	1	Prodigal	002006
4238	2	11028	11154	f	0	1	Prodigal	002006
4239	2	11489	11774	r	0	1	Prodigal	002006
4240	2	11779	12592	r	0	1	Prodigal	002006
4241	2	12942	13800	r	0	1	Prodigal	002006
4242	2	13983	14754	r	0	1	Prodigal	002006
4243	2	15212	15428	f	0	1	Prodigal	002006
4244	2	15393	15858	f	0	1	Prodigal	002006
4245	2	16076	16715	f	0	1	Prodigal	002006
4246	2	16711	16945	f	0	1	Prodigal	002006
4247	2	17123	17744	f	0	1	Prodigal	002006
4248	2	17753	18023	f	0	1	Prodigal	002006
4249	2	18134	18845	r	0	1	Prodigal	002006
4250	2	19216	19792	f	0	1	Prodigal	002006
4251	2	19866	20091	f	0	1	Prodigal	002006
4252	2	20074	20494	f	0	1	Prodigal	002006
4253	2	20358	21612	r	0	1	Prodigal	002006
4254	2	22016	23000	r	0	1	Prodigal	002006
4255	2	23187	24213	f	0	1	Prodigal	002006
4256	2	24230	27290	f	0	1	Prodigal	002006
4257	2	27420	28032	r	0	1	Prodigal	002006
4258	2	28145	29174	f	0	1	Prodigal	002006
4259	2	29362	29749	r	0	1	Prodigal	002006
4260	2	30194	31109	f	0	1	Prodigal	002006
4261	2	31095	31368	f	0	1	Prodigal	002006
4262	2	31585	31867	f	0	1	Prodigal	002006
4263	2	31863	32196	f	0	1	Prodigal	002006
4264	2	32403	33036	f	0	1	Prodigal	002006
4265	2	33877	34060	f	0	1	Prodigal	002006
4266	2	34356	35946	f	0	1	Prodigal	002006
4267	2	35950	36253	f	0	1	Prodigal	002006
4268	2	36411	36624	r	0	1	Prodigal	002006
4269	2	37072	38077	f	0	1	Prodigal	002006
4270	2	38450	39173	f	0	1	Prodigal	002006
4271	2	39365	39647	f	0	1	Prodigal	002006
4272	2	39643	39976	f	0	1	Prodigal	002006
4273	2	40189	40429	f	0	1	Prodigal	002006
4274	2	40622	40904	f	0	1	Prodigal	002006
4275	2	40900	41233	f	0	1	Prodigal	002006
4276	2	41229	41322	f	0	1	Prodigal	002006
4277	2	43032	43488	r	0	1	Prodigal	002006
4278	2	43484	44408	r	0	1	Prodigal	002006
4279	2	44755	44992	f	0	1	Prodigal	002006
4280	2	45753	46272	f	0	1	Prodigal	002006
4281	2	46364	48773	f	0	1	Prodigal	002006
4282	2	48765	49458	f	0	1	Prodigal	002006
4283	2	49396	49954	f	0	1	Prodigal	002006
4284	2	50805	51285	f	0	1	Prodigal	002006
4285	2	52965	53967	f	0	1	Prodigal	002006
4286	2	53963	54770	f	0	1	Prodigal	002006
4287	2	55865	56696	f	0	1	Prodigal	002006
4288	2	56862	57525	r	0	1	Prodigal	002006
4289	2	57780	58626	r	0	1	Prodigal	002006
4290	2	58699	59296	r	0	1	Prodigal	002006
4291	2	59743	60295	f	0	1	Prodigal	002006
4292	2	61001	61619	f	0	1	Prodigal	002006
4293	2	61611	61863	f	0	1	Prodigal	002006
4294	2	62231	62618	f	0	1	Prodigal	002006
4295	2	62806	63835	r	0	1	Prodigal	002006
4296	2	63861	64560	f	0	1	Prodigal	002006
4297	2	64630	64933	f	0	1	Prodigal	002006
4298	2	65102	65429	f	0	1	Prodigal	002006
4299	2	65596	66310	f	0	1	Prodigal	002006
4300	2	66474	66726	r	0	1	Prodigal	002006
4301	2	66802	67204	r	0	1	Prodigal	002006
4302	2	67212	67443	r	0	1	Prodigal	002006
4303	2	67511	68201	r	0	1	Prodigal	002006
4304	2	68660	69665	f	0	1	Prodigal	002006
4305	2	69832	70471	f	0	1	Prodigal	002006
4306	2	70629	71010	r	0	1	Prodigal	002006
4307	2	71198	71390	r	0	1	Prodigal	002006
4308	2	71389	71917	r	0	1	Prodigal	002006
4309	2	72122	72875	r	0	1	Prodigal	002006
4310	2	73049	73547	r	0	1	Prodigal	002006
4311	2	73565	73802	r	0	1	Prodigal	002006
4312	2	73829	73928	r	0	1	Prodigal	002006
4313	2	73976	74942	r	0	1	Prodigal	002006
4314	2	74931	75333	r	0	1	Prodigal	002006
4315	2	75968	76124	f	0	1	Prodigal	002006
4316	2	76268	76715	f	0	1	Prodigal	002006
4317	2	76754	77117	f	0	1	Prodigal	002006
4318	2	77462	78137	r	0	1	Prodigal	002006
4319	2	78468	78600	f	0	1	Prodigal	002006
4320	2	78538	80581	f	0	1	Prodigal	002006
4321	2	80979	81624	f	0	1	Prodigal	002006
4322	2	81638	81878	f	0	1	Prodigal	002006
4323	2	82001	82475	f	0	1	Prodigal	002006
4324	2	82753	83101	f	0	1	Prodigal	002006
4325	2	83151	83514	f	0	1	Prodigal	002006
4326	2	83583	83988	f	0	1	Prodigal	002006
4327	2	84009	84471	r	0	1	Prodigal	002006
4328	2	85147	85516	f	0	1	Prodigal	002006
4329	2	85564	90694	r	0	1	Prodigal	002006
4330	2	90693	92880	r	0	1	Prodigal	002006
4331	2	92938	93673	r	0	1	Prodigal	002006
4332	2	93694	94264	r	0	1	Prodigal	002006
4333	2	94260	97104	r	0	1	Prodigal	002006
4334	2	97103	98468	r	0	1	Prodigal	002006
4335	2	98454	98991	r	0	1	Prodigal	002006
4336	2	98987	99326	r	0	1	Prodigal	002006
4337	2	99325	100177	r	0	1	Prodigal	002006
4338	2	100173	102027	r	0	1	Prodigal	002006
4339	2	102023	102659	r	0	1	Prodigal	002006
4340	2	102677	103292	r	0	1	Prodigal	002006
4341	2	103301	104291	r	0	1	Prodigal	002006
4342	2	104287	104917	r	0	1	Prodigal	002006
4343	2	104913	105351	r	0	1	Prodigal	002006
4344	2	105338	107924	r	0	1	Prodigal	002006
4345	2	107934	108486	r	0	1	Prodigal	002006
4346	2	108497	109826	r	0	1	Prodigal	002006
4347	2	109812	110556	r	0	1	Prodigal	002006
4348	2	110542	111109	r	0	1	Prodigal	002006
4349	2	111111	111420	r	0	1	Prodigal	002006
4350	2	111434	111746	r	0	1	Prodigal	002006
4351	2	112224	112848	r	0	1	Prodigal	002006
