"module","module_name.x","KMM289_pathwise_module_completeness","KMM358_pathwise_module_completeness","KMM366_pathwise_module_completeness","KMM289_stepwise_module_completeness","KMM358_stepwise_module_completeness","KMM366_stepwise_module_completeness","has_na_pathwise","pathwise_difference","same_pathwise","module_name.y","module_class","module_category","module_subcategory"
"M00835","Pyocyanine biosynthesis, chorismate => pyocyanine",0.142857142857143,NA,NA,0.142857142857143,NA,NA,TRUE,0,FALSE,"Pyocyanine biosynthesis, chorismate => pyocyanine","Pathway modules","Biosynthesis of other secondary metabolites","Biosynthesis of other bacterial compounds"
"M01015","GDP-Man biosynthesis, Man => GDP-Man",NA,0.333333333333333,0.333333333333333,NA,0,0,TRUE,0,FALSE,"GDP-Man biosynthesis, Man => GDP-Man","Pathway modules","Glycan metabolism","Nucleotide sugar biosynthesis"
"M01015","GDP-Man biosynthesis, Man => GDP-Man",NA,0.333333333333333,0.333333333333333,NA,0,0,TRUE,0,FALSE,"GDP-Man biosynthesis, Man => GDP-Man","Pathway modules","Glycan metabolism","Nucleotide sugar biosynthesis"
"M01014","UDP-ManNAcA biosynthesis, UDP-GlcNAc => UDP-ManNAcA",NA,0.5,0.5,NA,0.5,0.5,TRUE,0,FALSE,"UDP-ManNAcA biosynthesis, UDP-GlcNAc => UDP-ManNAcA","Pathway modules","Glycan metabolism","Nucleotide sugar biosynthesis"
"M01014","UDP-ManNAcA biosynthesis, UDP-GlcNAc => UDP-ManNAcA",NA,0.5,0.5,NA,0.5,0.5,TRUE,0,FALSE,"UDP-ManNAcA biosynthesis, UDP-GlcNAc => UDP-ManNAcA","Pathway modules","Glycan metabolism","Nucleotide sugar biosynthesis"
"M01029","CDP-Tyv biosynthesis, Glc-1P => CDP-Par => CDP-Tyv",NA,0.4,0.4,NA,0.4,0.4,TRUE,0,FALSE,"CDP-Tyv biosynthesis, Glc-1P => CDP-Par => CDP-Tyv","Pathway modules","Glycan metabolism","Nucleotide sugar biosynthesis"
"M01029","CDP-Tyv biosynthesis, Glc-1P => CDP-Par => CDP-Tyv",NA,0.4,0.4,NA,0.4,0.4,TRUE,0,FALSE,"CDP-Tyv biosynthesis, Glc-1P => CDP-Par => CDP-Tyv","Pathway modules","Glycan metabolism","Nucleotide sugar biosynthesis"
"M01030","CDP-Abe biosynthesis, Glc-1P => CDP-Abe",NA,0.5,0.5,NA,0.5,0.5,TRUE,0,FALSE,"CDP-Abe biosynthesis, Glc-1P => CDP-Abe","Pathway modules","Glycan metabolism","Nucleotide sugar biosynthesis"
"M01030","CDP-Abe biosynthesis, Glc-1P => CDP-Abe",NA,0.5,0.5,NA,0.5,0.5,TRUE,0,FALSE,"CDP-Abe biosynthesis, Glc-1P => CDP-Abe","Pathway modules","Glycan metabolism","Nucleotide sugar biosynthesis"
"M01031","CDP-Asc biosynthesis, Glc-1P => CDP-Asc",NA,0.4,0.4,NA,0.4,0.4,TRUE,0,FALSE,"CDP-Asc biosynthesis, Glc-1P => CDP-Asc","Pathway modules","Glycan metabolism","Nucleotide sugar biosynthesis"
"M01031","CDP-Asc biosynthesis, Glc-1P => CDP-Asc",NA,0.4,0.4,NA,0.4,0.4,TRUE,0,FALSE,"CDP-Asc biosynthesis, Glc-1P => CDP-Asc","Pathway modules","Glycan metabolism","Nucleotide sugar biosynthesis"
"M01034","GDP-D-Rha4NFormyl biosynthesis, GDP-Man => GDP-D-Rha4N => GDP-D-Rha4NFormyl",NA,0.666666666666667,0.666666666666667,NA,0.666666666666667,0.666666666666667,TRUE,0,FALSE,"GDP-D-Rha4NFormyl biosynthesis, GDP-Man => GDP-D-Rha4N => GDP-D-Rha4NFormyl","Pathway modules","Glycan metabolism","Nucleotide sugar biosynthesis"
"M01034","GDP-D-Rha4NFormyl biosynthesis, GDP-Man => GDP-D-Rha4N => GDP-D-Rha4NFormyl",NA,0.666666666666667,0.666666666666667,NA,0.666666666666667,0.666666666666667,TRUE,0,FALSE,"GDP-D-Rha4NFormyl biosynthesis, GDP-Man => GDP-D-Rha4N => GDP-D-Rha4NFormyl","Pathway modules","Glycan metabolism","Nucleotide sugar biosynthesis"
"M01020","GDP-D-Rha4NAc biosynthesis, GDP-Man => GDP-D-Rha4N => GDP-D-Rha4NAc",NA,0.666666666666667,0.666666666666667,NA,0.666666666666667,0.666666666666667,TRUE,0,FALSE,"GDP-D-Rha4NAc biosynthesis, GDP-Man => GDP-D-Rha4N => GDP-D-Rha4NAc","Pathway modules","Glycan metabolism","Nucleotide sugar biosynthesis"
"M01020","GDP-D-Rha4NAc biosynthesis, GDP-Man => GDP-D-Rha4N => GDP-D-Rha4NAc",NA,0.666666666666667,0.666666666666667,NA,0.666666666666667,0.666666666666667,TRUE,0,FALSE,"GDP-D-Rha4NAc biosynthesis, GDP-Man => GDP-D-Rha4N => GDP-D-Rha4NAc","Pathway modules","Glycan metabolism","Nucleotide sugar biosynthesis"
"M01016","GDP-L-Fuc biosynthesis, GDP-Man => GDP-L-Fuc",NA,1,1,NA,1,1,TRUE,0,FALSE,"GDP-L-Fuc biosynthesis, GDP-Man => GDP-L-Fuc","Pathway modules","Glycan metabolism","Nucleotide sugar biosynthesis"
"M01016","GDP-L-Fuc biosynthesis, GDP-Man => GDP-L-Fuc",NA,1,1,NA,1,1,TRUE,0,FALSE,"GDP-L-Fuc biosynthesis, GDP-Man => GDP-L-Fuc","Pathway modules","Glycan metabolism","Nucleotide sugar biosynthesis"
"M01017","GDP-L-Col biosynthesis, GDP-Man => GDP-L-Col",NA,0.333333333333333,0.333333333333333,NA,0.333333333333333,0.333333333333333,TRUE,0,FALSE,"GDP-L-Col biosynthesis, GDP-Man => GDP-L-Col","Pathway modules","Glycan metabolism","Nucleotide sugar biosynthesis"
"M01017","GDP-L-Col biosynthesis, GDP-Man => GDP-L-Col",NA,0.333333333333333,0.333333333333333,NA,0.333333333333333,0.333333333333333,TRUE,0,FALSE,"GDP-L-Col biosynthesis, GDP-Man => GDP-L-Col","Pathway modules","Glycan metabolism","Nucleotide sugar biosynthesis"
"M01018","GDP-D-Rha biosynthesis, GDP-Man => GDP-D-Rha",NA,0.5,0.5,NA,0.5,0.5,TRUE,0,FALSE,"GDP-D-Rha biosynthesis, GDP-Man => GDP-D-Rha","Pathway modules","Glycan metabolism","Nucleotide sugar biosynthesis"
"M01018","GDP-D-Rha biosynthesis, GDP-Man => GDP-D-Rha",NA,0.5,0.5,NA,0.5,0.5,TRUE,0,FALSE,"GDP-D-Rha biosynthesis, GDP-Man => GDP-D-Rha","Pathway modules","Glycan metabolism","Nucleotide sugar biosynthesis"
"M01019","GDP-6-deoxy-Tal biosynthesis, GDP-Man => GDP-6-deoxy-Tal",NA,0.5,0.5,NA,0.5,0.5,TRUE,0,FALSE,"GDP-6-deoxy-Tal biosynthesis, GDP-Man => GDP-6-deoxy-Tal","Pathway modules","Glycan metabolism","Nucleotide sugar biosynthesis"
"M01019","GDP-6-deoxy-Tal biosynthesis, GDP-Man => GDP-6-deoxy-Tal",NA,0.5,0.5,NA,0.5,0.5,TRUE,0,FALSE,"GDP-6-deoxy-Tal biosynthesis, GDP-Man => GDP-6-deoxy-Tal","Pathway modules","Glycan metabolism","Nucleotide sugar biosynthesis"
"M00856","Salmonella enterica pathogenicity signature, typhoid toxin",NA,0.25,0.25,NA,0.25,0.25,TRUE,0,FALSE,"Salmonella enterica pathogenicity signature, typhoid toxin","Signature modules","Gene set","Pathogenicity"
"M00856","Salmonella enterica pathogenicity signature, typhoid toxin",NA,0.25,0.25,NA,0.25,0.25,TRUE,0,FALSE,"Salmonella enterica pathogenicity signature, typhoid toxin","Signature modules","Gene set","Pathogenicity"
"M00574","Pertussis pathogenicity signature, pertussis toxin",NA,0.25,0.25,NA,0.25,0.25,TRUE,0,FALSE,"Pertussis pathogenicity signature, pertussis toxin","Signature modules","Gene set","Pathogenicity"
"M00574","Pertussis pathogenicity signature, pertussis toxin",NA,0.25,0.25,NA,0.25,0.25,TRUE,0,FALSE,"Pertussis pathogenicity signature, pertussis toxin","Signature modules","Gene set","Pathogenicity"
"M00564","Helicobacter pylori pathogenicity signature, cagA pathogenicity island",NA,NA,0.0434782608695652,NA,NA,0.0434782608695652,TRUE,0,FALSE,"Helicobacter pylori pathogenicity signature, cagA pathogenicity island","Signature modules","Gene set","Pathogenicity"
"M00627","beta-Lactam resistance, Bla system",NA,NA,0.333333333333333,NA,NA,0.333333333333333,TRUE,0,FALSE,"beta-Lactam resistance, Bla system","Signature modules","Gene set","Drug resistance"
"M00550","Ascorbate degradation, ascorbate => D-xylulose-5P",1,0.2,0.2,1,0.2,0.2,FALSE,0.8,FALSE,"Ascorbate degradation, ascorbate => D-xylulose-5P","Pathway modules","Carbohydrate metabolism","Other carbohydrate metabolism"
"M00550","Ascorbate degradation, ascorbate => D-xylulose-5P",1,0.2,0.2,1,0.2,0.2,FALSE,0.8,FALSE,"Ascorbate degradation, ascorbate => D-xylulose-5P","Pathway modules","Carbohydrate metabolism","Other carbohydrate metabolism"
"M00550","Ascorbate degradation, ascorbate => D-xylulose-5P",1,0.2,0.2,1,0.2,0.2,FALSE,0.8,FALSE,"Ascorbate degradation, ascorbate => D-xylulose-5P","Pathway modules","Carbohydrate metabolism","Other carbohydrate metabolism"
"M00923","UDP-L-FucNAc biosynthesis, UDP-GlcNAc => UDP-L-FucNAc",1,0.333333333333333,0.333333333333333,1,0.333333333333333,0.333333333333333,FALSE,0.666666666666667,FALSE,"UDP-L-FucNAc biosynthesis, UDP-GlcNAc => UDP-L-FucNAc","Pathway modules","Glycan metabolism","Nucleotide sugar biosynthesis"
"M00923","UDP-L-FucNAc biosynthesis, UDP-GlcNAc => UDP-L-FucNAc",1,0.333333333333333,0.333333333333333,1,0.333333333333333,0.333333333333333,FALSE,0.666666666666667,FALSE,"UDP-L-FucNAc biosynthesis, UDP-GlcNAc => UDP-L-FucNAc","Pathway modules","Glycan metabolism","Nucleotide sugar biosynthesis"
"M00923","UDP-L-FucNAc biosynthesis, UDP-GlcNAc => UDP-L-FucNAc",1,0.333333333333333,0.333333333333333,1,0.333333333333333,0.333333333333333,FALSE,0.666666666666667,FALSE,"UDP-L-FucNAc biosynthesis, UDP-GlcNAc => UDP-L-FucNAc","Pathway modules","Glycan metabolism","Nucleotide sugar biosynthesis"
"M01006","GDP-D-Rha4N biosynthesis, Fru-6P => GDP-D-Rha4N",0.2,0.8,0.8,0.2,0.8,0.8,FALSE,0.6,FALSE,"GDP-D-Rha4N biosynthesis, Fru-6P => GDP-D-Rha4N","Pathway modules","Glycan metabolism","Nucleotide sugar biosynthesis"
"M01006","GDP-D-Rha4N biosynthesis, Fru-6P => GDP-D-Rha4N",0.2,0.8,0.8,0.2,0.8,0.8,FALSE,0.6,FALSE,"GDP-D-Rha4N biosynthesis, Fru-6P => GDP-D-Rha4N","Pathway modules","Glycan metabolism","Nucleotide sugar biosynthesis"
"M01006","GDP-D-Rha4N biosynthesis, Fru-6P => GDP-D-Rha4N",0.2,0.8,0.8,0.2,0.8,0.8,FALSE,0.6,FALSE,"GDP-D-Rha4N biosynthesis, Fru-6P => GDP-D-Rha4N","Pathway modules","Glycan metabolism","Nucleotide sugar biosynthesis"
"M00616","Sulfate-sulfur assimilation",0.5,0.875,0.875,0.5,0.5,0.5,FALSE,0.375,FALSE,"Sulfate-sulfur assimilation","Signature modules","Module set","Metabolic capacity"
"M00616","Sulfate-sulfur assimilation",0.5,0.875,0.875,0.5,0.5,0.5,FALSE,0.375,FALSE,"Sulfate-sulfur assimilation","Signature modules","Module set","Metabolic capacity"
"M00616","Sulfate-sulfur assimilation",0.5,0.875,0.875,0.5,0.5,0.5,FALSE,0.375,FALSE,"Sulfate-sulfur assimilation","Signature modules","Module set","Metabolic capacity"
"M01000","GDP-Man biosynthesis, Fru-6P => GDP-Man",0.333333333333333,0.666666666666667,0.666666666666667,0.333333333333333,0.666666666666667,0.666666666666667,FALSE,0.333333333333333,FALSE,"GDP-Man biosynthesis, Fru-6P => GDP-Man","Pathway modules","Glycan metabolism","Nucleotide sugar biosynthesis"
"M01000","GDP-Man biosynthesis, Fru-6P => GDP-Man",0.333333333333333,0.666666666666667,0.666666666666667,0.333333333333333,0.666666666666667,0.666666666666667,FALSE,0.333333333333333,FALSE,"GDP-Man biosynthesis, Fru-6P => GDP-Man","Pathway modules","Glycan metabolism","Nucleotide sugar biosynthesis"
"M01000","GDP-Man biosynthesis, Fru-6P => GDP-Man",0.333333333333333,0.666666666666667,0.666666666666667,0.333333333333333,0.666666666666667,0.666666666666667,FALSE,0.333333333333333,FALSE,"GDP-Man biosynthesis, Fru-6P => GDP-Man","Pathway modules","Glycan metabolism","Nucleotide sugar biosynthesis"
"M00530","Dissimilatory nitrate reduction, nitrate => ammonia",1,0.75,0.75,1,0.5,0.5,FALSE,0.25,FALSE,"Dissimilatory nitrate reduction, nitrate => ammonia","Pathway modules","Energy metabolism","Nitrogen metabolism"
"M00530","Dissimilatory nitrate reduction, nitrate => ammonia",1,0.75,0.75,1,0.5,0.5,FALSE,0.25,FALSE,"Dissimilatory nitrate reduction, nitrate => ammonia","Pathway modules","Energy metabolism","Nitrogen metabolism"
"M00530","Dissimilatory nitrate reduction, nitrate => ammonia",1,0.75,0.75,1,0.5,0.5,FALSE,0.25,FALSE,"Dissimilatory nitrate reduction, nitrate => ammonia","Pathway modules","Energy metabolism","Nitrogen metabolism"
"M00308","Semi-phosphorylative Entner-Doudoroff pathway, gluconate => glycerate-3P",0.8,0.6,0.6,0.75,0.5,0.5,FALSE,0.2,FALSE,"Semi-phosphorylative Entner-Doudoroff pathway, gluconate => glycerate-3P","Pathway modules","Carbohydrate metabolism","Central carbohydrate metabolism"
"M00308","Semi-phosphorylative Entner-Doudoroff pathway, gluconate => glycerate-3P",0.8,0.6,0.6,0.75,0.5,0.5,FALSE,0.2,FALSE,"Semi-phosphorylative Entner-Doudoroff pathway, gluconate => glycerate-3P","Pathway modules","Carbohydrate metabolism","Central carbohydrate metabolism"
"M00308","Semi-phosphorylative Entner-Doudoroff pathway, gluconate => glycerate-3P",0.8,0.6,0.6,0.75,0.5,0.5,FALSE,0.2,FALSE,"Semi-phosphorylative Entner-Doudoroff pathway, gluconate => glycerate-3P","Pathway modules","Carbohydrate metabolism","Central carbohydrate metabolism"
"M00631","D-Galacturonate degradation (bacteria), D-galacturonate => pyruvate + D-glyceraldehyde 3P",0.4,0.2,0.2,0.4,0.2,0.2,FALSE,0.2,FALSE,"D-Galacturonate degradation (bacteria), D-galacturonate => pyruvate + D-glyceraldehyde 3P","Pathway modules","Carbohydrate metabolism","Other carbohydrate metabolism"
"M00631","D-Galacturonate degradation (bacteria), D-galacturonate => pyruvate + D-glyceraldehyde 3P",0.4,0.2,0.2,0.4,0.2,0.2,FALSE,0.2,FALSE,"D-Galacturonate degradation (bacteria), D-galacturonate => pyruvate + D-glyceraldehyde 3P","Pathway modules","Carbohydrate metabolism","Other carbohydrate metabolism"
"M00631","D-Galacturonate degradation (bacteria), D-galacturonate => pyruvate + D-glyceraldehyde 3P",0.4,0.2,0.2,0.4,0.2,0.2,FALSE,0.2,FALSE,"D-Galacturonate degradation (bacteria), D-galacturonate => pyruvate + D-glyceraldehyde 3P","Pathway modules","Carbohydrate metabolism","Other carbohydrate metabolism"
"M00061","D-Glucuronate degradation, D-glucuronate => pyruvate + D-glyceraldehyde 3P",0.4,0.2,0.2,0.4,0.2,0.2,FALSE,0.2,FALSE,"D-Glucuronate degradation, D-glucuronate => pyruvate + D-glyceraldehyde 3P","Pathway modules","Carbohydrate metabolism","Other carbohydrate metabolism"
"M00061","D-Glucuronate degradation, D-glucuronate => pyruvate + D-glyceraldehyde 3P",0.4,0.2,0.2,0.4,0.2,0.2,FALSE,0.2,FALSE,"D-Glucuronate degradation, D-glucuronate => pyruvate + D-glyceraldehyde 3P","Pathway modules","Carbohydrate metabolism","Other carbohydrate metabolism"
"M00061","D-Glucuronate degradation, D-glucuronate => pyruvate + D-glyceraldehyde 3P",0.4,0.2,0.2,0.4,0.2,0.2,FALSE,0.2,FALSE,"D-Glucuronate degradation, D-glucuronate => pyruvate + D-glyceraldehyde 3P","Pathway modules","Carbohydrate metabolism","Other carbohydrate metabolism"
"M01007","CMP-Pse5Ac7Ac biosynthesis, UDP-GlcNAc => CMP-Pse5Ac7Ac",0.333333333333333,0.5,0.5,0.333333333333333,0.5,0.5,FALSE,0.166666666666667,FALSE,"CMP-Pse5Ac7Ac biosynthesis, UDP-GlcNAc => CMP-Pse5Ac7Ac","Pathway modules","Glycan metabolism","Nucleotide sugar biosynthesis"
"M01007","CMP-Pse5Ac7Ac biosynthesis, UDP-GlcNAc => CMP-Pse5Ac7Ac",0.333333333333333,0.5,0.5,0.333333333333333,0.5,0.5,FALSE,0.166666666666667,FALSE,"CMP-Pse5Ac7Ac biosynthesis, UDP-GlcNAc => CMP-Pse5Ac7Ac","Pathway modules","Glycan metabolism","Nucleotide sugar biosynthesis"
"M01007","CMP-Pse5Ac7Ac biosynthesis, UDP-GlcNAc => CMP-Pse5Ac7Ac",0.333333333333333,0.5,0.5,0.333333333333333,0.5,0.5,FALSE,0.166666666666667,FALSE,"CMP-Pse5Ac7Ac biosynthesis, UDP-GlcNAc => CMP-Pse5Ac7Ac","Pathway modules","Glycan metabolism","Nucleotide sugar biosynthesis"
"M00850","Vibrio cholerae pathogenicity signature, cholera toxins",0.333333333333333,0.166666666666667,0.166666666666667,0.333333333333333,0.166666666666667,0.166666666666667,FALSE,0.166666666666667,FALSE,"Vibrio cholerae pathogenicity signature, cholera toxins","Signature modules","Gene set","Pathogenicity"
"M00850","Vibrio cholerae pathogenicity signature, cholera toxins",0.333333333333333,0.166666666666667,0.166666666666667,0.333333333333333,0.166666666666667,0.166666666666667,FALSE,0.166666666666667,FALSE,"Vibrio cholerae pathogenicity signature, cholera toxins","Signature modules","Gene set","Pathogenicity"
"M00850","Vibrio cholerae pathogenicity signature, cholera toxins",0.333333333333333,0.166666666666667,0.166666666666667,0.333333333333333,0.166666666666667,0.166666666666667,FALSE,0.166666666666667,FALSE,"Vibrio cholerae pathogenicity signature, cholera toxins","Signature modules","Gene set","Pathogenicity"
"M00580","Pentose phosphate pathway, archaea, fructose 6P => ribose 5P",0.5,0.666666666666667,0.666666666666667,0.5,0.5,0.5,FALSE,0.166666666666667,FALSE,"Pentose phosphate pathway, archaea, fructose 6P => ribose 5P","Pathway modules","Carbohydrate metabolism","Central carbohydrate metabolism"
"M00580","Pentose phosphate pathway, archaea, fructose 6P => ribose 5P",0.5,0.666666666666667,0.666666666666667,0.5,0.5,0.5,FALSE,0.166666666666667,FALSE,"Pentose phosphate pathway, archaea, fructose 6P => ribose 5P","Pathway modules","Carbohydrate metabolism","Central carbohydrate metabolism"
"M00580","Pentose phosphate pathway, archaea, fructose 6P => ribose 5P",0.5,0.666666666666667,0.666666666666667,0.5,0.5,0.5,FALSE,0.166666666666667,FALSE,"Pentose phosphate pathway, archaea, fructose 6P => ribose 5P","Pathway modules","Carbohydrate metabolism","Central carbohydrate metabolism"
"M00956","Lysine degradation, bacteria, L-lysine => succinate",0.571428571428571,0.428571428571429,0.428571428571429,0.571428571428571,0.428571428571429,0.428571428571429,FALSE,0.142857142857143,FALSE,"Lysine degradation, bacteria, L-lysine => succinate","Pathway modules","Amino acid metabolism","Lysine metabolism"
"M00956","Lysine degradation, bacteria, L-lysine => succinate",0.571428571428571,0.428571428571429,0.428571428571429,0.571428571428571,0.428571428571429,0.428571428571429,FALSE,0.142857142857143,FALSE,"Lysine degradation, bacteria, L-lysine => succinate","Pathway modules","Amino acid metabolism","Lysine metabolism"
"M00956","Lysine degradation, bacteria, L-lysine => succinate",0.571428571428571,0.428571428571429,0.428571428571429,0.571428571428571,0.428571428571429,0.428571428571429,FALSE,0.142857142857143,FALSE,"Lysine degradation, bacteria, L-lysine => succinate","Pathway modules","Amino acid metabolism","Lysine metabolism"
"M00345","Formaldehyde assimilation, ribulose monophosphate pathway",0.666666666666667,0.75,0.75,0.666666666666667,0.666666666666667,0.666666666666667,FALSE,0.0833333333333334,FALSE,"Formaldehyde assimilation, ribulose monophosphate pathway","Pathway modules","Energy metabolism","Methane metabolism"
"M00345","Formaldehyde assimilation, ribulose monophosphate pathway",0.666666666666667,0.75,0.75,0.666666666666667,0.666666666666667,0.666666666666667,FALSE,0.0833333333333334,FALSE,"Formaldehyde assimilation, ribulose monophosphate pathway","Pathway modules","Energy metabolism","Methane metabolism"
"M00345","Formaldehyde assimilation, ribulose monophosphate pathway",0.666666666666667,0.75,0.75,0.666666666666667,0.666666666666667,0.666666666666667,FALSE,0.0833333333333334,FALSE,"Formaldehyde assimilation, ribulose monophosphate pathway","Pathway modules","Energy metabolism","Methane metabolism"
"M00001","Glycolysis (Embden-Meyerhof pathway), glucose => pyruvate",1,1,1,1,1,1,FALSE,0,TRUE,"Glycolysis (Embden-Meyerhof pathway), glucose => pyruvate","Pathway modules","Carbohydrate metabolism","Central carbohydrate metabolism"
"M00001","Glycolysis (Embden-Meyerhof pathway), glucose => pyruvate",1,1,1,1,1,1,FALSE,0,TRUE,"Glycolysis (Embden-Meyerhof pathway), glucose => pyruvate","Pathway modules","Carbohydrate metabolism","Central carbohydrate metabolism"
"M00001","Glycolysis (Embden-Meyerhof pathway), glucose => pyruvate",1,1,1,1,1,1,FALSE,0,TRUE,"Glycolysis (Embden-Meyerhof pathway), glucose => pyruvate","Pathway modules","Carbohydrate metabolism","Central carbohydrate metabolism"
"M00002","Glycolysis, core module involving three-carbon compounds",1,1,1,1,1,1,FALSE,0,TRUE,"Glycolysis, core module involving three-carbon compounds","Pathway modules","Carbohydrate metabolism","Central carbohydrate metabolism"
"M00002","Glycolysis, core module involving three-carbon compounds",1,1,1,1,1,1,FALSE,0,TRUE,"Glycolysis, core module involving three-carbon compounds","Pathway modules","Carbohydrate metabolism","Central carbohydrate metabolism"
"M00002","Glycolysis, core module involving three-carbon compounds",1,1,1,1,1,1,FALSE,0,TRUE,"Glycolysis, core module involving three-carbon compounds","Pathway modules","Carbohydrate metabolism","Central carbohydrate metabolism"
"M00003","Gluconeogenesis, oxaloacetate => fructose-6P",1,1,1,1,1,1,FALSE,0,TRUE,"Gluconeogenesis, oxaloacetate => fructose-6P","Pathway modules","Carbohydrate metabolism","Central carbohydrate metabolism"
"M00003","Gluconeogenesis, oxaloacetate => fructose-6P",1,1,1,1,1,1,FALSE,0,TRUE,"Gluconeogenesis, oxaloacetate => fructose-6P","Pathway modules","Carbohydrate metabolism","Central carbohydrate metabolism"
"M00003","Gluconeogenesis, oxaloacetate => fructose-6P",1,1,1,1,1,1,FALSE,0,TRUE,"Gluconeogenesis, oxaloacetate => fructose-6P","Pathway modules","Carbohydrate metabolism","Central carbohydrate metabolism"
"M00307","Pyruvate oxidation, pyruvate => acetyl-CoA",1,1,1,1,1,1,FALSE,0,TRUE,"Pyruvate oxidation, pyruvate => acetyl-CoA","Pathway modules","Carbohydrate metabolism","Central carbohydrate metabolism"
"M00307","Pyruvate oxidation, pyruvate => acetyl-CoA",1,1,1,1,1,1,FALSE,0,TRUE,"Pyruvate oxidation, pyruvate => acetyl-CoA","Pathway modules","Carbohydrate metabolism","Central carbohydrate metabolism"
"M00307","Pyruvate oxidation, pyruvate => acetyl-CoA",1,1,1,1,1,1,FALSE,0,TRUE,"Pyruvate oxidation, pyruvate => acetyl-CoA","Pathway modules","Carbohydrate metabolism","Central carbohydrate metabolism"
"M00009","Citrate cycle (TCA cycle, Krebs cycle)",0.875,0.875,0.875,0.875,0.875,0.875,FALSE,0,TRUE,"Citrate cycle (TCA cycle, Krebs cycle)","Pathway modules","Carbohydrate metabolism","Central carbohydrate metabolism"
"M00009","Citrate cycle (TCA cycle, Krebs cycle)",0.875,0.875,0.875,0.875,0.875,0.875,FALSE,0,TRUE,"Citrate cycle (TCA cycle, Krebs cycle)","Pathway modules","Carbohydrate metabolism","Central carbohydrate metabolism"
"M00009","Citrate cycle (TCA cycle, Krebs cycle)",0.875,0.875,0.875,0.875,0.875,0.875,FALSE,0,TRUE,"Citrate cycle (TCA cycle, Krebs cycle)","Pathway modules","Carbohydrate metabolism","Central carbohydrate metabolism"
"M00010","Citrate cycle, first carbon oxidation, oxaloacetate => 2-oxoglutarate",1,1,1,1,1,1,FALSE,0,TRUE,"Citrate cycle, first carbon oxidation, oxaloacetate => 2-oxoglutarate","Pathway modules","Carbohydrate metabolism","Central carbohydrate metabolism"
"M00010","Citrate cycle, first carbon oxidation, oxaloacetate => 2-oxoglutarate",1,1,1,1,1,1,FALSE,0,TRUE,"Citrate cycle, first carbon oxidation, oxaloacetate => 2-oxoglutarate","Pathway modules","Carbohydrate metabolism","Central carbohydrate metabolism"
"M00010","Citrate cycle, first carbon oxidation, oxaloacetate => 2-oxoglutarate",1,1,1,1,1,1,FALSE,0,TRUE,"Citrate cycle, first carbon oxidation, oxaloacetate => 2-oxoglutarate","Pathway modules","Carbohydrate metabolism","Central carbohydrate metabolism"
"M00011","Citrate cycle, second carbon oxidation, 2-oxoglutarate => oxaloacetate",0.8,0.8,0.8,0.8,0.8,0.8,FALSE,0,TRUE,"Citrate cycle, second carbon oxidation, 2-oxoglutarate => oxaloacetate","Pathway modules","Carbohydrate metabolism","Central carbohydrate metabolism"
"M00011","Citrate cycle, second carbon oxidation, 2-oxoglutarate => oxaloacetate",0.8,0.8,0.8,0.8,0.8,0.8,FALSE,0,TRUE,"Citrate cycle, second carbon oxidation, 2-oxoglutarate => oxaloacetate","Pathway modules","Carbohydrate metabolism","Central carbohydrate metabolism"
"M00011","Citrate cycle, second carbon oxidation, 2-oxoglutarate => oxaloacetate",0.8,0.8,0.8,0.8,0.8,0.8,FALSE,0,TRUE,"Citrate cycle, second carbon oxidation, 2-oxoglutarate => oxaloacetate","Pathway modules","Carbohydrate metabolism","Central carbohydrate metabolism"
"M00004","Pentose phosphate pathway (Pentose phosphate cycle)",0.714285714285714,0.714285714285714,0.714285714285714,0.666666666666667,0.666666666666667,0.666666666666667,FALSE,0,TRUE,"Pentose phosphate pathway (Pentose phosphate cycle)","Pathway modules","Carbohydrate metabolism","Central carbohydrate metabolism"
"M00004","Pentose phosphate pathway (Pentose phosphate cycle)",0.714285714285714,0.714285714285714,0.714285714285714,0.666666666666667,0.666666666666667,0.666666666666667,FALSE,0,TRUE,"Pentose phosphate pathway (Pentose phosphate cycle)","Pathway modules","Carbohydrate metabolism","Central carbohydrate metabolism"
"M00004","Pentose phosphate pathway (Pentose phosphate cycle)",0.714285714285714,0.714285714285714,0.714285714285714,0.666666666666667,0.666666666666667,0.666666666666667,FALSE,0,TRUE,"Pentose phosphate pathway (Pentose phosphate cycle)","Pathway modules","Carbohydrate metabolism","Central carbohydrate metabolism"
"M00007","Pentose phosphate pathway, non-oxidative phase, fructose 6P => ribose 5P",1,1,1,1,1,1,FALSE,0,TRUE,"Pentose phosphate pathway, non-oxidative phase, fructose 6P => ribose 5P","Pathway modules","Carbohydrate metabolism","Central carbohydrate metabolism"
"M00007","Pentose phosphate pathway, non-oxidative phase, fructose 6P => ribose 5P",1,1,1,1,1,1,FALSE,0,TRUE,"Pentose phosphate pathway, non-oxidative phase, fructose 6P => ribose 5P","Pathway modules","Carbohydrate metabolism","Central carbohydrate metabolism"
"M00007","Pentose phosphate pathway, non-oxidative phase, fructose 6P => ribose 5P",1,1,1,1,1,1,FALSE,0,TRUE,"Pentose phosphate pathway, non-oxidative phase, fructose 6P => ribose 5P","Pathway modules","Carbohydrate metabolism","Central carbohydrate metabolism"
"M00005","PRPP biosynthesis, ribose 5P => PRPP",1,1,1,1,1,1,FALSE,0,TRUE,"PRPP biosynthesis, ribose 5P => PRPP","Pathway modules","Carbohydrate metabolism","Central carbohydrate metabolism"
"M00005","PRPP biosynthesis, ribose 5P => PRPP",1,1,1,1,1,1,FALSE,0,TRUE,"PRPP biosynthesis, ribose 5P => PRPP","Pathway modules","Carbohydrate metabolism","Central carbohydrate metabolism"
"M00005","PRPP biosynthesis, ribose 5P => PRPP",1,1,1,1,1,1,FALSE,0,TRUE,"PRPP biosynthesis, ribose 5P => PRPP","Pathway modules","Carbohydrate metabolism","Central carbohydrate metabolism"
"M00008","Entner-Doudoroff pathway, glucose-6P => glyceraldehyde-3P + pyruvate",0.5,0.5,0.5,0.5,0.5,0.5,FALSE,0,TRUE,"Entner-Doudoroff pathway, glucose-6P => glyceraldehyde-3P + pyruvate","Pathway modules","Carbohydrate metabolism","Central carbohydrate metabolism"
"M00008","Entner-Doudoroff pathway, glucose-6P => glyceraldehyde-3P + pyruvate",0.5,0.5,0.5,0.5,0.5,0.5,FALSE,0,TRUE,"Entner-Doudoroff pathway, glucose-6P => glyceraldehyde-3P + pyruvate","Pathway modules","Carbohydrate metabolism","Central carbohydrate metabolism"
"M00008","Entner-Doudoroff pathway, glucose-6P => glyceraldehyde-3P + pyruvate",0.5,0.5,0.5,0.5,0.5,0.5,FALSE,0,TRUE,"Entner-Doudoroff pathway, glucose-6P => glyceraldehyde-3P + pyruvate","Pathway modules","Carbohydrate metabolism","Central carbohydrate metabolism"
"M00014","Glucuronate pathway (uronate pathway)",0.111111111111111,0.111111111111111,0.111111111111111,0.125,0.125,0.125,FALSE,0,TRUE,"Glucuronate pathway (uronate pathway)","Pathway modules","Carbohydrate metabolism","Other carbohydrate metabolism"
"M00014","Glucuronate pathway (uronate pathway)",0.111111111111111,0.111111111111111,0.111111111111111,0.125,0.125,0.125,FALSE,0,TRUE,"Glucuronate pathway (uronate pathway)","Pathway modules","Carbohydrate metabolism","Other carbohydrate metabolism"
"M00014","Glucuronate pathway (uronate pathway)",0.111111111111111,0.111111111111111,0.111111111111111,0.125,0.125,0.125,FALSE,0,TRUE,"Glucuronate pathway (uronate pathway)","Pathway modules","Carbohydrate metabolism","Other carbohydrate metabolism"
"M00632","Galactose degradation, Leloir pathway, galactose => alpha-D-glucose-1P",1,1,1,1,1,1,FALSE,0,TRUE,"Galactose degradation, Leloir pathway, galactose => alpha-D-glucose-1P","Pathway modules","Carbohydrate metabolism","Other carbohydrate metabolism"
"M00632","Galactose degradation, Leloir pathway, galactose => alpha-D-glucose-1P",1,1,1,1,1,1,FALSE,0,TRUE,"Galactose degradation, Leloir pathway, galactose => alpha-D-glucose-1P","Pathway modules","Carbohydrate metabolism","Other carbohydrate metabolism"
"M00632","Galactose degradation, Leloir pathway, galactose => alpha-D-glucose-1P",1,1,1,1,1,1,FALSE,0,TRUE,"Galactose degradation, Leloir pathway, galactose => alpha-D-glucose-1P","Pathway modules","Carbohydrate metabolism","Other carbohydrate metabolism"
"M00552","D-galactonate degradation, De Ley-Doudoroff pathway, D-galactonate => glycerate-3P",0.4,0.4,0.4,0.4,0.4,0.4,FALSE,0,TRUE,"D-galactonate degradation, De Ley-Doudoroff pathway, D-galactonate => glycerate-3P","Pathway modules","Carbohydrate metabolism","Other carbohydrate metabolism"
"M00552","D-galactonate degradation, De Ley-Doudoroff pathway, D-galactonate => glycerate-3P",0.4,0.4,0.4,0.4,0.4,0.4,FALSE,0,TRUE,"D-galactonate degradation, De Ley-Doudoroff pathway, D-galactonate => glycerate-3P","Pathway modules","Carbohydrate metabolism","Other carbohydrate metabolism"
"M00552","D-galactonate degradation, De Ley-Doudoroff pathway, D-galactonate => glycerate-3P",0.4,0.4,0.4,0.4,0.4,0.4,FALSE,0,TRUE,"D-galactonate degradation, De Ley-Doudoroff pathway, D-galactonate => glycerate-3P","Pathway modules","Carbohydrate metabolism","Other carbohydrate metabolism"
"M00129","Ascorbate biosynthesis, animals, glucose-1P => ascorbate",0.285714285714286,0.285714285714286,0.285714285714286,0.285714285714286,0.285714285714286,0.285714285714286,FALSE,0,TRUE,"Ascorbate biosynthesis, animals, glucose-1P => ascorbate","Pathway modules","Carbohydrate metabolism","Other carbohydrate metabolism"
"M00129","Ascorbate biosynthesis, animals, glucose-1P => ascorbate",0.285714285714286,0.285714285714286,0.285714285714286,0.285714285714286,0.285714285714286,0.285714285714286,FALSE,0,TRUE,"Ascorbate biosynthesis, animals, glucose-1P => ascorbate","Pathway modules","Carbohydrate metabolism","Other carbohydrate metabolism"
"M00129","Ascorbate biosynthesis, animals, glucose-1P => ascorbate",0.285714285714286,0.285714285714286,0.285714285714286,0.285714285714286,0.285714285714286,0.285714285714286,FALSE,0,TRUE,"Ascorbate biosynthesis, animals, glucose-1P => ascorbate","Pathway modules","Carbohydrate metabolism","Other carbohydrate metabolism"
"M00114","Ascorbate biosynthesis, plants, fructose-6P => ascorbate",0.125,0.125,0.125,0.125,0.125,0.125,FALSE,0,TRUE,"Ascorbate biosynthesis, plants, fructose-6P => ascorbate","Pathway modules","Carbohydrate metabolism","Other carbohydrate metabolism"
"M00114","Ascorbate biosynthesis, plants, fructose-6P => ascorbate",0.125,0.125,0.125,0.125,0.125,0.125,FALSE,0,TRUE,"Ascorbate biosynthesis, plants, fructose-6P => ascorbate","Pathway modules","Carbohydrate metabolism","Other carbohydrate metabolism"
"M00114","Ascorbate biosynthesis, plants, fructose-6P => ascorbate",0.125,0.125,0.125,0.125,0.125,0.125,FALSE,0,TRUE,"Ascorbate biosynthesis, plants, fructose-6P => ascorbate","Pathway modules","Carbohydrate metabolism","Other carbohydrate metabolism"
"M00854","Glycogen biosynthesis, glucose-1P => glycogen/starch",1,1,1,1,1,1,FALSE,0,TRUE,"Glycogen biosynthesis, glucose-1P => glycogen/starch","Pathway modules","Carbohydrate metabolism","Other carbohydrate metabolism"
"M00854","Glycogen biosynthesis, glucose-1P => glycogen/starch",1,1,1,1,1,1,FALSE,0,TRUE,"Glycogen biosynthesis, glucose-1P => glycogen/starch","Pathway modules","Carbohydrate metabolism","Other carbohydrate metabolism"
"M00854","Glycogen biosynthesis, glucose-1P => glycogen/starch",1,1,1,1,1,1,FALSE,0,TRUE,"Glycogen biosynthesis, glucose-1P => glycogen/starch","Pathway modules","Carbohydrate metabolism","Other carbohydrate metabolism"
"M00855","Glycogen degradation, glycogen => glucose-6P",1,1,1,1,1,1,FALSE,0,TRUE,"Glycogen degradation, glycogen => glucose-6P","Pathway modules","Carbohydrate metabolism","Other carbohydrate metabolism"
"M00855","Glycogen degradation, glycogen => glucose-6P",1,1,1,1,1,1,FALSE,0,TRUE,"Glycogen degradation, glycogen => glucose-6P","Pathway modules","Carbohydrate metabolism","Other carbohydrate metabolism"
"M00855","Glycogen degradation, glycogen => glucose-6P",1,1,1,1,1,1,FALSE,0,TRUE,"Glycogen degradation, glycogen => glucose-6P","Pathway modules","Carbohydrate metabolism","Other carbohydrate metabolism"
"M00565","Trehalose biosynthesis, D-glucose 1P => trehalose",0.666666666666667,0.666666666666667,0.666666666666667,0.666666666666667,0.666666666666667,0.666666666666667,FALSE,0,TRUE,"Trehalose biosynthesis, D-glucose 1P => trehalose","Pathway modules","Carbohydrate metabolism","Other carbohydrate metabolism"
"M00565","Trehalose biosynthesis, D-glucose 1P => trehalose",0.666666666666667,0.666666666666667,0.666666666666667,0.666666666666667,0.666666666666667,0.666666666666667,FALSE,0,TRUE,"Trehalose biosynthesis, D-glucose 1P => trehalose","Pathway modules","Carbohydrate metabolism","Other carbohydrate metabolism"
"M00565","Trehalose biosynthesis, D-glucose 1P => trehalose",0.666666666666667,0.666666666666667,0.666666666666667,0.666666666666667,0.666666666666667,0.666666666666667,FALSE,0,TRUE,"Trehalose biosynthesis, D-glucose 1P => trehalose","Pathway modules","Carbohydrate metabolism","Other carbohydrate metabolism"
"M00012","Glyoxylate cycle",0.8,0.8,0.8,0.8,0.8,0.8,FALSE,0,TRUE,"Glyoxylate cycle","Pathway modules","Carbohydrate metabolism","Other carbohydrate metabolism"
"M00012","Glyoxylate cycle",0.8,0.8,0.8,0.8,0.8,0.8,FALSE,0,TRUE,"Glyoxylate cycle","Pathway modules","Carbohydrate metabolism","Other carbohydrate metabolism"
"M00012","Glyoxylate cycle",0.8,0.8,0.8,0.8,0.8,0.8,FALSE,0,TRUE,"Glyoxylate cycle","Pathway modules","Carbohydrate metabolism","Other carbohydrate metabolism"
"M00373","Ethylmalonyl pathway",0.0833333333333333,0.0833333333333333,0.0833333333333333,0.0833333333333333,0.0833333333333333,0.0833333333333333,FALSE,0,TRUE,"Ethylmalonyl pathway","Pathway modules","Carbohydrate metabolism","Other carbohydrate metabolism"
"M00373","Ethylmalonyl pathway",0.0833333333333333,0.0833333333333333,0.0833333333333333,0.0833333333333333,0.0833333333333333,0.0833333333333333,FALSE,0,TRUE,"Ethylmalonyl pathway","Pathway modules","Carbohydrate metabolism","Other carbohydrate metabolism"
"M00373","Ethylmalonyl pathway",0.0833333333333333,0.0833333333333333,0.0833333333333333,0.0833333333333333,0.0833333333333333,0.0833333333333333,FALSE,0,TRUE,"Ethylmalonyl pathway","Pathway modules","Carbohydrate metabolism","Other carbohydrate metabolism"
"M00740","Methylaspartate cycle",0.181818181818182,0.181818181818182,0.181818181818182,0.181818181818182,0.181818181818182,0.181818181818182,FALSE,0,TRUE,"Methylaspartate cycle","Pathway modules","Carbohydrate metabolism","Other carbohydrate metabolism"
"M00740","Methylaspartate cycle",0.181818181818182,0.181818181818182,0.181818181818182,0.181818181818182,0.181818181818182,0.181818181818182,FALSE,0,TRUE,"Methylaspartate cycle","Pathway modules","Carbohydrate metabolism","Other carbohydrate metabolism"
"M00740","Methylaspartate cycle",0.181818181818182,0.181818181818182,0.181818181818182,0.181818181818182,0.181818181818182,0.181818181818182,FALSE,0,TRUE,"Methylaspartate cycle","Pathway modules","Carbohydrate metabolism","Other carbohydrate metabolism"
"M00532","Photorespiration",0.3,0.3,0.3,0.3,0.3,0.3,FALSE,0,TRUE,"Photorespiration","Pathway modules","Carbohydrate metabolism","Other carbohydrate metabolism"
"M00532","Photorespiration",0.3,0.3,0.3,0.3,0.3,0.3,FALSE,0,TRUE,"Photorespiration","Pathway modules","Carbohydrate metabolism","Other carbohydrate metabolism"
"M00532","Photorespiration",0.3,0.3,0.3,0.3,0.3,0.3,FALSE,0,TRUE,"Photorespiration","Pathway modules","Carbohydrate metabolism","Other carbohydrate metabolism"
"M00013","Malonate semialdehyde pathway, propanoyl-CoA => acetyl-CoA",0.4,0.4,0.4,0.4,0.4,0.4,FALSE,0,TRUE,"Malonate semialdehyde pathway, propanoyl-CoA => acetyl-CoA","Pathway modules","Carbohydrate metabolism","Other carbohydrate metabolism"
"M00013","Malonate semialdehyde pathway, propanoyl-CoA => acetyl-CoA",0.4,0.4,0.4,0.4,0.4,0.4,FALSE,0,TRUE,"Malonate semialdehyde pathway, propanoyl-CoA => acetyl-CoA","Pathway modules","Carbohydrate metabolism","Other carbohydrate metabolism"
"M00013","Malonate semialdehyde pathway, propanoyl-CoA => acetyl-CoA",0.4,0.4,0.4,0.4,0.4,0.4,FALSE,0,TRUE,"Malonate semialdehyde pathway, propanoyl-CoA => acetyl-CoA","Pathway modules","Carbohydrate metabolism","Other carbohydrate metabolism"
"M00982","Methylcitrate cycle",0.857142857142857,0.857142857142857,0.857142857142857,0.857142857142857,0.857142857142857,0.857142857142857,FALSE,0,TRUE,"Methylcitrate cycle","Pathway modules","Carbohydrate metabolism","Other carbohydrate metabolism"
"M00982","Methylcitrate cycle",0.857142857142857,0.857142857142857,0.857142857142857,0.857142857142857,0.857142857142857,0.857142857142857,FALSE,0,TRUE,"Methylcitrate cycle","Pathway modules","Carbohydrate metabolism","Other carbohydrate metabolism"
"M00982","Methylcitrate cycle",0.857142857142857,0.857142857142857,0.857142857142857,0.857142857142857,0.857142857142857,0.857142857142857,FALSE,0,TRUE,"Methylcitrate cycle","Pathway modules","Carbohydrate metabolism","Other carbohydrate metabolism"
"M00968","Pentose bisphosphate pathway (nucleoside degradation), archaea, nucleoside/NMP => 3-PGA/glycerone phosphate",0.25,0.25,0.25,0,0,0,FALSE,0,TRUE,"Pentose bisphosphate pathway (nucleoside degradation), archaea, nucleoside/NMP => 3-PGA/glycerone phosphate","Pathway modules","Carbohydrate metabolism","Other carbohydrate metabolism"
"M00968","Pentose bisphosphate pathway (nucleoside degradation), archaea, nucleoside/NMP => 3-PGA/glycerone phosphate",0.25,0.25,0.25,0,0,0,FALSE,0,TRUE,"Pentose bisphosphate pathway (nucleoside degradation), archaea, nucleoside/NMP => 3-PGA/glycerone phosphate","Pathway modules","Carbohydrate metabolism","Other carbohydrate metabolism"
"M00968","Pentose bisphosphate pathway (nucleoside degradation), archaea, nucleoside/NMP => 3-PGA/glycerone phosphate",0.25,0.25,0.25,0,0,0,FALSE,0,TRUE,"Pentose bisphosphate pathway (nucleoside degradation), archaea, nucleoside/NMP => 3-PGA/glycerone phosphate","Pathway modules","Carbohydrate metabolism","Other carbohydrate metabolism"
"M00131","Inositol phosphate metabolism, Ins(1,3,4,5)P4 => Ins(1,3,4)P3 => myo-inositol",0.25,0.25,0.25,0.25,0.25,0.25,FALSE,0,TRUE,"Inositol phosphate metabolism, Ins(1,3,4,5)P4 => Ins(1,3,4)P3 => myo-inositol","Pathway modules","Carbohydrate metabolism","Other carbohydrate metabolism"
"M00131","Inositol phosphate metabolism, Ins(1,3,4,5)P4 => Ins(1,3,4)P3 => myo-inositol",0.25,0.25,0.25,0.25,0.25,0.25,FALSE,0,TRUE,"Inositol phosphate metabolism, Ins(1,3,4,5)P4 => Ins(1,3,4)P3 => myo-inositol","Pathway modules","Carbohydrate metabolism","Other carbohydrate metabolism"
"M00131","Inositol phosphate metabolism, Ins(1,3,4,5)P4 => Ins(1,3,4)P3 => myo-inositol",0.25,0.25,0.25,0.25,0.25,0.25,FALSE,0,TRUE,"Inositol phosphate metabolism, Ins(1,3,4,5)P4 => Ins(1,3,4)P3 => myo-inositol","Pathway modules","Carbohydrate metabolism","Other carbohydrate metabolism"
"M00165","Reductive pentose phosphate cycle (Calvin cycle)",0.818181818181818,0.818181818181818,0.818181818181818,0.818181818181818,0.818181818181818,0.818181818181818,FALSE,0,TRUE,"Reductive pentose phosphate cycle (Calvin cycle)","Pathway modules","Energy metabolism","Carbon fixation"
"M00165","Reductive pentose phosphate cycle (Calvin cycle)",0.818181818181818,0.818181818181818,0.818181818181818,0.818181818181818,0.818181818181818,0.818181818181818,FALSE,0,TRUE,"Reductive pentose phosphate cycle (Calvin cycle)","Pathway modules","Energy metabolism","Carbon fixation"
"M00165","Reductive pentose phosphate cycle (Calvin cycle)",0.818181818181818,0.818181818181818,0.818181818181818,0.818181818181818,0.818181818181818,0.818181818181818,FALSE,0,TRUE,"Reductive pentose phosphate cycle (Calvin cycle)","Pathway modules","Energy metabolism","Carbon fixation"
"M00168","CAM (Crassulacean acid metabolism), dark",0.5,0.5,0.5,0.5,0.5,0.5,FALSE,0,TRUE,"CAM (Crassulacean acid metabolism), dark","Pathway modules","Energy metabolism","Carbon fixation"
"M00168","CAM (Crassulacean acid metabolism), dark",0.5,0.5,0.5,0.5,0.5,0.5,FALSE,0,TRUE,"CAM (Crassulacean acid metabolism), dark","Pathway modules","Energy metabolism","Carbon fixation"
"M00168","CAM (Crassulacean acid metabolism), dark",0.5,0.5,0.5,0.5,0.5,0.5,FALSE,0,TRUE,"CAM (Crassulacean acid metabolism), dark","Pathway modules","Energy metabolism","Carbon fixation"
"M00169","CAM (Crassulacean acid metabolism), light",0.5,0.5,0.5,0.5,0.5,0.5,FALSE,0,TRUE,"CAM (Crassulacean acid metabolism), light","Pathway modules","Energy metabolism","Carbon fixation"
"M00169","CAM (Crassulacean acid metabolism), light",0.5,0.5,0.5,0.5,0.5,0.5,FALSE,0,TRUE,"CAM (Crassulacean acid metabolism), light","Pathway modules","Energy metabolism","Carbon fixation"
"M00169","CAM (Crassulacean acid metabolism), light",0.5,0.5,0.5,0.5,0.5,0.5,FALSE,0,TRUE,"CAM (Crassulacean acid metabolism), light","Pathway modules","Energy metabolism","Carbon fixation"
"M00172","C4-dicarboxylic acid cycle, NADP - malic enzyme type",0.5,0.5,0.5,0.5,0.5,0.5,FALSE,0,TRUE,"C4-dicarboxylic acid cycle, NADP - malic enzyme type","Pathway modules","Energy metabolism","Carbon fixation"
"M00172","C4-dicarboxylic acid cycle, NADP - malic enzyme type",0.5,0.5,0.5,0.5,0.5,0.5,FALSE,0,TRUE,"C4-dicarboxylic acid cycle, NADP - malic enzyme type","Pathway modules","Energy metabolism","Carbon fixation"
"M00172","C4-dicarboxylic acid cycle, NADP - malic enzyme type",0.5,0.5,0.5,0.5,0.5,0.5,FALSE,0,TRUE,"C4-dicarboxylic acid cycle, NADP - malic enzyme type","Pathway modules","Energy metabolism","Carbon fixation"
"M00171","C4-dicarboxylic acid cycle, NAD - malic enzyme type",0.142857142857143,0.142857142857143,0.142857142857143,0.142857142857143,0.142857142857143,0.142857142857143,FALSE,0,TRUE,"C4-dicarboxylic acid cycle, NAD - malic enzyme type","Pathway modules","Energy metabolism","Carbon fixation"
"M00171","C4-dicarboxylic acid cycle, NAD - malic enzyme type",0.142857142857143,0.142857142857143,0.142857142857143,0.142857142857143,0.142857142857143,0.142857142857143,FALSE,0,TRUE,"C4-dicarboxylic acid cycle, NAD - malic enzyme type","Pathway modules","Energy metabolism","Carbon fixation"
"M00171","C4-dicarboxylic acid cycle, NAD - malic enzyme type",0.142857142857143,0.142857142857143,0.142857142857143,0.142857142857143,0.142857142857143,0.142857142857143,FALSE,0,TRUE,"C4-dicarboxylic acid cycle, NAD - malic enzyme type","Pathway modules","Energy metabolism","Carbon fixation"
"M00170","C4-dicarboxylic acid cycle, phosphoenolpyruvate carboxykinase type",0.5,0.5,0.5,0.5,0.5,0.5,FALSE,0,TRUE,"C4-dicarboxylic acid cycle, phosphoenolpyruvate carboxykinase type","Pathway modules","Energy metabolism","Carbon fixation"
"M00170","C4-dicarboxylic acid cycle, phosphoenolpyruvate carboxykinase type",0.5,0.5,0.5,0.5,0.5,0.5,FALSE,0,TRUE,"C4-dicarboxylic acid cycle, phosphoenolpyruvate carboxykinase type","Pathway modules","Energy metabolism","Carbon fixation"
"M00170","C4-dicarboxylic acid cycle, phosphoenolpyruvate carboxykinase type",0.5,0.5,0.5,0.5,0.5,0.5,FALSE,0,TRUE,"C4-dicarboxylic acid cycle, phosphoenolpyruvate carboxykinase type","Pathway modules","Energy metabolism","Carbon fixation"
"M00173","Reductive citrate cycle (Arnon-Buchanan cycle)",0.727272727272727,0.727272727272727,0.727272727272727,0.7,0.7,0.7,FALSE,0,TRUE,"Reductive citrate cycle (Arnon-Buchanan cycle)","Pathway modules","Energy metabolism","Carbon fixation"
"M00173","Reductive citrate cycle (Arnon-Buchanan cycle)",0.727272727272727,0.727272727272727,0.727272727272727,0.7,0.7,0.7,FALSE,0,TRUE,"Reductive citrate cycle (Arnon-Buchanan cycle)","Pathway modules","Energy metabolism","Carbon fixation"
"M00173","Reductive citrate cycle (Arnon-Buchanan cycle)",0.727272727272727,0.727272727272727,0.727272727272727,0.7,0.7,0.7,FALSE,0,TRUE,"Reductive citrate cycle (Arnon-Buchanan cycle)","Pathway modules","Energy metabolism","Carbon fixation"
"M00376","3-Hydroxypropionate bi-cycle",0.153846153846154,0.153846153846154,0.153846153846154,0.153846153846154,0.153846153846154,0.153846153846154,FALSE,0,TRUE,"3-Hydroxypropionate bi-cycle","Pathway modules","Energy metabolism","Carbon fixation"
"M00376","3-Hydroxypropionate bi-cycle",0.153846153846154,0.153846153846154,0.153846153846154,0.153846153846154,0.153846153846154,0.153846153846154,FALSE,0,TRUE,"3-Hydroxypropionate bi-cycle","Pathway modules","Energy metabolism","Carbon fixation"
"M00376","3-Hydroxypropionate bi-cycle",0.153846153846154,0.153846153846154,0.153846153846154,0.153846153846154,0.153846153846154,0.153846153846154,FALSE,0,TRUE,"3-Hydroxypropionate bi-cycle","Pathway modules","Energy metabolism","Carbon fixation"
"M00375","Hydroxypropionate-hydroxybutylate cycle",0.0714285714285714,0.0714285714285714,0.0714285714285714,0.0714285714285714,0.0714285714285714,0.0714285714285714,FALSE,0,TRUE,"Hydroxypropionate-hydroxybutylate cycle","Pathway modules","Energy metabolism","Carbon fixation"
"M00375","Hydroxypropionate-hydroxybutylate cycle",0.0714285714285714,0.0714285714285714,0.0714285714285714,0.0714285714285714,0.0714285714285714,0.0714285714285714,FALSE,0,TRUE,"Hydroxypropionate-hydroxybutylate cycle","Pathway modules","Energy metabolism","Carbon fixation"
"M00375","Hydroxypropionate-hydroxybutylate cycle",0.0714285714285714,0.0714285714285714,0.0714285714285714,0.0714285714285714,0.0714285714285714,0.0714285714285714,FALSE,0,TRUE,"Hydroxypropionate-hydroxybutylate cycle","Pathway modules","Energy metabolism","Carbon fixation"
"M00374","Dicarboxylate-hydroxybutyrate cycle",0.384615384615385,0.384615384615385,0.384615384615385,0.384615384615385,0.384615384615385,0.384615384615385,FALSE,0,TRUE,"Dicarboxylate-hydroxybutyrate cycle","Pathway modules","Energy metabolism","Carbon fixation"
"M00374","Dicarboxylate-hydroxybutyrate cycle",0.384615384615385,0.384615384615385,0.384615384615385,0.384615384615385,0.384615384615385,0.384615384615385,FALSE,0,TRUE,"Dicarboxylate-hydroxybutyrate cycle","Pathway modules","Energy metabolism","Carbon fixation"
"M00374","Dicarboxylate-hydroxybutyrate cycle",0.384615384615385,0.384615384615385,0.384615384615385,0.384615384615385,0.384615384615385,0.384615384615385,FALSE,0,TRUE,"Dicarboxylate-hydroxybutyrate cycle","Pathway modules","Energy metabolism","Carbon fixation"
"M00377","Reductive acetyl-CoA pathway (Wood-Ljungdahl pathway)",0.476190476190476,0.476190476190476,0.476190476190476,0.428571428571429,0.428571428571429,0.428571428571429,FALSE,0,TRUE,"Reductive acetyl-CoA pathway (Wood-Ljungdahl pathway)","Pathway modules","Energy metabolism","Carbon fixation"
"M00377","Reductive acetyl-CoA pathway (Wood-Ljungdahl pathway)",0.476190476190476,0.476190476190476,0.476190476190476,0.428571428571429,0.428571428571429,0.428571428571429,FALSE,0,TRUE,"Reductive acetyl-CoA pathway (Wood-Ljungdahl pathway)","Pathway modules","Energy metabolism","Carbon fixation"
"M00377","Reductive acetyl-CoA pathway (Wood-Ljungdahl pathway)",0.476190476190476,0.476190476190476,0.476190476190476,0.428571428571429,0.428571428571429,0.428571428571429,FALSE,0,TRUE,"Reductive acetyl-CoA pathway (Wood-Ljungdahl pathway)","Pathway modules","Energy metabolism","Carbon fixation"
"M00579","Phosphate acetyltransferase-acetate kinase pathway, acetyl-CoA => acetate",1,1,1,1,1,1,FALSE,0,TRUE,"Phosphate acetyltransferase-acetate kinase pathway, acetyl-CoA => acetate","Pathway modules","Energy metabolism","Carbon fixation"
"M00579","Phosphate acetyltransferase-acetate kinase pathway, acetyl-CoA => acetate",1,1,1,1,1,1,FALSE,0,TRUE,"Phosphate acetyltransferase-acetate kinase pathway, acetyl-CoA => acetate","Pathway modules","Energy metabolism","Carbon fixation"
"M00579","Phosphate acetyltransferase-acetate kinase pathway, acetyl-CoA => acetate",1,1,1,1,1,1,FALSE,0,TRUE,"Phosphate acetyltransferase-acetate kinase pathway, acetyl-CoA => acetate","Pathway modules","Energy metabolism","Carbon fixation"
"M00620","Incomplete reductive citrate cycle, acetyl-CoA => oxoglutarate",0.142857142857143,0.142857142857143,0.142857142857143,0.142857142857143,0.142857142857143,0.142857142857143,FALSE,0,TRUE,"Incomplete reductive citrate cycle, acetyl-CoA => oxoglutarate","Pathway modules","Energy metabolism","Carbon fixation"
"M00620","Incomplete reductive citrate cycle, acetyl-CoA => oxoglutarate",0.142857142857143,0.142857142857143,0.142857142857143,0.142857142857143,0.142857142857143,0.142857142857143,FALSE,0,TRUE,"Incomplete reductive citrate cycle, acetyl-CoA => oxoglutarate","Pathway modules","Energy metabolism","Carbon fixation"
"M00620","Incomplete reductive citrate cycle, acetyl-CoA => oxoglutarate",0.142857142857143,0.142857142857143,0.142857142857143,0.142857142857143,0.142857142857143,0.142857142857143,FALSE,0,TRUE,"Incomplete reductive citrate cycle, acetyl-CoA => oxoglutarate","Pathway modules","Energy metabolism","Carbon fixation"
"M00357","Methanogenesis, acetate => methane",0.2,0.2,0.2,0.2,0.2,0.2,FALSE,0,TRUE,"Methanogenesis, acetate => methane","Pathway modules","Energy metabolism","Methane metabolism"
"M00357","Methanogenesis, acetate => methane",0.2,0.2,0.2,0.2,0.2,0.2,FALSE,0,TRUE,"Methanogenesis, acetate => methane","Pathway modules","Energy metabolism","Methane metabolism"
"M00357","Methanogenesis, acetate => methane",0.2,0.2,0.2,0.2,0.2,0.2,FALSE,0,TRUE,"Methanogenesis, acetate => methane","Pathway modules","Energy metabolism","Methane metabolism"
"M00346","Formaldehyde assimilation, serine pathway",0.444444444444444,0.444444444444444,0.444444444444444,0.444444444444444,0.444444444444444,0.444444444444444,FALSE,0,TRUE,"Formaldehyde assimilation, serine pathway","Pathway modules","Energy metabolism","Methane metabolism"
"M00346","Formaldehyde assimilation, serine pathway",0.444444444444444,0.444444444444444,0.444444444444444,0.444444444444444,0.444444444444444,0.444444444444444,FALSE,0,TRUE,"Formaldehyde assimilation, serine pathway","Pathway modules","Energy metabolism","Methane metabolism"
"M00346","Formaldehyde assimilation, serine pathway",0.444444444444444,0.444444444444444,0.444444444444444,0.444444444444444,0.444444444444444,0.444444444444444,FALSE,0,TRUE,"Formaldehyde assimilation, serine pathway","Pathway modules","Energy metabolism","Methane metabolism"
"M00344","Formaldehyde assimilation, xylulose monophosphate pathway",0.5,0.5,0.5,0.5,0.5,0.5,FALSE,0,TRUE,"Formaldehyde assimilation, xylulose monophosphate pathway","Pathway modules","Energy metabolism","Methane metabolism"
"M00344","Formaldehyde assimilation, xylulose monophosphate pathway",0.5,0.5,0.5,0.5,0.5,0.5,FALSE,0,TRUE,"Formaldehyde assimilation, xylulose monophosphate pathway","Pathway modules","Energy metabolism","Methane metabolism"
"M00344","Formaldehyde assimilation, xylulose monophosphate pathway",0.5,0.5,0.5,0.5,0.5,0.5,FALSE,0,TRUE,"Formaldehyde assimilation, xylulose monophosphate pathway","Pathway modules","Energy metabolism","Methane metabolism"
"M00529","Denitrification, nitrate => nitrogen",0.25,0.25,0.25,0.25,0.25,0.25,FALSE,0,TRUE,"Denitrification, nitrate => nitrogen","Pathway modules","Energy metabolism","Nitrogen metabolism"
"M00529","Denitrification, nitrate => nitrogen",0.25,0.25,0.25,0.25,0.25,0.25,FALSE,0,TRUE,"Denitrification, nitrate => nitrogen","Pathway modules","Energy metabolism","Nitrogen metabolism"
"M00529","Denitrification, nitrate => nitrogen",0.25,0.25,0.25,0.25,0.25,0.25,FALSE,0,TRUE,"Denitrification, nitrate => nitrogen","Pathway modules","Energy metabolism","Nitrogen metabolism"
"M00176","Assimilatory sulfate reduction, sulfate => H2S",1,1,1,1,1,1,FALSE,0,TRUE,"Assimilatory sulfate reduction, sulfate => H2S","Pathway modules","Energy metabolism","Sulfur metabolism"
"M00176","Assimilatory sulfate reduction, sulfate => H2S",1,1,1,1,1,1,FALSE,0,TRUE,"Assimilatory sulfate reduction, sulfate => H2S","Pathway modules","Energy metabolism","Sulfur metabolism"
"M00176","Assimilatory sulfate reduction, sulfate => H2S",1,1,1,1,1,1,FALSE,0,TRUE,"Assimilatory sulfate reduction, sulfate => H2S","Pathway modules","Energy metabolism","Sulfur metabolism"
"M00986","Sulfur reduction, sulfur => sulfide",1,1,1,1,1,1,FALSE,0,TRUE,"Sulfur reduction, sulfur => sulfide","Pathway modules","Energy metabolism","Sulfur metabolism"
"M00986","Sulfur reduction, sulfur => sulfide",1,1,1,1,1,1,FALSE,0,TRUE,"Sulfur reduction, sulfur => sulfide","Pathway modules","Energy metabolism","Sulfur metabolism"
"M00986","Sulfur reduction, sulfur => sulfide",1,1,1,1,1,1,FALSE,0,TRUE,"Sulfur reduction, sulfur => sulfide","Pathway modules","Energy metabolism","Sulfur metabolism"
"M00985","Sulfide oxidation, sulfide => sulfur",0.5,0.5,0.5,0,0,0,FALSE,0,TRUE,"Sulfide oxidation, sulfide => sulfur","Pathway modules","Energy metabolism","Sulfur metabolism"
"M00985","Sulfide oxidation, sulfide => sulfur",0.5,0.5,0.5,0,0,0,FALSE,0,TRUE,"Sulfide oxidation, sulfide => sulfur","Pathway modules","Energy metabolism","Sulfur metabolism"
"M00985","Sulfide oxidation, sulfide => sulfur",0.5,0.5,0.5,0,0,0,FALSE,0,TRUE,"Sulfide oxidation, sulfide => sulfur","Pathway modules","Energy metabolism","Sulfur metabolism"
"M00990","Dimethylsulfoniopropionate (DMSP) degradation, demethylation pathway, DMSP => methanethiol",0.25,0.25,0.25,0.25,0.25,0.25,FALSE,0,TRUE,"Dimethylsulfoniopropionate (DMSP) degradation, demethylation pathway, DMSP => methanethiol","Pathway modules","Energy metabolism","Sulfur metabolism"
"M00990","Dimethylsulfoniopropionate (DMSP) degradation, demethylation pathway, DMSP => methanethiol",0.25,0.25,0.25,0.25,0.25,0.25,FALSE,0,TRUE,"Dimethylsulfoniopropionate (DMSP) degradation, demethylation pathway, DMSP => methanethiol","Pathway modules","Energy metabolism","Sulfur metabolism"
"M00990","Dimethylsulfoniopropionate (DMSP) degradation, demethylation pathway, DMSP => methanethiol",0.25,0.25,0.25,0.25,0.25,0.25,FALSE,0,TRUE,"Dimethylsulfoniopropionate (DMSP) degradation, demethylation pathway, DMSP => methanethiol","Pathway modules","Energy metabolism","Sulfur metabolism"
"M00991","Dimethylsulfoniopropionate (DMSP) degradation, cleavage pathway, DMSP => acetyl-CoA",0.333333333333333,0.333333333333333,0.333333333333333,0.333333333333333,0.333333333333333,0.333333333333333,FALSE,0,TRUE,"Dimethylsulfoniopropionate (DMSP) degradation, cleavage pathway, DMSP => acetyl-CoA","Pathway modules","Energy metabolism","Sulfur metabolism"
"M00991","Dimethylsulfoniopropionate (DMSP) degradation, cleavage pathway, DMSP => acetyl-CoA",0.333333333333333,0.333333333333333,0.333333333333333,0.333333333333333,0.333333333333333,0.333333333333333,FALSE,0,TRUE,"Dimethylsulfoniopropionate (DMSP) degradation, cleavage pathway, DMSP => acetyl-CoA","Pathway modules","Energy metabolism","Sulfur metabolism"
"M00991","Dimethylsulfoniopropionate (DMSP) degradation, cleavage pathway, DMSP => acetyl-CoA",0.333333333333333,0.333333333333333,0.333333333333333,0.333333333333333,0.333333333333333,0.333333333333333,FALSE,0,TRUE,"Dimethylsulfoniopropionate (DMSP) degradation, cleavage pathway, DMSP => acetyl-CoA","Pathway modules","Energy metabolism","Sulfur metabolism"
"M00992","Dimethylsulfoniopropionate (DMSP) degradation, cleavage pathway, DMSP => acrylate => acetyl-CoA",0.2,0.2,0.2,0.2,0.2,0.2,FALSE,0,TRUE,"Dimethylsulfoniopropionate (DMSP) degradation, cleavage pathway, DMSP => acrylate => acetyl-CoA","Pathway modules","Energy metabolism","Sulfur metabolism"
"M00992","Dimethylsulfoniopropionate (DMSP) degradation, cleavage pathway, DMSP => acrylate => acetyl-CoA",0.2,0.2,0.2,0.2,0.2,0.2,FALSE,0,TRUE,"Dimethylsulfoniopropionate (DMSP) degradation, cleavage pathway, DMSP => acrylate => acetyl-CoA","Pathway modules","Energy metabolism","Sulfur metabolism"
"M00992","Dimethylsulfoniopropionate (DMSP) degradation, cleavage pathway, DMSP => acrylate => acetyl-CoA",0.2,0.2,0.2,0.2,0.2,0.2,FALSE,0,TRUE,"Dimethylsulfoniopropionate (DMSP) degradation, cleavage pathway, DMSP => acrylate => acetyl-CoA","Pathway modules","Energy metabolism","Sulfur metabolism"
"M00993","Dimethylsulfoniopropionate (DMSP) degradation, cleavage pathway, DMSP => propionyl-CoA",0.5,0.5,0.5,0.5,0.5,0.5,FALSE,0,TRUE,"Dimethylsulfoniopropionate (DMSP) degradation, cleavage pathway, DMSP => propionyl-CoA","Pathway modules","Energy metabolism","Sulfur metabolism"
"M00993","Dimethylsulfoniopropionate (DMSP) degradation, cleavage pathway, DMSP => propionyl-CoA",0.5,0.5,0.5,0.5,0.5,0.5,FALSE,0,TRUE,"Dimethylsulfoniopropionate (DMSP) degradation, cleavage pathway, DMSP => propionyl-CoA","Pathway modules","Energy metabolism","Sulfur metabolism"
"M00993","Dimethylsulfoniopropionate (DMSP) degradation, cleavage pathway, DMSP => propionyl-CoA",0.5,0.5,0.5,0.5,0.5,0.5,FALSE,0,TRUE,"Dimethylsulfoniopropionate (DMSP) degradation, cleavage pathway, DMSP => propionyl-CoA","Pathway modules","Energy metabolism","Sulfur metabolism"
"M00144","NADH:quinone oxidoreductase, prokaryotes",1,1,1,1,1,1,FALSE,0,TRUE,"NADH:quinone oxidoreductase, prokaryotes","Pathway modules","Energy metabolism","ATP synthesis"
"M00144","NADH:quinone oxidoreductase, prokaryotes",1,1,1,1,1,1,FALSE,0,TRUE,"NADH:quinone oxidoreductase, prokaryotes","Pathway modules","Energy metabolism","ATP synthesis"
"M00144","NADH:quinone oxidoreductase, prokaryotes",1,1,1,1,1,1,FALSE,0,TRUE,"NADH:quinone oxidoreductase, prokaryotes","Pathway modules","Energy metabolism","ATP synthesis"
"M00149","Succinate dehydrogenase, prokaryotes",1,1,1,1,1,1,FALSE,0,TRUE,"Succinate dehydrogenase, prokaryotes","Pathway modules","Energy metabolism","ATP synthesis"
"M00149","Succinate dehydrogenase, prokaryotes",1,1,1,1,1,1,FALSE,0,TRUE,"Succinate dehydrogenase, prokaryotes","Pathway modules","Energy metabolism","ATP synthesis"
"M00149","Succinate dehydrogenase, prokaryotes",1,1,1,1,1,1,FALSE,0,TRUE,"Succinate dehydrogenase, prokaryotes","Pathway modules","Energy metabolism","ATP synthesis"
"M00150","Fumarate reductase, prokaryotes",1,1,1,1,1,1,FALSE,0,TRUE,"Fumarate reductase, prokaryotes","Pathway modules","Energy metabolism","ATP synthesis"
"M00150","Fumarate reductase, prokaryotes",1,1,1,1,1,1,FALSE,0,TRUE,"Fumarate reductase, prokaryotes","Pathway modules","Energy metabolism","ATP synthesis"
"M00150","Fumarate reductase, prokaryotes",1,1,1,1,1,1,FALSE,0,TRUE,"Fumarate reductase, prokaryotes","Pathway modules","Energy metabolism","ATP synthesis"
"M00151","Cytochrome bc1 complex respiratory unit",1,1,1,1,1,1,FALSE,0,TRUE,"Cytochrome bc1 complex respiratory unit","Pathway modules","Energy metabolism","ATP synthesis"
"M00151","Cytochrome bc1 complex respiratory unit",1,1,1,1,1,1,FALSE,0,TRUE,"Cytochrome bc1 complex respiratory unit","Pathway modules","Energy metabolism","ATP synthesis"
"M00151","Cytochrome bc1 complex respiratory unit",1,1,1,1,1,1,FALSE,0,TRUE,"Cytochrome bc1 complex respiratory unit","Pathway modules","Energy metabolism","ATP synthesis"
"M00152","Cytochrome bc1 complex",0.3,0.3,0.3,0,0,0,FALSE,0,TRUE,"Cytochrome bc1 complex","Pathway modules","Energy metabolism","ATP synthesis"
"M00152","Cytochrome bc1 complex",0.3,0.3,0.3,0,0,0,FALSE,0,TRUE,"Cytochrome bc1 complex","Pathway modules","Energy metabolism","ATP synthesis"
"M00152","Cytochrome bc1 complex",0.3,0.3,0.3,0,0,0,FALSE,0,TRUE,"Cytochrome bc1 complex","Pathway modules","Energy metabolism","ATP synthesis"
"M00153","Cytochrome bd ubiquinol oxidase",1,1,1,1,1,1,FALSE,0,TRUE,"Cytochrome bd ubiquinol oxidase","Pathway modules","Energy metabolism","ATP synthesis"
"M00153","Cytochrome bd ubiquinol oxidase",1,1,1,1,1,1,FALSE,0,TRUE,"Cytochrome bd ubiquinol oxidase","Pathway modules","Energy metabolism","ATP synthesis"
"M00153","Cytochrome bd ubiquinol oxidase",1,1,1,1,1,1,FALSE,0,TRUE,"Cytochrome bd ubiquinol oxidase","Pathway modules","Energy metabolism","ATP synthesis"
"M00156","Cytochrome c oxidase, cbb3-type",1,1,1,1,1,1,FALSE,0,TRUE,"Cytochrome c oxidase, cbb3-type","Pathway modules","Energy metabolism","ATP synthesis"
"M00156","Cytochrome c oxidase, cbb3-type",1,1,1,1,1,1,FALSE,0,TRUE,"Cytochrome c oxidase, cbb3-type","Pathway modules","Energy metabolism","ATP synthesis"
"M00156","Cytochrome c oxidase, cbb3-type",1,1,1,1,1,1,FALSE,0,TRUE,"Cytochrome c oxidase, cbb3-type","Pathway modules","Energy metabolism","ATP synthesis"
"M00157","F-type ATPase, prokaryotes and chloroplasts",1,1,1,1,1,1,FALSE,0,TRUE,"F-type ATPase, prokaryotes and chloroplasts","Pathway modules","Energy metabolism","ATP synthesis"
"M00157","F-type ATPase, prokaryotes and chloroplasts",1,1,1,1,1,1,FALSE,0,TRUE,"F-type ATPase, prokaryotes and chloroplasts","Pathway modules","Energy metabolism","ATP synthesis"
"M00157","F-type ATPase, prokaryotes and chloroplasts",1,1,1,1,1,1,FALSE,0,TRUE,"F-type ATPase, prokaryotes and chloroplasts","Pathway modules","Energy metabolism","ATP synthesis"
"M00082","Fatty acid biosynthesis, initiation",1,1,1,1,1,1,FALSE,0,TRUE,"Fatty acid biosynthesis, initiation","Pathway modules","Lipid metabolism","Fatty acid metabolism"
"M00082","Fatty acid biosynthesis, initiation",1,1,1,1,1,1,FALSE,0,TRUE,"Fatty acid biosynthesis, initiation","Pathway modules","Lipid metabolism","Fatty acid metabolism"
"M00082","Fatty acid biosynthesis, initiation",1,1,1,1,1,1,FALSE,0,TRUE,"Fatty acid biosynthesis, initiation","Pathway modules","Lipid metabolism","Fatty acid metabolism"
"M00083","Fatty acid biosynthesis, elongation",1,1,1,1,1,1,FALSE,0,TRUE,"Fatty acid biosynthesis, elongation","Pathway modules","Lipid metabolism","Fatty acid metabolism"
"M00083","Fatty acid biosynthesis, elongation",1,1,1,1,1,1,FALSE,0,TRUE,"Fatty acid biosynthesis, elongation","Pathway modules","Lipid metabolism","Fatty acid metabolism"
"M00083","Fatty acid biosynthesis, elongation",1,1,1,1,1,1,FALSE,0,TRUE,"Fatty acid biosynthesis, elongation","Pathway modules","Lipid metabolism","Fatty acid metabolism"
"M00873","Fatty acid biosynthesis in mitochondria, animals",0.25,0.25,0.25,0.166666666666667,0.166666666666667,0.166666666666667,FALSE,0,TRUE,"Fatty acid biosynthesis in mitochondria, animals","Pathway modules","Lipid metabolism","Fatty acid metabolism"
"M00873","Fatty acid biosynthesis in mitochondria, animals",0.25,0.25,0.25,0.166666666666667,0.166666666666667,0.166666666666667,FALSE,0,TRUE,"Fatty acid biosynthesis in mitochondria, animals","Pathway modules","Lipid metabolism","Fatty acid metabolism"
"M00873","Fatty acid biosynthesis in mitochondria, animals",0.25,0.25,0.25,0.166666666666667,0.166666666666667,0.166666666666667,FALSE,0,TRUE,"Fatty acid biosynthesis in mitochondria, animals","Pathway modules","Lipid metabolism","Fatty acid metabolism"
"M00874","Fatty acid biosynthesis in mitochondria, fungi",0.416666666666667,0.416666666666667,0.416666666666667,0.333333333333333,0.333333333333333,0.333333333333333,FALSE,0,TRUE,"Fatty acid biosynthesis in mitochondria, fungi","Pathway modules","Lipid metabolism","Fatty acid metabolism"
"M00874","Fatty acid biosynthesis in mitochondria, fungi",0.416666666666667,0.416666666666667,0.416666666666667,0.333333333333333,0.333333333333333,0.333333333333333,FALSE,0,TRUE,"Fatty acid biosynthesis in mitochondria, fungi","Pathway modules","Lipid metabolism","Fatty acid metabolism"
"M00874","Fatty acid biosynthesis in mitochondria, fungi",0.416666666666667,0.416666666666667,0.416666666666667,0.333333333333333,0.333333333333333,0.333333333333333,FALSE,0,TRUE,"Fatty acid biosynthesis in mitochondria, fungi","Pathway modules","Lipid metabolism","Fatty acid metabolism"
"M00086","beta-Oxidation, acyl-CoA synthesis",1,1,1,1,1,1,FALSE,0,TRUE,"beta-Oxidation, acyl-CoA synthesis","Pathway modules","Lipid metabolism","Fatty acid metabolism"
"M00086","beta-Oxidation, acyl-CoA synthesis",1,1,1,1,1,1,FALSE,0,TRUE,"beta-Oxidation, acyl-CoA synthesis","Pathway modules","Lipid metabolism","Fatty acid metabolism"
"M00086","beta-Oxidation, acyl-CoA synthesis",1,1,1,1,1,1,FALSE,0,TRUE,"beta-Oxidation, acyl-CoA synthesis","Pathway modules","Lipid metabolism","Fatty acid metabolism"
"M00087","beta-Oxidation",1,1,1,1,1,1,FALSE,0,TRUE,"beta-Oxidation","Pathway modules","Lipid metabolism","Fatty acid metabolism"
"M00087","beta-Oxidation",1,1,1,1,1,1,FALSE,0,TRUE,"beta-Oxidation","Pathway modules","Lipid metabolism","Fatty acid metabolism"
"M00087","beta-Oxidation",1,1,1,1,1,1,FALSE,0,TRUE,"beta-Oxidation","Pathway modules","Lipid metabolism","Fatty acid metabolism"
"M00885","Meromycolic acid biosynthesis, initiation and elongation FAS II (KasA)",0.4,0.4,0.4,0.4,0.4,0.4,FALSE,0,TRUE,"Meromycolic acid biosynthesis, initiation and elongation FAS II (KasA)","Pathway modules","Lipid metabolism","Fatty acid metabolism"
"M00885","Meromycolic acid biosynthesis, initiation and elongation FAS II (KasA)",0.4,0.4,0.4,0.4,0.4,0.4,FALSE,0,TRUE,"Meromycolic acid biosynthesis, initiation and elongation FAS II (KasA)","Pathway modules","Lipid metabolism","Fatty acid metabolism"
"M00885","Meromycolic acid biosynthesis, initiation and elongation FAS II (KasA)",0.4,0.4,0.4,0.4,0.4,0.4,FALSE,0,TRUE,"Meromycolic acid biosynthesis, initiation and elongation FAS II (KasA)","Pathway modules","Lipid metabolism","Fatty acid metabolism"
"M00886","Meromycolic acid biosynthesis, initiation and elongation FAS II (KasA and KasB)",0.333333333333333,0.333333333333333,0.333333333333333,0.333333333333333,0.333333333333333,0.333333333333333,FALSE,0,TRUE,"Meromycolic acid biosynthesis, initiation and elongation FAS II (KasA and KasB)","Pathway modules","Lipid metabolism","Fatty acid metabolism"
"M00886","Meromycolic acid biosynthesis, initiation and elongation FAS II (KasA and KasB)",0.333333333333333,0.333333333333333,0.333333333333333,0.333333333333333,0.333333333333333,0.333333333333333,FALSE,0,TRUE,"Meromycolic acid biosynthesis, initiation and elongation FAS II (KasA and KasB)","Pathway modules","Lipid metabolism","Fatty acid metabolism"
"M00886","Meromycolic acid biosynthesis, initiation and elongation FAS II (KasA and KasB)",0.333333333333333,0.333333333333333,0.333333333333333,0.333333333333333,0.333333333333333,0.333333333333333,FALSE,0,TRUE,"Meromycolic acid biosynthesis, initiation and elongation FAS II (KasA and KasB)","Pathway modules","Lipid metabolism","Fatty acid metabolism"
"M00088","Ketone body biosynthesis, acetyl-CoA => acetoacetate/3-hydroxybutyrate/acetone",0.4,0.4,0.4,0.4,0.4,0.4,FALSE,0,TRUE,"Ketone body biosynthesis, acetyl-CoA => acetoacetate/3-hydroxybutyrate/acetone","Pathway modules","Lipid metabolism","Lipid metabolism"
"M00088","Ketone body biosynthesis, acetyl-CoA => acetoacetate/3-hydroxybutyrate/acetone",0.4,0.4,0.4,0.4,0.4,0.4,FALSE,0,TRUE,"Ketone body biosynthesis, acetyl-CoA => acetoacetate/3-hydroxybutyrate/acetone","Pathway modules","Lipid metabolism","Lipid metabolism"
"M00088","Ketone body biosynthesis, acetyl-CoA => acetoacetate/3-hydroxybutyrate/acetone",0.4,0.4,0.4,0.4,0.4,0.4,FALSE,0,TRUE,"Ketone body biosynthesis, acetyl-CoA => acetoacetate/3-hydroxybutyrate/acetone","Pathway modules","Lipid metabolism","Lipid metabolism"
"M00089","Triacylglycerol biosynthesis",0.25,0.25,0.25,0.25,0.25,0.25,FALSE,0,TRUE,"Triacylglycerol biosynthesis","Pathway modules","Lipid metabolism","Lipid metabolism"
"M00089","Triacylglycerol biosynthesis",0.25,0.25,0.25,0.25,0.25,0.25,FALSE,0,TRUE,"Triacylglycerol biosynthesis","Pathway modules","Lipid metabolism","Lipid metabolism"
"M00089","Triacylglycerol biosynthesis",0.25,0.25,0.25,0.25,0.25,0.25,FALSE,0,TRUE,"Triacylglycerol biosynthesis","Pathway modules","Lipid metabolism","Lipid metabolism"
"M00098","Acylglycerol degradation",0.5,0.5,0.5,0.5,0.5,0.5,FALSE,0,TRUE,"Acylglycerol degradation","Pathway modules","Lipid metabolism","Lipid metabolism"
"M00098","Acylglycerol degradation",0.5,0.5,0.5,0.5,0.5,0.5,FALSE,0,TRUE,"Acylglycerol degradation","Pathway modules","Lipid metabolism","Lipid metabolism"
"M00098","Acylglycerol degradation",0.5,0.5,0.5,0.5,0.5,0.5,FALSE,0,TRUE,"Acylglycerol degradation","Pathway modules","Lipid metabolism","Lipid metabolism"
"M00093","Phosphatidylethanolamine (PE) biosynthesis, PA => PS => PE",1,1,1,1,1,1,FALSE,0,TRUE,"Phosphatidylethanolamine (PE) biosynthesis, PA => PS => PE","Pathway modules","Lipid metabolism","Lipid metabolism"
"M00093","Phosphatidylethanolamine (PE) biosynthesis, PA => PS => PE",1,1,1,1,1,1,FALSE,0,TRUE,"Phosphatidylethanolamine (PE) biosynthesis, PA => PS => PE","Pathway modules","Lipid metabolism","Lipid metabolism"
"M00093","Phosphatidylethanolamine (PE) biosynthesis, PA => PS => PE",1,1,1,1,1,1,FALSE,0,TRUE,"Phosphatidylethanolamine (PE) biosynthesis, PA => PS => PE","Pathway modules","Lipid metabolism","Lipid metabolism"
"M00048","De novo purine biosynthesis, PRPP + glutamine => IMP",1,1,1,1,1,1,FALSE,0,TRUE,"De novo purine biosynthesis, PRPP + glutamine => IMP","Pathway modules","Nucleotide metabolism","Purine metabolism"
"M00048","De novo purine biosynthesis, PRPP + glutamine => IMP",1,1,1,1,1,1,FALSE,0,TRUE,"De novo purine biosynthesis, PRPP + glutamine => IMP","Pathway modules","Nucleotide metabolism","Purine metabolism"
"M00048","De novo purine biosynthesis, PRPP + glutamine => IMP",1,1,1,1,1,1,FALSE,0,TRUE,"De novo purine biosynthesis, PRPP + glutamine => IMP","Pathway modules","Nucleotide metabolism","Purine metabolism"
"M00049","Adenine ribonucleotide biosynthesis, IMP => ADP,ATP",1,1,1,1,1,1,FALSE,0,TRUE,"Adenine ribonucleotide biosynthesis, IMP => ADP,ATP","Pathway modules","Nucleotide metabolism","Purine metabolism"
"M00049","Adenine ribonucleotide biosynthesis, IMP => ADP,ATP",1,1,1,1,1,1,FALSE,0,TRUE,"Adenine ribonucleotide biosynthesis, IMP => ADP,ATP","Pathway modules","Nucleotide metabolism","Purine metabolism"
"M00049","Adenine ribonucleotide biosynthesis, IMP => ADP,ATP",1,1,1,1,1,1,FALSE,0,TRUE,"Adenine ribonucleotide biosynthesis, IMP => ADP,ATP","Pathway modules","Nucleotide metabolism","Purine metabolism"
"M00050","Guanine ribonucleotide biosynthesis, IMP => GDP,GTP",1,1,1,1,1,1,FALSE,0,TRUE,"Guanine ribonucleotide biosynthesis, IMP => GDP,GTP","Pathway modules","Nucleotide metabolism","Purine metabolism"
"M00050","Guanine ribonucleotide biosynthesis, IMP => GDP,GTP",1,1,1,1,1,1,FALSE,0,TRUE,"Guanine ribonucleotide biosynthesis, IMP => GDP,GTP","Pathway modules","Nucleotide metabolism","Purine metabolism"
"M00050","Guanine ribonucleotide biosynthesis, IMP => GDP,GTP",1,1,1,1,1,1,FALSE,0,TRUE,"Guanine ribonucleotide biosynthesis, IMP => GDP,GTP","Pathway modules","Nucleotide metabolism","Purine metabolism"
"M00053","Deoxyribonucleotide biosynthesis, ADP/GDP/CDP/UDP => dATP/dGTP/dCTP/dUTP",1,1,1,1,1,1,FALSE,0,TRUE,"Deoxyribonucleotide biosynthesis, ADP/GDP/CDP/UDP => dATP/dGTP/dCTP/dUTP","Pathway modules","Nucleotide metabolism","Purine metabolism"
"M00053","Deoxyribonucleotide biosynthesis, ADP/GDP/CDP/UDP => dATP/dGTP/dCTP/dUTP",1,1,1,1,1,1,FALSE,0,TRUE,"Deoxyribonucleotide biosynthesis, ADP/GDP/CDP/UDP => dATP/dGTP/dCTP/dUTP","Pathway modules","Nucleotide metabolism","Purine metabolism"
"M00053","Deoxyribonucleotide biosynthesis, ADP/GDP/CDP/UDP => dATP/dGTP/dCTP/dUTP",1,1,1,1,1,1,FALSE,0,TRUE,"Deoxyribonucleotide biosynthesis, ADP/GDP/CDP/UDP => dATP/dGTP/dCTP/dUTP","Pathway modules","Nucleotide metabolism","Purine metabolism"
"M00958","Adenine ribonucleotide degradation, AMP => Urate",1,1,1,1,1,1,FALSE,0,TRUE,"Adenine ribonucleotide degradation, AMP => Urate","Pathway modules","Nucleotide metabolism","Purine metabolism"
"M00958","Adenine ribonucleotide degradation, AMP => Urate",1,1,1,1,1,1,FALSE,0,TRUE,"Adenine ribonucleotide degradation, AMP => Urate","Pathway modules","Nucleotide metabolism","Purine metabolism"
"M00958","Adenine ribonucleotide degradation, AMP => Urate",1,1,1,1,1,1,FALSE,0,TRUE,"Adenine ribonucleotide degradation, AMP => Urate","Pathway modules","Nucleotide metabolism","Purine metabolism"
"M00959","Guanine ribonucleotide degradation, GMP => Urate",1,1,1,1,1,1,FALSE,0,TRUE,"Guanine ribonucleotide degradation, GMP => Urate","Pathway modules","Nucleotide metabolism","Purine metabolism"
"M00959","Guanine ribonucleotide degradation, GMP => Urate",1,1,1,1,1,1,FALSE,0,TRUE,"Guanine ribonucleotide degradation, GMP => Urate","Pathway modules","Nucleotide metabolism","Purine metabolism"
"M00959","Guanine ribonucleotide degradation, GMP => Urate",1,1,1,1,1,1,FALSE,0,TRUE,"Guanine ribonucleotide degradation, GMP => Urate","Pathway modules","Nucleotide metabolism","Purine metabolism"
"M00546","Purine degradation, xanthine => urea",0.2,0.2,0.2,0.2,0.2,0.2,FALSE,0,TRUE,"Purine degradation, xanthine => urea","Pathway modules","Nucleotide metabolism","Purine metabolism"
"M00546","Purine degradation, xanthine => urea",0.2,0.2,0.2,0.2,0.2,0.2,FALSE,0,TRUE,"Purine degradation, xanthine => urea","Pathway modules","Nucleotide metabolism","Purine metabolism"
"M00546","Purine degradation, xanthine => urea",0.2,0.2,0.2,0.2,0.2,0.2,FALSE,0,TRUE,"Purine degradation, xanthine => urea","Pathway modules","Nucleotide metabolism","Purine metabolism"
"M00051","De novo pyrimidine biosynthesis, glutamine (+ PRPP) => UMP",1,1,1,1,1,1,FALSE,0,TRUE,"De novo pyrimidine biosynthesis, glutamine (+ PRPP) => UMP","Pathway modules","Nucleotide metabolism","Pyrimidine metabolism"
"M00051","De novo pyrimidine biosynthesis, glutamine (+ PRPP) => UMP",1,1,1,1,1,1,FALSE,0,TRUE,"De novo pyrimidine biosynthesis, glutamine (+ PRPP) => UMP","Pathway modules","Nucleotide metabolism","Pyrimidine metabolism"
"M00051","De novo pyrimidine biosynthesis, glutamine (+ PRPP) => UMP",1,1,1,1,1,1,FALSE,0,TRUE,"De novo pyrimidine biosynthesis, glutamine (+ PRPP) => UMP","Pathway modules","Nucleotide metabolism","Pyrimidine metabolism"
"M00052","Pyrimidine ribonucleotide biosynthesis, UMP => UDP/UTP,CDP/CTP",1,1,1,1,1,1,FALSE,0,TRUE,"Pyrimidine ribonucleotide biosynthesis, UMP => UDP/UTP,CDP/CTP","Pathway modules","Nucleotide metabolism","Pyrimidine metabolism"
"M00052","Pyrimidine ribonucleotide biosynthesis, UMP => UDP/UTP,CDP/CTP",1,1,1,1,1,1,FALSE,0,TRUE,"Pyrimidine ribonucleotide biosynthesis, UMP => UDP/UTP,CDP/CTP","Pathway modules","Nucleotide metabolism","Pyrimidine metabolism"
"M00052","Pyrimidine ribonucleotide biosynthesis, UMP => UDP/UTP,CDP/CTP",1,1,1,1,1,1,FALSE,0,TRUE,"Pyrimidine ribonucleotide biosynthesis, UMP => UDP/UTP,CDP/CTP","Pathway modules","Nucleotide metabolism","Pyrimidine metabolism"
"M00938","Pyrimidine deoxyribonucleotide biosynthesis, UDP => dTTP",1,1,1,1,1,1,FALSE,0,TRUE,"Pyrimidine deoxyribonucleotide biosynthesis, UDP => dTTP","Pathway modules","Nucleotide metabolism","Pyrimidine metabolism"
"M00938","Pyrimidine deoxyribonucleotide biosynthesis, UDP => dTTP",1,1,1,1,1,1,FALSE,0,TRUE,"Pyrimidine deoxyribonucleotide biosynthesis, UDP => dTTP","Pathway modules","Nucleotide metabolism","Pyrimidine metabolism"
"M00938","Pyrimidine deoxyribonucleotide biosynthesis, UDP => dTTP",1,1,1,1,1,1,FALSE,0,TRUE,"Pyrimidine deoxyribonucleotide biosynthesis, UDP => dTTP","Pathway modules","Nucleotide metabolism","Pyrimidine metabolism"
"M00046","Pyrimidine degradation, uracil => beta-alanine, thymine => 3-aminoisobutanoate",0.333333333333333,0.333333333333333,0.333333333333333,0.333333333333333,0.333333333333333,0.333333333333333,FALSE,0,TRUE,"Pyrimidine degradation, uracil => beta-alanine, thymine => 3-aminoisobutanoate","Pathway modules","Nucleotide metabolism","Pyrimidine metabolism"
"M00046","Pyrimidine degradation, uracil => beta-alanine, thymine => 3-aminoisobutanoate",0.333333333333333,0.333333333333333,0.333333333333333,0.333333333333333,0.333333333333333,0.333333333333333,FALSE,0,TRUE,"Pyrimidine degradation, uracil => beta-alanine, thymine => 3-aminoisobutanoate","Pathway modules","Nucleotide metabolism","Pyrimidine metabolism"
"M00046","Pyrimidine degradation, uracil => beta-alanine, thymine => 3-aminoisobutanoate",0.333333333333333,0.333333333333333,0.333333333333333,0.333333333333333,0.333333333333333,0.333333333333333,FALSE,0,TRUE,"Pyrimidine degradation, uracil => beta-alanine, thymine => 3-aminoisobutanoate","Pathway modules","Nucleotide metabolism","Pyrimidine metabolism"
"M00939","Pyrimidine degradation, uracil => 3-hydroxypropanoate",0.4,0.4,0.4,0.4,0.4,0.4,FALSE,0,TRUE,"Pyrimidine degradation, uracil => 3-hydroxypropanoate","Pathway modules","Nucleotide metabolism","Pyrimidine metabolism"
"M00939","Pyrimidine degradation, uracil => 3-hydroxypropanoate",0.4,0.4,0.4,0.4,0.4,0.4,FALSE,0,TRUE,"Pyrimidine degradation, uracil => 3-hydroxypropanoate","Pathway modules","Nucleotide metabolism","Pyrimidine metabolism"
"M00939","Pyrimidine degradation, uracil => 3-hydroxypropanoate",0.4,0.4,0.4,0.4,0.4,0.4,FALSE,0,TRUE,"Pyrimidine degradation, uracil => 3-hydroxypropanoate","Pathway modules","Nucleotide metabolism","Pyrimidine metabolism"
"M00020","Serine biosynthesis, glycerate-3P => serine",1,1,1,1,1,1,FALSE,0,TRUE,"Serine biosynthesis, glycerate-3P => serine","Pathway modules","Amino acid metabolism","Serine and threonine metabolism"
"M00020","Serine biosynthesis, glycerate-3P => serine",1,1,1,1,1,1,FALSE,0,TRUE,"Serine biosynthesis, glycerate-3P => serine","Pathway modules","Amino acid metabolism","Serine and threonine metabolism"
"M00020","Serine biosynthesis, glycerate-3P => serine",1,1,1,1,1,1,FALSE,0,TRUE,"Serine biosynthesis, glycerate-3P => serine","Pathway modules","Amino acid metabolism","Serine and threonine metabolism"
"M00018","Threonine biosynthesis, aspartate => homoserine => threonine",1,1,1,1,1,1,FALSE,0,TRUE,"Threonine biosynthesis, aspartate => homoserine => threonine","Pathway modules","Amino acid metabolism","Serine and threonine metabolism"
"M00018","Threonine biosynthesis, aspartate => homoserine => threonine",1,1,1,1,1,1,FALSE,0,TRUE,"Threonine biosynthesis, aspartate => homoserine => threonine","Pathway modules","Amino acid metabolism","Serine and threonine metabolism"
"M00018","Threonine biosynthesis, aspartate => homoserine => threonine",1,1,1,1,1,1,FALSE,0,TRUE,"Threonine biosynthesis, aspartate => homoserine => threonine","Pathway modules","Amino acid metabolism","Serine and threonine metabolism"
"M00621","Glycine cleavage system",1,1,1,1,1,1,FALSE,0,TRUE,"Glycine cleavage system","Pathway modules","Amino acid metabolism","Serine and threonine metabolism"
"M00621","Glycine cleavage system",1,1,1,1,1,1,FALSE,0,TRUE,"Glycine cleavage system","Pathway modules","Amino acid metabolism","Serine and threonine metabolism"
"M00621","Glycine cleavage system",1,1,1,1,1,1,FALSE,0,TRUE,"Glycine cleavage system","Pathway modules","Amino acid metabolism","Serine and threonine metabolism"
"M00975","Betaine degradation, bacteria, betaine => pyruvate",0.5,0.5,0.5,0.5,0.5,0.5,FALSE,0,TRUE,"Betaine degradation, bacteria, betaine => pyruvate","Pathway modules","Amino acid metabolism","Serine and threonine metabolism"
"M00975","Betaine degradation, bacteria, betaine => pyruvate",0.5,0.5,0.5,0.5,0.5,0.5,FALSE,0,TRUE,"Betaine degradation, bacteria, betaine => pyruvate","Pathway modules","Amino acid metabolism","Serine and threonine metabolism"
"M00975","Betaine degradation, bacteria, betaine => pyruvate",0.5,0.5,0.5,0.5,0.5,0.5,FALSE,0,TRUE,"Betaine degradation, bacteria, betaine => pyruvate","Pathway modules","Amino acid metabolism","Serine and threonine metabolism"
"M00033","Ectoine biosynthesis, aspartate => ectoine",0.4,0.4,0.4,0.4,0.4,0.4,FALSE,0,TRUE,"Ectoine biosynthesis, aspartate => ectoine","Pathway modules","Amino acid metabolism","Serine and threonine metabolism"
"M00033","Ectoine biosynthesis, aspartate => ectoine",0.4,0.4,0.4,0.4,0.4,0.4,FALSE,0,TRUE,"Ectoine biosynthesis, aspartate => ectoine","Pathway modules","Amino acid metabolism","Serine and threonine metabolism"
"M00033","Ectoine biosynthesis, aspartate => ectoine",0.4,0.4,0.4,0.4,0.4,0.4,FALSE,0,TRUE,"Ectoine biosynthesis, aspartate => ectoine","Pathway modules","Amino acid metabolism","Serine and threonine metabolism"
"M00021","Cysteine biosynthesis, serine => cysteine",1,1,1,1,1,1,FALSE,0,TRUE,"Cysteine biosynthesis, serine => cysteine","Pathway modules","Amino acid metabolism","Cysteine and methionine metabolism"
"M00021","Cysteine biosynthesis, serine => cysteine",1,1,1,1,1,1,FALSE,0,TRUE,"Cysteine biosynthesis, serine => cysteine","Pathway modules","Amino acid metabolism","Cysteine and methionine metabolism"
"M00021","Cysteine biosynthesis, serine => cysteine",1,1,1,1,1,1,FALSE,0,TRUE,"Cysteine biosynthesis, serine => cysteine","Pathway modules","Amino acid metabolism","Cysteine and methionine metabolism"
"M00609","Cysteine biosynthesis, methionine => cysteine",0.5,0.5,0.5,0.5,0.5,0.5,FALSE,0,TRUE,"Cysteine biosynthesis, methionine => cysteine","Pathway modules","Amino acid metabolism","Cysteine and methionine metabolism"
"M00609","Cysteine biosynthesis, methionine => cysteine",0.5,0.5,0.5,0.5,0.5,0.5,FALSE,0,TRUE,"Cysteine biosynthesis, methionine => cysteine","Pathway modules","Amino acid metabolism","Cysteine and methionine metabolism"
"M00609","Cysteine biosynthesis, methionine => cysteine",0.5,0.5,0.5,0.5,0.5,0.5,FALSE,0,TRUE,"Cysteine biosynthesis, methionine => cysteine","Pathway modules","Amino acid metabolism","Cysteine and methionine metabolism"
"M00017","Methionine biosynthesis, aspartate => homoserine => methionine",1,1,1,1,1,1,FALSE,0,TRUE,"Methionine biosynthesis, aspartate => homoserine => methionine","Pathway modules","Amino acid metabolism","Cysteine and methionine metabolism"
"M00017","Methionine biosynthesis, aspartate => homoserine => methionine",1,1,1,1,1,1,FALSE,0,TRUE,"Methionine biosynthesis, aspartate => homoserine => methionine","Pathway modules","Amino acid metabolism","Cysteine and methionine metabolism"
"M00017","Methionine biosynthesis, aspartate => homoserine => methionine",1,1,1,1,1,1,FALSE,0,TRUE,"Methionine biosynthesis, aspartate => homoserine => methionine","Pathway modules","Amino acid metabolism","Cysteine and methionine metabolism"
"M00034","Methionine salvage pathway",0.375,0.375,0.375,0.375,0.375,0.375,FALSE,0,TRUE,"Methionine salvage pathway","Pathway modules","Amino acid metabolism","Cysteine and methionine metabolism"
"M00034","Methionine salvage pathway",0.375,0.375,0.375,0.375,0.375,0.375,FALSE,0,TRUE,"Methionine salvage pathway","Pathway modules","Amino acid metabolism","Cysteine and methionine metabolism"
"M00034","Methionine salvage pathway",0.375,0.375,0.375,0.375,0.375,0.375,FALSE,0,TRUE,"Methionine salvage pathway","Pathway modules","Amino acid metabolism","Cysteine and methionine metabolism"
"M00035","Methionine degradation",0.5,0.5,0.5,0.5,0.5,0.5,FALSE,0,TRUE,"Methionine degradation","Pathway modules","Amino acid metabolism","Cysteine and methionine metabolism"
"M00035","Methionine degradation",0.5,0.5,0.5,0.5,0.5,0.5,FALSE,0,TRUE,"Methionine degradation","Pathway modules","Amino acid metabolism","Cysteine and methionine metabolism"
"M00035","Methionine degradation",0.5,0.5,0.5,0.5,0.5,0.5,FALSE,0,TRUE,"Methionine degradation","Pathway modules","Amino acid metabolism","Cysteine and methionine metabolism"
"M00368","Ethylene biosynthesis, methionine => ethylene",0.333333333333333,0.333333333333333,0.333333333333333,0.333333333333333,0.333333333333333,0.333333333333333,FALSE,0,TRUE,"Ethylene biosynthesis, methionine => ethylene","Pathway modules","Amino acid metabolism","Cysteine and methionine metabolism"
"M00368","Ethylene biosynthesis, methionine => ethylene",0.333333333333333,0.333333333333333,0.333333333333333,0.333333333333333,0.333333333333333,0.333333333333333,FALSE,0,TRUE,"Ethylene biosynthesis, methionine => ethylene","Pathway modules","Amino acid metabolism","Cysteine and methionine metabolism"
"M00368","Ethylene biosynthesis, methionine => ethylene",0.333333333333333,0.333333333333333,0.333333333333333,0.333333333333333,0.333333333333333,0.333333333333333,FALSE,0,TRUE,"Ethylene biosynthesis, methionine => ethylene","Pathway modules","Amino acid metabolism","Cysteine and methionine metabolism"
"M00019","Valine/isoleucine biosynthesis, pyruvate => valine / 2-oxobutanoate => isoleucine",1,1,1,1,1,1,FALSE,0,TRUE,"Valine/isoleucine biosynthesis, pyruvate => valine / 2-oxobutanoate => isoleucine","Pathway modules","Amino acid metabolism","Branched-chain amino acid metabolism"
"M00019","Valine/isoleucine biosynthesis, pyruvate => valine / 2-oxobutanoate => isoleucine",1,1,1,1,1,1,FALSE,0,TRUE,"Valine/isoleucine biosynthesis, pyruvate => valine / 2-oxobutanoate => isoleucine","Pathway modules","Amino acid metabolism","Branched-chain amino acid metabolism"
"M00019","Valine/isoleucine biosynthesis, pyruvate => valine / 2-oxobutanoate => isoleucine",1,1,1,1,1,1,FALSE,0,TRUE,"Valine/isoleucine biosynthesis, pyruvate => valine / 2-oxobutanoate => isoleucine","Pathway modules","Amino acid metabolism","Branched-chain amino acid metabolism"
"M00535","Isoleucine biosynthesis, pyruvate => 2-oxobutanoate",0.666666666666667,0.666666666666667,0.666666666666667,0.666666666666667,0.666666666666667,0.666666666666667,FALSE,0,TRUE,"Isoleucine biosynthesis, pyruvate => 2-oxobutanoate","Pathway modules","Amino acid metabolism","Branched-chain amino acid metabolism"
"M00535","Isoleucine biosynthesis, pyruvate => 2-oxobutanoate",0.666666666666667,0.666666666666667,0.666666666666667,0.666666666666667,0.666666666666667,0.666666666666667,FALSE,0,TRUE,"Isoleucine biosynthesis, pyruvate => 2-oxobutanoate","Pathway modules","Amino acid metabolism","Branched-chain amino acid metabolism"
"M00535","Isoleucine biosynthesis, pyruvate => 2-oxobutanoate",0.666666666666667,0.666666666666667,0.666666666666667,0.666666666666667,0.666666666666667,0.666666666666667,FALSE,0,TRUE,"Isoleucine biosynthesis, pyruvate => 2-oxobutanoate","Pathway modules","Amino acid metabolism","Branched-chain amino acid metabolism"
"M00570","Isoleucine biosynthesis, threonine => 2-oxobutanoate => isoleucine",1,1,1,1,1,1,FALSE,0,TRUE,"Isoleucine biosynthesis, threonine => 2-oxobutanoate => isoleucine","Pathway modules","Amino acid metabolism","Branched-chain amino acid metabolism"
"M00570","Isoleucine biosynthesis, threonine => 2-oxobutanoate => isoleucine",1,1,1,1,1,1,FALSE,0,TRUE,"Isoleucine biosynthesis, threonine => 2-oxobutanoate => isoleucine","Pathway modules","Amino acid metabolism","Branched-chain amino acid metabolism"
"M00570","Isoleucine biosynthesis, threonine => 2-oxobutanoate => isoleucine",1,1,1,1,1,1,FALSE,0,TRUE,"Isoleucine biosynthesis, threonine => 2-oxobutanoate => isoleucine","Pathway modules","Amino acid metabolism","Branched-chain amino acid metabolism"
"M00432","Leucine biosynthesis, 2-oxoisovalerate => 2-oxoisocaproate",1,1,1,1,1,1,FALSE,0,TRUE,"Leucine biosynthesis, 2-oxoisovalerate => 2-oxoisocaproate","Pathway modules","Amino acid metabolism","Branched-chain amino acid metabolism"
"M00432","Leucine biosynthesis, 2-oxoisovalerate => 2-oxoisocaproate",1,1,1,1,1,1,FALSE,0,TRUE,"Leucine biosynthesis, 2-oxoisovalerate => 2-oxoisocaproate","Pathway modules","Amino acid metabolism","Branched-chain amino acid metabolism"
"M00432","Leucine biosynthesis, 2-oxoisovalerate => 2-oxoisocaproate",1,1,1,1,1,1,FALSE,0,TRUE,"Leucine biosynthesis, 2-oxoisovalerate => 2-oxoisocaproate","Pathway modules","Amino acid metabolism","Branched-chain amino acid metabolism"
"M00036","Leucine degradation, leucine => acetoacetate + acetyl-CoA",0.875,0.875,0.875,0.666666666666667,0.666666666666667,0.666666666666667,FALSE,0,TRUE,"Leucine degradation, leucine => acetoacetate + acetyl-CoA","Pathway modules","Amino acid metabolism","Branched-chain amino acid metabolism"
"M00036","Leucine degradation, leucine => acetoacetate + acetyl-CoA",0.875,0.875,0.875,0.666666666666667,0.666666666666667,0.666666666666667,FALSE,0,TRUE,"Leucine degradation, leucine => acetoacetate + acetyl-CoA","Pathway modules","Amino acid metabolism","Branched-chain amino acid metabolism"
"M00036","Leucine degradation, leucine => acetoacetate + acetyl-CoA",0.875,0.875,0.875,0.666666666666667,0.666666666666667,0.666666666666667,FALSE,0,TRUE,"Leucine degradation, leucine => acetoacetate + acetyl-CoA","Pathway modules","Amino acid metabolism","Branched-chain amino acid metabolism"
"M00016","Lysine biosynthesis, succinyl-DAP pathway, aspartate => lysine",1,1,1,1,1,1,FALSE,0,TRUE,"Lysine biosynthesis, succinyl-DAP pathway, aspartate => lysine","Pathway modules","Amino acid metabolism","Lysine metabolism"
"M00016","Lysine biosynthesis, succinyl-DAP pathway, aspartate => lysine",1,1,1,1,1,1,FALSE,0,TRUE,"Lysine biosynthesis, succinyl-DAP pathway, aspartate => lysine","Pathway modules","Amino acid metabolism","Lysine metabolism"
"M00016","Lysine biosynthesis, succinyl-DAP pathway, aspartate => lysine",1,1,1,1,1,1,FALSE,0,TRUE,"Lysine biosynthesis, succinyl-DAP pathway, aspartate => lysine","Pathway modules","Amino acid metabolism","Lysine metabolism"
"M00525","Lysine biosynthesis, acetyl-DAP pathway, aspartate => lysine",0.666666666666667,0.666666666666667,0.666666666666667,0.666666666666667,0.666666666666667,0.666666666666667,FALSE,0,TRUE,"Lysine biosynthesis, acetyl-DAP pathway, aspartate => lysine","Pathway modules","Amino acid metabolism","Lysine metabolism"
"M00525","Lysine biosynthesis, acetyl-DAP pathway, aspartate => lysine",0.666666666666667,0.666666666666667,0.666666666666667,0.666666666666667,0.666666666666667,0.666666666666667,FALSE,0,TRUE,"Lysine biosynthesis, acetyl-DAP pathway, aspartate => lysine","Pathway modules","Amino acid metabolism","Lysine metabolism"
"M00525","Lysine biosynthesis, acetyl-DAP pathway, aspartate => lysine",0.666666666666667,0.666666666666667,0.666666666666667,0.666666666666667,0.666666666666667,0.666666666666667,FALSE,0,TRUE,"Lysine biosynthesis, acetyl-DAP pathway, aspartate => lysine","Pathway modules","Amino acid metabolism","Lysine metabolism"
"M00526","Lysine biosynthesis, DAP dehydrogenase pathway, aspartate => lysine",0.833333333333333,0.833333333333333,0.833333333333333,0.833333333333333,0.833333333333333,0.833333333333333,FALSE,0,TRUE,"Lysine biosynthesis, DAP dehydrogenase pathway, aspartate => lysine","Pathway modules","Amino acid metabolism","Lysine metabolism"
"M00526","Lysine biosynthesis, DAP dehydrogenase pathway, aspartate => lysine",0.833333333333333,0.833333333333333,0.833333333333333,0.833333333333333,0.833333333333333,0.833333333333333,FALSE,0,TRUE,"Lysine biosynthesis, DAP dehydrogenase pathway, aspartate => lysine","Pathway modules","Amino acid metabolism","Lysine metabolism"
"M00526","Lysine biosynthesis, DAP dehydrogenase pathway, aspartate => lysine",0.833333333333333,0.833333333333333,0.833333333333333,0.833333333333333,0.833333333333333,0.833333333333333,FALSE,0,TRUE,"Lysine biosynthesis, DAP dehydrogenase pathway, aspartate => lysine","Pathway modules","Amino acid metabolism","Lysine metabolism"
"M00527","Lysine biosynthesis, DAP aminotransferase pathway, aspartate => lysine",0.857142857142857,0.857142857142857,0.857142857142857,0.857142857142857,0.857142857142857,0.857142857142857,FALSE,0,TRUE,"Lysine biosynthesis, DAP aminotransferase pathway, aspartate => lysine","Pathway modules","Amino acid metabolism","Lysine metabolism"
"M00527","Lysine biosynthesis, DAP aminotransferase pathway, aspartate => lysine",0.857142857142857,0.857142857142857,0.857142857142857,0.857142857142857,0.857142857142857,0.857142857142857,FALSE,0,TRUE,"Lysine biosynthesis, DAP aminotransferase pathway, aspartate => lysine","Pathway modules","Amino acid metabolism","Lysine metabolism"
"M00527","Lysine biosynthesis, DAP aminotransferase pathway, aspartate => lysine",0.857142857142857,0.857142857142857,0.857142857142857,0.857142857142857,0.857142857142857,0.857142857142857,FALSE,0,TRUE,"Lysine biosynthesis, DAP aminotransferase pathway, aspartate => lysine","Pathway modules","Amino acid metabolism","Lysine metabolism"
"M00032","Lysine degradation, lysine => saccharopine => acetoacetyl-CoA",0.111111111111111,0.111111111111111,0.111111111111111,0,0,0,FALSE,0,TRUE,"Lysine degradation, lysine => saccharopine => acetoacetyl-CoA","Pathway modules","Amino acid metabolism","Lysine metabolism"
"M00032","Lysine degradation, lysine => saccharopine => acetoacetyl-CoA",0.111111111111111,0.111111111111111,0.111111111111111,0,0,0,FALSE,0,TRUE,"Lysine degradation, lysine => saccharopine => acetoacetyl-CoA","Pathway modules","Amino acid metabolism","Lysine metabolism"
"M00032","Lysine degradation, lysine => saccharopine => acetoacetyl-CoA",0.111111111111111,0.111111111111111,0.111111111111111,0,0,0,FALSE,0,TRUE,"Lysine degradation, lysine => saccharopine => acetoacetyl-CoA","Pathway modules","Amino acid metabolism","Lysine metabolism"
"M00957","Lysine degradation, bacteria, L-lysine => glutarate => succinate/acetyl-CoA",0.555555555555556,0.555555555555556,0.555555555555556,0.4,0.4,0.4,FALSE,0,TRUE,"Lysine degradation, bacteria, L-lysine => glutarate => succinate/acetyl-CoA","Pathway modules","Amino acid metabolism","Lysine metabolism"
"M00957","Lysine degradation, bacteria, L-lysine => glutarate => succinate/acetyl-CoA",0.555555555555556,0.555555555555556,0.555555555555556,0.4,0.4,0.4,FALSE,0,TRUE,"Lysine degradation, bacteria, L-lysine => glutarate => succinate/acetyl-CoA","Pathway modules","Amino acid metabolism","Lysine metabolism"
"M00957","Lysine degradation, bacteria, L-lysine => glutarate => succinate/acetyl-CoA",0.555555555555556,0.555555555555556,0.555555555555556,0.4,0.4,0.4,FALSE,0,TRUE,"Lysine degradation, bacteria, L-lysine => glutarate => succinate/acetyl-CoA","Pathway modules","Amino acid metabolism","Lysine metabolism"
"M00960","Lysine degradation, bacteria, L-lysine => D-lysine => succinate",0.222222222222222,0.222222222222222,0.222222222222222,0.222222222222222,0.222222222222222,0.222222222222222,FALSE,0,TRUE,"Lysine degradation, bacteria, L-lysine => D-lysine => succinate","Pathway modules","Amino acid metabolism","Lysine metabolism"
"M00960","Lysine degradation, bacteria, L-lysine => D-lysine => succinate",0.222222222222222,0.222222222222222,0.222222222222222,0.222222222222222,0.222222222222222,0.222222222222222,FALSE,0,TRUE,"Lysine degradation, bacteria, L-lysine => D-lysine => succinate","Pathway modules","Amino acid metabolism","Lysine metabolism"
"M00960","Lysine degradation, bacteria, L-lysine => D-lysine => succinate",0.222222222222222,0.222222222222222,0.222222222222222,0.222222222222222,0.222222222222222,0.222222222222222,FALSE,0,TRUE,"Lysine degradation, bacteria, L-lysine => D-lysine => succinate","Pathway modules","Amino acid metabolism","Lysine metabolism"
"M00028","Ornithine biosynthesis, glutamate => ornithine",1,1,1,1,1,1,FALSE,0,TRUE,"Ornithine biosynthesis, glutamate => ornithine","Pathway modules","Amino acid metabolism","Arginine and proline metabolism"
"M00028","Ornithine biosynthesis, glutamate => ornithine",1,1,1,1,1,1,FALSE,0,TRUE,"Ornithine biosynthesis, glutamate => ornithine","Pathway modules","Amino acid metabolism","Arginine and proline metabolism"
"M00028","Ornithine biosynthesis, glutamate => ornithine",1,1,1,1,1,1,FALSE,0,TRUE,"Ornithine biosynthesis, glutamate => ornithine","Pathway modules","Amino acid metabolism","Arginine and proline metabolism"
"M00844","Arginine biosynthesis, ornithine => arginine",1,1,1,1,1,1,FALSE,0,TRUE,"Arginine biosynthesis, ornithine => arginine","Pathway modules","Amino acid metabolism","Arginine and proline metabolism"
"M00844","Arginine biosynthesis, ornithine => arginine",1,1,1,1,1,1,FALSE,0,TRUE,"Arginine biosynthesis, ornithine => arginine","Pathway modules","Amino acid metabolism","Arginine and proline metabolism"
"M00844","Arginine biosynthesis, ornithine => arginine",1,1,1,1,1,1,FALSE,0,TRUE,"Arginine biosynthesis, ornithine => arginine","Pathway modules","Amino acid metabolism","Arginine and proline metabolism"
"M00845","Arginine biosynthesis, glutamate => acetylcitrulline => arginine",0.714285714285714,0.714285714285714,0.714285714285714,0.714285714285714,0.714285714285714,0.714285714285714,FALSE,0,TRUE,"Arginine biosynthesis, glutamate => acetylcitrulline => arginine","Pathway modules","Amino acid metabolism","Arginine and proline metabolism"
"M00845","Arginine biosynthesis, glutamate => acetylcitrulline => arginine",0.714285714285714,0.714285714285714,0.714285714285714,0.714285714285714,0.714285714285714,0.714285714285714,FALSE,0,TRUE,"Arginine biosynthesis, glutamate => acetylcitrulline => arginine","Pathway modules","Amino acid metabolism","Arginine and proline metabolism"
"M00845","Arginine biosynthesis, glutamate => acetylcitrulline => arginine",0.714285714285714,0.714285714285714,0.714285714285714,0.714285714285714,0.714285714285714,0.714285714285714,FALSE,0,TRUE,"Arginine biosynthesis, glutamate => acetylcitrulline => arginine","Pathway modules","Amino acid metabolism","Arginine and proline metabolism"
"M00029","Urea cycle",0.6,0.6,0.6,0.6,0.6,0.6,FALSE,0,TRUE,"Urea cycle","Pathway modules","Amino acid metabolism","Arginine and proline metabolism"
"M00029","Urea cycle",0.6,0.6,0.6,0.6,0.6,0.6,FALSE,0,TRUE,"Urea cycle","Pathway modules","Amino acid metabolism","Arginine and proline metabolism"
"M00029","Urea cycle",0.6,0.6,0.6,0.6,0.6,0.6,FALSE,0,TRUE,"Urea cycle","Pathway modules","Amino acid metabolism","Arginine and proline metabolism"
"M00978","Ornithine-ammonia cycle",0.833333333333333,0.833333333333333,0.833333333333333,0.833333333333333,0.833333333333333,0.833333333333333,FALSE,0,TRUE,"Ornithine-ammonia cycle","Pathway modules","Amino acid metabolism","Arginine and proline metabolism"
"M00978","Ornithine-ammonia cycle",0.833333333333333,0.833333333333333,0.833333333333333,0.833333333333333,0.833333333333333,0.833333333333333,FALSE,0,TRUE,"Ornithine-ammonia cycle","Pathway modules","Amino acid metabolism","Arginine and proline metabolism"
"M00978","Ornithine-ammonia cycle",0.833333333333333,0.833333333333333,0.833333333333333,0.833333333333333,0.833333333333333,0.833333333333333,FALSE,0,TRUE,"Ornithine-ammonia cycle","Pathway modules","Amino acid metabolism","Arginine and proline metabolism"
"M00015","Proline biosynthesis, glutamate => proline",1,1,1,1,1,1,FALSE,0,TRUE,"Proline biosynthesis, glutamate => proline","Pathway modules","Amino acid metabolism","Arginine and proline metabolism"
"M00015","Proline biosynthesis, glutamate => proline",1,1,1,1,1,1,FALSE,0,TRUE,"Proline biosynthesis, glutamate => proline","Pathway modules","Amino acid metabolism","Arginine and proline metabolism"
"M00015","Proline biosynthesis, glutamate => proline",1,1,1,1,1,1,FALSE,0,TRUE,"Proline biosynthesis, glutamate => proline","Pathway modules","Amino acid metabolism","Arginine and proline metabolism"
"M00970","Proline degradation, proline => glutamate",1,1,1,1,1,1,FALSE,0,TRUE,"Proline degradation, proline => glutamate","Pathway modules","Amino acid metabolism","Arginine and proline metabolism"
"M00970","Proline degradation, proline => glutamate",1,1,1,1,1,1,FALSE,0,TRUE,"Proline degradation, proline => glutamate","Pathway modules","Amino acid metabolism","Arginine and proline metabolism"
"M00970","Proline degradation, proline => glutamate",1,1,1,1,1,1,FALSE,0,TRUE,"Proline degradation, proline => glutamate","Pathway modules","Amino acid metabolism","Arginine and proline metabolism"
"M00972","Proline metabolism",0.333333333333333,0.333333333333333,0.333333333333333,0.333333333333333,0.333333333333333,0.333333333333333,FALSE,0,TRUE,"Proline metabolism","Pathway modules","Amino acid metabolism","Arginine and proline metabolism"
"M00972","Proline metabolism",0.333333333333333,0.333333333333333,0.333333333333333,0.333333333333333,0.333333333333333,0.333333333333333,FALSE,0,TRUE,"Proline metabolism","Pathway modules","Amino acid metabolism","Arginine and proline metabolism"
"M00972","Proline metabolism",0.333333333333333,0.333333333333333,0.333333333333333,0.333333333333333,0.333333333333333,0.333333333333333,FALSE,0,TRUE,"Proline metabolism","Pathway modules","Amino acid metabolism","Arginine and proline metabolism"
"M00879","Arginine succinyltransferase pathway, arginine => glutamate",0.8,0.8,0.8,0.8,0.8,0.8,FALSE,0,TRUE,"Arginine succinyltransferase pathway, arginine => glutamate","Pathway modules","Amino acid metabolism","Arginine and proline metabolism"
"M00879","Arginine succinyltransferase pathway, arginine => glutamate",0.8,0.8,0.8,0.8,0.8,0.8,FALSE,0,TRUE,"Arginine succinyltransferase pathway, arginine => glutamate","Pathway modules","Amino acid metabolism","Arginine and proline metabolism"
"M00879","Arginine succinyltransferase pathway, arginine => glutamate",0.8,0.8,0.8,0.8,0.8,0.8,FALSE,0,TRUE,"Arginine succinyltransferase pathway, arginine => glutamate","Pathway modules","Amino acid metabolism","Arginine and proline metabolism"
"M00133","Polyamine biosynthesis, arginine => agmatine => putrescine => spermidine",0.25,0.25,0.25,0.25,0.25,0.25,FALSE,0,TRUE,"Polyamine biosynthesis, arginine => agmatine => putrescine => spermidine","Pathway modules","Amino acid metabolism","Polyamine biosynthesis"
"M00133","Polyamine biosynthesis, arginine => agmatine => putrescine => spermidine",0.25,0.25,0.25,0.25,0.25,0.25,FALSE,0,TRUE,"Polyamine biosynthesis, arginine => agmatine => putrescine => spermidine","Pathway modules","Amino acid metabolism","Polyamine biosynthesis"
"M00133","Polyamine biosynthesis, arginine => agmatine => putrescine => spermidine",0.25,0.25,0.25,0.25,0.25,0.25,FALSE,0,TRUE,"Polyamine biosynthesis, arginine => agmatine => putrescine => spermidine","Pathway modules","Amino acid metabolism","Polyamine biosynthesis"
"M00134","Polyamine biosynthesis, arginine => ornithine => putrescine",0.5,0.5,0.5,0.5,0.5,0.5,FALSE,0,TRUE,"Polyamine biosynthesis, arginine => ornithine => putrescine","Pathway modules","Amino acid metabolism","Polyamine biosynthesis"
"M00134","Polyamine biosynthesis, arginine => ornithine => putrescine",0.5,0.5,0.5,0.5,0.5,0.5,FALSE,0,TRUE,"Polyamine biosynthesis, arginine => ornithine => putrescine","Pathway modules","Amino acid metabolism","Polyamine biosynthesis"
"M00134","Polyamine biosynthesis, arginine => ornithine => putrescine",0.5,0.5,0.5,0.5,0.5,0.5,FALSE,0,TRUE,"Polyamine biosynthesis, arginine => ornithine => putrescine","Pathway modules","Amino acid metabolism","Polyamine biosynthesis"
"M00136","GABA biosynthesis, prokaryotes, putrescine => GABA",0.5,0.5,0.5,0.5,0.5,0.5,FALSE,0,TRUE,"GABA biosynthesis, prokaryotes, putrescine => GABA","Pathway modules","Amino acid metabolism","Polyamine biosynthesis"
"M00136","GABA biosynthesis, prokaryotes, putrescine => GABA",0.5,0.5,0.5,0.5,0.5,0.5,FALSE,0,TRUE,"GABA biosynthesis, prokaryotes, putrescine => GABA","Pathway modules","Amino acid metabolism","Polyamine biosynthesis"
"M00136","GABA biosynthesis, prokaryotes, putrescine => GABA",0.5,0.5,0.5,0.5,0.5,0.5,FALSE,0,TRUE,"GABA biosynthesis, prokaryotes, putrescine => GABA","Pathway modules","Amino acid metabolism","Polyamine biosynthesis"
"M00026","Histidine biosynthesis, PRPP => histidine",1,1,1,1,1,1,FALSE,0,TRUE,"Histidine biosynthesis, PRPP => histidine","Pathway modules","Amino acid metabolism","Histidine metabolism"
"M00026","Histidine biosynthesis, PRPP => histidine",1,1,1,1,1,1,FALSE,0,TRUE,"Histidine biosynthesis, PRPP => histidine","Pathway modules","Amino acid metabolism","Histidine metabolism"
"M00026","Histidine biosynthesis, PRPP => histidine",1,1,1,1,1,1,FALSE,0,TRUE,"Histidine biosynthesis, PRPP => histidine","Pathway modules","Amino acid metabolism","Histidine metabolism"
"M00045","Histidine degradation, histidine => N-formiminoglutamate => glutamate",1,1,1,1,1,1,FALSE,0,TRUE,"Histidine degradation, histidine => N-formiminoglutamate => glutamate","Pathway modules","Amino acid metabolism","Histidine metabolism"
"M00045","Histidine degradation, histidine => N-formiminoglutamate => glutamate",1,1,1,1,1,1,FALSE,0,TRUE,"Histidine degradation, histidine => N-formiminoglutamate => glutamate","Pathway modules","Amino acid metabolism","Histidine metabolism"
"M00045","Histidine degradation, histidine => N-formiminoglutamate => glutamate",1,1,1,1,1,1,FALSE,0,TRUE,"Histidine degradation, histidine => N-formiminoglutamate => glutamate","Pathway modules","Amino acid metabolism","Histidine metabolism"
"M00022","Shikimate pathway, phosphoenolpyruvate + erythrose-4P => chorismate",1,1,1,1,1,1,FALSE,0,TRUE,"Shikimate pathway, phosphoenolpyruvate + erythrose-4P => chorismate","Pathway modules","Amino acid metabolism","Aromatic amino acid metabolism"
"M00022","Shikimate pathway, phosphoenolpyruvate + erythrose-4P => chorismate",1,1,1,1,1,1,FALSE,0,TRUE,"Shikimate pathway, phosphoenolpyruvate + erythrose-4P => chorismate","Pathway modules","Amino acid metabolism","Aromatic amino acid metabolism"
"M00022","Shikimate pathway, phosphoenolpyruvate + erythrose-4P => chorismate",1,1,1,1,1,1,FALSE,0,TRUE,"Shikimate pathway, phosphoenolpyruvate + erythrose-4P => chorismate","Pathway modules","Amino acid metabolism","Aromatic amino acid metabolism"
"M00023","Tryptophan biosynthesis, chorismate => tryptophan",1,1,1,1,1,1,FALSE,0,TRUE,"Tryptophan biosynthesis, chorismate => tryptophan","Pathway modules","Amino acid metabolism","Aromatic amino acid metabolism"
"M00023","Tryptophan biosynthesis, chorismate => tryptophan",1,1,1,1,1,1,FALSE,0,TRUE,"Tryptophan biosynthesis, chorismate => tryptophan","Pathway modules","Amino acid metabolism","Aromatic amino acid metabolism"
"M00023","Tryptophan biosynthesis, chorismate => tryptophan",1,1,1,1,1,1,FALSE,0,TRUE,"Tryptophan biosynthesis, chorismate => tryptophan","Pathway modules","Amino acid metabolism","Aromatic amino acid metabolism"
"M00024","Phenylalanine biosynthesis, chorismate => phenylpyruvate => phenylalanine",1,1,1,1,1,1,FALSE,0,TRUE,"Phenylalanine biosynthesis, chorismate => phenylpyruvate => phenylalanine","Pathway modules","Amino acid metabolism","Aromatic amino acid metabolism"
"M00024","Phenylalanine biosynthesis, chorismate => phenylpyruvate => phenylalanine",1,1,1,1,1,1,FALSE,0,TRUE,"Phenylalanine biosynthesis, chorismate => phenylpyruvate => phenylalanine","Pathway modules","Amino acid metabolism","Aromatic amino acid metabolism"
"M00024","Phenylalanine biosynthesis, chorismate => phenylpyruvate => phenylalanine",1,1,1,1,1,1,FALSE,0,TRUE,"Phenylalanine biosynthesis, chorismate => phenylpyruvate => phenylalanine","Pathway modules","Amino acid metabolism","Aromatic amino acid metabolism"
"M00025","Tyrosine biosynthesis, chorismate => HPP => tyrosine",1,1,1,1,1,1,FALSE,0,TRUE,"Tyrosine biosynthesis, chorismate => HPP => tyrosine","Pathway modules","Amino acid metabolism","Aromatic amino acid metabolism"
"M00025","Tyrosine biosynthesis, chorismate => HPP => tyrosine",1,1,1,1,1,1,FALSE,0,TRUE,"Tyrosine biosynthesis, chorismate => HPP => tyrosine","Pathway modules","Amino acid metabolism","Aromatic amino acid metabolism"
"M00025","Tyrosine biosynthesis, chorismate => HPP => tyrosine",1,1,1,1,1,1,FALSE,0,TRUE,"Tyrosine biosynthesis, chorismate => HPP => tyrosine","Pathway modules","Amino acid metabolism","Aromatic amino acid metabolism"
"M00040","Tyrosine biosynthesis, chorismate => arogenate => tyrosine",0.666666666666667,0.666666666666667,0.666666666666667,0.666666666666667,0.666666666666667,0.666666666666667,FALSE,0,TRUE,"Tyrosine biosynthesis, chorismate => arogenate => tyrosine","Pathway modules","Amino acid metabolism","Aromatic amino acid metabolism"
"M00040","Tyrosine biosynthesis, chorismate => arogenate => tyrosine",0.666666666666667,0.666666666666667,0.666666666666667,0.666666666666667,0.666666666666667,0.666666666666667,FALSE,0,TRUE,"Tyrosine biosynthesis, chorismate => arogenate => tyrosine","Pathway modules","Amino acid metabolism","Aromatic amino acid metabolism"
"M00040","Tyrosine biosynthesis, chorismate => arogenate => tyrosine",0.666666666666667,0.666666666666667,0.666666666666667,0.666666666666667,0.666666666666667,0.666666666666667,FALSE,0,TRUE,"Tyrosine biosynthesis, chorismate => arogenate => tyrosine","Pathway modules","Amino acid metabolism","Aromatic amino acid metabolism"
"M00044","Tyrosine degradation, tyrosine => homogentisate",1,1,1,1,1,1,FALSE,0,TRUE,"Tyrosine degradation, tyrosine => homogentisate","Pathway modules","Amino acid metabolism","Aromatic amino acid metabolism"
"M00044","Tyrosine degradation, tyrosine => homogentisate",1,1,1,1,1,1,FALSE,0,TRUE,"Tyrosine degradation, tyrosine => homogentisate","Pathway modules","Amino acid metabolism","Aromatic amino acid metabolism"
"M00044","Tyrosine degradation, tyrosine => homogentisate",1,1,1,1,1,1,FALSE,0,TRUE,"Tyrosine degradation, tyrosine => homogentisate","Pathway modules","Amino acid metabolism","Aromatic amino acid metabolism"
"M00936","Melatonin biosynthesis, plants, tryptophan => serotonin => melatonin",0.25,0.25,0.25,0.25,0.25,0.25,FALSE,0,TRUE,"Melatonin biosynthesis, plants, tryptophan => serotonin => melatonin","Pathway modules","Amino acid metabolism","Aromatic amino acid metabolism"
"M00936","Melatonin biosynthesis, plants, tryptophan => serotonin => melatonin",0.25,0.25,0.25,0.25,0.25,0.25,FALSE,0,TRUE,"Melatonin biosynthesis, plants, tryptophan => serotonin => melatonin","Pathway modules","Amino acid metabolism","Aromatic amino acid metabolism"
"M00936","Melatonin biosynthesis, plants, tryptophan => serotonin => melatonin",0.25,0.25,0.25,0.25,0.25,0.25,FALSE,0,TRUE,"Melatonin biosynthesis, plants, tryptophan => serotonin => melatonin","Pathway modules","Amino acid metabolism","Aromatic amino acid metabolism"
"M00027","GABA (gamma-Aminobutyrate) shunt",0.666666666666667,0.666666666666667,0.666666666666667,0.666666666666667,0.666666666666667,0.666666666666667,FALSE,0,TRUE,"GABA (gamma-Aminobutyrate) shunt","Pathway modules","Amino acid metabolism","Other amino acid metabolism"
"M00027","GABA (gamma-Aminobutyrate) shunt",0.666666666666667,0.666666666666667,0.666666666666667,0.666666666666667,0.666666666666667,0.666666666666667,FALSE,0,TRUE,"GABA (gamma-Aminobutyrate) shunt","Pathway modules","Amino acid metabolism","Other amino acid metabolism"
"M00027","GABA (gamma-Aminobutyrate) shunt",0.666666666666667,0.666666666666667,0.666666666666667,0.666666666666667,0.666666666666667,0.666666666666667,FALSE,0,TRUE,"GABA (gamma-Aminobutyrate) shunt","Pathway modules","Amino acid metabolism","Other amino acid metabolism"
"M00118","Glutathione biosynthesis, glutamate => glutathione",1,1,1,1,1,1,FALSE,0,TRUE,"Glutathione biosynthesis, glutamate => glutathione","Pathway modules","Amino acid metabolism","Other amino acid metabolism"
"M00118","Glutathione biosynthesis, glutamate => glutathione",1,1,1,1,1,1,FALSE,0,TRUE,"Glutathione biosynthesis, glutamate => glutathione","Pathway modules","Amino acid metabolism","Other amino acid metabolism"
"M00118","Glutathione biosynthesis, glutamate => glutathione",1,1,1,1,1,1,FALSE,0,TRUE,"Glutathione biosynthesis, glutamate => glutathione","Pathway modules","Amino acid metabolism","Other amino acid metabolism"
"M00892","UDP-GlcNAc biosynthesis, eukaryotes, Fru-6P => UDP-GlcNAc",0.25,0.25,0.25,0.25,0.25,0.25,FALSE,0,TRUE,"UDP-GlcNAc biosynthesis, eukaryotes, Fru-6P => UDP-GlcNAc","Pathway modules","Glycan metabolism","Nucleotide sugar biosynthesis"
"M00892","UDP-GlcNAc biosynthesis, eukaryotes, Fru-6P => UDP-GlcNAc",0.25,0.25,0.25,0.25,0.25,0.25,FALSE,0,TRUE,"UDP-GlcNAc biosynthesis, eukaryotes, Fru-6P => UDP-GlcNAc","Pathway modules","Glycan metabolism","Nucleotide sugar biosynthesis"
"M00892","UDP-GlcNAc biosynthesis, eukaryotes, Fru-6P => UDP-GlcNAc",0.25,0.25,0.25,0.25,0.25,0.25,FALSE,0,TRUE,"UDP-GlcNAc biosynthesis, eukaryotes, Fru-6P => UDP-GlcNAc","Pathway modules","Glycan metabolism","Nucleotide sugar biosynthesis"
"M00909","UDP-GlcNAc biosynthesis, prokaryotes, Fru-6P => UDP-GlcNAc",1,1,1,1,1,1,FALSE,0,TRUE,"UDP-GlcNAc biosynthesis, prokaryotes, Fru-6P => UDP-GlcNAc","Pathway modules","Glycan metabolism","Nucleotide sugar biosynthesis"
"M00909","UDP-GlcNAc biosynthesis, prokaryotes, Fru-6P => UDP-GlcNAc",1,1,1,1,1,1,FALSE,0,TRUE,"UDP-GlcNAc biosynthesis, prokaryotes, Fru-6P => UDP-GlcNAc","Pathway modules","Glycan metabolism","Nucleotide sugar biosynthesis"
"M00909","UDP-GlcNAc biosynthesis, prokaryotes, Fru-6P => UDP-GlcNAc",1,1,1,1,1,1,FALSE,0,TRUE,"UDP-GlcNAc biosynthesis, prokaryotes, Fru-6P => UDP-GlcNAc","Pathway modules","Glycan metabolism","Nucleotide sugar biosynthesis"
"M01002","UDP-GalNAc biosynthesis, Fru-6P => UDP-GalNAc",0.25,0.25,0.25,0.25,0.25,0.25,FALSE,0,TRUE,"UDP-GalNAc biosynthesis, Fru-6P => UDP-GalNAc","Pathway modules","Glycan metabolism","Nucleotide sugar biosynthesis"
"M01002","UDP-GalNAc biosynthesis, Fru-6P => UDP-GalNAc",0.25,0.25,0.25,0.25,0.25,0.25,FALSE,0,TRUE,"UDP-GalNAc biosynthesis, Fru-6P => UDP-GalNAc","Pathway modules","Glycan metabolism","Nucleotide sugar biosynthesis"
"M01002","UDP-GalNAc biosynthesis, Fru-6P => UDP-GalNAc",0.25,0.25,0.25,0.25,0.25,0.25,FALSE,0,TRUE,"UDP-GalNAc biosynthesis, Fru-6P => UDP-GalNAc","Pathway modules","Glycan metabolism","Nucleotide sugar biosynthesis"
"M00996","UDP-MurNAc biosynthesis, anhMurNAc => UDP-MurNAc",1,1,1,1,1,1,FALSE,0,TRUE,"UDP-MurNAc biosynthesis, anhMurNAc => UDP-MurNAc","Pathway modules","Glycan metabolism","Nucleotide sugar biosynthesis"
"M00996","UDP-MurNAc biosynthesis, anhMurNAc => UDP-MurNAc",1,1,1,1,1,1,FALSE,0,TRUE,"UDP-MurNAc biosynthesis, anhMurNAc => UDP-MurNAc","Pathway modules","Glycan metabolism","Nucleotide sugar biosynthesis"
"M00996","UDP-MurNAc biosynthesis, anhMurNAc => UDP-MurNAc",1,1,1,1,1,1,FALSE,0,TRUE,"UDP-MurNAc biosynthesis, anhMurNAc => UDP-MurNAc","Pathway modules","Glycan metabolism","Nucleotide sugar biosynthesis"
"M00995","UDP-MurNAc biosynthesis, Fru-6P => UDP-MurNAc",1,1,1,1,1,1,FALSE,0,TRUE,"UDP-MurNAc biosynthesis, Fru-6P => UDP-MurNAc","Pathway modules","Glycan metabolism","Nucleotide sugar biosynthesis"
"M00995","UDP-MurNAc biosynthesis, Fru-6P => UDP-MurNAc",1,1,1,1,1,1,FALSE,0,TRUE,"UDP-MurNAc biosynthesis, Fru-6P => UDP-MurNAc","Pathway modules","Glycan metabolism","Nucleotide sugar biosynthesis"
"M00995","UDP-MurNAc biosynthesis, Fru-6P => UDP-MurNAc",1,1,1,1,1,1,FALSE,0,TRUE,"UDP-MurNAc biosynthesis, Fru-6P => UDP-MurNAc","Pathway modules","Glycan metabolism","Nucleotide sugar biosynthesis"
"M00549","UDP-Glc biosynthesis, Glc => UDP-Glc",1,1,1,1,1,1,FALSE,0,TRUE,"UDP-Glc biosynthesis, Glc => UDP-Glc","Pathway modules","Glycan metabolism","Nucleotide sugar biosynthesis"
"M00549","UDP-Glc biosynthesis, Glc => UDP-Glc",1,1,1,1,1,1,FALSE,0,TRUE,"UDP-Glc biosynthesis, Glc => UDP-Glc","Pathway modules","Glycan metabolism","Nucleotide sugar biosynthesis"
"M00549","UDP-Glc biosynthesis, Glc => UDP-Glc",1,1,1,1,1,1,FALSE,0,TRUE,"UDP-Glc biosynthesis, Glc => UDP-Glc","Pathway modules","Glycan metabolism","Nucleotide sugar biosynthesis"
"M01004","UDP-Galf biosynthesis, UDP-Glc => UDP-Galf",1,1,1,1,1,1,FALSE,0,TRUE,"UDP-Galf biosynthesis, UDP-Glc => UDP-Galf","Pathway modules","Glycan metabolism","Nucleotide sugar biosynthesis"
"M01004","UDP-Galf biosynthesis, UDP-Glc => UDP-Galf",1,1,1,1,1,1,FALSE,0,TRUE,"UDP-Galf biosynthesis, UDP-Glc => UDP-Galf","Pathway modules","Glycan metabolism","Nucleotide sugar biosynthesis"
"M01004","UDP-Galf biosynthesis, UDP-Glc => UDP-Galf",1,1,1,1,1,1,FALSE,0,TRUE,"UDP-Galf biosynthesis, UDP-Glc => UDP-Galf","Pathway modules","Glycan metabolism","Nucleotide sugar biosynthesis"
"M00997","UDP-Xyl/L-Ara biosynthesis, UDP-Glc => UDP-Xyl => UDP-L-Ala",0.333333333333333,0.333333333333333,0.333333333333333,0.333333333333333,0.333333333333333,0.333333333333333,FALSE,0,TRUE,"UDP-Xyl/L-Ara biosynthesis, UDP-Glc => UDP-Xyl => UDP-L-Ala","Pathway modules","Glycan metabolism","Nucleotide sugar biosynthesis"
"M00997","UDP-Xyl/L-Ara biosynthesis, UDP-Glc => UDP-Xyl => UDP-L-Ala",0.333333333333333,0.333333333333333,0.333333333333333,0.333333333333333,0.333333333333333,0.333333333333333,FALSE,0,TRUE,"UDP-Xyl/L-Ara biosynthesis, UDP-Glc => UDP-Xyl => UDP-L-Ala","Pathway modules","Glycan metabolism","Nucleotide sugar biosynthesis"
"M00997","UDP-Xyl/L-Ara biosynthesis, UDP-Glc => UDP-Xyl => UDP-L-Ala",0.333333333333333,0.333333333333333,0.333333333333333,0.333333333333333,0.333333333333333,0.333333333333333,FALSE,0,TRUE,"UDP-Xyl/L-Ara biosynthesis, UDP-Glc => UDP-Xyl => UDP-L-Ala","Pathway modules","Glycan metabolism","Nucleotide sugar biosynthesis"
"M00999","UDP-GlcA/GalA biosynthesis, UDP-Glc => UDP-GlcA => UDP-GalA",1,1,1,1,1,1,FALSE,0,TRUE,"UDP-GlcA/GalA biosynthesis, UDP-Glc => UDP-GlcA => UDP-GalA","Pathway modules","Glycan metabolism","Nucleotide sugar biosynthesis"
"M00999","UDP-GlcA/GalA biosynthesis, UDP-Glc => UDP-GlcA => UDP-GalA",1,1,1,1,1,1,FALSE,0,TRUE,"UDP-GlcA/GalA biosynthesis, UDP-Glc => UDP-GlcA => UDP-GalA","Pathway modules","Glycan metabolism","Nucleotide sugar biosynthesis"
"M00999","UDP-GlcA/GalA biosynthesis, UDP-Glc => UDP-GlcA => UDP-GalA",1,1,1,1,1,1,FALSE,0,TRUE,"UDP-GlcA/GalA biosynthesis, UDP-Glc => UDP-GlcA => UDP-GalA","Pathway modules","Glycan metabolism","Nucleotide sugar biosynthesis"
"M00554","UDP-Gal biosynthesis, Gal => UDP-Gal",1,1,1,1,1,1,FALSE,0,TRUE,"UDP-Gal biosynthesis, Gal => UDP-Gal","Pathway modules","Glycan metabolism","Nucleotide sugar biosynthesis"
"M00554","UDP-Gal biosynthesis, Gal => UDP-Gal",1,1,1,1,1,1,FALSE,0,TRUE,"UDP-Gal biosynthesis, Gal => UDP-Gal","Pathway modules","Glycan metabolism","Nucleotide sugar biosynthesis"
"M00554","UDP-Gal biosynthesis, Gal => UDP-Gal",1,1,1,1,1,1,FALSE,0,TRUE,"UDP-Gal biosynthesis, Gal => UDP-Gal","Pathway modules","Glycan metabolism","Nucleotide sugar biosynthesis"
"M01009","UDP-QuiNAc biosynthesis, UDP-GlcNAc => UDP-QuiNAc",1,1,1,1,1,1,FALSE,0,TRUE,"UDP-QuiNAc biosynthesis, UDP-GlcNAc => UDP-QuiNAc","Pathway modules","Glycan metabolism","Nucleotide sugar biosynthesis"
"M01009","UDP-QuiNAc biosynthesis, UDP-GlcNAc => UDP-QuiNAc",1,1,1,1,1,1,FALSE,0,TRUE,"UDP-QuiNAc biosynthesis, UDP-GlcNAc => UDP-QuiNAc","Pathway modules","Glycan metabolism","Nucleotide sugar biosynthesis"
"M01009","UDP-QuiNAc biosynthesis, UDP-GlcNAc => UDP-QuiNAc",1,1,1,1,1,1,FALSE,0,TRUE,"UDP-QuiNAc biosynthesis, UDP-GlcNAc => UDP-QuiNAc","Pathway modules","Glycan metabolism","Nucleotide sugar biosynthesis"
"M01032","UDP-D-FucNAc biosynthesis, UDP-GlcNAc => UDP-D-FucNAc",0.5,0.5,0.5,0.5,0.5,0.5,FALSE,0,TRUE,"UDP-D-FucNAc biosynthesis, UDP-GlcNAc => UDP-D-FucNAc","Pathway modules","Glycan metabolism","Nucleotide sugar biosynthesis"
"M01032","UDP-D-FucNAc biosynthesis, UDP-GlcNAc => UDP-D-FucNAc",0.5,0.5,0.5,0.5,0.5,0.5,FALSE,0,TRUE,"UDP-D-FucNAc biosynthesis, UDP-GlcNAc => UDP-D-FucNAc","Pathway modules","Glycan metabolism","Nucleotide sugar biosynthesis"
"M01032","UDP-D-FucNAc biosynthesis, UDP-GlcNAc => UDP-D-FucNAc",0.5,0.5,0.5,0.5,0.5,0.5,FALSE,0,TRUE,"UDP-D-FucNAc biosynthesis, UDP-GlcNAc => UDP-D-FucNAc","Pathway modules","Glycan metabolism","Nucleotide sugar biosynthesis"
"M01033","UDP-yelosamine biosynthesis, UDP-GlcNAc => UDP-yelosamine",0.333333333333333,0.333333333333333,0.333333333333333,0.333333333333333,0.333333333333333,0.333333333333333,FALSE,0,TRUE,"UDP-yelosamine biosynthesis, UDP-GlcNAc => UDP-yelosamine","Pathway modules","Glycan metabolism","Nucleotide sugar biosynthesis"
"M01033","UDP-yelosamine biosynthesis, UDP-GlcNAc => UDP-yelosamine",0.333333333333333,0.333333333333333,0.333333333333333,0.333333333333333,0.333333333333333,0.333333333333333,FALSE,0,TRUE,"UDP-yelosamine biosynthesis, UDP-GlcNAc => UDP-yelosamine","Pathway modules","Glycan metabolism","Nucleotide sugar biosynthesis"
"M01033","UDP-yelosamine biosynthesis, UDP-GlcNAc => UDP-yelosamine",0.333333333333333,0.333333333333333,0.333333333333333,0.333333333333333,0.333333333333333,0.333333333333333,FALSE,0,TRUE,"UDP-yelosamine biosynthesis, UDP-GlcNAc => UDP-yelosamine","Pathway modules","Glycan metabolism","Nucleotide sugar biosynthesis"
"M01037","UDP-D-FucNAc4N biosynthesis, UDP-GlcNAc => UDP-D-FucNAc4N",0.5,0.5,0.5,0.5,0.5,0.5,FALSE,0,TRUE,"UDP-D-FucNAc4N biosynthesis, UDP-GlcNAc => UDP-D-FucNAc4N","Pathway modules","Glycan metabolism","Nucleotide sugar biosynthesis"
"M01037","UDP-D-FucNAc4N biosynthesis, UDP-GlcNAc => UDP-D-FucNAc4N",0.5,0.5,0.5,0.5,0.5,0.5,FALSE,0,TRUE,"UDP-D-FucNAc4N biosynthesis, UDP-GlcNAc => UDP-D-FucNAc4N","Pathway modules","Glycan metabolism","Nucleotide sugar biosynthesis"
"M01037","UDP-D-FucNAc4N biosynthesis, UDP-GlcNAc => UDP-D-FucNAc4N",0.5,0.5,0.5,0.5,0.5,0.5,FALSE,0,TRUE,"UDP-D-FucNAc4N biosynthesis, UDP-GlcNAc => UDP-D-FucNAc4N","Pathway modules","Glycan metabolism","Nucleotide sugar biosynthesis"
"M00063","CMP-KDO biosynthesis, ribulose-5P => CMP-KDO",1,1,1,1,1,1,FALSE,0,TRUE,"CMP-KDO biosynthesis, ribulose-5P => CMP-KDO","Pathway modules","Glycan metabolism","Nucleotide sugar biosynthesis"
"M00063","CMP-KDO biosynthesis, ribulose-5P => CMP-KDO",1,1,1,1,1,1,FALSE,0,TRUE,"CMP-KDO biosynthesis, ribulose-5P => CMP-KDO","Pathway modules","Glycan metabolism","Nucleotide sugar biosynthesis"
"M00063","CMP-KDO biosynthesis, ribulose-5P => CMP-KDO",1,1,1,1,1,1,FALSE,0,TRUE,"CMP-KDO biosynthesis, ribulose-5P => CMP-KDO","Pathway modules","Glycan metabolism","Nucleotide sugar biosynthesis"
"M01028","GDP-DDmanHep biosynthesis, sedoheptulose-7P => GDP-DDmanHep",0.5,0.5,0.5,0.5,0.5,0.5,FALSE,0,TRUE,"GDP-DDmanHep biosynthesis, sedoheptulose-7P => GDP-DDmanHep","Pathway modules","Glycan metabolism","Nucleotide sugar biosynthesis"
"M01028","GDP-DDmanHep biosynthesis, sedoheptulose-7P => GDP-DDmanHep",0.5,0.5,0.5,0.5,0.5,0.5,FALSE,0,TRUE,"GDP-DDmanHep biosynthesis, sedoheptulose-7P => GDP-DDmanHep","Pathway modules","Glycan metabolism","Nucleotide sugar biosynthesis"
"M01028","GDP-DDmanHep biosynthesis, sedoheptulose-7P => GDP-DDmanHep",0.5,0.5,0.5,0.5,0.5,0.5,FALSE,0,TRUE,"GDP-DDmanHep biosynthesis, sedoheptulose-7P => GDP-DDmanHep","Pathway modules","Glycan metabolism","Nucleotide sugar biosynthesis"
"M00064","ADP-LDmanHep biosynthesis, sedoheptulose-7P => ADP-LDmanHep",1,1,1,1,1,1,FALSE,0,TRUE,"ADP-LDmanHep biosynthesis, sedoheptulose-7P => ADP-LDmanHep","Pathway modules","Glycan metabolism","Nucleotide sugar biosynthesis"
"M00064","ADP-LDmanHep biosynthesis, sedoheptulose-7P => ADP-LDmanHep",1,1,1,1,1,1,FALSE,0,TRUE,"ADP-LDmanHep biosynthesis, sedoheptulose-7P => ADP-LDmanHep","Pathway modules","Glycan metabolism","Nucleotide sugar biosynthesis"
"M00064","ADP-LDmanHep biosynthesis, sedoheptulose-7P => ADP-LDmanHep",1,1,1,1,1,1,FALSE,0,TRUE,"ADP-LDmanHep biosynthesis, sedoheptulose-7P => ADP-LDmanHep","Pathway modules","Glycan metabolism","Nucleotide sugar biosynthesis"
"M00761","Und-P-alpha-L-Ara4N biosynthesis, UDP-Glc => UDP-L-Ara4FN => Und-P-alpha-L-Ara4N",0.2,0.2,0.2,0.2,0.2,0.2,FALSE,0,TRUE,"Und-P-alpha-L-Ara4N biosynthesis, UDP-Glc => UDP-L-Ara4FN => Und-P-alpha-L-Ara4N","Pathway modules","Glycan metabolism","Nucleotide sugar biosynthesis"
"M00761","Und-P-alpha-L-Ara4N biosynthesis, UDP-Glc => UDP-L-Ara4FN => Und-P-alpha-L-Ara4N",0.2,0.2,0.2,0.2,0.2,0.2,FALSE,0,TRUE,"Und-P-alpha-L-Ara4N biosynthesis, UDP-Glc => UDP-L-Ara4FN => Und-P-alpha-L-Ara4N","Pathway modules","Glycan metabolism","Nucleotide sugar biosynthesis"
"M00761","Und-P-alpha-L-Ara4N biosynthesis, UDP-Glc => UDP-L-Ara4FN => Und-P-alpha-L-Ara4N",0.2,0.2,0.2,0.2,0.2,0.2,FALSE,0,TRUE,"Und-P-alpha-L-Ara4N biosynthesis, UDP-Glc => UDP-L-Ara4FN => Und-P-alpha-L-Ara4N","Pathway modules","Glycan metabolism","Nucleotide sugar biosynthesis"
"M00793","dTDP-L-Rha biosynthesis, Glc-1P => dTDP-L-Rha",1,1,1,1,1,1,FALSE,0,TRUE,"dTDP-L-Rha biosynthesis, Glc-1P => dTDP-L-Rha","Pathway modules","Glycan metabolism","Nucleotide sugar biosynthesis"
"M00793","dTDP-L-Rha biosynthesis, Glc-1P => dTDP-L-Rha",1,1,1,1,1,1,FALSE,0,TRUE,"dTDP-L-Rha biosynthesis, Glc-1P => dTDP-L-Rha","Pathway modules","Glycan metabolism","Nucleotide sugar biosynthesis"
"M00793","dTDP-L-Rha biosynthesis, Glc-1P => dTDP-L-Rha",1,1,1,1,1,1,FALSE,0,TRUE,"dTDP-L-Rha biosynthesis, Glc-1P => dTDP-L-Rha","Pathway modules","Glycan metabolism","Nucleotide sugar biosynthesis"
"M01022","dTDP-6-deoxy-L-Tal biosynthesis, Glc-1P => dTDP-6-deoxy-L-Tal",0.75,0.75,0.75,0.75,0.75,0.75,FALSE,0,TRUE,"dTDP-6-deoxy-L-Tal biosynthesis, Glc-1P => dTDP-6-deoxy-L-Tal","Pathway modules","Glycan metabolism","Nucleotide sugar biosynthesis"
"M01022","dTDP-6-deoxy-L-Tal biosynthesis, Glc-1P => dTDP-6-deoxy-L-Tal",0.75,0.75,0.75,0.75,0.75,0.75,FALSE,0,TRUE,"dTDP-6-deoxy-L-Tal biosynthesis, Glc-1P => dTDP-6-deoxy-L-Tal","Pathway modules","Glycan metabolism","Nucleotide sugar biosynthesis"
"M01022","dTDP-6-deoxy-L-Tal biosynthesis, Glc-1P => dTDP-6-deoxy-L-Tal",0.75,0.75,0.75,0.75,0.75,0.75,FALSE,0,TRUE,"dTDP-6-deoxy-L-Tal biosynthesis, Glc-1P => dTDP-6-deoxy-L-Tal","Pathway modules","Glycan metabolism","Nucleotide sugar biosynthesis"
"M01023","dTDP-D-Fuc3NAc biosynthesis, Glc-1P => dTDP-D-Fuc3NAc",0.4,0.4,0.4,0.4,0.4,0.4,FALSE,0,TRUE,"dTDP-D-Fuc3NAc biosynthesis, Glc-1P => dTDP-D-Fuc3NAc","Pathway modules","Glycan metabolism","Nucleotide sugar biosynthesis"
"M01023","dTDP-D-Fuc3NAc biosynthesis, Glc-1P => dTDP-D-Fuc3NAc",0.4,0.4,0.4,0.4,0.4,0.4,FALSE,0,TRUE,"dTDP-D-Fuc3NAc biosynthesis, Glc-1P => dTDP-D-Fuc3NAc","Pathway modules","Glycan metabolism","Nucleotide sugar biosynthesis"
"M01023","dTDP-D-Fuc3NAc biosynthesis, Glc-1P => dTDP-D-Fuc3NAc",0.4,0.4,0.4,0.4,0.4,0.4,FALSE,0,TRUE,"dTDP-D-Fuc3NAc biosynthesis, Glc-1P => dTDP-D-Fuc3NAc","Pathway modules","Glycan metabolism","Nucleotide sugar biosynthesis"
"M01024","dTDP-Qui3NAc biosynthesis, Glc-1P => dTDP-Qui3NAc",0.4,0.4,0.4,0.4,0.4,0.4,FALSE,0,TRUE,"dTDP-Qui3NAc biosynthesis, Glc-1P => dTDP-Qui3NAc","Pathway modules","Glycan metabolism","Nucleotide sugar biosynthesis"
"M01024","dTDP-Qui3NAc biosynthesis, Glc-1P => dTDP-Qui3NAc",0.4,0.4,0.4,0.4,0.4,0.4,FALSE,0,TRUE,"dTDP-Qui3NAc biosynthesis, Glc-1P => dTDP-Qui3NAc","Pathway modules","Glycan metabolism","Nucleotide sugar biosynthesis"
"M01024","dTDP-Qui3NAc biosynthesis, Glc-1P => dTDP-Qui3NAc",0.4,0.4,0.4,0.4,0.4,0.4,FALSE,0,TRUE,"dTDP-Qui3NAc biosynthesis, Glc-1P => dTDP-Qui3NAc","Pathway modules","Glycan metabolism","Nucleotide sugar biosynthesis"
"M01025","dTDP-D-Fuc4NAc biosynthesis, Glc-1P => dTDP-D-Fuc4NAc",0.5,0.5,0.5,0.5,0.5,0.5,FALSE,0,TRUE,"dTDP-D-Fuc4NAc biosynthesis, Glc-1P => dTDP-D-Fuc4NAc","Pathway modules","Glycan metabolism","Nucleotide sugar biosynthesis"
"M01025","dTDP-D-Fuc4NAc biosynthesis, Glc-1P => dTDP-D-Fuc4NAc",0.5,0.5,0.5,0.5,0.5,0.5,FALSE,0,TRUE,"dTDP-D-Fuc4NAc biosynthesis, Glc-1P => dTDP-D-Fuc4NAc","Pathway modules","Glycan metabolism","Nucleotide sugar biosynthesis"
"M01025","dTDP-D-Fuc4NAc biosynthesis, Glc-1P => dTDP-D-Fuc4NAc",0.5,0.5,0.5,0.5,0.5,0.5,FALSE,0,TRUE,"dTDP-D-Fuc4NAc biosynthesis, Glc-1P => dTDP-D-Fuc4NAc","Pathway modules","Glycan metabolism","Nucleotide sugar biosynthesis"
"M01026","dTDP-Qui4NAc biosynthesis, Glc-1P => dTDP-Qui4NAc",0.5,0.5,0.5,0.5,0.5,0.5,FALSE,0,TRUE,"dTDP-Qui4NAc biosynthesis, Glc-1P => dTDP-Qui4NAc","Pathway modules","Glycan metabolism","Nucleotide sugar biosynthesis"
"M01026","dTDP-Qui4NAc biosynthesis, Glc-1P => dTDP-Qui4NAc",0.5,0.5,0.5,0.5,0.5,0.5,FALSE,0,TRUE,"dTDP-Qui4NAc biosynthesis, Glc-1P => dTDP-Qui4NAc","Pathway modules","Glycan metabolism","Nucleotide sugar biosynthesis"
"M01026","dTDP-Qui4NAc biosynthesis, Glc-1P => dTDP-Qui4NAc",0.5,0.5,0.5,0.5,0.5,0.5,FALSE,0,TRUE,"dTDP-Qui4NAc biosynthesis, Glc-1P => dTDP-Qui4NAc","Pathway modules","Glycan metabolism","Nucleotide sugar biosynthesis"
"M01027","dTDP-D-Fucf biosynthesis, Glc-1P => dTDP-D-Fucf",0.5,0.5,0.5,0.5,0.5,0.5,FALSE,0,TRUE,"dTDP-D-Fucf biosynthesis, Glc-1P => dTDP-D-Fucf","Pathway modules","Glycan metabolism","Nucleotide sugar biosynthesis"
"M01027","dTDP-D-Fucf biosynthesis, Glc-1P => dTDP-D-Fucf",0.5,0.5,0.5,0.5,0.5,0.5,FALSE,0,TRUE,"dTDP-D-Fucf biosynthesis, Glc-1P => dTDP-D-Fucf","Pathway modules","Glycan metabolism","Nucleotide sugar biosynthesis"
"M01027","dTDP-D-Fucf biosynthesis, Glc-1P => dTDP-D-Fucf",0.5,0.5,0.5,0.5,0.5,0.5,FALSE,0,TRUE,"dTDP-D-Fucf biosynthesis, Glc-1P => dTDP-D-Fucf","Pathway modules","Glycan metabolism","Nucleotide sugar biosynthesis"
"M00079","Keratan sulfate degradation",0.2,0.2,0.2,0.2,0.2,0.2,FALSE,0,TRUE,"Keratan sulfate degradation","Pathway modules","Glycan metabolism","Glycosaminoglycan metabolism"
"M00079","Keratan sulfate degradation",0.2,0.2,0.2,0.2,0.2,0.2,FALSE,0,TRUE,"Keratan sulfate degradation","Pathway modules","Glycan metabolism","Glycosaminoglycan metabolism"
"M00079","Keratan sulfate degradation",0.2,0.2,0.2,0.2,0.2,0.2,FALSE,0,TRUE,"Keratan sulfate degradation","Pathway modules","Glycan metabolism","Glycosaminoglycan metabolism"
"M00060","KDO2-lipid A biosynthesis, Raetz pathway, LpxL-LpxM type",1,1,1,1,1,1,FALSE,0,TRUE,"KDO2-lipid A biosynthesis, Raetz pathway, LpxL-LpxM type","Pathway modules","Glycan metabolism","Lipopolysaccharide metabolism"
"M00060","KDO2-lipid A biosynthesis, Raetz pathway, LpxL-LpxM type",1,1,1,1,1,1,FALSE,0,TRUE,"KDO2-lipid A biosynthesis, Raetz pathway, LpxL-LpxM type","Pathway modules","Glycan metabolism","Lipopolysaccharide metabolism"
"M00060","KDO2-lipid A biosynthesis, Raetz pathway, LpxL-LpxM type",1,1,1,1,1,1,FALSE,0,TRUE,"KDO2-lipid A biosynthesis, Raetz pathway, LpxL-LpxM type","Pathway modules","Glycan metabolism","Lipopolysaccharide metabolism"
"M00866","KDO2-lipid A biosynthesis, Raetz pathway, non-LpxL-LpxM type",0.888888888888889,0.888888888888889,0.888888888888889,0.888888888888889,0.888888888888889,0.888888888888889,FALSE,0,TRUE,"KDO2-lipid A biosynthesis, Raetz pathway, non-LpxL-LpxM type","Pathway modules","Glycan metabolism","Lipopolysaccharide metabolism"
"M00866","KDO2-lipid A biosynthesis, Raetz pathway, non-LpxL-LpxM type",0.888888888888889,0.888888888888889,0.888888888888889,0.888888888888889,0.888888888888889,0.888888888888889,FALSE,0,TRUE,"KDO2-lipid A biosynthesis, Raetz pathway, non-LpxL-LpxM type","Pathway modules","Glycan metabolism","Lipopolysaccharide metabolism"
"M00866","KDO2-lipid A biosynthesis, Raetz pathway, non-LpxL-LpxM type",0.888888888888889,0.888888888888889,0.888888888888889,0.888888888888889,0.888888888888889,0.888888888888889,FALSE,0,TRUE,"KDO2-lipid A biosynthesis, Raetz pathway, non-LpxL-LpxM type","Pathway modules","Glycan metabolism","Lipopolysaccharide metabolism"
"M00867","KDO2-lipid A modification pathway",0.2,0.2,0.2,0.2,0.2,0.2,FALSE,0,TRUE,"KDO2-lipid A modification pathway","Pathway modules","Glycan metabolism","Lipopolysaccharide metabolism"
"M00867","KDO2-lipid A modification pathway",0.2,0.2,0.2,0.2,0.2,0.2,FALSE,0,TRUE,"KDO2-lipid A modification pathway","Pathway modules","Glycan metabolism","Lipopolysaccharide metabolism"
"M00867","KDO2-lipid A modification pathway",0.2,0.2,0.2,0.2,0.2,0.2,FALSE,0,TRUE,"KDO2-lipid A modification pathway","Pathway modules","Glycan metabolism","Lipopolysaccharide metabolism"
"M00127","Thiamine biosynthesis, prokaryotes, AIR (+ DXP/tyrosine) => TMP/TPP",1,1,1,1,1,1,FALSE,0,TRUE,"Thiamine biosynthesis, prokaryotes, AIR (+ DXP/tyrosine) => TMP/TPP","Pathway modules","Metabolism of cofactors and vitamins","Cofactor and vitamin metabolism"
"M00127","Thiamine biosynthesis, prokaryotes, AIR (+ DXP/tyrosine) => TMP/TPP",1,1,1,1,1,1,FALSE,0,TRUE,"Thiamine biosynthesis, prokaryotes, AIR (+ DXP/tyrosine) => TMP/TPP","Pathway modules","Metabolism of cofactors and vitamins","Cofactor and vitamin metabolism"
"M00127","Thiamine biosynthesis, prokaryotes, AIR (+ DXP/tyrosine) => TMP/TPP",1,1,1,1,1,1,FALSE,0,TRUE,"Thiamine biosynthesis, prokaryotes, AIR (+ DXP/tyrosine) => TMP/TPP","Pathway modules","Metabolism of cofactors and vitamins","Cofactor and vitamin metabolism"
"M00895","Thiamine biosynthesis, prokaryotes, AIR (+ DXP/glycine) => TMP/TPP",0.666666666666667,0.666666666666667,0.666666666666667,0.666666666666667,0.666666666666667,0.666666666666667,FALSE,0,TRUE,"Thiamine biosynthesis, prokaryotes, AIR (+ DXP/glycine) => TMP/TPP","Pathway modules","Metabolism of cofactors and vitamins","Cofactor and vitamin metabolism"
"M00895","Thiamine biosynthesis, prokaryotes, AIR (+ DXP/glycine) => TMP/TPP",0.666666666666667,0.666666666666667,0.666666666666667,0.666666666666667,0.666666666666667,0.666666666666667,FALSE,0,TRUE,"Thiamine biosynthesis, prokaryotes, AIR (+ DXP/glycine) => TMP/TPP","Pathway modules","Metabolism of cofactors and vitamins","Cofactor and vitamin metabolism"
"M00895","Thiamine biosynthesis, prokaryotes, AIR (+ DXP/glycine) => TMP/TPP",0.666666666666667,0.666666666666667,0.666666666666667,0.666666666666667,0.666666666666667,0.666666666666667,FALSE,0,TRUE,"Thiamine biosynthesis, prokaryotes, AIR (+ DXP/glycine) => TMP/TPP","Pathway modules","Metabolism of cofactors and vitamins","Cofactor and vitamin metabolism"
"M00896","Thiamine biosynthesis, archaea, AIR (+ NAD+) => TMP/TPP",0.6,0.6,0.6,0.5,0.5,0.5,FALSE,0,TRUE,"Thiamine biosynthesis, archaea, AIR (+ NAD+) => TMP/TPP","Pathway modules","Metabolism of cofactors and vitamins","Cofactor and vitamin metabolism"
"M00896","Thiamine biosynthesis, archaea, AIR (+ NAD+) => TMP/TPP",0.6,0.6,0.6,0.5,0.5,0.5,FALSE,0,TRUE,"Thiamine biosynthesis, archaea, AIR (+ NAD+) => TMP/TPP","Pathway modules","Metabolism of cofactors and vitamins","Cofactor and vitamin metabolism"
"M00896","Thiamine biosynthesis, archaea, AIR (+ NAD+) => TMP/TPP",0.6,0.6,0.6,0.5,0.5,0.5,FALSE,0,TRUE,"Thiamine biosynthesis, archaea, AIR (+ NAD+) => TMP/TPP","Pathway modules","Metabolism of cofactors and vitamins","Cofactor and vitamin metabolism"
"M00897","Thiamine biosynthesis, plants, AIR (+ NAD+) => TMP/thiamine/TPP",0.4,0.4,0.4,0.4,0.4,0.4,FALSE,0,TRUE,"Thiamine biosynthesis, plants, AIR (+ NAD+) => TMP/thiamine/TPP","Pathway modules","Metabolism of cofactors and vitamins","Cofactor and vitamin metabolism"
"M00897","Thiamine biosynthesis, plants, AIR (+ NAD+) => TMP/thiamine/TPP",0.4,0.4,0.4,0.4,0.4,0.4,FALSE,0,TRUE,"Thiamine biosynthesis, plants, AIR (+ NAD+) => TMP/thiamine/TPP","Pathway modules","Metabolism of cofactors and vitamins","Cofactor and vitamin metabolism"
"M00897","Thiamine biosynthesis, plants, AIR (+ NAD+) => TMP/thiamine/TPP",0.4,0.4,0.4,0.4,0.4,0.4,FALSE,0,TRUE,"Thiamine biosynthesis, plants, AIR (+ NAD+) => TMP/thiamine/TPP","Pathway modules","Metabolism of cofactors and vitamins","Cofactor and vitamin metabolism"
"M00899","Thiamine salvage pathway, HMP/HET => TMP",0.5,0.5,0.5,0.5,0.5,0.5,FALSE,0,TRUE,"Thiamine salvage pathway, HMP/HET => TMP","Pathway modules","Metabolism of cofactors and vitamins","Cofactor and vitamin metabolism"
"M00899","Thiamine salvage pathway, HMP/HET => TMP",0.5,0.5,0.5,0.5,0.5,0.5,FALSE,0,TRUE,"Thiamine salvage pathway, HMP/HET => TMP","Pathway modules","Metabolism of cofactors and vitamins","Cofactor and vitamin metabolism"
"M00899","Thiamine salvage pathway, HMP/HET => TMP",0.5,0.5,0.5,0.5,0.5,0.5,FALSE,0,TRUE,"Thiamine salvage pathway, HMP/HET => TMP","Pathway modules","Metabolism of cofactors and vitamins","Cofactor and vitamin metabolism"
"M00125","Riboflavin biosynthesis, plants and bacteria, GTP => riboflavin/FMN/FAD",1,1,1,1,1,1,FALSE,0,TRUE,"Riboflavin biosynthesis, plants and bacteria, GTP => riboflavin/FMN/FAD","Pathway modules","Metabolism of cofactors and vitamins","Cofactor and vitamin metabolism"
"M00125","Riboflavin biosynthesis, plants and bacteria, GTP => riboflavin/FMN/FAD",1,1,1,1,1,1,FALSE,0,TRUE,"Riboflavin biosynthesis, plants and bacteria, GTP => riboflavin/FMN/FAD","Pathway modules","Metabolism of cofactors and vitamins","Cofactor and vitamin metabolism"
"M00125","Riboflavin biosynthesis, plants and bacteria, GTP => riboflavin/FMN/FAD",1,1,1,1,1,1,FALSE,0,TRUE,"Riboflavin biosynthesis, plants and bacteria, GTP => riboflavin/FMN/FAD","Pathway modules","Metabolism of cofactors and vitamins","Cofactor and vitamin metabolism"
"M00911","Riboflavin biosynthesis, fungi, GTP => riboflavin/FMN/FAD",0.444444444444444,0.444444444444444,0.444444444444444,0.444444444444444,0.444444444444444,0.444444444444444,FALSE,0,TRUE,"Riboflavin biosynthesis, fungi, GTP => riboflavin/FMN/FAD","Pathway modules","Metabolism of cofactors and vitamins","Cofactor and vitamin metabolism"
"M00911","Riboflavin biosynthesis, fungi, GTP => riboflavin/FMN/FAD",0.444444444444444,0.444444444444444,0.444444444444444,0.444444444444444,0.444444444444444,0.444444444444444,FALSE,0,TRUE,"Riboflavin biosynthesis, fungi, GTP => riboflavin/FMN/FAD","Pathway modules","Metabolism of cofactors and vitamins","Cofactor and vitamin metabolism"
"M00911","Riboflavin biosynthesis, fungi, GTP => riboflavin/FMN/FAD",0.444444444444444,0.444444444444444,0.444444444444444,0.444444444444444,0.444444444444444,0.444444444444444,FALSE,0,TRUE,"Riboflavin biosynthesis, fungi, GTP => riboflavin/FMN/FAD","Pathway modules","Metabolism of cofactors and vitamins","Cofactor and vitamin metabolism"
"M00124","Pyridoxal-P biosynthesis, erythrose-4P => pyridoxal-P",1,1,1,1,1,1,FALSE,0,TRUE,"Pyridoxal-P biosynthesis, erythrose-4P => pyridoxal-P","Pathway modules","Metabolism of cofactors and vitamins","Cofactor and vitamin metabolism"
"M00124","Pyridoxal-P biosynthesis, erythrose-4P => pyridoxal-P",1,1,1,1,1,1,FALSE,0,TRUE,"Pyridoxal-P biosynthesis, erythrose-4P => pyridoxal-P","Pathway modules","Metabolism of cofactors and vitamins","Cofactor and vitamin metabolism"
"M00124","Pyridoxal-P biosynthesis, erythrose-4P => pyridoxal-P",1,1,1,1,1,1,FALSE,0,TRUE,"Pyridoxal-P biosynthesis, erythrose-4P => pyridoxal-P","Pathway modules","Metabolism of cofactors and vitamins","Cofactor and vitamin metabolism"
"M00115","NAD biosynthesis, aspartate => quinolinate => NAD",1,1,1,1,1,1,FALSE,0,TRUE,"NAD biosynthesis, aspartate => quinolinate => NAD","Pathway modules","Metabolism of cofactors and vitamins","Cofactor and vitamin metabolism"
"M00115","NAD biosynthesis, aspartate => quinolinate => NAD",1,1,1,1,1,1,FALSE,0,TRUE,"NAD biosynthesis, aspartate => quinolinate => NAD","Pathway modules","Metabolism of cofactors and vitamins","Cofactor and vitamin metabolism"
"M00115","NAD biosynthesis, aspartate => quinolinate => NAD",1,1,1,1,1,1,FALSE,0,TRUE,"NAD biosynthesis, aspartate => quinolinate => NAD","Pathway modules","Metabolism of cofactors and vitamins","Cofactor and vitamin metabolism"
"M00912","NAD biosynthesis, tryptophan => quinolinate => NAD",0.375,0.375,0.375,0.375,0.375,0.375,FALSE,0,TRUE,"NAD biosynthesis, tryptophan => quinolinate => NAD","Pathway modules","Metabolism of cofactors and vitamins","Cofactor and vitamin metabolism"
"M00912","NAD biosynthesis, tryptophan => quinolinate => NAD",0.375,0.375,0.375,0.375,0.375,0.375,FALSE,0,TRUE,"NAD biosynthesis, tryptophan => quinolinate => NAD","Pathway modules","Metabolism of cofactors and vitamins","Cofactor and vitamin metabolism"
"M00912","NAD biosynthesis, tryptophan => quinolinate => NAD",0.375,0.375,0.375,0.375,0.375,0.375,FALSE,0,TRUE,"NAD biosynthesis, tryptophan => quinolinate => NAD","Pathway modules","Metabolism of cofactors and vitamins","Cofactor and vitamin metabolism"
"M00119","Pantothenate biosynthesis, valine/L-aspartate => pantothenate",0.8,0.8,0.8,0.8,0.8,0.8,FALSE,0,TRUE,"Pantothenate biosynthesis, valine/L-aspartate => pantothenate","Pathway modules","Metabolism of cofactors and vitamins","Cofactor and vitamin metabolism"
"M00119","Pantothenate biosynthesis, valine/L-aspartate => pantothenate",0.8,0.8,0.8,0.8,0.8,0.8,FALSE,0,TRUE,"Pantothenate biosynthesis, valine/L-aspartate => pantothenate","Pathway modules","Metabolism of cofactors and vitamins","Cofactor and vitamin metabolism"
"M00119","Pantothenate biosynthesis, valine/L-aspartate => pantothenate",0.8,0.8,0.8,0.8,0.8,0.8,FALSE,0,TRUE,"Pantothenate biosynthesis, valine/L-aspartate => pantothenate","Pathway modules","Metabolism of cofactors and vitamins","Cofactor and vitamin metabolism"
"M00913","Pantothenate biosynthesis, 2-oxoisovalerate/spermine => pantothenate",0.6,0.6,0.6,0.6,0.6,0.6,FALSE,0,TRUE,"Pantothenate biosynthesis, 2-oxoisovalerate/spermine => pantothenate","Pathway modules","Metabolism of cofactors and vitamins","Cofactor and vitamin metabolism"
"M00913","Pantothenate biosynthesis, 2-oxoisovalerate/spermine => pantothenate",0.6,0.6,0.6,0.6,0.6,0.6,FALSE,0,TRUE,"Pantothenate biosynthesis, 2-oxoisovalerate/spermine => pantothenate","Pathway modules","Metabolism of cofactors and vitamins","Cofactor and vitamin metabolism"
"M00913","Pantothenate biosynthesis, 2-oxoisovalerate/spermine => pantothenate",0.6,0.6,0.6,0.6,0.6,0.6,FALSE,0,TRUE,"Pantothenate biosynthesis, 2-oxoisovalerate/spermine => pantothenate","Pathway modules","Metabolism of cofactors and vitamins","Cofactor and vitamin metabolism"
"M00120","Coenzyme A biosynthesis, pantothenate => CoA",1,1,1,1,1,1,FALSE,0,TRUE,"Coenzyme A biosynthesis, pantothenate => CoA","Pathway modules","Metabolism of cofactors and vitamins","Cofactor and vitamin metabolism"
"M00120","Coenzyme A biosynthesis, pantothenate => CoA",1,1,1,1,1,1,FALSE,0,TRUE,"Coenzyme A biosynthesis, pantothenate => CoA","Pathway modules","Metabolism of cofactors and vitamins","Cofactor and vitamin metabolism"
"M00120","Coenzyme A biosynthesis, pantothenate => CoA",1,1,1,1,1,1,FALSE,0,TRUE,"Coenzyme A biosynthesis, pantothenate => CoA","Pathway modules","Metabolism of cofactors and vitamins","Cofactor and vitamin metabolism"
"M00914","Coenzyme A biosynthesis, archaea, 2-oxoisovalerate => 4-phosphopantoate => CoA",0.428571428571429,0.428571428571429,0.428571428571429,0.428571428571429,0.428571428571429,0.428571428571429,FALSE,0,TRUE,"Coenzyme A biosynthesis, archaea, 2-oxoisovalerate => 4-phosphopantoate => CoA","Pathway modules","Metabolism of cofactors and vitamins","Cofactor and vitamin metabolism"
"M00914","Coenzyme A biosynthesis, archaea, 2-oxoisovalerate => 4-phosphopantoate => CoA",0.428571428571429,0.428571428571429,0.428571428571429,0.428571428571429,0.428571428571429,0.428571428571429,FALSE,0,TRUE,"Coenzyme A biosynthesis, archaea, 2-oxoisovalerate => 4-phosphopantoate => CoA","Pathway modules","Metabolism of cofactors and vitamins","Cofactor and vitamin metabolism"
"M00914","Coenzyme A biosynthesis, archaea, 2-oxoisovalerate => 4-phosphopantoate => CoA",0.428571428571429,0.428571428571429,0.428571428571429,0.428571428571429,0.428571428571429,0.428571428571429,FALSE,0,TRUE,"Coenzyme A biosynthesis, archaea, 2-oxoisovalerate => 4-phosphopantoate => CoA","Pathway modules","Metabolism of cofactors and vitamins","Cofactor and vitamin metabolism"
"M00572","Pimeloyl-ACP biosynthesis, BioC-BioH pathway, malonyl-ACP => pimeloyl-ACP",0.833333333333333,0.833333333333333,0.833333333333333,0.833333333333333,0.833333333333333,0.833333333333333,FALSE,0,TRUE,"Pimeloyl-ACP biosynthesis, BioC-BioH pathway, malonyl-ACP => pimeloyl-ACP","Pathway modules","Metabolism of cofactors and vitamins","Cofactor and vitamin metabolism"
"M00572","Pimeloyl-ACP biosynthesis, BioC-BioH pathway, malonyl-ACP => pimeloyl-ACP",0.833333333333333,0.833333333333333,0.833333333333333,0.833333333333333,0.833333333333333,0.833333333333333,FALSE,0,TRUE,"Pimeloyl-ACP biosynthesis, BioC-BioH pathway, malonyl-ACP => pimeloyl-ACP","Pathway modules","Metabolism of cofactors and vitamins","Cofactor and vitamin metabolism"
"M00572","Pimeloyl-ACP biosynthesis, BioC-BioH pathway, malonyl-ACP => pimeloyl-ACP",0.833333333333333,0.833333333333333,0.833333333333333,0.833333333333333,0.833333333333333,0.833333333333333,FALSE,0,TRUE,"Pimeloyl-ACP biosynthesis, BioC-BioH pathway, malonyl-ACP => pimeloyl-ACP","Pathway modules","Metabolism of cofactors and vitamins","Cofactor and vitamin metabolism"
"M00123","Biotin biosynthesis, pimeloyl-ACP/CoA => biotin",1,1,1,1,1,1,FALSE,0,TRUE,"Biotin biosynthesis, pimeloyl-ACP/CoA => biotin","Pathway modules","Metabolism of cofactors and vitamins","Cofactor and vitamin metabolism"
"M00123","Biotin biosynthesis, pimeloyl-ACP/CoA => biotin",1,1,1,1,1,1,FALSE,0,TRUE,"Biotin biosynthesis, pimeloyl-ACP/CoA => biotin","Pathway modules","Metabolism of cofactors and vitamins","Cofactor and vitamin metabolism"
"M00123","Biotin biosynthesis, pimeloyl-ACP/CoA => biotin",1,1,1,1,1,1,FALSE,0,TRUE,"Biotin biosynthesis, pimeloyl-ACP/CoA => biotin","Pathway modules","Metabolism of cofactors and vitamins","Cofactor and vitamin metabolism"
"M00950","Biotin biosynthesis, BioU pathway, pimeloyl-ACP/CoA => biotin",0.75,0.75,0.75,0.75,0.75,0.75,FALSE,0,TRUE,"Biotin biosynthesis, BioU pathway, pimeloyl-ACP/CoA => biotin","Pathway modules","Metabolism of cofactors and vitamins","Cofactor and vitamin metabolism"
"M00950","Biotin biosynthesis, BioU pathway, pimeloyl-ACP/CoA => biotin",0.75,0.75,0.75,0.75,0.75,0.75,FALSE,0,TRUE,"Biotin biosynthesis, BioU pathway, pimeloyl-ACP/CoA => biotin","Pathway modules","Metabolism of cofactors and vitamins","Cofactor and vitamin metabolism"
"M00950","Biotin biosynthesis, BioU pathway, pimeloyl-ACP/CoA => biotin",0.75,0.75,0.75,0.75,0.75,0.75,FALSE,0,TRUE,"Biotin biosynthesis, BioU pathway, pimeloyl-ACP/CoA => biotin","Pathway modules","Metabolism of cofactors and vitamins","Cofactor and vitamin metabolism"
"M00573","Biotin biosynthesis, BioI pathway, long-chain-acyl-ACP => pimeloyl-ACP => biotin",0.6,0.6,0.6,0.6,0.6,0.6,FALSE,0,TRUE,"Biotin biosynthesis, BioI pathway, long-chain-acyl-ACP => pimeloyl-ACP => biotin","Pathway modules","Metabolism of cofactors and vitamins","Cofactor and vitamin metabolism"
"M00573","Biotin biosynthesis, BioI pathway, long-chain-acyl-ACP => pimeloyl-ACP => biotin",0.6,0.6,0.6,0.6,0.6,0.6,FALSE,0,TRUE,"Biotin biosynthesis, BioI pathway, long-chain-acyl-ACP => pimeloyl-ACP => biotin","Pathway modules","Metabolism of cofactors and vitamins","Cofactor and vitamin metabolism"
"M00573","Biotin biosynthesis, BioI pathway, long-chain-acyl-ACP => pimeloyl-ACP => biotin",0.6,0.6,0.6,0.6,0.6,0.6,FALSE,0,TRUE,"Biotin biosynthesis, BioI pathway, long-chain-acyl-ACP => pimeloyl-ACP => biotin","Pathway modules","Metabolism of cofactors and vitamins","Cofactor and vitamin metabolism"
"M00577","Biotin biosynthesis, BioW pathway, pimelate => pimeloyl-CoA => biotin",0.8,0.8,0.8,0.8,0.8,0.8,FALSE,0,TRUE,"Biotin biosynthesis, BioW pathway, pimelate => pimeloyl-CoA => biotin","Pathway modules","Metabolism of cofactors and vitamins","Cofactor and vitamin metabolism"
"M00577","Biotin biosynthesis, BioW pathway, pimelate => pimeloyl-CoA => biotin",0.8,0.8,0.8,0.8,0.8,0.8,FALSE,0,TRUE,"Biotin biosynthesis, BioW pathway, pimelate => pimeloyl-CoA => biotin","Pathway modules","Metabolism of cofactors and vitamins","Cofactor and vitamin metabolism"
"M00577","Biotin biosynthesis, BioW pathway, pimelate => pimeloyl-CoA => biotin",0.8,0.8,0.8,0.8,0.8,0.8,FALSE,0,TRUE,"Biotin biosynthesis, BioW pathway, pimelate => pimeloyl-CoA => biotin","Pathway modules","Metabolism of cofactors and vitamins","Cofactor and vitamin metabolism"
"M00881","Lipoic acid biosynthesis, plants and bacteria, octanoyl-ACP => dihydrolipoyl-E2/H",1,1,1,1,1,1,FALSE,0,TRUE,"Lipoic acid biosynthesis, plants and bacteria, octanoyl-ACP => dihydrolipoyl-E2/H","Pathway modules","Metabolism of cofactors and vitamins","Cofactor and vitamin metabolism"
"M00881","Lipoic acid biosynthesis, plants and bacteria, octanoyl-ACP => dihydrolipoyl-E2/H",1,1,1,1,1,1,FALSE,0,TRUE,"Lipoic acid biosynthesis, plants and bacteria, octanoyl-ACP => dihydrolipoyl-E2/H","Pathway modules","Metabolism of cofactors and vitamins","Cofactor and vitamin metabolism"
"M00881","Lipoic acid biosynthesis, plants and bacteria, octanoyl-ACP => dihydrolipoyl-E2/H",1,1,1,1,1,1,FALSE,0,TRUE,"Lipoic acid biosynthesis, plants and bacteria, octanoyl-ACP => dihydrolipoyl-E2/H","Pathway modules","Metabolism of cofactors and vitamins","Cofactor and vitamin metabolism"
"M00882","Lipoic acid biosynthesis, eukaryotes, octanoyl-ACP => dihydrolipoyl-H",0.5,0.5,0.5,0.5,0.5,0.5,FALSE,0,TRUE,"Lipoic acid biosynthesis, eukaryotes, octanoyl-ACP => dihydrolipoyl-H","Pathway modules","Metabolism of cofactors and vitamins","Cofactor and vitamin metabolism"
"M00882","Lipoic acid biosynthesis, eukaryotes, octanoyl-ACP => dihydrolipoyl-H",0.5,0.5,0.5,0.5,0.5,0.5,FALSE,0,TRUE,"Lipoic acid biosynthesis, eukaryotes, octanoyl-ACP => dihydrolipoyl-H","Pathway modules","Metabolism of cofactors and vitamins","Cofactor and vitamin metabolism"
"M00882","Lipoic acid biosynthesis, eukaryotes, octanoyl-ACP => dihydrolipoyl-H",0.5,0.5,0.5,0.5,0.5,0.5,FALSE,0,TRUE,"Lipoic acid biosynthesis, eukaryotes, octanoyl-ACP => dihydrolipoyl-H","Pathway modules","Metabolism of cofactors and vitamins","Cofactor and vitamin metabolism"
"M00883","Lipoic acid biosynthesis, animals and bacteria, octanoyl-ACP => dihydrolipoyl-H => dihydrolipoyl-E2",0.666666666666667,0.666666666666667,0.666666666666667,0.666666666666667,0.666666666666667,0.666666666666667,FALSE,0,TRUE,"Lipoic acid biosynthesis, animals and bacteria, octanoyl-ACP => dihydrolipoyl-H => dihydrolipoyl-E2","Pathway modules","Metabolism of cofactors and vitamins","Cofactor and vitamin metabolism"
"M00883","Lipoic acid biosynthesis, animals and bacteria, octanoyl-ACP => dihydrolipoyl-H => dihydrolipoyl-E2",0.666666666666667,0.666666666666667,0.666666666666667,0.666666666666667,0.666666666666667,0.666666666666667,FALSE,0,TRUE,"Lipoic acid biosynthesis, animals and bacteria, octanoyl-ACP => dihydrolipoyl-H => dihydrolipoyl-E2","Pathway modules","Metabolism of cofactors and vitamins","Cofactor and vitamin metabolism"
"M00883","Lipoic acid biosynthesis, animals and bacteria, octanoyl-ACP => dihydrolipoyl-H => dihydrolipoyl-E2",0.666666666666667,0.666666666666667,0.666666666666667,0.666666666666667,0.666666666666667,0.666666666666667,FALSE,0,TRUE,"Lipoic acid biosynthesis, animals and bacteria, octanoyl-ACP => dihydrolipoyl-H => dihydrolipoyl-E2","Pathway modules","Metabolism of cofactors and vitamins","Cofactor and vitamin metabolism"
"M00884","Lipoic acid biosynthesis, octanoyl-CoA => dihydrolipoyl-E2",0.5,0.5,0.5,0.5,0.5,0.5,FALSE,0,TRUE,"Lipoic acid biosynthesis, octanoyl-CoA => dihydrolipoyl-E2","Pathway modules","Metabolism of cofactors and vitamins","Cofactor and vitamin metabolism"
"M00884","Lipoic acid biosynthesis, octanoyl-CoA => dihydrolipoyl-E2",0.5,0.5,0.5,0.5,0.5,0.5,FALSE,0,TRUE,"Lipoic acid biosynthesis, octanoyl-CoA => dihydrolipoyl-E2","Pathway modules","Metabolism of cofactors and vitamins","Cofactor and vitamin metabolism"
"M00884","Lipoic acid biosynthesis, octanoyl-CoA => dihydrolipoyl-E2",0.5,0.5,0.5,0.5,0.5,0.5,FALSE,0,TRUE,"Lipoic acid biosynthesis, octanoyl-CoA => dihydrolipoyl-E2","Pathway modules","Metabolism of cofactors and vitamins","Cofactor and vitamin metabolism"
"M00126","Tetrahydrofolate biosynthesis, GTP => THF",1,1,1,1,1,1,FALSE,0,TRUE,"Tetrahydrofolate biosynthesis, GTP => THF","Pathway modules","Metabolism of cofactors and vitamins","Cofactor and vitamin metabolism"
"M00126","Tetrahydrofolate biosynthesis, GTP => THF",1,1,1,1,1,1,FALSE,0,TRUE,"Tetrahydrofolate biosynthesis, GTP => THF","Pathway modules","Metabolism of cofactors and vitamins","Cofactor and vitamin metabolism"
"M00126","Tetrahydrofolate biosynthesis, GTP => THF",1,1,1,1,1,1,FALSE,0,TRUE,"Tetrahydrofolate biosynthesis, GTP => THF","Pathway modules","Metabolism of cofactors and vitamins","Cofactor and vitamin metabolism"
"M00840","Tetrahydrofolate biosynthesis, mediated by ribA and trpF, GTP => THF",0.428571428571429,0.428571428571429,0.428571428571429,0.428571428571429,0.428571428571429,0.428571428571429,FALSE,0,TRUE,"Tetrahydrofolate biosynthesis, mediated by ribA and trpF, GTP => THF","Pathway modules","Metabolism of cofactors and vitamins","Cofactor and vitamin metabolism"
"M00840","Tetrahydrofolate biosynthesis, mediated by ribA and trpF, GTP => THF",0.428571428571429,0.428571428571429,0.428571428571429,0.428571428571429,0.428571428571429,0.428571428571429,FALSE,0,TRUE,"Tetrahydrofolate biosynthesis, mediated by ribA and trpF, GTP => THF","Pathway modules","Metabolism of cofactors and vitamins","Cofactor and vitamin metabolism"
"M00840","Tetrahydrofolate biosynthesis, mediated by ribA and trpF, GTP => THF",0.428571428571429,0.428571428571429,0.428571428571429,0.428571428571429,0.428571428571429,0.428571428571429,FALSE,0,TRUE,"Tetrahydrofolate biosynthesis, mediated by ribA and trpF, GTP => THF","Pathway modules","Metabolism of cofactors and vitamins","Cofactor and vitamin metabolism"
"M00841","Tetrahydrofolate biosynthesis, mediated by PTPS, GTP => THF",0.4,0.4,0.4,0.4,0.4,0.4,FALSE,0,TRUE,"Tetrahydrofolate biosynthesis, mediated by PTPS, GTP => THF","Pathway modules","Metabolism of cofactors and vitamins","Cofactor and vitamin metabolism"
"M00841","Tetrahydrofolate biosynthesis, mediated by PTPS, GTP => THF",0.4,0.4,0.4,0.4,0.4,0.4,FALSE,0,TRUE,"Tetrahydrofolate biosynthesis, mediated by PTPS, GTP => THF","Pathway modules","Metabolism of cofactors and vitamins","Cofactor and vitamin metabolism"
"M00841","Tetrahydrofolate biosynthesis, mediated by PTPS, GTP => THF",0.4,0.4,0.4,0.4,0.4,0.4,FALSE,0,TRUE,"Tetrahydrofolate biosynthesis, mediated by PTPS, GTP => THF","Pathway modules","Metabolism of cofactors and vitamins","Cofactor and vitamin metabolism"
"M00842","Tetrahydrobiopterin biosynthesis, GTP => BH4",0.666666666666667,0.666666666666667,0.666666666666667,0.666666666666667,0.666666666666667,0.666666666666667,FALSE,0,TRUE,"Tetrahydrobiopterin biosynthesis, GTP => BH4","Pathway modules","Metabolism of cofactors and vitamins","Cofactor and vitamin metabolism"
"M00842","Tetrahydrobiopterin biosynthesis, GTP => BH4",0.666666666666667,0.666666666666667,0.666666666666667,0.666666666666667,0.666666666666667,0.666666666666667,FALSE,0,TRUE,"Tetrahydrobiopterin biosynthesis, GTP => BH4","Pathway modules","Metabolism of cofactors and vitamins","Cofactor and vitamin metabolism"
"M00842","Tetrahydrobiopterin biosynthesis, GTP => BH4",0.666666666666667,0.666666666666667,0.666666666666667,0.666666666666667,0.666666666666667,0.666666666666667,FALSE,0,TRUE,"Tetrahydrobiopterin biosynthesis, GTP => BH4","Pathway modules","Metabolism of cofactors and vitamins","Cofactor and vitamin metabolism"
"M00843","L-threo-Tetrahydrobiopterin biosynthesis, GTP => L-threo-BH4",0.666666666666667,0.666666666666667,0.666666666666667,0.666666666666667,0.666666666666667,0.666666666666667,FALSE,0,TRUE,"L-threo-Tetrahydrobiopterin biosynthesis, GTP => L-threo-BH4","Pathway modules","Metabolism of cofactors and vitamins","Cofactor and vitamin metabolism"
"M00843","L-threo-Tetrahydrobiopterin biosynthesis, GTP => L-threo-BH4",0.666666666666667,0.666666666666667,0.666666666666667,0.666666666666667,0.666666666666667,0.666666666666667,FALSE,0,TRUE,"L-threo-Tetrahydrobiopterin biosynthesis, GTP => L-threo-BH4","Pathway modules","Metabolism of cofactors and vitamins","Cofactor and vitamin metabolism"
"M00843","L-threo-Tetrahydrobiopterin biosynthesis, GTP => L-threo-BH4",0.666666666666667,0.666666666666667,0.666666666666667,0.666666666666667,0.666666666666667,0.666666666666667,FALSE,0,TRUE,"L-threo-Tetrahydrobiopterin biosynthesis, GTP => L-threo-BH4","Pathway modules","Metabolism of cofactors and vitamins","Cofactor and vitamin metabolism"
"M00880","Molybdenum cofactor biosynthesis, GTP => molybdenum cofactor",1,1,1,1,1,1,FALSE,0,TRUE,"Molybdenum cofactor biosynthesis, GTP => molybdenum cofactor","Pathway modules","Metabolism of cofactors and vitamins","Cofactor and vitamin metabolism"
"M00880","Molybdenum cofactor biosynthesis, GTP => molybdenum cofactor",1,1,1,1,1,1,FALSE,0,TRUE,"Molybdenum cofactor biosynthesis, GTP => molybdenum cofactor","Pathway modules","Metabolism of cofactors and vitamins","Cofactor and vitamin metabolism"
"M00880","Molybdenum cofactor biosynthesis, GTP => molybdenum cofactor",1,1,1,1,1,1,FALSE,0,TRUE,"Molybdenum cofactor biosynthesis, GTP => molybdenum cofactor","Pathway modules","Metabolism of cofactors and vitamins","Cofactor and vitamin metabolism"
"M00988","PreQ1 biosynthesis, GTP => 7-Aminomethyl-7-deazaguanine",1,1,1,1,1,1,FALSE,0,TRUE,"PreQ1 biosynthesis, GTP => 7-Aminomethyl-7-deazaguanine","Pathway modules","Metabolism of cofactors and vitamins","Cofactor and vitamin metabolism"
"M00988","PreQ1 biosynthesis, GTP => 7-Aminomethyl-7-deazaguanine",1,1,1,1,1,1,FALSE,0,TRUE,"PreQ1 biosynthesis, GTP => 7-Aminomethyl-7-deazaguanine","Pathway modules","Metabolism of cofactors and vitamins","Cofactor and vitamin metabolism"
"M00988","PreQ1 biosynthesis, GTP => 7-Aminomethyl-7-deazaguanine",1,1,1,1,1,1,FALSE,0,TRUE,"PreQ1 biosynthesis, GTP => 7-Aminomethyl-7-deazaguanine","Pathway modules","Metabolism of cofactors and vitamins","Cofactor and vitamin metabolism"
"M00140","C1-unit interconversion, prokaryotes",1,1,1,1,1,1,FALSE,0,TRUE,"C1-unit interconversion, prokaryotes","Pathway modules","Metabolism of cofactors and vitamins","Cofactor and vitamin metabolism"
"M00140","C1-unit interconversion, prokaryotes",1,1,1,1,1,1,FALSE,0,TRUE,"C1-unit interconversion, prokaryotes","Pathway modules","Metabolism of cofactors and vitamins","Cofactor and vitamin metabolism"
"M00140","C1-unit interconversion, prokaryotes",1,1,1,1,1,1,FALSE,0,TRUE,"C1-unit interconversion, prokaryotes","Pathway modules","Metabolism of cofactors and vitamins","Cofactor and vitamin metabolism"
"M00141","C1-unit interconversion, eukaryotes",0.5,0.5,0.5,0.5,0.5,0.5,FALSE,0,TRUE,"C1-unit interconversion, eukaryotes","Pathway modules","Metabolism of cofactors and vitamins","Cofactor and vitamin metabolism"
"M00141","C1-unit interconversion, eukaryotes",0.5,0.5,0.5,0.5,0.5,0.5,FALSE,0,TRUE,"C1-unit interconversion, eukaryotes","Pathway modules","Metabolism of cofactors and vitamins","Cofactor and vitamin metabolism"
"M00141","C1-unit interconversion, eukaryotes",0.5,0.5,0.5,0.5,0.5,0.5,FALSE,0,TRUE,"C1-unit interconversion, eukaryotes","Pathway modules","Metabolism of cofactors and vitamins","Cofactor and vitamin metabolism"
"M00846","Siroheme biosynthesis, glutamyl-tRNA => siroheme",1,1,1,1,1,1,FALSE,0,TRUE,"Siroheme biosynthesis, glutamyl-tRNA => siroheme","Pathway modules","Metabolism of cofactors and vitamins","Cofactor and vitamin metabolism"
"M00846","Siroheme biosynthesis, glutamyl-tRNA => siroheme",1,1,1,1,1,1,FALSE,0,TRUE,"Siroheme biosynthesis, glutamyl-tRNA => siroheme","Pathway modules","Metabolism of cofactors and vitamins","Cofactor and vitamin metabolism"
"M00846","Siroheme biosynthesis, glutamyl-tRNA => siroheme",1,1,1,1,1,1,FALSE,0,TRUE,"Siroheme biosynthesis, glutamyl-tRNA => siroheme","Pathway modules","Metabolism of cofactors and vitamins","Cofactor and vitamin metabolism"
"M00868","Heme biosynthesis, animals and fungi, glycine => heme",0.75,0.75,0.75,0.75,0.75,0.75,FALSE,0,TRUE,"Heme biosynthesis, animals and fungi, glycine => heme","Pathway modules","Metabolism of cofactors and vitamins","Cofactor and vitamin metabolism"
"M00868","Heme biosynthesis, animals and fungi, glycine => heme",0.75,0.75,0.75,0.75,0.75,0.75,FALSE,0,TRUE,"Heme biosynthesis, animals and fungi, glycine => heme","Pathway modules","Metabolism of cofactors and vitamins","Cofactor and vitamin metabolism"
"M00868","Heme biosynthesis, animals and fungi, glycine => heme",0.75,0.75,0.75,0.75,0.75,0.75,FALSE,0,TRUE,"Heme biosynthesis, animals and fungi, glycine => heme","Pathway modules","Metabolism of cofactors and vitamins","Cofactor and vitamin metabolism"
"M00121","Heme biosynthesis, plants and bacteria, glutamate => heme",1,1,1,1,1,1,FALSE,0,TRUE,"Heme biosynthesis, plants and bacteria, glutamate => heme","Pathway modules","Metabolism of cofactors and vitamins","Cofactor and vitamin metabolism"
"M00121","Heme biosynthesis, plants and bacteria, glutamate => heme",1,1,1,1,1,1,FALSE,0,TRUE,"Heme biosynthesis, plants and bacteria, glutamate => heme","Pathway modules","Metabolism of cofactors and vitamins","Cofactor and vitamin metabolism"
"M00121","Heme biosynthesis, plants and bacteria, glutamate => heme",1,1,1,1,1,1,FALSE,0,TRUE,"Heme biosynthesis, plants and bacteria, glutamate => heme","Pathway modules","Metabolism of cofactors and vitamins","Cofactor and vitamin metabolism"
"M00926","Heme biosynthesis, bacteria, glutamyl-tRNA => coproporphyrin III => heme",0.777777777777778,0.777777777777778,0.777777777777778,0.777777777777778,0.777777777777778,0.777777777777778,FALSE,0,TRUE,"Heme biosynthesis, bacteria, glutamyl-tRNA => coproporphyrin III => heme","Pathway modules","Metabolism of cofactors and vitamins","Cofactor and vitamin metabolism"
"M00926","Heme biosynthesis, bacteria, glutamyl-tRNA => coproporphyrin III => heme",0.777777777777778,0.777777777777778,0.777777777777778,0.777777777777778,0.777777777777778,0.777777777777778,FALSE,0,TRUE,"Heme biosynthesis, bacteria, glutamyl-tRNA => coproporphyrin III => heme","Pathway modules","Metabolism of cofactors and vitamins","Cofactor and vitamin metabolism"
"M00926","Heme biosynthesis, bacteria, glutamyl-tRNA => coproporphyrin III => heme",0.777777777777778,0.777777777777778,0.777777777777778,0.777777777777778,0.777777777777778,0.777777777777778,FALSE,0,TRUE,"Heme biosynthesis, bacteria, glutamyl-tRNA => coproporphyrin III => heme","Pathway modules","Metabolism of cofactors and vitamins","Cofactor and vitamin metabolism"
"M00924","Cobalamin biosynthesis, anaerobic, uroporphyrinogen III => sirohydrochlorin => cobyrinate a,c-diamide",0.166666666666667,0.166666666666667,0.166666666666667,0.0909090909090909,0.0909090909090909,0.0909090909090909,FALSE,0,TRUE,"Cobalamin biosynthesis, anaerobic, uroporphyrinogen III => sirohydrochlorin => cobyrinate a,c-diamide","Pathway modules","Metabolism of cofactors and vitamins","Cofactor and vitamin metabolism"
"M00924","Cobalamin biosynthesis, anaerobic, uroporphyrinogen III => sirohydrochlorin => cobyrinate a,c-diamide",0.166666666666667,0.166666666666667,0.166666666666667,0.0909090909090909,0.0909090909090909,0.0909090909090909,FALSE,0,TRUE,"Cobalamin biosynthesis, anaerobic, uroporphyrinogen III => sirohydrochlorin => cobyrinate a,c-diamide","Pathway modules","Metabolism of cofactors and vitamins","Cofactor and vitamin metabolism"
"M00924","Cobalamin biosynthesis, anaerobic, uroporphyrinogen III => sirohydrochlorin => cobyrinate a,c-diamide",0.166666666666667,0.166666666666667,0.166666666666667,0.0909090909090909,0.0909090909090909,0.0909090909090909,FALSE,0,TRUE,"Cobalamin biosynthesis, anaerobic, uroporphyrinogen III => sirohydrochlorin => cobyrinate a,c-diamide","Pathway modules","Metabolism of cofactors and vitamins","Cofactor and vitamin metabolism"
"M00925","Cobalamin biosynthesis, aerobic, uroporphyrinogen III => precorrin 2 => cobyrinate a,c-diamide",0.0909090909090909,0.0909090909090909,0.0909090909090909,0.0909090909090909,0.0909090909090909,0.0909090909090909,FALSE,0,TRUE,"Cobalamin biosynthesis, aerobic, uroporphyrinogen III => precorrin 2 => cobyrinate a,c-diamide","Pathway modules","Metabolism of cofactors and vitamins","Cofactor and vitamin metabolism"
"M00925","Cobalamin biosynthesis, aerobic, uroporphyrinogen III => precorrin 2 => cobyrinate a,c-diamide",0.0909090909090909,0.0909090909090909,0.0909090909090909,0.0909090909090909,0.0909090909090909,0.0909090909090909,FALSE,0,TRUE,"Cobalamin biosynthesis, aerobic, uroporphyrinogen III => precorrin 2 => cobyrinate a,c-diamide","Pathway modules","Metabolism of cofactors and vitamins","Cofactor and vitamin metabolism"
"M00925","Cobalamin biosynthesis, aerobic, uroporphyrinogen III => precorrin 2 => cobyrinate a,c-diamide",0.0909090909090909,0.0909090909090909,0.0909090909090909,0.0909090909090909,0.0909090909090909,0.0909090909090909,FALSE,0,TRUE,"Cobalamin biosynthesis, aerobic, uroporphyrinogen III => precorrin 2 => cobyrinate a,c-diamide","Pathway modules","Metabolism of cofactors and vitamins","Cofactor and vitamin metabolism"
"M00122","Cobalamin biosynthesis, cobyrinate a,c-diamide => cobalamin",0.285714285714286,0.285714285714286,0.285714285714286,0.285714285714286,0.285714285714286,0.285714285714286,FALSE,0,TRUE,"Cobalamin biosynthesis, cobyrinate a,c-diamide => cobalamin","Pathway modules","Metabolism of cofactors and vitamins","Cofactor and vitamin metabolism"
"M00122","Cobalamin biosynthesis, cobyrinate a,c-diamide => cobalamin",0.285714285714286,0.285714285714286,0.285714285714286,0.285714285714286,0.285714285714286,0.285714285714286,FALSE,0,TRUE,"Cobalamin biosynthesis, cobyrinate a,c-diamide => cobalamin","Pathway modules","Metabolism of cofactors and vitamins","Cofactor and vitamin metabolism"
"M00122","Cobalamin biosynthesis, cobyrinate a,c-diamide => cobalamin",0.285714285714286,0.285714285714286,0.285714285714286,0.285714285714286,0.285714285714286,0.285714285714286,FALSE,0,TRUE,"Cobalamin biosynthesis, cobyrinate a,c-diamide => cobalamin","Pathway modules","Metabolism of cofactors and vitamins","Cofactor and vitamin metabolism"
"M00117","Ubiquinone biosynthesis, prokaryotes, chorismate (+ polyprenyl-PP) => ubiquinol",1,1,1,1,1,1,FALSE,0,TRUE,"Ubiquinone biosynthesis, prokaryotes, chorismate (+ polyprenyl-PP) => ubiquinol","Pathway modules","Metabolism of cofactors and vitamins","Cofactor and vitamin metabolism"
"M00117","Ubiquinone biosynthesis, prokaryotes, chorismate (+ polyprenyl-PP) => ubiquinol",1,1,1,1,1,1,FALSE,0,TRUE,"Ubiquinone biosynthesis, prokaryotes, chorismate (+ polyprenyl-PP) => ubiquinol","Pathway modules","Metabolism of cofactors and vitamins","Cofactor and vitamin metabolism"
"M00117","Ubiquinone biosynthesis, prokaryotes, chorismate (+ polyprenyl-PP) => ubiquinol",1,1,1,1,1,1,FALSE,0,TRUE,"Ubiquinone biosynthesis, prokaryotes, chorismate (+ polyprenyl-PP) => ubiquinol","Pathway modules","Metabolism of cofactors and vitamins","Cofactor and vitamin metabolism"
"M00989","Ubiquinone biosynthesis, O2-independent, prokaryotes, chorismate (+ polyprenyl-PP) => ubiquinol",1,1,1,1,1,1,FALSE,0,TRUE,"Ubiquinone biosynthesis, O2-independent, prokaryotes, chorismate (+ polyprenyl-PP) => ubiquinol","Pathway modules","Metabolism of cofactors and vitamins","Cofactor and vitamin metabolism"
"M00989","Ubiquinone biosynthesis, O2-independent, prokaryotes, chorismate (+ polyprenyl-PP) => ubiquinol",1,1,1,1,1,1,FALSE,0,TRUE,"Ubiquinone biosynthesis, O2-independent, prokaryotes, chorismate (+ polyprenyl-PP) => ubiquinol","Pathway modules","Metabolism of cofactors and vitamins","Cofactor and vitamin metabolism"
"M00989","Ubiquinone biosynthesis, O2-independent, prokaryotes, chorismate (+ polyprenyl-PP) => ubiquinol",1,1,1,1,1,1,FALSE,0,TRUE,"Ubiquinone biosynthesis, O2-independent, prokaryotes, chorismate (+ polyprenyl-PP) => ubiquinol","Pathway modules","Metabolism of cofactors and vitamins","Cofactor and vitamin metabolism"
"M00116","Menaquinone biosynthesis, chorismate (+ polyprenyl-PP) => menaquinol",1,1,1,1,1,1,FALSE,0,TRUE,"Menaquinone biosynthesis, chorismate (+ polyprenyl-PP) => menaquinol","Pathway modules","Metabolism of cofactors and vitamins","Cofactor and vitamin metabolism"
"M00116","Menaquinone biosynthesis, chorismate (+ polyprenyl-PP) => menaquinol",1,1,1,1,1,1,FALSE,0,TRUE,"Menaquinone biosynthesis, chorismate (+ polyprenyl-PP) => menaquinol","Pathway modules","Metabolism of cofactors and vitamins","Cofactor and vitamin metabolism"
"M00116","Menaquinone biosynthesis, chorismate (+ polyprenyl-PP) => menaquinol",1,1,1,1,1,1,FALSE,0,TRUE,"Menaquinone biosynthesis, chorismate (+ polyprenyl-PP) => menaquinol","Pathway modules","Metabolism of cofactors and vitamins","Cofactor and vitamin metabolism"
"M00932","Phylloquinone biosynthesis, chorismate (+ phytyl-PP) => phylloquinol",0.7,0.7,0.7,0.571428571428571,0.571428571428571,0.571428571428571,FALSE,0,TRUE,"Phylloquinone biosynthesis, chorismate (+ phytyl-PP) => phylloquinol","Pathway modules","Metabolism of cofactors and vitamins","Cofactor and vitamin metabolism"
"M00932","Phylloquinone biosynthesis, chorismate (+ phytyl-PP) => phylloquinol",0.7,0.7,0.7,0.571428571428571,0.571428571428571,0.571428571428571,FALSE,0,TRUE,"Phylloquinone biosynthesis, chorismate (+ phytyl-PP) => phylloquinol","Pathway modules","Metabolism of cofactors and vitamins","Cofactor and vitamin metabolism"
"M00932","Phylloquinone biosynthesis, chorismate (+ phytyl-PP) => phylloquinol",0.7,0.7,0.7,0.571428571428571,0.571428571428571,0.571428571428571,FALSE,0,TRUE,"Phylloquinone biosynthesis, chorismate (+ phytyl-PP) => phylloquinol","Pathway modules","Metabolism of cofactors and vitamins","Cofactor and vitamin metabolism"
"M00095","C5 isoprenoid biosynthesis, mevalonate pathway",0.285714285714286,0.285714285714286,0.285714285714286,0.285714285714286,0.285714285714286,0.285714285714286,FALSE,0,TRUE,"C5 isoprenoid biosynthesis, mevalonate pathway","Pathway modules","Biosynthesis of terpenoids and polyketides","Terpenoid backbone biosynthesis"
"M00095","C5 isoprenoid biosynthesis, mevalonate pathway",0.285714285714286,0.285714285714286,0.285714285714286,0.285714285714286,0.285714285714286,0.285714285714286,FALSE,0,TRUE,"C5 isoprenoid biosynthesis, mevalonate pathway","Pathway modules","Biosynthesis of terpenoids and polyketides","Terpenoid backbone biosynthesis"
"M00095","C5 isoprenoid biosynthesis, mevalonate pathway",0.285714285714286,0.285714285714286,0.285714285714286,0.285714285714286,0.285714285714286,0.285714285714286,FALSE,0,TRUE,"C5 isoprenoid biosynthesis, mevalonate pathway","Pathway modules","Biosynthesis of terpenoids and polyketides","Terpenoid backbone biosynthesis"
"M00849","C5 isoprenoid biosynthesis, mevalonate pathway, archaea",0.3125,0.3125,0.3125,0.333333333333333,0.333333333333333,0.333333333333333,FALSE,0,TRUE,"C5 isoprenoid biosynthesis, mevalonate pathway, archaea","Pathway modules","Biosynthesis of terpenoids and polyketides","Terpenoid backbone biosynthesis"
"M00849","C5 isoprenoid biosynthesis, mevalonate pathway, archaea",0.3125,0.3125,0.3125,0.333333333333333,0.333333333333333,0.333333333333333,FALSE,0,TRUE,"C5 isoprenoid biosynthesis, mevalonate pathway, archaea","Pathway modules","Biosynthesis of terpenoids and polyketides","Terpenoid backbone biosynthesis"
"M00849","C5 isoprenoid biosynthesis, mevalonate pathway, archaea",0.3125,0.3125,0.3125,0.333333333333333,0.333333333333333,0.333333333333333,FALSE,0,TRUE,"C5 isoprenoid biosynthesis, mevalonate pathway, archaea","Pathway modules","Biosynthesis of terpenoids and polyketides","Terpenoid backbone biosynthesis"
"M00096","C5 isoprenoid biosynthesis, non-mevalonate pathway",1,1,1,1,1,1,FALSE,0,TRUE,"C5 isoprenoid biosynthesis, non-mevalonate pathway","Pathway modules","Biosynthesis of terpenoids and polyketides","Terpenoid backbone biosynthesis"
"M00096","C5 isoprenoid biosynthesis, non-mevalonate pathway",1,1,1,1,1,1,FALSE,0,TRUE,"C5 isoprenoid biosynthesis, non-mevalonate pathway","Pathway modules","Biosynthesis of terpenoids and polyketides","Terpenoid backbone biosynthesis"
"M00096","C5 isoprenoid biosynthesis, non-mevalonate pathway",1,1,1,1,1,1,FALSE,0,TRUE,"C5 isoprenoid biosynthesis, non-mevalonate pathway","Pathway modules","Biosynthesis of terpenoids and polyketides","Terpenoid backbone biosynthesis"
"M00364","C10-C20 isoprenoid biosynthesis, bacteria",1,1,1,1,1,1,FALSE,0,TRUE,"C10-C20 isoprenoid biosynthesis, bacteria","Pathway modules","Biosynthesis of terpenoids and polyketides","Terpenoid backbone biosynthesis"
"M00364","C10-C20 isoprenoid biosynthesis, bacteria",1,1,1,1,1,1,FALSE,0,TRUE,"C10-C20 isoprenoid biosynthesis, bacteria","Pathway modules","Biosynthesis of terpenoids and polyketides","Terpenoid backbone biosynthesis"
"M00364","C10-C20 isoprenoid biosynthesis, bacteria",1,1,1,1,1,1,FALSE,0,TRUE,"C10-C20 isoprenoid biosynthesis, bacteria","Pathway modules","Biosynthesis of terpenoids and polyketides","Terpenoid backbone biosynthesis"
"M00365","C10-C20 isoprenoid biosynthesis, archaea",0.5,0.5,0.5,0.5,0.5,0.5,FALSE,0,TRUE,"C10-C20 isoprenoid biosynthesis, archaea","Pathway modules","Biosynthesis of terpenoids and polyketides","Terpenoid backbone biosynthesis"
"M00365","C10-C20 isoprenoid biosynthesis, archaea",0.5,0.5,0.5,0.5,0.5,0.5,FALSE,0,TRUE,"C10-C20 isoprenoid biosynthesis, archaea","Pathway modules","Biosynthesis of terpenoids and polyketides","Terpenoid backbone biosynthesis"
"M00365","C10-C20 isoprenoid biosynthesis, archaea",0.5,0.5,0.5,0.5,0.5,0.5,FALSE,0,TRUE,"C10-C20 isoprenoid biosynthesis, archaea","Pathway modules","Biosynthesis of terpenoids and polyketides","Terpenoid backbone biosynthesis"
"M00366","C10-C20 isoprenoid biosynthesis, plants",0.25,0.25,0.25,0.25,0.25,0.25,FALSE,0,TRUE,"C10-C20 isoprenoid biosynthesis, plants","Pathway modules","Biosynthesis of terpenoids and polyketides","Terpenoid backbone biosynthesis"
"M00366","C10-C20 isoprenoid biosynthesis, plants",0.25,0.25,0.25,0.25,0.25,0.25,FALSE,0,TRUE,"C10-C20 isoprenoid biosynthesis, plants","Pathway modules","Biosynthesis of terpenoids and polyketides","Terpenoid backbone biosynthesis"
"M00366","C10-C20 isoprenoid biosynthesis, plants",0.25,0.25,0.25,0.25,0.25,0.25,FALSE,0,TRUE,"C10-C20 isoprenoid biosynthesis, plants","Pathway modules","Biosynthesis of terpenoids and polyketides","Terpenoid backbone biosynthesis"
"M00367","C10-C20 isoprenoid biosynthesis, non-plant eukaryotes",0.333333333333333,0.333333333333333,0.333333333333333,0.333333333333333,0.333333333333333,0.333333333333333,FALSE,0,TRUE,"C10-C20 isoprenoid biosynthesis, non-plant eukaryotes","Pathway modules","Biosynthesis of terpenoids and polyketides","Terpenoid backbone biosynthesis"
"M00367","C10-C20 isoprenoid biosynthesis, non-plant eukaryotes",0.333333333333333,0.333333333333333,0.333333333333333,0.333333333333333,0.333333333333333,0.333333333333333,FALSE,0,TRUE,"C10-C20 isoprenoid biosynthesis, non-plant eukaryotes","Pathway modules","Biosynthesis of terpenoids and polyketides","Terpenoid backbone biosynthesis"
"M00367","C10-C20 isoprenoid biosynthesis, non-plant eukaryotes",0.333333333333333,0.333333333333333,0.333333333333333,0.333333333333333,0.333333333333333,0.333333333333333,FALSE,0,TRUE,"C10-C20 isoprenoid biosynthesis, non-plant eukaryotes","Pathway modules","Biosynthesis of terpenoids and polyketides","Terpenoid backbone biosynthesis"
"M00961","Betacyanin biosynthesis, L-tyrosine => amaranthin",0.25,0.25,0.25,0.25,0.25,0.25,FALSE,0,TRUE,"Betacyanin biosynthesis, L-tyrosine => amaranthin","Pathway modules","Biosynthesis of other secondary metabolites","Biosynthesis of phytochemical compounds"
"M00961","Betacyanin biosynthesis, L-tyrosine => amaranthin",0.25,0.25,0.25,0.25,0.25,0.25,FALSE,0,TRUE,"Betacyanin biosynthesis, L-tyrosine => amaranthin","Pathway modules","Biosynthesis of other secondary metabolites","Biosynthesis of phytochemical compounds"
"M00961","Betacyanin biosynthesis, L-tyrosine => amaranthin",0.25,0.25,0.25,0.25,0.25,0.25,FALSE,0,TRUE,"Betacyanin biosynthesis, L-tyrosine => amaranthin","Pathway modules","Biosynthesis of other secondary metabolites","Biosynthesis of phytochemical compounds"
"M00953","Mugineic acid biosynthesis, methionine => 3-epihydroxymugineic acid",0.2,0.2,0.2,0.2,0.2,0.2,FALSE,0,TRUE,"Mugineic acid biosynthesis, methionine => 3-epihydroxymugineic acid","Pathway modules","Biosynthesis of other secondary metabolites","Biosynthesis of phytochemical compounds"
"M00953","Mugineic acid biosynthesis, methionine => 3-epihydroxymugineic acid",0.2,0.2,0.2,0.2,0.2,0.2,FALSE,0,TRUE,"Mugineic acid biosynthesis, methionine => 3-epihydroxymugineic acid","Pathway modules","Biosynthesis of other secondary metabolites","Biosynthesis of phytochemical compounds"
"M00953","Mugineic acid biosynthesis, methionine => 3-epihydroxymugineic acid",0.2,0.2,0.2,0.2,0.2,0.2,FALSE,0,TRUE,"Mugineic acid biosynthesis, methionine => 3-epihydroxymugineic acid","Pathway modules","Biosynthesis of other secondary metabolites","Biosynthesis of phytochemical compounds"
"M00848","Aurachin biosynthesis, anthranilate => aurachin A",0.03125,0.03125,0.03125,0,0,0,FALSE,0,TRUE,"Aurachin biosynthesis, anthranilate => aurachin A","Pathway modules","Biosynthesis of other secondary metabolites","Biosynthesis of other antibiotics"
"M00848","Aurachin biosynthesis, anthranilate => aurachin A",0.03125,0.03125,0.03125,0,0,0,FALSE,0,TRUE,"Aurachin biosynthesis, anthranilate => aurachin A","Pathway modules","Biosynthesis of other secondary metabolites","Biosynthesis of other antibiotics"
"M00848","Aurachin biosynthesis, anthranilate => aurachin A",0.03125,0.03125,0.03125,0,0,0,FALSE,0,TRUE,"Aurachin biosynthesis, anthranilate => aurachin A","Pathway modules","Biosynthesis of other secondary metabolites","Biosynthesis of other antibiotics"
"M00542","EHEC/EPEC pathogenicity signature, T3SS and effectors",0.125,0.125,0.125,0.125,0.125,0.125,FALSE,0,TRUE,"EHEC/EPEC pathogenicity signature, T3SS and effectors","Signature modules","Gene set","Pathogenicity"
"M00542","EHEC/EPEC pathogenicity signature, T3SS and effectors",0.125,0.125,0.125,0.125,0.125,0.125,FALSE,0,TRUE,"EHEC/EPEC pathogenicity signature, T3SS and effectors","Signature modules","Gene set","Pathogenicity"
"M00542","EHEC/EPEC pathogenicity signature, T3SS and effectors",0.125,0.125,0.125,0.125,0.125,0.125,FALSE,0,TRUE,"EHEC/EPEC pathogenicity signature, T3SS and effectors","Signature modules","Gene set","Pathogenicity"
"M00575","Pertussis pathogenicity signature, T1SS",0.2,0.2,0.2,0.2,0.2,0.2,FALSE,0,TRUE,"Pertussis pathogenicity signature, T1SS","Signature modules","Gene set","Pathogenicity"
"M00575","Pertussis pathogenicity signature, T1SS",0.2,0.2,0.2,0.2,0.2,0.2,FALSE,0,TRUE,"Pertussis pathogenicity signature, T1SS","Signature modules","Gene set","Pathogenicity"
"M00575","Pertussis pathogenicity signature, T1SS",0.2,0.2,0.2,0.2,0.2,0.2,FALSE,0,TRUE,"Pertussis pathogenicity signature, T1SS","Signature modules","Gene set","Pathogenicity"
"M00651","Vancomycin resistance, D-Ala-D-Lac type",0.142857142857143,0.142857142857143,0.142857142857143,0,0,0,FALSE,0,TRUE,"Vancomycin resistance, D-Ala-D-Lac type","Signature modules","Gene set","Drug resistance"
"M00651","Vancomycin resistance, D-Ala-D-Lac type",0.142857142857143,0.142857142857143,0.142857142857143,0,0,0,FALSE,0,TRUE,"Vancomycin resistance, D-Ala-D-Lac type","Signature modules","Gene set","Drug resistance"
"M00651","Vancomycin resistance, D-Ala-D-Lac type",0.142857142857143,0.142857142857143,0.142857142857143,0,0,0,FALSE,0,TRUE,"Vancomycin resistance, D-Ala-D-Lac type","Signature modules","Gene set","Drug resistance"
"M00704","Tetracycline resistance, efflux pump Tet38",0.5,0.5,0.5,0.5,0.5,0.5,FALSE,0,TRUE,"Tetracycline resistance, efflux pump Tet38","Signature modules","Gene set","Drug resistance"
"M00704","Tetracycline resistance, efflux pump Tet38",0.5,0.5,0.5,0.5,0.5,0.5,FALSE,0,TRUE,"Tetracycline resistance, efflux pump Tet38","Signature modules","Gene set","Drug resistance"
"M00704","Tetracycline resistance, efflux pump Tet38",0.5,0.5,0.5,0.5,0.5,0.5,FALSE,0,TRUE,"Tetracycline resistance, efflux pump Tet38","Signature modules","Gene set","Drug resistance"
"M00726","Cationic antimicrobial peptide (CAMP) resistance, lysyl-phosphatidylglycerol (L-PG) synthase MprF",0.333333333333333,0.333333333333333,0.333333333333333,0.333333333333333,0.333333333333333,0.333333333333333,FALSE,0,TRUE,"Cationic antimicrobial peptide (CAMP) resistance, lysyl-phosphatidylglycerol (L-PG) synthase MprF","Signature modules","Gene set","Drug resistance"
"M00726","Cationic antimicrobial peptide (CAMP) resistance, lysyl-phosphatidylglycerol (L-PG) synthase MprF",0.333333333333333,0.333333333333333,0.333333333333333,0.333333333333333,0.333333333333333,0.333333333333333,FALSE,0,TRUE,"Cationic antimicrobial peptide (CAMP) resistance, lysyl-phosphatidylglycerol (L-PG) synthase MprF","Signature modules","Gene set","Drug resistance"
"M00726","Cationic antimicrobial peptide (CAMP) resistance, lysyl-phosphatidylglycerol (L-PG) synthase MprF",0.333333333333333,0.333333333333333,0.333333333333333,0.333333333333333,0.333333333333333,0.333333333333333,FALSE,0,TRUE,"Cationic antimicrobial peptide (CAMP) resistance, lysyl-phosphatidylglycerol (L-PG) synthase MprF","Signature modules","Gene set","Drug resistance"
"M00744","Cationic antimicrobial peptide (CAMP) resistance, protease PgtE",0.666666666666667,0.666666666666667,0.666666666666667,0.666666666666667,0.666666666666667,0.666666666666667,FALSE,0,TRUE,"Cationic antimicrobial peptide (CAMP) resistance, protease PgtE","Signature modules","Gene set","Drug resistance"
"M00744","Cationic antimicrobial peptide (CAMP) resistance, protease PgtE",0.666666666666667,0.666666666666667,0.666666666666667,0.666666666666667,0.666666666666667,0.666666666666667,FALSE,0,TRUE,"Cationic antimicrobial peptide (CAMP) resistance, protease PgtE","Signature modules","Gene set","Drug resistance"
"M00744","Cationic antimicrobial peptide (CAMP) resistance, protease PgtE",0.666666666666667,0.666666666666667,0.666666666666667,0.666666666666667,0.666666666666667,0.666666666666667,FALSE,0,TRUE,"Cationic antimicrobial peptide (CAMP) resistance, protease PgtE","Signature modules","Gene set","Drug resistance"
"M00718","Multidrug resistance, efflux pump MexAB-OprM",0.5,0.5,0.5,0.5,0.5,0.5,FALSE,0,TRUE,"Multidrug resistance, efflux pump MexAB-OprM","Signature modules","Gene set","Drug resistance"
"M00718","Multidrug resistance, efflux pump MexAB-OprM",0.5,0.5,0.5,0.5,0.5,0.5,FALSE,0,TRUE,"Multidrug resistance, efflux pump MexAB-OprM","Signature modules","Gene set","Drug resistance"
"M00718","Multidrug resistance, efflux pump MexAB-OprM",0.5,0.5,0.5,0.5,0.5,0.5,FALSE,0,TRUE,"Multidrug resistance, efflux pump MexAB-OprM","Signature modules","Gene set","Drug resistance"
"M00642","Multidrug resistance, efflux pump MexJK-OprM",0.5,0.5,0.5,0.5,0.5,0.5,FALSE,0,TRUE,"Multidrug resistance, efflux pump MexJK-OprM","Signature modules","Gene set","Drug resistance"
"M00642","Multidrug resistance, efflux pump MexJK-OprM",0.5,0.5,0.5,0.5,0.5,0.5,FALSE,0,TRUE,"Multidrug resistance, efflux pump MexJK-OprM","Signature modules","Gene set","Drug resistance"
"M00642","Multidrug resistance, efflux pump MexJK-OprM",0.5,0.5,0.5,0.5,0.5,0.5,FALSE,0,TRUE,"Multidrug resistance, efflux pump MexJK-OprM","Signature modules","Gene set","Drug resistance"
"M00643","Multidrug resistance, efflux pump MexXY-OprM",0.166666666666667,0.166666666666667,0.166666666666667,0,0,0,FALSE,0,TRUE,"Multidrug resistance, efflux pump MexXY-OprM","Signature modules","Gene set","Drug resistance"
"M00643","Multidrug resistance, efflux pump MexXY-OprM",0.166666666666667,0.166666666666667,0.166666666666667,0,0,0,FALSE,0,TRUE,"Multidrug resistance, efflux pump MexXY-OprM","Signature modules","Gene set","Drug resistance"
"M00643","Multidrug resistance, efflux pump MexXY-OprM",0.166666666666667,0.166666666666667,0.166666666666667,0,0,0,FALSE,0,TRUE,"Multidrug resistance, efflux pump MexXY-OprM","Signature modules","Gene set","Drug resistance"
"M00769","Multidrug resistance, efflux pump MexPQ-OpmE",0.333333333333333,0.333333333333333,0.333333333333333,0.333333333333333,0.333333333333333,0.333333333333333,FALSE,0,TRUE,"Multidrug resistance, efflux pump MexPQ-OpmE","Signature modules","Gene set","Drug resistance"
"M00769","Multidrug resistance, efflux pump MexPQ-OpmE",0.333333333333333,0.333333333333333,0.333333333333333,0.333333333333333,0.333333333333333,0.333333333333333,FALSE,0,TRUE,"Multidrug resistance, efflux pump MexPQ-OpmE","Signature modules","Gene set","Drug resistance"
"M00769","Multidrug resistance, efflux pump MexPQ-OpmE",0.333333333333333,0.333333333333333,0.333333333333333,0.333333333333333,0.333333333333333,0.333333333333333,FALSE,0,TRUE,"Multidrug resistance, efflux pump MexPQ-OpmE","Signature modules","Gene set","Drug resistance"
"M00649","Multidrug resistance, efflux pump AdeABC",1,1,1,1,1,1,FALSE,0,TRUE,"Multidrug resistance, efflux pump AdeABC","Signature modules","Gene set","Drug resistance"
"M00649","Multidrug resistance, efflux pump AdeABC",1,1,1,1,1,1,FALSE,0,TRUE,"Multidrug resistance, efflux pump AdeABC","Signature modules","Gene set","Drug resistance"
"M00649","Multidrug resistance, efflux pump AdeABC",1,1,1,1,1,1,FALSE,0,TRUE,"Multidrug resistance, efflux pump AdeABC","Signature modules","Gene set","Drug resistance"
"M00696","Multidrug resistance, efflux pump AcrEF-TolC",0.166666666666667,0.166666666666667,0.166666666666667,0,0,0,FALSE,0,TRUE,"Multidrug resistance, efflux pump AcrEF-TolC","Signature modules","Gene set","Drug resistance"
"M00696","Multidrug resistance, efflux pump AcrEF-TolC",0.166666666666667,0.166666666666667,0.166666666666667,0,0,0,FALSE,0,TRUE,"Multidrug resistance, efflux pump AcrEF-TolC","Signature modules","Gene set","Drug resistance"
"M00696","Multidrug resistance, efflux pump AcrEF-TolC",0.166666666666667,0.166666666666667,0.166666666666667,0,0,0,FALSE,0,TRUE,"Multidrug resistance, efflux pump AcrEF-TolC","Signature modules","Gene set","Drug resistance"
"M00697","Multidrug resistance, efflux pump MdtEF-TolC",0.166666666666667,0.166666666666667,0.166666666666667,0,0,0,FALSE,0,TRUE,"Multidrug resistance, efflux pump MdtEF-TolC","Signature modules","Gene set","Drug resistance"
"M00697","Multidrug resistance, efflux pump MdtEF-TolC",0.166666666666667,0.166666666666667,0.166666666666667,0,0,0,FALSE,0,TRUE,"Multidrug resistance, efflux pump MdtEF-TolC","Signature modules","Gene set","Drug resistance"
"M00697","Multidrug resistance, efflux pump MdtEF-TolC",0.166666666666667,0.166666666666667,0.166666666666667,0,0,0,FALSE,0,TRUE,"Multidrug resistance, efflux pump MdtEF-TolC","Signature modules","Gene set","Drug resistance"
"M00698","Multidrug resistance, efflux pump BpeEF-OprC",0.5,0.5,0.5,0.5,0.5,0.5,FALSE,0,TRUE,"Multidrug resistance, efflux pump BpeEF-OprC","Signature modules","Gene set","Drug resistance"
"M00698","Multidrug resistance, efflux pump BpeEF-OprC",0.5,0.5,0.5,0.5,0.5,0.5,FALSE,0,TRUE,"Multidrug resistance, efflux pump BpeEF-OprC","Signature modules","Gene set","Drug resistance"
"M00698","Multidrug resistance, efflux pump BpeEF-OprC",0.5,0.5,0.5,0.5,0.5,0.5,FALSE,0,TRUE,"Multidrug resistance, efflux pump BpeEF-OprC","Signature modules","Gene set","Drug resistance"
"M00660","Xanthomonas spp. pathogenicity signature, T3SS and effectors",0.102272727272727,0.102272727272727,0.102272727272727,0,0,0,FALSE,0,TRUE,"Xanthomonas spp. pathogenicity signature, T3SS and effectors","Signature modules","Gene set","Plant pathogenicity"
"M00660","Xanthomonas spp. pathogenicity signature, T3SS and effectors",0.102272727272727,0.102272727272727,0.102272727272727,0,0,0,FALSE,0,TRUE,"Xanthomonas spp. pathogenicity signature, T3SS and effectors","Signature modules","Gene set","Plant pathogenicity"
"M00660","Xanthomonas spp. pathogenicity signature, T3SS and effectors",0.102272727272727,0.102272727272727,0.102272727272727,0,0,0,FALSE,0,TRUE,"Xanthomonas spp. pathogenicity signature, T3SS and effectors","Signature modules","Gene set","Plant pathogenicity"
"M00664","Nodulation",0.25,0.25,0.25,0.25,0.25,0.25,FALSE,0,TRUE,"Nodulation","Signature modules","Gene set","Symbiosis"
"M00664","Nodulation",0.25,0.25,0.25,0.25,0.25,0.25,FALSE,0,TRUE,"Nodulation","Signature modules","Gene set","Symbiosis"
"M00664","Nodulation",0.25,0.25,0.25,0.25,0.25,0.25,FALSE,0,TRUE,"Nodulation","Signature modules","Gene set","Symbiosis"
"M00611","Oxygenic photosynthesis in plants and cyanobacteria",0.409090909090909,0.409090909090909,0.409090909090909,0.5,0.5,0.5,FALSE,0,TRUE,"Oxygenic photosynthesis in plants and cyanobacteria","Signature modules","Module set","Metabolic capacity"
"M00611","Oxygenic photosynthesis in plants and cyanobacteria",0.409090909090909,0.409090909090909,0.409090909090909,0.5,0.5,0.5,FALSE,0,TRUE,"Oxygenic photosynthesis in plants and cyanobacteria","Signature modules","Module set","Metabolic capacity"
"M00611","Oxygenic photosynthesis in plants and cyanobacteria",0.409090909090909,0.409090909090909,0.409090909090909,0.5,0.5,0.5,FALSE,0,TRUE,"Oxygenic photosynthesis in plants and cyanobacteria","Signature modules","Module set","Metabolic capacity"
"M00612","Anoxygenic photosynthesis in purple bacteria",0.409090909090909,0.409090909090909,0.409090909090909,0.5,0.5,0.5,FALSE,0,TRUE,"Anoxygenic photosynthesis in purple bacteria","Signature modules","Module set","Metabolic capacity"
"M00612","Anoxygenic photosynthesis in purple bacteria",0.409090909090909,0.409090909090909,0.409090909090909,0.5,0.5,0.5,FALSE,0,TRUE,"Anoxygenic photosynthesis in purple bacteria","Signature modules","Module set","Metabolic capacity"
"M00612","Anoxygenic photosynthesis in purple bacteria",0.409090909090909,0.409090909090909,0.409090909090909,0.5,0.5,0.5,FALSE,0,TRUE,"Anoxygenic photosynthesis in purple bacteria","Signature modules","Module set","Metabolic capacity"
"M00613","Anoxygenic photosynthesis in green nonsulfur bacteria",0.0769230769230769,0.0769230769230769,0.0769230769230769,0,0,0,FALSE,0,TRUE,"Anoxygenic photosynthesis in green nonsulfur bacteria","Signature modules","Module set","Metabolic capacity"
"M00613","Anoxygenic photosynthesis in green nonsulfur bacteria",0.0769230769230769,0.0769230769230769,0.0769230769230769,0,0,0,FALSE,0,TRUE,"Anoxygenic photosynthesis in green nonsulfur bacteria","Signature modules","Module set","Metabolic capacity"
"M00613","Anoxygenic photosynthesis in green nonsulfur bacteria",0.0769230769230769,0.0769230769230769,0.0769230769230769,0,0,0,FALSE,0,TRUE,"Anoxygenic photosynthesis in green nonsulfur bacteria","Signature modules","Module set","Metabolic capacity"
"M00614","Anoxygenic photosynthesis in green sulfur bacteria",0.363636363636364,0.363636363636364,0.363636363636364,0,0,0,FALSE,0,TRUE,"Anoxygenic photosynthesis in green sulfur bacteria","Signature modules","Module set","Metabolic capacity"
"M00614","Anoxygenic photosynthesis in green sulfur bacteria",0.363636363636364,0.363636363636364,0.363636363636364,0,0,0,FALSE,0,TRUE,"Anoxygenic photosynthesis in green sulfur bacteria","Signature modules","Module set","Metabolic capacity"
"M00614","Anoxygenic photosynthesis in green sulfur bacteria",0.363636363636364,0.363636363636364,0.363636363636364,0,0,0,FALSE,0,TRUE,"Anoxygenic photosynthesis in green sulfur bacteria","Signature modules","Module set","Metabolic capacity"
"M00617","Methanogen",0.2,0.2,0.2,0,0,0,FALSE,0,TRUE,"Methanogen","Signature modules","Module set","Metabolic capacity"
"M00617","Methanogen",0.2,0.2,0.2,0,0,0,FALSE,0,TRUE,"Methanogen","Signature modules","Module set","Metabolic capacity"
"M00617","Methanogen",0.2,0.2,0.2,0,0,0,FALSE,0,TRUE,"Methanogen","Signature modules","Module set","Metabolic capacity"
"M00618","Acetogen",0.738095238095238,0.738095238095238,0.738095238095238,0.5,0.5,0.5,FALSE,0,TRUE,"Acetogen","Signature modules","Module set","Metabolic capacity"
"M00618","Acetogen",0.738095238095238,0.738095238095238,0.738095238095238,0.5,0.5,0.5,FALSE,0,TRUE,"Acetogen","Signature modules","Module set","Metabolic capacity"
"M00618","Acetogen",0.738095238095238,0.738095238095238,0.738095238095238,0.5,0.5,0.5,FALSE,0,TRUE,"Acetogen","Signature modules","Module set","Metabolic capacity"
